sha256,count,splits,classes,paths
9211632258824eb97dee38c8763096412c52da81498bb0fde01bfd284bd20bd5,5,raw|train,atencion|peligro|sano,dataset/raw/atencion/atencion_00763.jpg|dataset/raw/peligro/peligro_00118.jpg|dataset/train/atencion/atencion_00763.jpg|dataset/train/peligro/peligro_00118.jpg|dataset/train/sano/sano_04371.jpg
9bac0d320c922a015e0db4c09cc2e387010a17ac021e8bce32415a03b2acebb0,5,raw|train|validation,atencion|peligro|sano,dataset/raw/peligro/peligro_03200.jpg|dataset/raw/sano/sano_04269.jpg|dataset/train/peligro/peligro_03200.jpg|dataset/train/sano/sano_04269.jpg|dataset/validation/atencion/atencion_01863.jpg
aeae6bd6bd9663870ab74af677b3c12daca43147f95a24b23f921bbf3fd7e84e,5,raw|train,atencion|peligro|sano,dataset/raw/peligro/peligro_13625.jpg|dataset/raw/sano/sano_06516.jpg|dataset/train/atencion/atencion_01812.jpg|dataset/train/peligro/peligro_13625.jpg|dataset/train/sano/sano_06516.jpg
07acc8f77d3538079d799e57cd8284d8ae089b4f4e217241da5d4ae652a657c1,4,raw|train,atencion|peligro,dataset/raw/atencion/atencion_03640.jpg|dataset/raw/peligro/peligro_00431.jpg|dataset/train/atencion/atencion_03640.jpg|dataset/train/peligro/peligro_00431.jpg
09c2b147874bd0033278851342ee62e60e5d13a465cb63313996cdf04755a79a,4,raw|test|train,peligro|sano,dataset/raw/peligro/peligro_00199.jpg|dataset/raw/sano/sano_02864.jpg|dataset/train/peligro/peligro_00199.jpg|dataset/test/sano/sano_02864.jpg
10b6ea441d46fe09dbf63bcc22c78ecb988e78fdc7cff59e569c450a68bea3dc,4,raw|train|validation,atencion|peligro,dataset/raw/atencion/atencion_03360.jpg|dataset/raw/peligro/peligro_03462.jpg|dataset/train/peligro/peligro_03462.jpg|dataset/validation/atencion/atencion_03360.jpg
129094eb99692c784d422f62050d911de54454c3d60e06fbf973f1dc818f6f34,4,raw|train,atencion|peligro,dataset/raw/atencion/atencion_05005.jpg|dataset/raw/peligro/peligro_00247.jpg|dataset/train/atencion/atencion_05005.jpg|dataset/train/peligro/peligro_00247.jpg
1a31babf856f85c30e6d846049ba6be5b687a7db7c5cad1ddb9351e30cb8bd2c,4,raw|train,atencion|peligro,dataset/raw/atencion/atencion_02640.jpg|dataset/raw/peligro/peligro_01144.jpg|dataset/train/atencion/atencion_02640.jpg|dataset/train/peligro/peligro_01144.jpg
1d6f473c6c019eccfd40143524eb06203359cd27d5690a965dfc5b317771cf28,4,raw|train,atencion|peligro,dataset/raw/atencion/atencion_03936.jpg|dataset/raw/peligro/peligro_03198.jpg|dataset/train/atencion/atencion_03936.jpg|dataset/train/peligro/peligro_03198.jpg
2507e6a6c3cb7af450e39bb1ec031d1d316e313a1801338fcae7cf282171fa01,4,raw|test|train,atencion|peligro,dataset/raw/atencion/atencion_03329.jpg|dataset/raw/peligro/peligro_03440.jpg|dataset/train/peligro/peligro_03440.jpg|dataset/test/atencion/atencion_03329.jpg
2a71f17a7baa5bb22e3bbe02a42a38678caf758ab737e8935b88193c82e9c578,4,raw|validation,peligro|sano,dataset/raw/peligro/peligro_12028.jpg|dataset/raw/sano/sano_06496.jpg|dataset/validation/peligro/peligro_12028.jpg|dataset/validation/sano/sano_06496.jpg
2d49fa04f7ece0215e86743d52e94640728a80af547da09e9309ebef7e7e70ef,4,raw|train|validation,peligro|sano,dataset/raw/peligro/peligro_14795.jpg|dataset/raw/sano/sano_04350.jpg|dataset/train/peligro/peligro_14795.jpg|dataset/validation/sano/sano_04350.jpg
2e5461923f6840d1b16c2f24e89aaff63a0109ef17e7704fd153b35ef5656bd9,4,raw|train|validation,atencion|sano,dataset/raw/atencion/atencion_05171.jpg|dataset/raw/sano/sano_00211.jpg|dataset/train/sano/sano_00211.jpg|dataset/validation/atencion/atencion_05171.jpg
31062db8e14f2b216eec7b472026ab23e54d87df5e7eb272361deb2c72d4ed27,4,raw|train|validation,atencion|peligro,dataset/raw/atencion/atencion_00700.jpg|dataset/raw/peligro/peligro_00100.jpg|dataset/train/peligro/peligro_00100.jpg|dataset/validation/atencion/atencion_00700.jpg
34723c1084085ab231318cd2ffd8e761db6860cb3b3b6c0de8d8150902639d2d,4,raw|test|validation,atencion|peligro,dataset/raw/atencion/atencion_09665.jpg|dataset/raw/peligro/peligro_00936.jpg|dataset/validation/atencion/atencion_09665.jpg|dataset/test/peligro/peligro_00936.jpg
3529384e742e70ccf88294544b21961fc55b4dbda8922d1d76062f43a5f4668c,4,raw|train,atencion|peligro,dataset/raw/atencion/atencion_05400.jpg|dataset/raw/peligro/peligro_03981.jpg|dataset/train/atencion/atencion_05400.jpg|dataset/train/peligro/peligro_03981.jpg
39012e72cfdde87a3d4e0fe81e635b9bef6590ef922fb8f6ded8753fdceb13a5,4,raw|train,atencion|peligro,dataset/raw/atencion/atencion_00004.jpg|dataset/raw/peligro/peligro_00179.jpg|dataset/train/atencion/atencion_00004.jpg|dataset/train/peligro/peligro_00179.jpg
439e1bb703a7e13230f61d5da8a3e8c62cc31cbc9718d5f75e520122de1c748a,4,raw|train|validation,atencion|peligro,dataset/raw/atencion/atencion_12528.jpg|dataset/raw/peligro/peligro_13697.jpg|dataset/train/peligro/peligro_13697.jpg|dataset/validation/atencion/atencion_12528.jpg
57c2e22b9d9ff764291a5dd969f730c93048703c8868beabfce8e0ed10fe44b1,4,raw|train|validation,peligro|sano,dataset/raw/peligro/peligro_06151.jpg|dataset/raw/sano/sano_07045.jpg|dataset/train/sano/sano_07045.jpg|dataset/validation/peligro/peligro_06151.jpg
5940067c3ecd566f7a1028f6168dace8eb71aca38ecae9262611bbc1a522d324,4,raw|train,atencion|peligro,dataset/raw/atencion/atencion_00666.jpg|dataset/raw/peligro/peligro_00277.jpg|dataset/train/atencion/atencion_00666.jpg|dataset/train/peligro/peligro_00277.jpg
5fc484787819b421f09e840c354ff40852f7bf9cce234b104ea0ee063351a3cd,4,raw|test|train,atencion|peligro,dataset/raw/atencion/atencion_05807.jpg|dataset/raw/peligro/peligro_03041.jpg|dataset/train/atencion/atencion_05807.jpg|dataset/test/peligro/peligro_03041.jpg
601f38d1809d33e4a5dd99fae56d1415db6d1dec2f31a7c34ec9d5887a1ee315,4,raw|train|validation,peligro|sano,dataset/raw/peligro/peligro_10795.jpg|dataset/raw/sano/sano_03288.jpg|dataset/train/sano/sano_03288.jpg|dataset/validation/peligro/peligro_10795.jpg
618443ecea6a7d943b4458f4fde23f8d942b2a95abe1bbca4cd6b43d3397c484,4,raw|test|train,atencion|peligro,dataset/raw/atencion/atencion_00661.jpg|dataset/raw/peligro/peligro_00010.jpg|dataset/train/peligro/peligro_00010.jpg|dataset/test/atencion/atencion_00661.jpg
6612ab5b6070f67677c538eca4c44929d57b01f6e2a4eb7f5feeba41c0ddfc45,4,raw|train,atencion|peligro,dataset/raw/atencion/atencion_02541.jpg|dataset/raw/peligro/peligro_03136.jpg|dataset/train/atencion/atencion_02541.jpg|dataset/train/peligro/peligro_03136.jpg
6d19e236caa90d68b14c65f9edea7d01f8dc5911dd6f53dc5425b55d643ffc2c,4,raw|test|train,atencion|peligro,dataset/raw/atencion/atencion_00555.jpg|dataset/raw/peligro/peligro_01347.jpg|dataset/train/peligro/peligro_01347.jpg|dataset/test/atencion/atencion_00555.jpg
6dd5f8afb2a9f6fdf63afd2941e8ad871a8b2d5d20aef4dcf8b6f08dc1f27790,4,raw|train,atencion|sano,dataset/raw/atencion/atencion_00225.jpg|dataset/raw/sano/sano_04875.jpg|dataset/train/atencion/atencion_00225.jpg|dataset/train/sano/sano_04875.jpg
6e046c7288de30d7566f3e64243f6146eec8b5f13040022b2e191b902b66d5d5,4,raw|train|validation,atencion|peligro,dataset/raw/atencion/atencion_05135.jpg|dataset/raw/peligro/peligro_00157.jpg|dataset/train/peligro/peligro_00157.jpg|dataset/validation/atencion/atencion_05135.jpg
703d3291996e2d76b40fe6920c228cbe23346c7736431aa807a2640b054faa77,4,raw|train|validation,atencion|peligro,dataset/raw/atencion/atencion_00630.jpg|dataset/raw/peligro/peligro_00070.jpg|dataset/train/atencion/atencion_00630.jpg|dataset/validation/peligro/peligro_00070.jpg
72bc51495b4630559eb42867588d7e8214d5e55d7bb860f057f8d4575c52507d,4,raw|test,atencion|sano,dataset/raw/atencion/atencion_02194.jpg|dataset/raw/sano/sano_03206.jpg|dataset/test/atencion/atencion_02194.jpg|dataset/test/sano/sano_03206.jpg
7a2f05d7063e6f144a0943ceea8431be6514d683d54f74a0a8ab2ad7ac0b26d8,4,raw|train,atencion|peligro,dataset/raw/atencion/atencion_02872.jpg|dataset/raw/peligro/peligro_14811.jpg|dataset/train/atencion/atencion_02872.jpg|dataset/train/peligro/peligro_14811.jpg
7a4693431ffe127bbacf304e014e762827207dbed5082b5f2d7fb49dcf40f87c,4,raw|train|validation,atencion|peligro,dataset/raw/atencion/atencion_05751.jpg|dataset/raw/peligro/peligro_04745.jpg|dataset/train/peligro/peligro_04745.jpg|dataset/validation/atencion/atencion_05751.jpg
7dd89b9035ec0b783a11553fa83ed14a10baad6a9c43f66b40d6a8d5e237b99e,4,raw|train,atencion|sano,dataset/raw/atencion/atencion_11964.jpg|dataset/raw/sano/sano_02893.jpg|dataset/train/atencion/atencion_11964.jpg|dataset/train/sano/sano_02893.jpg
83f6f5811f4aebb41d2aee7147c236ac9402ba0f3aa4d5132ba33ecd36521759,4,raw|train,atencion|peligro,dataset/raw/atencion/atencion_00636.jpg|dataset/raw/peligro/peligro_00300.jpg|dataset/train/atencion/atencion_00636.jpg|dataset/train/peligro/peligro_00300.jpg
8d7d666c21b28a0fdbcec3c7dd061a386d3292727de65a7a5ac94a6440126736,4,raw|test|train,atencion|peligro,dataset/raw/atencion/atencion_00693.jpg|dataset/raw/peligro/peligro_00113.jpg|dataset/train/atencion/atencion_00693.jpg|dataset/test/peligro/peligro_00113.jpg
96f43dbcabdbfa21d784bdcaa3f6edc1dd59c9548a9bf1717f5b73922653ec4f,4,raw|train|validation,atencion|sano,dataset/raw/atencion/atencion_00233.jpg|dataset/raw/sano/sano_09702.jpg|dataset/train/atencion/atencion_00233.jpg|dataset/validation/sano/sano_09702.jpg
a85b047f28dc83dcdf9a852562284b94f3beb4ce258d3234d4e1362bab288310,4,raw|train|validation,atencion|sano,dataset/raw/atencion/atencion_00860.jpg|dataset/raw/sano/sano_04696.jpg|dataset/train/atencion/atencion_00860.jpg|dataset/validation/sano/sano_04696.jpg
a9523199e3ab8caaf05dd7c05df9b3d4b7cf57d855a915d0a38c449460cce7c9,4,raw|train,atencion|sano,dataset/raw/atencion/atencion_00177.jpg|dataset/raw/sano/sano_05769.jpg|dataset/train/atencion/atencion_00177.jpg|dataset/train/sano/sano_05769.jpg
acfeb7a213103ef76ddfd3d99995289553aad2ed8a2a2f254307b932cc0ed4c9,4,raw|train,atencion|peligro,dataset/raw/atencion/atencion_05755.jpg|dataset/raw/peligro/peligro_00677.jpg|dataset/train/atencion/atencion_05755.jpg|dataset/train/peligro/peligro_00677.jpg
af17962ff6966af2d2c402ea9324541d334d5f2ea3e7831040874c7f4656029e,4,raw|train,atencion|peligro,dataset/raw/atencion/atencion_05045.jpg|dataset/raw/peligro/peligro_06486.jpg|dataset/train/atencion/atencion_05045.jpg|dataset/train/peligro/peligro_06486.jpg
b18c1b7d419b367d797ce1a35175281092cad39a593f7781de798a97fab79861,4,raw|validation,atencion|peligro,dataset/raw/atencion/atencion_07781.jpg|dataset/raw/peligro/peligro_00378.jpg|dataset/validation/atencion/atencion_07781.jpg|dataset/validation/peligro/peligro_00378.jpg
b4ab28cf7886d47babf1667e83b37778073a5d3067c078f6a96f145f7ee5d54d,4,raw|train|validation,peligro|sano,dataset/raw/peligro/peligro_05721.jpg|dataset/raw/sano/sano_09610.jpg|dataset/train/sano/sano_09610.jpg|dataset/validation/peligro/peligro_05721.jpg
b6e0b1c9ef480d5263f5053dc805918204de2a7c4761ec8723f8eb263bca37f4,4,raw|train,atencion|sano,dataset/raw/atencion/atencion_00349.jpg|dataset/raw/sano/sano_03246.jpg|dataset/train/atencion/atencion_00349.jpg|dataset/train/sano/sano_03246.jpg
b97e99cc522727264ff97f14304bbad1e3dc9301d0a79dadc71e0f802af5925e,4,raw|train,atencion|sano,dataset/raw/atencion/atencion_02388.jpg|dataset/raw/sano/sano_01174.jpg|dataset/train/atencion/atencion_02388.jpg|dataset/train/sano/sano_01174.jpg
c1c630506bffec069ee6ef8d4f5657614e759c7efa7644e05140c9d1eb317876,4,raw|train|validation,atencion|sano,dataset/raw/atencion/atencion_02906.jpg|dataset/raw/sano/sano_04292.jpg|dataset/train/atencion/atencion_02906.jpg|dataset/validation/sano/sano_04292.jpg
ccd48f8c9ff7e8ecdcb0dff3900c3458d5627f3684f341a435db7c8ca5120c8a,4,raw|train,atencion|peligro,dataset/raw/atencion/atencion_09857.jpg|dataset/raw/peligro/peligro_00104.jpg|dataset/train/atencion/atencion_09857.jpg|dataset/train/peligro/peligro_00104.jpg
cf19bb86bf849387f88244d36a62ed46c73254269f696eff3fc223e0e4b2c955,4,raw|validation,atencion|peligro,dataset/raw/atencion/atencion_03340.jpg|dataset/raw/peligro/peligro_03449.jpg|dataset/validation/atencion/atencion_03340.jpg|dataset/validation/peligro/peligro_03449.jpg
d09a1b570b1c450491c654b59c48f4851f1e56ee109886f1f526e436946e5c45,4,raw|train|validation,atencion|sano,dataset/raw/atencion/atencion_08223.jpg|dataset/raw/sano/sano_00782.jpg|dataset/train/atencion/atencion_08223.jpg|dataset/validation/sano/sano_00782.jpg
d0fe2e0d0188ea61991ac8996afa4f356367896ac2759e4e1f4d0e33bba21342,4,raw|test|train,atencion|peligro,dataset/raw/atencion/atencion_00600.jpg|dataset/raw/peligro/peligro_07727.jpg|dataset/train/atencion/atencion_00600.jpg|dataset/test/peligro/peligro_07727.jpg
d3646f9acffb381575a17aa39c291a85f34d864a4ec1695d029272f23aa15033,4,raw|train|validation,peligro|sano,dataset/raw/peligro/peligro_03233.jpg|dataset/raw/sano/sano_04313.jpg|dataset/train/sano/sano_04313.jpg|dataset/validation/peligro/peligro_03233.jpg
d9c06f0831f508740af8301ffa39edbf28c12697ee050ab9fd871b21140fa3d4,4,raw|train|validation,atencion|peligro,dataset/raw/atencion/atencion_00658.jpg|dataset/raw/peligro/peligro_00694.jpg|dataset/train/atencion/atencion_00658.jpg|dataset/validation/peligro/peligro_00694.jpg
df6a17ee52c8373fe86f0a2ed0ed7a8cc88e4a091ad983304f89194f570319c3,4,raw|train,atencion|peligro,dataset/raw/atencion/atencion_00034.jpg|dataset/raw/peligro/peligro_00101.jpg|dataset/train/atencion/atencion_00034.jpg|dataset/train/peligro/peligro_00101.jpg
e39f16c788d3015118ee451ecfee522fa790d9389399cba99249cf9dcd633313,4,raw|train,atencion|peligro,dataset/raw/atencion/atencion_04792.jpg|dataset/raw/peligro/peligro_11476.jpg|dataset/train/atencion/atencion_04792.jpg|dataset/train/peligro/peligro_11476.jpg
f106c11fc6cb20108a58fe0e4ce889fb4ff1f5ce94b2b48123d279776595f666,4,raw|train,atencion|peligro,dataset/raw/atencion/atencion_03687.jpg|dataset/raw/peligro/peligro_00271.jpg|dataset/train/atencion/atencion_03687.jpg|dataset/train/peligro/peligro_00271.jpg
f4e2f07b14fd467101ed0655b6f802765707da6533c202f28d7d5e722df7708c,4,raw|train,atencion|sano,dataset/raw/atencion/atencion_00012.jpg|dataset/raw/sano/sano_00139.jpg|dataset/train/atencion/atencion_00012.jpg|dataset/train/sano/sano_00139.jpg
f993781a3e621b6fc71167a721a4926c054abc67a87270a054b74f81be6edeb7,4,raw|test|validation,peligro|sano,dataset/raw/peligro/peligro_00230.jpg|dataset/raw/sano/sano_02935.jpg|dataset/validation/peligro/peligro_00230.jpg|dataset/test/sano/sano_02935.jpg
01e62b13464b092606632d5d78d50f53228b178cfacd4404e3168cf098b8fdb4,3,raw|train,atencion|peligro,dataset/raw/peligro/peligro_00017.jpg|dataset/train/atencion/atencion_01405.jpg|dataset/train/peligro/peligro_00017.jpg
0dd9c906a98cfd7a2157c5931bdba570aa23697eaba3adc09878b44917aa9f7b,3,raw|train|validation,atencion|peligro,dataset/raw/peligro/peligro_03515.jpg|dataset/train/peligro/peligro_03515.jpg|dataset/validation/atencion/atencion_01977.jpg
11a9c515f2d0c1ada183356387b1cf85c114bc313a518fe78c9f00504bc0b028,3,raw|train,atencion|sano,dataset/raw/sano/sano_02884.jpg|dataset/train/atencion/atencion_01469.jpg|dataset/train/sano/sano_02884.jpg
145fc19953a9e7ec6e454b9ec07529fdb4732882678ec5fa46da04d680d889a3,3,raw|train,atencion|sano,dataset/raw/sano/sano_03879.jpg|dataset/train/atencion/atencion_01844.jpg|dataset/train/sano/sano_03879.jpg
18667dbce9160511f49d31aece6310f621535687d6bda56975cbff3ecaaa19ae,3,raw|train,atencion|peligro,dataset/raw/peligro/peligro_05954.jpg|dataset/train/atencion/atencion_01047.jpg|dataset/train/peligro/peligro_05954.jpg
23a5ae707f9cbe892f06c572eb010e36193b9dce5008bd8d6cd06f690d947dba,3,raw|train,atencion|peligro,dataset/raw/atencion/atencion_00782.jpg|dataset/train/atencion/atencion_00782.jpg|dataset/train/peligro/peligro_05562.jpg
2e2ed7083a7ada06eb4b0b3cd8cd5a09e81785b8b9c8263f52b7bbfd13cc2825,3,raw|train|validation,atencion|peligro,dataset/raw/atencion/atencion_06284.jpg|dataset/train/peligro/peligro_01963.jpg|dataset/validation/atencion/atencion_06284.jpg
329a70ba32588a03a1b12ea7c0b750cd2025796d7f1111c22f353e2445af9114,3,raw|train,atencion|peligro,dataset/raw/atencion/atencion_05758.jpg|dataset/train/atencion/atencion_05758.jpg|dataset/train/peligro/peligro_01522.jpg
3827ea2f0b2f99f064db069b6fe1ce6221b5ef75012985d980f3d89d4b5b3b24,3,raw,atencion|peligro|sano,dataset/raw/atencion/atencion_01470.jpg|dataset/raw/peligro/peligro_01879.jpg|dataset/raw/sano/sano_02308.jpg
3c3e997451d55a48c2a2dff5643b047d6048dc0a7b3ae0df5c27c7a1f86f8c39,3,raw|train,atencion|peligro,dataset/raw/peligro/peligro_03929.jpg|dataset/train/atencion/atencion_02180.jpg|dataset/train/peligro/peligro_03929.jpg
3e98faef7685c71faf3cbab303de80d4bc3f8beaafe491887d646399d70577d6,3,raw|train|validation,atencion|peligro,dataset/raw/peligro/peligro_00022.jpg|dataset/train/atencion/atencion_01550.jpg|dataset/validation/peligro/peligro_00022.jpg
4337a91233f9c0b36566e7474b4375a138034043104688652dcec380c4c8f195,3,raw|test,atencion|sano,dataset/raw/sano/sano_00939.jpg|dataset/test/atencion/atencion_01696.jpg|dataset/test/sano/sano_00939.jpg
4a832fb815a4b50db48287ddd840e5ab93e939459f980fd09f97ab7e750d9b19,3,raw|train,atencion|peligro,dataset/raw/atencion/atencion_04737.jpg|dataset/train/atencion/atencion_04737.jpg|dataset/train/peligro/peligro_12494.jpg
6063369b7245d4800d7b31917709cd006f2c328e1cde2524a615808297f6c22b,3,raw|train,atencion|peligro,dataset/raw/peligro/peligro_00068.jpg|dataset/train/atencion/atencion_01521.jpg|dataset/train/peligro/peligro_00068.jpg
6159c38c913bb1f6b9ecf61f56a64dbdc4e4b6b80bfd4b1f6263119e8153ac5e,3,raw|train|validation,atencion|peligro,dataset/raw/peligro/peligro_10469.jpg|dataset/train/peligro/peligro_10469.jpg|dataset/validation/atencion/atencion_01166.jpg
644df13b588896ca3f1c9318a833eff53c6c97f22aafce9c55ad28a3b85ef2b5,3,raw|train,atencion|peligro,dataset/raw/peligro/peligro_13565.jpg|dataset/train/atencion/atencion_01518.jpg|dataset/train/peligro/peligro_13565.jpg
67a1e8d0c96156a83cf700940141d4e2c9e660e894b434f4713f90c8b5b30a2b,3,raw|test|train,atencion|peligro,dataset/raw/atencion/atencion_03350.jpg|dataset/train/atencion/atencion_03350.jpg|dataset/test/peligro/peligro_04467.jpg
6c7b024cfdec9a205f977d8545a2c5f087ada66caada60f72a6574fd1cab3cce,3,raw,atencion|peligro|sano,dataset/raw/atencion/atencion_02102.jpg|dataset/raw/peligro/peligro_02591.jpg|dataset/raw/sano/sano_02724.jpg
7417f44fdcd07543c074f39771f8670f4149830d5df5d415b7a569a3ee850c6b,3,raw|train|validation,atencion|sano,dataset/raw/sano/sano_00181.jpg|dataset/train/atencion/atencion_00102.jpg|dataset/validation/sano/sano_00181.jpg
764249ab07f60a141dffc1104ea670bba54baebac27d0a5a12b37a86b14a2a01,3,raw|train|validation,atencion|sano,dataset/raw/atencion/atencion_03246.jpg|dataset/train/sano/sano_01945.jpg|dataset/validation/atencion/atencion_03246.jpg
8bb318bd0ee6e91e432818179093baaa004c1b159ef5e4b562ba2ffc0b89ee73,3,raw|test|train,atencion|peligro,dataset/raw/atencion/atencion_02316.jpg|dataset/train/peligro/peligro_01500.jpg|dataset/test/atencion/atencion_02316.jpg
8c9dc0b1456370daabef0bf588d696243745656c3113057125e8d9e03cc1cceb,3,raw|train|validation,atencion|peligro,dataset/raw/peligro/peligro_00093.jpg|dataset/train/peligro/peligro_00093.jpg|dataset/validation/atencion/atencion_01398.jpg
9e90b68c9ac2ff9d8897c14aa6d1a26f1e5bc6f596ab36c9bf6347cb8c0f795b,3,raw|train,atencion|peligro,dataset/raw/peligro/peligro_00067.jpg|dataset/train/atencion/atencion_01486.jpg|dataset/train/peligro/peligro_00067.jpg
aaccd8dae915ac554a3019bc930b5f4f3a77381cb1b7cac8c3d2ce22cb279d0d,3,raw|train,atencion|peligro,dataset/raw/peligro/peligro_04383.jpg|dataset/train/atencion/atencion_04738.jpg|dataset/train/peligro/peligro_04383.jpg
acd649b5a4ca4871babac43b21103d1f577fb82008aa183c3fa9c7ea9ec1c924,3,raw|train,atencion|peligro,dataset/raw/peligro/peligro_10119.jpg|dataset/train/atencion/atencion_00528.jpg|dataset/train/peligro/peligro_10119.jpg
b60dbda86a4b5f5d7b1ccc69e925cf5a30f82bf9cbb500329030e0ce6b3991cb,3,raw|test|train,atencion|sano,dataset/raw/sano/sano_00525.jpg|dataset/train/sano/sano_00525.jpg|dataset/test/atencion/atencion_01958.jpg
b7e6e40080af368d87f9a5bccafc07d893e0671ff3a9a836be15474cf9f1769f,3,raw,atencion|peligro|sano,dataset/raw/atencion/atencion_01465.jpg|dataset/raw/peligro/peligro_01409.jpg|dataset/raw/sano/sano_02235.jpg
bf1b569ea8440865dadb0beaf183d86c9cc5d02c6305be96ddbffb52aa005a8e,3,raw|train,atencion|sano,dataset/raw/sano/sano_10191.jpg|dataset/train/atencion/atencion_01908.jpg|dataset/train/sano/sano_10191.jpg
c3d271278124b58ba01c4fa68a0bff4312c1dcd1fc38202c1430eb41b23e4be2,3,raw|train|validation,atencion|peligro,dataset/raw/peligro/peligro_01169.jpg|dataset/train/peligro/peligro_01169.jpg|dataset/validation/atencion/atencion_01412.jpg
c759639ac57f563ffbdb42196fc19e12001a6b2f42aed42078e1434917f2015e,3,raw|train|validation,atencion|peligro,dataset/raw/peligro/peligro_03070.jpg|dataset/train/atencion/atencion_01937.jpg|dataset/validation/peligro/peligro_03070.jpg
caa2587df87e75a2ca8c27c4e71aff41d7a1a339819fb1cfb37a09a3dcd3153f,3,raw|train,atencion|peligro,dataset/raw/atencion/atencion_00732.jpg|dataset/train/atencion/atencion_00732.jpg|dataset/train/peligro/peligro_01489.jpg
d07aa89baed5e5f206b6efcd634198c3b322d4d38bfb3c2629bf1eabc62e32af,3,raw|train,atencion|sano,dataset/raw/sano/sano_00208.jpg|dataset/train/atencion/atencion_00082.jpg|dataset/train/sano/sano_00208.jpg
e3d56d0422f1e7aace64f7f5b05512ada2a32175cfb2e8460876497bb394bbcb,3,raw|train,atencion|peligro,dataset/raw/atencion/atencion_07034.jpg|dataset/train/atencion/atencion_07034.jpg|dataset/train/peligro/peligro_05577.jpg
e9e7412eb53f9ac6bf5474b28873e273e645846ab28cad8318dbbb2d21622447,3,raw|train|validation,atencion|sano,dataset/raw/sano/sano_04340.jpg|dataset/train/sano/sano_04340.jpg|dataset/validation/atencion/atencion_01756.jpg
fa4926a004771d0c590a2f383599a341a9711978feab86bcf70fcfd0e245e68c,3,raw|train,atencion|sano,dataset/raw/sano/sano_09177.jpg|dataset/train/atencion/atencion_01772.jpg|dataset/train/sano/sano_09177.jpg
fdab13225f7b633312250d883ab136c1e1f64f8bf59a8be8d54c089e7d034208,3,test|train,atencion|peligro|sano,dataset/train/atencion/atencion_01548.jpg|dataset/train/sano/sano_02008.jpg|dataset/test/peligro/peligro_02082.jpg
fdf18e34b87771807ead2dbef64e3f07a0ecd347d27b055ca8e546eac08c4ad7,3,raw,atencion|peligro|sano,dataset/raw/atencion/atencion_01372.jpg|dataset/raw/peligro/peligro_01995.jpg|dataset/raw/sano/sano_02046.jpg
0018cdb58121ea7395a9162704ead00a8d33d19ee1ac2fcd7b3723b761492d91,2,raw|test,atencion,dataset/raw/atencion/atencion_00280.jpg|dataset/test/atencion/atencion_00280.jpg
0024c1373d608e53c3ae73f5021fb3cae30d0d02f2e54a44bb4b453fa4ef8ab0,2,raw|train,sano,dataset/raw/sano/sano_04360.jpg|dataset/train/sano/sano_04360.jpg
002e37187c7f16f8b283f4a4e7ead0141a03ce1d17ad77d27233a2c690e1a8b5,2,raw|train,peligro,dataset/raw/peligro/peligro_03339.jpg|dataset/train/peligro/peligro_03339.jpg
0047886369ddd5f9bbe8a1ae47271c2bdaee623194c707a23940f603970144a8,2,raw|train,peligro,dataset/raw/peligro/peligro_00467.jpg|dataset/train/peligro/peligro_00467.jpg
006aa94b03986f460d2b29b7daa352d06f1d9bb80157eff8b6d55b293d4786e1,2,raw|train,atencion,dataset/raw/atencion/atencion_14183.jpg|dataset/train/atencion/atencion_14183.jpg
007dc3d71dc96734cabec06ce17c82565705a34b0f58bfaa122ab30579b58049,2,raw|test,sano,dataset/raw/sano/sano_12033.jpg|dataset/test/sano/sano_12033.jpg
008a7e25d1a92a93d3cead7370e7314ea716e5f5a7e295b59486ed758beac184,2,raw|train,sano,dataset/raw/sano/sano_05035.jpg|dataset/train/sano/sano_05035.jpg
00a81eb69a26663b1d569efd5fd733c3dd8bb502e7575f9497bedf4f29522349,2,raw|train,atencion,dataset/raw/atencion/atencion_06200.jpg|dataset/train/atencion/atencion_06200.jpg
00b2b2bf3ce28318d23d9f09cf23aacf0269a7030240322e34c6444dca654afd,2,raw|validation,sano,dataset/raw/sano/sano_08275.jpg|dataset/validation/sano/sano_08275.jpg
00bdb33231b2638ac11eaaad5a99a6fb728cccab849be018c543d1f33462f217,2,raw|test,peligro,dataset/raw/peligro/peligro_00552.jpg|dataset/test/peligro/peligro_00552.jpg
01202b76959ab9d739ecb51a9e7931360201ea5b07a44171e103b530b59f6901,2,raw|train,sano,dataset/raw/sano/sano_00450.jpg|dataset/train/sano/sano_00450.jpg
0139bf1520e8f7b98c8d06f9b21a0466a95e3a30e2c8cd69ca4297a4d71f7ad9,2,raw|train,sano,dataset/raw/sano/sano_10344.jpg|dataset/train/sano/sano_10344.jpg
013f667bb66b9af409f333de338092a57b5897382b1d3673583d7debffdcde7f,2,raw|train,atencion,dataset/raw/atencion/atencion_02446.jpg|dataset/train/atencion/atencion_02446.jpg
014bb169f2c8e626eab7dc10f75b10a97462fc8d2de7e963616d613e1c13450c,2,raw|train,sano,dataset/raw/sano/sano_00943.jpg|dataset/train/sano/sano_00943.jpg
01570ec8e4911030a921941ad05657b2eceed86ef3e05d3940549400d084c535,2,raw|train,atencion,dataset/raw/atencion/atencion_04299.jpg|dataset/train/atencion/atencion_04299.jpg
018e8b3dfb7d8f99d5924882444230226f8c813699bbcc34b11f35edaa504b09,2,raw|train,atencion,dataset/raw/atencion/atencion_01138.jpg|dataset/train/atencion/atencion_01138.jpg
01bc4d10557dab48c4857c2dbfdc753200dbed21e0f85d317633e729612280d1,2,raw|train,sano,dataset/raw/sano/sano_02977.jpg|dataset/train/sano/sano_02977.jpg
01c1565f645bb620c2fc3a955a02caa0f75305cd13f1c3cfd225ee2823b999a5,2,raw|train,atencion,dataset/raw/atencion/atencion_14144.jpg|dataset/train/atencion/atencion_14144.jpg
01cf9a2743a36892fb362fc0c94fadd48d1fbf0a57b1964c19d71d6bb17d7aad,2,raw|train,sano,dataset/raw/sano/sano_04562.jpg|dataset/train/sano/sano_04562.jpg
01fae3dc269938ab135ade4ceda6b2b06b0b366a64003a8a2a3982e3fc5de9ff,2,raw|test,sano,dataset/raw/sano/sano_10562.jpg|dataset/test/sano/sano_10562.jpg
023947aafd6c98cd99d7b0f99dec11c901fae4fe1a5b49f36c4128dcc15122e3,2,raw|train,peligro,dataset/raw/peligro/peligro_06740.jpg|dataset/train/peligro/peligro_06740.jpg
026badbcb1c93a84c904dd069857e1f838dc5b9afd55a57fc116c0a0b1fdef13,2,raw|train,atencion,dataset/raw/atencion/atencion_14165.jpg|dataset/train/atencion/atencion_14165.jpg
026f01685e4ac729d0b0a63a51afe75c207bf0a08bf16bc7aa8dfd72a43394bd,2,raw|test,peligro,dataset/raw/peligro/peligro_09980.jpg|dataset/test/peligro/peligro_09980.jpg
0280c5ee100d13c3e986a63aa909256e346db15d74108f5d785e021e855da9f4,2,raw|train,peligro,dataset/raw/peligro/peligro_09232.jpg|dataset/train/peligro/peligro_09232.jpg
028d5b9ea146e24f87a111cb0e42dd7b18e60d2da5f383c91c2c48182b229d87,2,raw|train,sano,dataset/raw/sano/sano_04105.jpg|dataset/train/sano/sano_04105.jpg
02cbb1473e8083c01ae57a1fb5d665343a51406f3aa961c77050a7374cc6298b,2,raw|validation,peligro,dataset/raw/peligro/peligro_00458.jpg|dataset/validation/peligro/peligro_00458.jpg
02e2f5f258c32275558803495c86b1c5cb6dbd5f6a9fb28cfe1b62f2a41a7202,2,raw|train,atencion,dataset/raw/atencion/atencion_14134.jpg|dataset/train/atencion/atencion_14134.jpg
031ebf8e5d87b1792ad08d3a28411e3deafef2488e7ee9254b3a0e6bc98a2ecf,2,raw|train,sano,dataset/raw/sano/sano_05222.jpg|dataset/train/sano/sano_05222.jpg
039a3326d23f8c640cb976e0235db4d63cc34971923d07cf5b182e479fab9ac6,2,raw|validation,sano,dataset/raw/sano/sano_06836.jpg|dataset/validation/sano/sano_06836.jpg
039e50281d82e6391a98b3282812ef21641492414d3025d5a7557a991834db22,2,raw|train,atencion,dataset/raw/atencion/atencion_12999.jpg|dataset/train/atencion/atencion_12999.jpg
039e8b9544401a95bbcfe931c7cd7057fccc6d47ffae3dff884d4b4ba0ffc4e2,2,raw|train,sano,dataset/raw/sano/sano_00735.jpg|dataset/train/sano/sano_00735.jpg
03d4437bfcefe6a2208e2b438e6b39a921c6623cf28034b6ec054ae91fe66d2e,2,raw|train,peligro,dataset/raw/peligro/peligro_05932.jpg|dataset/train/peligro/peligro_05932.jpg
0402b4c89ab0fcec2f3d2d85203ce6c361baf3383b7aeab0fd0e336a3a90f3a6,2,raw|train,peligro,dataset/raw/peligro/peligro_13055.jpg|dataset/train/peligro/peligro_13055.jpg
0406a618845f441c62a8f32fee68be0c80005762fb99eda76fdd36b53b46a4ec,2,raw|train,sano,dataset/raw/sano/sano_05776.jpg|dataset/train/sano/sano_05776.jpg
042d7c96e3b6c728d5729c6ccea5844ba4381954cb3574fa41293217fc8ab3f8,2,raw|train,peligro,dataset/raw/peligro/peligro_04607.jpg|dataset/train/peligro/peligro_04607.jpg
044f5012c3e3e9bbd861318a92a58b00a0d797fb88fe4f390d6296a91d7065a4,2,raw|train,atencion,dataset/raw/atencion/atencion_09606.jpg|dataset/train/atencion/atencion_09606.jpg
045a3ebcbc583d0b15137ab110f201a9b92dbcf01264d70774d10da219f01bec,2,raw|validation,sano,dataset/raw/sano/sano_00531.jpg|dataset/validation/sano/sano_00531.jpg
04884d34b76f8ba8162d020ab8db310ef2b79377678d6f7feb6a737018651ebe,2,raw|train,peligro,dataset/raw/peligro/peligro_00367.jpg|dataset/train/peligro/peligro_00367.jpg
04aebf4e57ae938413d984e400974f1c77d401c13ac59c359eadfb6638d2b297,2,raw|train,atencion,dataset/raw/atencion/atencion_05747.jpg|dataset/train/atencion/atencion_05747.jpg
04ba9a8c4b4b619543b119a0512a3fdbfaf4341a208936de3e3f10207039552b,2,raw|validation,peligro,dataset/raw/peligro/peligro_00527.jpg|dataset/validation/peligro/peligro_00527.jpg
04c83a2e2742f1bbcd1cfb7780b77b6f6218ffb03625a6e7a124be485baa48f9,2,raw|validation,sano,dataset/raw/sano/sano_00582.jpg|dataset/validation/sano/sano_00582.jpg
04cbfeb97bdbfd45742a3b665daf15d89e195e705e5a74af8715c0f17cf98b0e,2,raw|validation,peligro,dataset/raw/peligro/peligro_09097.jpg|dataset/validation/peligro/peligro_09097.jpg
04cda3d94c5446ede48c639717977be95be6cdcea770c887f3dd9714ba9db79e,2,raw|train,peligro,dataset/raw/peligro/peligro_11431.jpg|dataset/train/peligro/peligro_11431.jpg
04d1cdd30175f46cb7341dc708ecc61a285f3e352bd7af32364f3d665d227650,2,raw|validation,sano,dataset/raw/sano/sano_00697.jpg|dataset/validation/sano/sano_00697.jpg
05434c601435f500d88594360904fc49895fdbad27e5010ea0b53814d7ee72bf,2,raw|validation,atencion,dataset/raw/atencion/atencion_03885.jpg|dataset/validation/atencion/atencion_03885.jpg
0551dfae72c063a11b9df69201878b292a887d0cf414c467dfb5b0b30cc46cc6,2,raw|train,atencion,dataset/raw/atencion/atencion_05101.jpg|dataset/train/atencion/atencion_05101.jpg
05611ef112b80eb265d1c0942d4cd8e7bfb1b8dd40b5b97e732f3b5a59719322,2,raw|train,sano,dataset/raw/sano/sano_12399.jpg|dataset/train/sano/sano_12399.jpg
0573a95d4deb5123da55bd527dc9f3d977079b6d3e9dd6f0b27d3cdd652bdd37,2,raw|validation,atencion,dataset/raw/atencion/atencion_14176.jpg|dataset/validation/atencion/atencion_14176.jpg
05b1fdf1f61fb2392d5d8c21551db2f7f876255b3e5a07f82a8345b5f6ffd161,2,raw|train,peligro,dataset/raw/peligro/peligro_00535.jpg|dataset/train/peligro/peligro_00535.jpg
05c9f2707eae7e4aa89f44206b01c159807e93d5a268fc33fa212223afc86b36,2,raw|validation,peligro,dataset/raw/peligro/peligro_03907.jpg|dataset/validation/peligro/peligro_03907.jpg
05fc6f3b5163ce41fcfbb2412b2a4128e71b93ab8268c94e2f6f2b24d2894280,2,raw|train,sano,dataset/raw/sano/sano_00899.jpg|dataset/train/sano/sano_00899.jpg
060ef35ae472cb0595627215ec13f21073c24966853cc307bc2d731f3e2a9b02,2,raw|train,sano,dataset/raw/sano/sano_12563.jpg|dataset/train/sano/sano_12563.jpg
062e23c833a0bee1532879c5fab23cead4bfc4b4812587223f16c34afe27e0bc,2,raw|train,peligro,dataset/raw/peligro/peligro_00924.jpg|dataset/train/peligro/peligro_00924.jpg
0661b9f2205181f96ac30199cfd1dd0082b55d6906682ac983959854ba286ae6,2,raw|test,peligro,dataset/raw/peligro/peligro_11773.jpg|dataset/test/peligro/peligro_11773.jpg
0663eeba36fc7d1f34643a7779cf9814a6dd4491bb04ea6e22b3fa802e759ab1,2,raw|validation,peligro,dataset/raw/peligro/peligro_00402.jpg|dataset/validation/peligro/peligro_00402.jpg
0698a8afd5f9b2c0e08f09608e0c0e1f63a7ef1f0916a1a41ec0d40e837081d3,2,raw|train,peligro,dataset/raw/peligro/peligro_03145.jpg|dataset/train/peligro/peligro_03145.jpg
06a0eba6b1849c1debad583453165ff0848346ce2a76e8b64961bc43f5113a90,2,raw|test,sano,dataset/raw/sano/sano_00662.jpg|dataset/test/sano/sano_00662.jpg
06ba8d72fdfc0b7c037485f9738123edacf9ef57dd9c78e16e8c394390a4b9bc,2,raw|validation,peligro,dataset/raw/peligro/peligro_06475.jpg|dataset/validation/peligro/peligro_06475.jpg
06c1f5db85ca96254fdec7e3dd8cca5c4f5e00949aea5b8b443d1d7fa2921e03,2,raw|validation,peligro,dataset/raw/peligro/peligro_00445.jpg|dataset/validation/peligro/peligro_00445.jpg
06dc5050d42e1124f9b163844589950618be5810bc6d3208e120623900e5fe85,2,raw|train,sano,dataset/raw/sano/sano_11313.jpg|dataset/train/sano/sano_11313.jpg
06dfaa3ab823b94d222c4d7f24a0dc5913924004c41b756382619d8c4db692b8,2,raw|train,sano,dataset/raw/sano/sano_00188.jpg|dataset/train/sano/sano_00188.jpg
07023dfb8c0b335fd21333a5b73fafa5af572abe17b92fe5d45ecd0c5c952cde,2,raw|test,peligro,dataset/raw/peligro/peligro_06482.jpg|dataset/test/peligro/peligro_06482.jpg
0725d997b89bbe74c1e56a2210555eb69982936dfe255ed159a7f1ac6c012d03,2,raw|train,peligro,dataset/raw/peligro/peligro_06162.jpg|dataset/train/peligro/peligro_06162.jpg
0737406730258328ffce7a894cf36444851df6cfe31c0761fda4c955abd443f9,2,raw|train,atencion,dataset/raw/atencion/atencion_03356.jpg|dataset/train/atencion/atencion_03356.jpg
07424225247d6a101dcc823671b1d279318912211b52abe720a46d622a7c1fdd,2,raw|train,atencion,dataset/raw/atencion/atencion_04924.jpg|dataset/train/atencion/atencion_04924.jpg
074ccfd7023aae0b2092cb9508ce22e635cd216bfff67b3091e98f0a117179a2,2,raw|train,atencion,dataset/raw/atencion/atencion_00254.jpg|dataset/train/atencion/atencion_00254.jpg
077e44dba854d6a11ab4d7fdc80ce1a8bb39f1e8588409be681dd4563c9d7fa7,2,raw|train,peligro,dataset/raw/peligro/peligro_03828.jpg|dataset/train/peligro/peligro_03828.jpg
07a4ca1f7dd922473817a0470c511d45e986f8b799fd42a4e375d21271e5a21b,2,raw|validation,atencion,dataset/raw/atencion/atencion_12766.jpg|dataset/validation/atencion/atencion_12766.jpg
07b6c37d890279f639251da76e317a1a152b05b028f88d654062d7faac9412d9,2,raw|train,peligro,dataset/raw/peligro/peligro_14133.jpg|dataset/train/peligro/peligro_14133.jpg
07ce69d2b995e3bb32c25d2f2f3d1ac0aa700f69af5ee4d860336b414d3c8265,2,raw|train,peligro,dataset/raw/peligro/peligro_07234.jpg|dataset/train/peligro/peligro_07234.jpg
07d694cb962f7a012811602023891273edaf6bb61950fd2e2abb96fc995b1e0b,2,raw|validation,sano,dataset/raw/sano/sano_09014.jpg|dataset/validation/sano/sano_09014.jpg
07d83365df0e10e0393709cd20134fdc4939a8be96b501c7fa134067fa2ba86e,2,raw|train,atencion,dataset/raw/atencion/atencion_14219.jpg|dataset/train/atencion/atencion_14219.jpg
07fe34764a18865cffd0fd2de2e84c8d14fd05486b6e05b900c07823b70a683f,2,raw|train,sano,dataset/raw/sano/sano_04169.jpg|dataset/train/sano/sano_04169.jpg
08328eb43185d080f0e1aae7162cb7631ec4c0f5106c16d269585c05acb91716,2,raw|train,peligro,dataset/raw/peligro/peligro_01074.jpg|dataset/train/peligro/peligro_01074.jpg
0837f4fadf9d24e7a255045883a00c8e261e5db04df8ef0649dfd596d6e62573,2,raw|train,sano,dataset/raw/sano/sano_05242.jpg|dataset/train/sano/sano_05242.jpg
0842f99d10de7af913f0cdad81d7960c66863d84e0afed9fc32584a22aafe868,2,raw|train,atencion,dataset/raw/atencion/atencion_12047.jpg|dataset/train/atencion/atencion_12047.jpg
087f807abd199bb28fee8cb037ee2f65bd3948eaa3222c338916dfe110540930,2,raw|train,sano,dataset/raw/sano/sano_01163.jpg|dataset/train/sano/sano_01163.jpg
089b722d5054e0b3ca7cae65c1a7c33ff090fccae69d2846a87b63694c68ac09,2,raw|validation,sano,dataset/raw/sano/sano_00920.jpg|dataset/validation/sano/sano_00920.jpg
089e5b47ff624d21401ba9fc0554fa77cea4be5c893449b7381bf9ee0a9475c2,2,raw|train,peligro,dataset/raw/peligro/peligro_00600.jpg|dataset/train/peligro/peligro_00600.jpg
08c97b7f7374cabf761fb54fc8e9d2896a2ac0c4030c95c5511b00d032d534d0,2,raw|train,atencion,dataset/raw/atencion/atencion_14091.jpg|dataset/train/atencion/atencion_14091.jpg
08d47524cdcae9db10aa4115513ce62cfbdc67a6c304cf971bab0f60ca582f96,2,raw|train,atencion,dataset/raw/atencion/atencion_03432.jpg|dataset/train/atencion/atencion_03432.jpg
08f120ee5e5656290441fded7ee9ebe90951dbdace4f58d325e2258ce27872ae,2,raw|train,peligro,dataset/raw/peligro/peligro_05017.jpg|dataset/train/peligro/peligro_05017.jpg
08f356d38402da8054c46d68477b93403dfcf1d63fa268b9df3f3903fa7dc848,2,raw|validation,peligro,dataset/raw/peligro/peligro_03643.jpg|dataset/validation/peligro/peligro_03643.jpg
08fc774e7fad572467a477d8f8c11b656e9ebc68a0311e8fee9cbf93c60bd8de,2,raw|train,atencion,dataset/raw/atencion/atencion_01099.jpg|dataset/train/atencion/atencion_01099.jpg
090c0adff758c1760260e8b4cc7508d034d0f92d5345e7b3945096cbf14973ea,2,raw|train,peligro,dataset/raw/peligro/peligro_02721.jpg|dataset/train/peligro/peligro_02721.jpg
091ecca25077bab8b2141a5664d32634c8eacc3b361e0e8b4e878d1a590e5678,2,raw|train,peligro,dataset/raw/peligro/peligro_10366.jpg|dataset/train/peligro/peligro_10366.jpg
0930b37eb84dad2bc2732a17e4200ffc56cba75453abe26ba154be611d5ccd64,2,raw|test,sano,dataset/raw/sano/sano_09377.jpg|dataset/test/sano/sano_09377.jpg
09489d0b29f419b2c88c71192534537866d1d7a7da8693049fbfb108927f4999,2,raw|validation,sano,dataset/raw/sano/sano_07684.jpg|dataset/validation/sano/sano_07684.jpg
0957555e8b4f8121386057c936c015a84f4d70ccb1e98a7be4532a0d8e41e5dd,2,raw|train,peligro,dataset/raw/peligro/peligro_03155.jpg|dataset/train/peligro/peligro_03155.jpg
09580ca36b1e0094fce186ce45cd54e90c5612e8c63c07fedec5ea5f9f454d44,2,raw|validation,sano,dataset/raw/sano/sano_12371.jpg|dataset/validation/sano/sano_12371.jpg
0974bdd49f7bd9481f77befb6e7c5a3ed71ca2b306eecc34e32872784e0332f9,2,raw|train,sano,dataset/raw/sano/sano_11302.jpg|dataset/train/sano/sano_11302.jpg
09b0b7a98b581620694d924cf916cb2a9903601a2ddaf60fca410e5292212a71,2,raw|train,sano,dataset/raw/sano/sano_00676.jpg|dataset/train/sano/sano_00676.jpg
09c6849d9965abcc1a827d36cf3a53827909b26f5612e0190c94803b54b760d5,2,raw|validation,sano,dataset/raw/sano/sano_00334.jpg|dataset/validation/sano/sano_00334.jpg
09c9b4c2c5eaa842c3d425b3a8da1a63151384c7c64a0c2ae79d7f002d7e3627,2,raw|train,sano,dataset/raw/sano/sano_00850.jpg|dataset/train/sano/sano_00850.jpg
0a368237acacd9bf615b69bf156ff86f6cc3a9e3f7f7fb86f4408a2c2f0f0236,2,raw|test,sano,dataset/raw/sano/sano_01293.jpg|dataset/test/sano/sano_01293.jpg
0a59c09a2e3ea1c648fa283f068a618e5215d7e43c9c7fbdb0fb576a7c1c0119,2,raw|train,peligro,dataset/raw/peligro/peligro_00228.jpg|dataset/train/peligro/peligro_00228.jpg
0a6ab3a660d0f9f733fe0501792d516f2417feb69ec5faad03cebbf8d62d601a,2,raw|train,atencion,dataset/raw/atencion/atencion_14071.jpg|dataset/train/atencion/atencion_14071.jpg
0a8324a19f7491556761d2fcd86ed356acb8aef87710c24e963a545ce9b5f669,2,raw|test,peligro,dataset/raw/peligro/peligro_02888.jpg|dataset/test/peligro/peligro_02888.jpg
0ab32a6b19ac2bf327b7fe02604f5f295662bca8508f7a8c39aeef94f9395f78,2,raw|train,peligro,dataset/raw/peligro/peligro_09298.jpg|dataset/train/peligro/peligro_09298.jpg
0adb8e737e31042685999bdf2847230e43b015d1668ba5a19a4724503905d290,2,raw|train,atencion,dataset/raw/atencion/atencion_06364.jpg|dataset/train/atencion/atencion_06364.jpg
0adf9f04f90693966d2f518bad294036f226ece595c41a71bfde7a5f02b846d0,2,raw|train,sano,dataset/raw/sano/sano_01286.jpg|dataset/train/sano/sano_01286.jpg
0aecd36748e280a29e5487c4812c2caa4fddb8ded1f0d542a521cff6aaab0865,2,raw|train,atencion,dataset/raw/atencion/atencion_14177.jpg|dataset/train/atencion/atencion_14177.jpg
0af46d4b5e7003c488900ad6d7dca8d9e9605012382e5d63ff1c45c25b9a03c1,2,raw|train,peligro,dataset/raw/peligro/peligro_09888.jpg|dataset/train/peligro/peligro_09888.jpg
0af95fd767af5fc3a975d1dfa0f925d1ed59b36d70f785aec8502bf128580e4d,2,raw|train,peligro,dataset/raw/peligro/peligro_05346.jpg|dataset/train/peligro/peligro_05346.jpg
0afa980e0662a156e406a6f04738c1f90bbe8ff791ab48374ac7654952965649,2,raw|train,sano,dataset/raw/sano/sano_05743.jpg|dataset/train/sano/sano_05743.jpg
0b3f21a462db1f610bd9dd6dca25f477028bdf114ee5ccdac70d3785b908de1f,2,raw|validation,sano,dataset/raw/sano/sano_12424.jpg|dataset/validation/sano/sano_12424.jpg
0b65bafbb0aee9478002aae2a9687be3196ef1d972fb80e51dd8c12e2fa99daa,2,raw|train,sano,dataset/raw/sano/sano_00016.jpg|dataset/train/sano/sano_00016.jpg
0bb6f7b26e1e7d213be56e08c6650ada5255fc60e3f15e8314378b316186b1c1,2,raw|train,peligro,dataset/raw/peligro/peligro_00692.jpg|dataset/train/peligro/peligro_00692.jpg
0bf06749c6c45268fa212fa7146cb57e9502d5deaa9ba58aef6380122b42f1a2,2,raw|train,atencion,dataset/raw/atencion/atencion_02249.jpg|dataset/train/atencion/atencion_02249.jpg
0c2760bdf91e95e6d8c3cb6077472e7cdf1213ba10f028f598ae74e581bbfbba,2,raw|train,peligro,dataset/raw/peligro/peligro_00028.jpg|dataset/train/peligro/peligro_00028.jpg
0c35efc6cd179c800e9cc496759aee4f1682f164649302252d2bf05f3b753302,2,raw|train,sano,dataset/raw/sano/sano_12558.jpg|dataset/train/sano/sano_12558.jpg
0c3e311e4312da0fd8413687837bf71894ad4957f25d511295c4fa6f527c5d9a,2,raw|train,sano,dataset/raw/sano/sano_01239.jpg|dataset/train/sano/sano_01239.jpg
0c459772e1151bfc05ba31446fa931d208a5a8aa1f29369e423af7546a23464d,2,raw|train,sano,dataset/raw/sano/sano_06850.jpg|dataset/train/sano/sano_06850.jpg
0c5970f2015cde0cdc95e2204edcafca8b858fe609ba9ea6533d30fea38edb76,2,raw|train,atencion,dataset/raw/atencion/atencion_14097.jpg|dataset/train/atencion/atencion_14097.jpg
0ca1e4abe28a69155183fcfb1ced3ef51e7f847f8b5b8d6a336e3421edcfbbc4,2,raw|train,sano,dataset/raw/sano/sano_04865.jpg|dataset/train/sano/sano_04865.jpg
0cc482ab2ccffe9cafb1dcd9bf654438ac6421bf6db9677338e0284bf44a3cde,2,raw|train,peligro,dataset/raw/peligro/peligro_07323.jpg|dataset/train/peligro/peligro_07323.jpg
0ccabc17b2a21d3c75fa688c46ecc510adeac2c59212fced83edee865d735940,2,raw|train,atencion,dataset/raw/atencion/atencion_02203.jpg|dataset/train/atencion/atencion_02203.jpg
0ccbbfb38b5c3f689f4775c7aa96c61ea3f6db51902a3b8b4ce20196b7aa8fc2,2,raw|train,peligro,dataset/raw/peligro/peligro_00103.jpg|dataset/train/peligro/peligro_00103.jpg
0d1363570f23ac91ada88ad9e7d6160290079c83f01a162de5ffb12a8bf5b429,2,raw|train,peligro,dataset/raw/peligro/peligro_08682.jpg|dataset/train/peligro/peligro_08682.jpg
0d2a7c360144f5bdb913c1a4d0bb6d7e125acc33b1e6b2da14048912772c6f79,2,raw|train,atencion,dataset/raw/atencion/atencion_14084.jpg|dataset/train/atencion/atencion_14084.jpg
0d3c274838b6c1798ffbaec43a519a0c88250580e9faddfdfff79ce239c70e12,2,raw|train,peligro,dataset/raw/peligro/peligro_05394.jpg|dataset/train/peligro/peligro_05394.jpg
0d5301798b7c1833bc8e4e1a7b2d620955e9eb96ecdac6d36f66e0b643892cba,2,raw|test,peligro,dataset/raw/peligro/peligro_00226.jpg|dataset/test/peligro/peligro_00226.jpg
0d5d4f71bb4a6e2e37345374e518a4fe8c24275dd3967586fa27a2579ced3dbb,2,raw|train,peligro,dataset/raw/peligro/peligro_00672.jpg|dataset/train/peligro/peligro_00672.jpg
0db646a7ab1e8c799a6048dc883a117e125b85afbc0191b57b20fb0a12302785,2,raw|train,atencion,dataset/raw/atencion/atencion_05941.jpg|dataset/train/atencion/atencion_05941.jpg
0dfee193da949ce418d2910bde8638981c762309d0a3fff95597008a2272c174,2,raw|validation,peligro,dataset/raw/peligro/peligro_02969.jpg|dataset/validation/peligro/peligro_02969.jpg
0e01a094f74773780b15645e798054d9c84d939cabbe66d632c2643836555571,2,raw|train,sano,dataset/raw/sano/sano_04678.jpg|dataset/train/sano/sano_04678.jpg
0e169478f45cb2d4efcc2992ddb5a433f91951eecab8fbf0bdbc2cd9a54afc9f,2,raw|validation,sano,dataset/raw/sano/sano_12485.jpg|dataset/validation/sano/sano_12485.jpg
0e4fe4357cccb196ed655f5eb626d6add7d963c9346ecf61d420e32f458be685,2,raw|validation,sano,dataset/raw/sano/sano_10386.jpg|dataset/validation/sano/sano_10386.jpg
0e64d3f985162f25ee32d4f5dba6de715aba6e97f4a1a51f93b58e75d6d60cef,2,raw|validation,sano,dataset/raw/sano/sano_05283.jpg|dataset/validation/sano/sano_05283.jpg
0e956569773fef27fbca548a7137b527035270cd614ac06c89fa97bb6a3872c8,2,raw|test,atencion,dataset/raw/atencion/atencion_00319.jpg|dataset/test/atencion/atencion_00319.jpg
0ea58d093f2be0f8115ff220391a3e297ad2bdc32287fe99dafd76f1a723d7f1,2,raw|train,atencion,dataset/raw/atencion/atencion_02470.jpg|dataset/train/atencion/atencion_02470.jpg
0ef79a48959477e889bf90647688fa2e056b2c835291c713d3fbfaf510958803,2,raw|train,peligro,dataset/raw/peligro/peligro_00780.jpg|dataset/train/peligro/peligro_00780.jpg
0f2d403287ab70e5c0c671897c9465da00a696d3fadba62155da7aaf59292340,2,raw|train,atencion,dataset/raw/atencion/atencion_09529.jpg|dataset/train/atencion/atencion_09529.jpg
0f453530fd3c249205656071b9fa8dcaa22a7a1b29ea94c2ba36eda4c23c6bc1,2,raw|validation,peligro,dataset/raw/peligro/peligro_00020.jpg|dataset/validation/peligro/peligro_00020.jpg
0f6cf5fe50e84aa3a29d9a732081757f699b9b220faf685f8fca18c7d2a4ce19,2,raw|train,peligro,dataset/raw/peligro/peligro_04076.jpg|dataset/train/peligro/peligro_04076.jpg
0f78f9b637858492047ce6d35172502afc1045a926047c3d8f683e14d8615c5f,2,raw|train,peligro,dataset/raw/peligro/peligro_03203.jpg|dataset/train/peligro/peligro_03203.jpg
0f888cdc2254b1bd5b0ab20ac828329b204ca7590c19be81370a3d70c21e4448,2,raw|train,atencion,dataset/raw/atencion/atencion_02367.jpg|dataset/train/atencion/atencion_02367.jpg
0f93e93e906b9d094fda237c3f4c4215ca2a1504435c60e0170f2d502d1ba6cb,2,raw|train,peligro,dataset/raw/peligro/peligro_02986.jpg|dataset/train/peligro/peligro_02986.jpg
0fb244ae4e415344b2d908c214b2b27ff7d735b09f80f82a8eefad8605232d79,2,raw|test,sano,dataset/raw/sano/sano_07862.jpg|dataset/test/sano/sano_07862.jpg
101ac82cde2011b55d2b8fbce695862f91784d6c6b60565f52cd9e4bd9802f5d,2,raw|train,atencion,dataset/raw/atencion/atencion_12475.jpg|dataset/train/atencion/atencion_12475.jpg
101e7c29104612970a9039ef2154c142e3fa385f93f25345f8ec73374208c713,2,raw|validation,atencion,dataset/raw/atencion/atencion_02528.jpg|dataset/validation/atencion/atencion_02528.jpg
108e0e3b5dd74e3dcff716bd8706c1b1531cbc016da0d69ee0b624dc3c9d2c5a,2,raw|test,atencion,dataset/raw/atencion/atencion_14230.jpg|dataset/test/atencion/atencion_14230.jpg
10aff1a7a942a1295bcd5dd1202b2a50b1c70eb1b7441f8d0ca061a0b12aefb9,2,raw|train,peligro,dataset/raw/peligro/peligro_03438.jpg|dataset/train/peligro/peligro_03438.jpg
10b01d14c33543737f5a20e78a024e78153c335198891bbfc26f58f638f7c623,2,raw|train,sano,dataset/raw/sano/sano_05904.jpg|dataset/train/sano/sano_05904.jpg
10dfda2fdf4bc59783887a31fe96e94141d1922a7ef1744066b84ae1dddbbd20,2,raw|train,atencion,dataset/raw/atencion/atencion_11370.jpg|dataset/train/atencion/atencion_11370.jpg
1108bcbf748b008c12dd1093a070b90b089a2b0c95d482fbcc06b579b40defc1,2,raw|train,sano,dataset/raw/sano/sano_01250.jpg|dataset/train/sano/sano_01250.jpg
11090fb4066fc9127fd776ea80a9bc7aac5fe2a12bd4cad683cd4ba35b29f88e,2,raw|train,peligro,dataset/raw/peligro/peligro_00126.jpg|dataset/train/peligro/peligro_00126.jpg
11235a28a8ef1d2e3d2a2f08b1c8ffa0ceb4c605d8e3466371e34547bdeea722,2,raw|test,peligro,dataset/raw/peligro/peligro_05830.jpg|dataset/test/peligro/peligro_05830.jpg
113794e43d8e244ef7f77b315dade63afd3f769cf8ebeac2f6a2dd7b8c364510,2,raw|test,atencion,dataset/raw/atencion/atencion_14216.jpg|dataset/test/atencion/atencion_14216.jpg
11663144170f340b994ea72c18cb9f84f45bd70ad73c93d21498b666427cbaa6,2,raw|train,atencion,dataset/raw/atencion/atencion_02307.jpg|dataset/train/atencion/atencion_02307.jpg
117cb3af528e2f0372d11e80d47d7f2fcca92e61bb6cb6b9dc50a1ec9c189bd6,2,raw,atencion|peligro,dataset/raw/atencion/atencion_01816.jpg|dataset/raw/peligro/peligro_01564.jpg
118895d30a44a7790e8ca6edfc6288890838ba6d9d709b0cf0e9d22f94a49069,2,raw|train,atencion,dataset/raw/atencion/atencion_05978.jpg|dataset/train/atencion/atencion_05978.jpg
118ba2c33c7b829488898f245b1ecf8097cb835ea0e0ff295070a9c9a3b5ec05,2,raw|validation,atencion,dataset/raw/atencion/atencion_02508.jpg|dataset/validation/atencion/atencion_02508.jpg
11b74cda802d360be1ec547c632d13f157390df5b3b37d03ba59e1bd88ed961c,2,raw|train,atencion,dataset/raw/atencion/atencion_02336.jpg|dataset/train/atencion/atencion_02336.jpg
11be7f50df0b5345c256decf8ddb08b590f3b933d10f16e1850003c442874904,2,raw|validation,peligro,dataset/raw/peligro/peligro_00562.jpg|dataset/validation/peligro/peligro_00562.jpg
11d441bae40ac6fdce1945f3f9f516ff89b551a970b87309f4e2cdbd13f97659,2,raw|train,sano,dataset/raw/sano/sano_04264.jpg|dataset/train/sano/sano_04264.jpg
11f414410734d1fc3c2d533ff83380be719a58c04869caab5b3348910e966375,2,raw|train,sano,dataset/raw/sano/sano_05314.jpg|dataset/train/sano/sano_05314.jpg
12094587a3a5a3005f70968151da51727c055f5c8d4ee57b25a2948aebd8a382,2,raw|train,peligro,dataset/raw/peligro/peligro_09583.jpg|dataset/train/peligro/peligro_09583.jpg
122e911dabe6d57360ee09d3694a821d33ee331bacad2d716408c7383829f899,2,raw|validation,atencion,dataset/raw/atencion/atencion_06846.jpg|dataset/validation/atencion/atencion_06846.jpg
12310bb31406b37492a048f3a26b746ed2c3b9963f1ee8ae7517cbd9ea53f0af,2,raw|train,sano,dataset/raw/sano/sano_00182.jpg|dataset/train/sano/sano_00182.jpg
124e3a0a69f120f558ad10f5ec09f40f2a98edabb0a589493b3ebceea98ed139,2,raw|train,sano,dataset/raw/sano/sano_11388.jpg|dataset/train/sano/sano_11388.jpg
1253527b430e4bf7200d45b682fbae07f2ad3a6368db32c0819f8d0cdedfadae,2,raw|test,peligro,dataset/raw/peligro/peligro_14781.jpg|dataset/test/peligro/peligro_14781.jpg
1273f14febc4d9527fbd6d3671798b2cf11e0859c1a1eda681a77190587af580,2,raw|train,sano,dataset/raw/sano/sano_04319.jpg|dataset/train/sano/sano_04319.jpg
12786562fb4fa5012054e8f337e11ce19e0ee994ab9c3aa20c0de79dd58c1b46,2,raw|train,peligro,dataset/raw/peligro/peligro_09597.jpg|dataset/train/peligro/peligro_09597.jpg
12c30c29407f090cfb95d44c5c3b4981226fbf6f1493d98e25e926675d616ab1,2,raw|train,sano,dataset/raw/sano/sano_02765.jpg|dataset/train/sano/sano_02765.jpg
12d3c632357cfbd5751cb9ce62cd3dccad80e28a902ddec716f611257565a273,2,raw|train,peligro,dataset/raw/peligro/peligro_02904.jpg|dataset/train/peligro/peligro_02904.jpg
12f9dd04e82659372540cd1c61c045a7616903d3b22db2bf627e141cb03e1be8,2,raw|train,atencion,dataset/raw/atencion/atencion_07407.jpg|dataset/train/atencion/atencion_07407.jpg
13062f82120f4cc320cb997812f05d13463ba94660ac79c4f0573391c86f8d09,2,raw|train,sano,dataset/raw/sano/sano_02834.jpg|dataset/train/sano/sano_02834.jpg
139f79c390422c6f721a1c35f61d56fd8a735f6c80b1def8d4f91343faefe260,2,raw|train,atencion,dataset/raw/atencion/atencion_02337.jpg|dataset/train/atencion/atencion_02337.jpg
13ca21e6c037cf92dc24cc114d7b8b8d1681cc7177cef38dea3400aea92c9719,2,raw|train,peligro,dataset/raw/peligro/peligro_01005.jpg|dataset/train/peligro/peligro_01005.jpg
140e8cd001074c17a776ec8b8f1bc6d7d2fee6a2e24f3a1b360f15d6b9521ecc,2,raw|test,sano,dataset/raw/sano/sano_11455.jpg|dataset/test/sano/sano_11455.jpg
146835e4320d3326ac209f1b7c244333e4fa6f92e0ceeccafff81211488676ba,2,raw|test,peligro,dataset/raw/peligro/peligro_03158.jpg|dataset/test/peligro/peligro_03158.jpg
147d2d0ced2607bc3fbe8c025bed661bd56a3cbd7685788e5532368ef2e25e4d,2,raw|train,peligro,dataset/raw/peligro/peligro_14403.jpg|dataset/train/peligro/peligro_14403.jpg
148c5ba528214ac749fbe909ab227082481415c225bdcdc60dc0adc29267b99f,2,raw|train,peligro,dataset/raw/peligro/peligro_09240.jpg|dataset/train/peligro/peligro_09240.jpg
14e2a523e74a771950c2e37f89023e86c658fd7193d91e0441426e072ee46366,2,raw|train,sano,dataset/raw/sano/sano_12375.jpg|dataset/train/sano/sano_12375.jpg
14f9c1a6728637cd6fb944140cc4511c635ce2e6b66de002c490b1ef2702c72a,2,raw|train,peligro,dataset/raw/peligro/peligro_09951.jpg|dataset/train/peligro/peligro_09951.jpg
14ff309dc18fca8adf0d20282857c5014ac93e2941e6ff170fd5d24958fb6478,2,raw|train,sano,dataset/raw/sano/sano_05375.jpg|dataset/train/sano/sano_05375.jpg
15312e6b5c5001356563122cd7601bb8b060e8e28ed6da2d5e4204e2c76a1bc1,2,raw|train,peligro,dataset/raw/peligro/peligro_04427.jpg|dataset/train/peligro/peligro_04427.jpg
15588cdc3b73098a62e945bd5e6ec2b0cd5b24bf4f624f1b8a448fc98ddbe9f3,2,raw|test,peligro,dataset/raw/peligro/peligro_02758.jpg|dataset/test/peligro/peligro_02758.jpg
15b8be6560d9f798b11261f64828cda523b588f956bf60851537e8328b1fe34f,2,raw|train,sano,dataset/raw/sano/sano_11848.jpg|dataset/train/sano/sano_11848.jpg
15bf3dfcdcd3858ba60173ca981e1c9228ef994f066d59e5be0fe140c5ab6806,2,raw|train,atencion,dataset/raw/atencion/atencion_02319.jpg|dataset/train/atencion/atencion_02319.jpg
15cbd5cc3eaa946444bb4715b052ba46218cd17498c30ab59bce036dd51ed74c,2,raw|train,atencion,dataset/raw/atencion/atencion_14077.jpg|dataset/train/atencion/atencion_14077.jpg
16028995dfa41c0f7cfa3db5c0afe6fbb1529134f37b7f1cc1d2540ee19b8f4b,2,raw|train,sano,dataset/raw/sano/sano_07459.jpg|dataset/train/sano/sano_07459.jpg
162023206f93412b985137207938f6c40db0597702424ef0c862f8a314d2d7b1,2,raw,peligro|sano,dataset/raw/peligro/peligro_01274.jpg|dataset/raw/sano/sano_01928.jpg
1637ec6aff248f538a62ba8b65da667b4b97949913d7bcace75cf1c28d75e128,2,raw|train,atencion,dataset/raw/atencion/atencion_12035.jpg|dataset/train/atencion/atencion_12035.jpg
163ab212e4baac4a6013accd0814e393f2849275759155bb89eaf267ae1b7359,2,raw|validation,sano,dataset/raw/sano/sano_00141.jpg|dataset/validation/sano/sano_00141.jpg
164300389b635025185b5eef442b77688f31c81dd355baa76ef94b25a4d6f1d7,2,raw|train,peligro,dataset/raw/peligro/peligro_09515.jpg|dataset/train/peligro/peligro_09515.jpg
165240a1b588691e1692b8561a066a17da69d124c8335b9babcaa04c030a4d99,2,raw|validation,peligro,dataset/raw/peligro/peligro_05854.jpg|dataset/validation/peligro/peligro_05854.jpg
1670fa709b3a91605a14b77bffa85cae021b69d8ebaa491db30564e1744fb029,2,raw|train,peligro,dataset/raw/peligro/peligro_03017.jpg|dataset/train/peligro/peligro_03017.jpg
167aa23f0377bb191869f4afa733aa34229a0179dfb242931ed5ec175902ffbb,2,raw|train,peligro,dataset/raw/peligro/peligro_13420.jpg|dataset/train/peligro/peligro_13420.jpg
16a9da936f570e48eb5facdf97398d551ea58050fa1e5ed53aa8c1a096060e82,2,raw|train,peligro,dataset/raw/peligro/peligro_00123.jpg|dataset/train/peligro/peligro_00123.jpg
16aa4d1596fa66dc9765a979aefafa9e9e017373fa79410edc6d33a41862dc99,2,raw|train,sano,dataset/raw/sano/sano_12507.jpg|dataset/train/sano/sano_12507.jpg
16c848b5e76fc680d9bb4b08cc9a3e39e539d9a4b9ddf87f6ac6e4a2c616f124,2,raw|test,atencion,dataset/raw/atencion/atencion_04139.jpg|dataset/test/atencion/atencion_04139.jpg
16f097e13ce36d8f6364596c02bb9eae93300184b0dabbe9932d65d561406d4a,2,raw|validation,atencion,dataset/raw/atencion/atencion_14151.jpg|dataset/validation/atencion/atencion_14151.jpg
16fbfa4cb8ad238d4723ef7297748b19821a9c8a4a4c82af8af316f952c38f75,2,raw|validation,peligro,dataset/raw/peligro/peligro_12819.jpg|dataset/validation/peligro/peligro_12819.jpg
1710ca4a1a6c76c563bc415b0f584ce4a30d582d00ca531edee53557a50ddc07,2,raw|train,sano,dataset/raw/sano/sano_05438.jpg|dataset/train/sano/sano_05438.jpg
17157b4d02af2119debad5d522c611d92aeb3a18a78b11b9138231c4048acfe4,2,raw|train,sano,dataset/raw/sano/sano_04708.jpg|dataset/train/sano/sano_04708.jpg
1759b5fb270b8aecd501ea22d10ec797d0227392cc36b94b32010a8cdf9444a2,2,raw|train,peligro,dataset/raw/peligro/peligro_05679.jpg|dataset/train/peligro/peligro_05679.jpg
176b2643654699385871265fa9fbaf5dd010127393cb7789162e6f73cb7e5b79,2,raw|train,peligro,dataset/raw/peligro/peligro_02879.jpg|dataset/train/peligro/peligro_02879.jpg
176fff6c859d62c2a297baeda9c2d6baef4f88f505d2886c6f9306e8f5692399,2,raw|train,atencion,dataset/raw/atencion/atencion_14162.jpg|dataset/train/atencion/atencion_14162.jpg
1798b279a69810ddeada48d78f1a338b4ae0b4150bdb1e3b751e6f73c0704830,2,raw|test,peligro,dataset/raw/peligro/peligro_01011.jpg|dataset/test/peligro/peligro_01011.jpg
17a4fa7440d458093bf49ba32cd2ea59ad53e38fb9d8bee5b7253e79cadcc494,2,raw|validation,peligro,dataset/raw/peligro/peligro_00297.jpg|dataset/validation/peligro/peligro_00297.jpg
17a77eca55720e684cb38644b82bdec4475a3234b60a78e0ddfdbb094d43792a,2,raw|train,sano,dataset/raw/sano/sano_00816.jpg|dataset/train/sano/sano_00816.jpg
17cb09e341f7abaecf3e9bb36fe412aa52d809fb247ef473835e9f87e67b9f24,2,raw|validation,peligro,dataset/raw/peligro/peligro_07977.jpg|dataset/validation/peligro/peligro_07977.jpg
17f7f924ee3771cc61d8c6b95779c316ce5a7e4e7cfb04a0c8e62b0a496a8fea,2,raw|train,atencion,dataset/raw/atencion/atencion_14103.jpg|dataset/train/atencion/atencion_14103.jpg
18074be70da1cb35a1847e45ed8b58bc29625a2ff5cab6db515714dc8da211e0,2,raw|validation,sano,dataset/raw/sano/sano_12516.jpg|dataset/validation/sano/sano_12516.jpg
18129f862a01c69df8e4067abc9b6a08a2c219716a52fb744fe7e0148e09085b,2,raw|train,peligro,dataset/raw/peligro/peligro_05181.jpg|dataset/train/peligro/peligro_05181.jpg
18267d1cbf0cb2aa6e5a77447329e348551ecd73b13a3a2da52034610cc1ce66,2,raw|train,sano,dataset/raw/sano/sano_01024.jpg|dataset/train/sano/sano_01024.jpg
183e914c2768949925919730ea138fc68e908dfdf707cd97f1c748fee4423bd3,2,raw|validation,peligro,dataset/raw/peligro/peligro_00830.jpg|dataset/validation/peligro/peligro_00830.jpg
184cddfefd6156a7246f3dba62e42d75d750e9007e73eef3fc5369778e293875,2,raw|test,atencion,dataset/raw/atencion/atencion_14220.jpg|dataset/test/atencion/atencion_14220.jpg
186989fe0a1c52bda3ff9733c19a68afdd557b3bb2d1a7bf944c9a9d90f48782,2,raw|train,sano,dataset/raw/sano/sano_03326.jpg|dataset/train/sano/sano_03326.jpg
18790a76d1c8eb31e8ebd20dd44ca341c4db2a4835bcec5e27e3cd184e5f98e8,2,raw|train,peligro,dataset/raw/peligro/peligro_05704.jpg|dataset/train/peligro/peligro_05704.jpg
188031888eae3651fe943407e046d328013dfced8430a40722ad5bb9c3a942f9,2,raw|train,sano,dataset/raw/sano/sano_11914.jpg|dataset/train/sano/sano_11914.jpg
18974de0b7a56b7978002d99961186c88f066bfd044cd8f0d0fbcb285b950ed5,2,raw|train,atencion,dataset/raw/atencion/atencion_13712.jpg|dataset/train/atencion/atencion_13712.jpg
18a0d82d86b3e31a307b7ac4828e3c04068a58f6c7d679cc1498327b675c6ebc,2,raw|train,sano,dataset/raw/sano/sano_09617.jpg|dataset/train/sano/sano_09617.jpg
18b32cd867ad5019d427b76d678b632dce940eecb529beb277c0cbe6517b9ffe,2,raw|train,atencion,dataset/raw/atencion/atencion_04129.jpg|dataset/train/atencion/atencion_04129.jpg
1908a6b3d3bf314ee0b6c5b1b10ae800287f620c7580a0a5128f60abe313a99c,2,raw|validation,peligro,dataset/raw/peligro/peligro_05229.jpg|dataset/validation/peligro/peligro_05229.jpg
191612c1b5dd3efaaa2c01f9e60474a8f966d0db5fb318d1655ceea249f94070,2,raw|train,atencion,dataset/raw/atencion/atencion_00534.jpg|dataset/train/atencion/atencion_00534.jpg
1935a7ce81c90b27e5fe6914488732eeea00ef424140e410491e1ebc2f4b1c0a,2,raw|test,sano,dataset/raw/sano/sano_05305.jpg|dataset/test/sano/sano_05305.jpg
1983d7814774e06f15a1c0d98e36b8fc3fcb25fa42dfd832166e20f26d8b1f9e,2,raw|train,peligro,dataset/raw/peligro/peligro_03792.jpg|dataset/train/peligro/peligro_03792.jpg
198974e146db4c773b8e920969897f6a18d78c96bf16514d71673c302a24dfd9,2,raw|train,atencion,dataset/raw/atencion/atencion_07413.jpg|dataset/train/atencion/atencion_07413.jpg
198b75a472ebfa2f0ae770f3f47920f7a731f1371b8c3507a1880ed2469d658b,2,raw|train,atencion,dataset/raw/atencion/atencion_02462.jpg|dataset/train/atencion/atencion_02462.jpg
198ea030572b4f50e471833303a9a112f320797a38cc66526e6423f18690f7b3,2,raw|validation,sano,dataset/raw/sano/sano_02922.jpg|dataset/validation/sano/sano_02922.jpg
198fb283eb3f223658e645dd259f0ac4f68438edc821815ee2cdff1fe520d8c8,2,raw|train,atencion,dataset/raw/atencion/atencion_14154.jpg|dataset/train/atencion/atencion_14154.jpg
19ef7cd21c0f481ab741cfb3e5d6fd0bde153a53547dc784b0d52ccf26e5130c,2,raw|validation,atencion,dataset/raw/atencion/atencion_14075.jpg|dataset/validation/atencion/atencion_14075.jpg
1a039a6ac03b9ef1ec23363727f174c19eb98ddc7ab9c9333752991c3866bcf9,2,raw|train,peligro,dataset/raw/peligro/peligro_07090.jpg|dataset/train/peligro/peligro_07090.jpg
1a0666d92e946e935fa56310406a5c4616c28354c41c5ef1054b8f82a3eb9cee,2,raw|test,atencion,dataset/raw/atencion/atencion_14224.jpg|dataset/test/atencion/atencion_14224.jpg
1a115fdb9322e1cda96aeded97e6e7fc06d4a7bcd2481e82f66bca847986d547,2,raw|validation,atencion,dataset/raw/atencion/atencion_14190.jpg|dataset/validation/atencion/atencion_14190.jpg
1a16ff731041048ff17bc8a6f8cdf684254e1594b6016c35bc4f0067826ad622,2,raw|validation,peligro,dataset/raw/peligro/peligro_00349.jpg|dataset/validation/peligro/peligro_00349.jpg
1a17f1b2840b596629b8c310f3fa90a6bb96a9ca8d4b3e38d3e7d8006ab985c9,2,raw|train,peligro,dataset/raw/peligro/peligro_12060.jpg|dataset/train/peligro/peligro_12060.jpg
1a50876db4af7e143e3f0315ff60e0b4189210ab9d1f70afc25677f8975852c7,2,raw|validation,peligro,dataset/raw/peligro/peligro_00906.jpg|dataset/validation/peligro/peligro_00906.jpg
1a9c8d29fcc0f46aba0ea9fc76d7a3ecce330e012527c039a28ae7020d28cafb,2,raw|train,atencion,dataset/raw/atencion/atencion_02383.jpg|dataset/train/atencion/atencion_02383.jpg
1aa584f60d72cddccd27b7ceec29de940532252072702bda260ad16c88b399c1,2,raw|train,peligro,dataset/raw/peligro/peligro_00683.jpg|dataset/train/peligro/peligro_00683.jpg
1aaf1766d4ab362f4423c638a3d153273d96d0ebdcc3b653eec59066f058e76f,2,raw|train,peligro,dataset/raw/peligro/peligro_03226.jpg|dataset/train/peligro/peligro_03226.jpg
1adf9a684a91b6012fad3ed4726f0561ae29e9677addde373bff5f497c7b9c22,2,raw|train,peligro,dataset/raw/peligro/peligro_00557.jpg|dataset/train/peligro/peligro_00557.jpg
1aeda252fb86ccf9735b01186aea7fa4ef4a1f6bec517ef82026a34df6de9c0f,2,raw|validation,sano,dataset/raw/sano/sano_12525.jpg|dataset/validation/sano/sano_12525.jpg
1b0fbad4b5418ea672d65b0be3667fbf1a181902434ce5c4a179fc9c9b8cb75f,2,raw|train,atencion,dataset/raw/atencion/atencion_02195.jpg|dataset/train/atencion/atencion_02195.jpg
1b37d371643cd83e07aa21c6354926fc5fc64aa96a43ae8e38a16b60382ba6d9,2,raw|train,sano,dataset/raw/sano/sano_03899.jpg|dataset/train/sano/sano_03899.jpg
1b4759869cdda49e0038d646bdbbbd5c6bab146ea2856cd4f63d303f795ea811,2,raw|validation,peligro,dataset/raw/peligro/peligro_10105.jpg|dataset/validation/peligro/peligro_10105.jpg
1b6c9e8c1d7e292eb8c0037290af8cc1516101357742f819e81df9dcc83902bf,2,raw|train,peligro,dataset/raw/peligro/peligro_05276.jpg|dataset/train/peligro/peligro_05276.jpg
1b903cdcf8efa5a840db4a9b8ebafad82d8bedc8dc88c65a77d8ccb852de8207,2,raw|train,sano,dataset/raw/sano/sano_07391.jpg|dataset/train/sano/sano_07391.jpg
1b97df01a242944528de2acd0ebebab31dbb5dc2142e5f342a0f4876d094d609,2,raw|validation,atencion,dataset/raw/atencion/atencion_07878.jpg|dataset/validation/atencion/atencion_07878.jpg
1bc3ca45fd6ac2438ac70b101cb2f83983b33e07e97762730ac27a2945594f67,2,raw|validation,peligro,dataset/raw/peligro/peligro_00466.jpg|dataset/validation/peligro/peligro_00466.jpg
1bc3d8a828159f951c68936209ea0db7d081d84987a8d8512f18811b8cb35dd5,2,raw|validation,atencion,dataset/raw/atencion/atencion_14229.jpg|dataset/validation/atencion/atencion_14229.jpg
1bce1ec2037090130ca474a47021ea7ce7d24b570c2fada8252397730928bd05,2,raw|train,peligro,dataset/raw/peligro/peligro_00877.jpg|dataset/train/peligro/peligro_00877.jpg
1bf4148ea0b3c83fce8b37bc0a8c882c28affa45f56cf1876fcbbf96e04ac8af,2,raw|train,atencion,dataset/raw/atencion/atencion_00563.jpg|dataset/train/atencion/atencion_00563.jpg
1c11a644ecad502f6fb630dde5df355b975987a5a1d9e69ac377abf0858bdd30,2,raw|validation,peligro,dataset/raw/peligro/peligro_01044.jpg|dataset/validation/peligro/peligro_01044.jpg
1c1af557a216d93d3b10b053100ff6fc05370f4346ab7a5def4623c2c204460d,2,raw|train,atencion,dataset/raw/atencion/atencion_11953.jpg|dataset/train/atencion/atencion_11953.jpg
1c4e64693030bcf0ad9d98c63cc982d68aa139ec5d56b4f7378b198e5e550ec7,2,raw|train,atencion,dataset/raw/atencion/atencion_02524.jpg|dataset/train/atencion/atencion_02524.jpg
1c538846498ccca0338d562fad42ba43e947b8b8ad2923aeabec8bc882de5983,2,raw|train,peligro,dataset/raw/peligro/peligro_00460.jpg|dataset/train/peligro/peligro_00460.jpg
1c5cbe430428bfee76a29ab55050a1ce72482824ddc3aeb4f414c7e69bc5122f,2,raw|train,peligro,dataset/raw/peligro/peligro_04583.jpg|dataset/train/peligro/peligro_04583.jpg
1c6aa77217e8400d36e7d73ac615f9b817ab8dab95f6b29c494cba6923958aa2,2,raw|train,peligro,dataset/raw/peligro/peligro_13288.jpg|dataset/train/peligro/peligro_13288.jpg
1c751bfcec021d84465d9d68b91784330c2a02a46de10eac11c1d45de5fdf841,2,raw|train,peligro,dataset/raw/peligro/peligro_10421.jpg|dataset/train/peligro/peligro_10421.jpg
1c768c4d03d615f6c5ad69caecb7ba9c8652453a183033cc6d27d4fba739919f,2,raw|train,sano,dataset/raw/sano/sano_12491.jpg|dataset/train/sano/sano_12491.jpg
1c76bc737adfe5080515fdf4448f21b6a2c6bc76eeb7be3fcf95d132acfa7e4d,2,raw|train,atencion,dataset/raw/atencion/atencion_05195.jpg|dataset/train/atencion/atencion_05195.jpg
1c7ab0420e1ab00981d53cf5a8ceaac3219fd142a58d8958f72d8012d1b71db2,2,raw|train,sano,dataset/raw/sano/sano_00814.jpg|dataset/train/sano/sano_00814.jpg
1c82e23db65b2f407126ca34df100a647b87b60eda8006f190ba913edea7f881,2,raw|train,peligro,dataset/raw/peligro/peligro_12195.jpg|dataset/train/peligro/peligro_12195.jpg
1c8daa5ce4e687d82e324af99e498d87b4abf8b0f1f1094b06f94a3ee9f6c04d,2,raw|train,atencion,dataset/raw/atencion/atencion_03610.jpg|dataset/train/atencion/atencion_03610.jpg
1c8dfdf8c06b6e5643bb67e08233a47aa10d798cfbc4a2e303b8f8059c30b86d,2,raw,atencion|peligro,dataset/raw/atencion/atencion_02018.jpg|dataset/raw/peligro/peligro_02505.jpg
1c948e05f4ec313c73449d1ee4d27e676fb86f4ec5808c91faf323239832353f,2,raw,atencion|sano,dataset/raw/atencion/atencion_02086.jpg|dataset/raw/sano/sano_02702.jpg
1cb1f536d4f960b2e71e6a1e307b2f83a51e1235022a90dcc76fcf180a0293c3,2,raw|validation,sano,dataset/raw/sano/sano_12431.jpg|dataset/validation/sano/sano_12431.jpg
1ce0e2898a2676246c9a27f22902c8e13881bb27bcf1b064a860b7ebcabc55bf,2,raw|validation,atencion,dataset/raw/atencion/atencion_14130.jpg|dataset/validation/atencion/atencion_14130.jpg
1ce9cb57587f085b227e06496166ce2e1296b0187d024227836aa25d98d1d417,2,raw|train,sano,dataset/raw/sano/sano_00065.jpg|dataset/train/sano/sano_00065.jpg
1d1c43ac9e423a32f69993ee4f73551059c51a2d08e5eccdca68a44d43738429,2,raw|test,atencion,dataset/raw/atencion/atencion_04063.jpg|dataset/test/atencion/atencion_04063.jpg
1d20cf24ad8eb5f4b0d7087e61c0386b4a0fb7ad87456e5fbf387ed973f353b5,2,raw|train,peligro,dataset/raw/peligro/peligro_03926.jpg|dataset/train/peligro/peligro_03926.jpg
1d73edbbe94577bde4b6090463ad6049a7c6f45391346510a2d3e83819f97677,2,raw|train,atencion,dataset/raw/atencion/atencion_03194.jpg|dataset/train/atencion/atencion_03194.jpg
1d8de4ea16dfe2eedd95eba70893a495eafb9ab6adde7262c1695135605a733f,2,raw|validation,sano,dataset/raw/sano/sano_07788.jpg|dataset/validation/sano/sano_07788.jpg
1db98cc836471db7c4298ca689299143ca4b2874a443013262c3b2a63c837664,2,raw|train,atencion,dataset/raw/atencion/atencion_03564.jpg|dataset/train/atencion/atencion_03564.jpg
1dd193dd974ae4dc42c15c1a631fdfe8d48c0889e645327489819b9e4e83b6f0,2,raw|train,peligro,dataset/raw/peligro/peligro_00638.jpg|dataset/train/peligro/peligro_00638.jpg
1e0e63f65b4d35ab9e226c3f3e4714430737cfc36041f37bcb585e7cfcac25bf,2,raw|validation,atencion,dataset/raw/atencion/atencion_02520.jpg|dataset/validation/atencion/atencion_02520.jpg
1e1dee9ea1707193e8f9ada08701a829431c650da06c797ec48ea1621101f4ea,2,raw|train,peligro,dataset/raw/peligro/peligro_03143.jpg|dataset/train/peligro/peligro_03143.jpg
1e5b3d5843b76d47461c20c8f86df0aa1170f3f37ec0cd403b202443ca7b8fd4,2,raw|validation,sano,dataset/raw/sano/sano_02994.jpg|dataset/validation/sano/sano_02994.jpg
1e7df169238f5da8257d965950c6819a749f75e5194cc56eedcfd89e3af7555e,2,raw|train,sano,dataset/raw/sano/sano_01040.jpg|dataset/train/sano/sano_01040.jpg
1ea8ad36f2fbe947698217381da9c930f013291dec0371119b5a4c35bf03b0f0,2,raw|train,peligro,dataset/raw/peligro/peligro_00037.jpg|dataset/train/peligro/peligro_00037.jpg
1ee107ddc5488e8c509f6ed430b008af76efaac29dd3142fd7a007da0031f175,2,raw|train,sano,dataset/raw/sano/sano_11346.jpg|dataset/train/sano/sano_11346.jpg
1eed24f9d3de506cc09e90eae9c0ad4fbb947a3997f1465e60eeda0648cf9bd4,2,raw|train,atencion,dataset/raw/atencion/atencion_00854.jpg|dataset/train/atencion/atencion_00854.jpg
1ef50d8c562e3d33d26d426989680b053f181952be3bb98c565bba70fd4db74a,2,raw|train,peligro,dataset/raw/peligro/peligro_00742.jpg|dataset/train/peligro/peligro_00742.jpg
1f2e6e2b224a1ce99db09da7f3467d45e067846c40b30c1e430df732d8407e31,2,raw|validation,atencion,dataset/raw/atencion/atencion_04855.jpg|dataset/validation/atencion/atencion_04855.jpg
1f4665fb227411703dae9250a68978d1867b99170d8093583df96128e1a02ac6,2,raw|validation,atencion,dataset/raw/atencion/atencion_08569.jpg|dataset/validation/atencion/atencion_08569.jpg
1f574581dbea14cef00e6a9dce60b3a8f013c053beabe0549e0455a17c7bb5b3,2,raw|train,sano,dataset/raw/sano/sano_08034.jpg|dataset/train/sano/sano_08034.jpg
1f676f1cd841638b2fbb909b634ea5eca8a9fffbedaaae2b84c5af32f03ec945,2,raw|train,sano,dataset/raw/sano/sano_09965.jpg|dataset/train/sano/sano_09965.jpg
1f863c6406e99208490109933f4713506f00c25e803033992c9e00cc1892b071,2,raw|test,sano,dataset/raw/sano/sano_12546.jpg|dataset/test/sano/sano_12546.jpg
1f93dd232df0a03869fe0f0ba1ab16325085ea48da70c9eff60957c0ae63a829,2,raw|test,atencion,dataset/raw/atencion/atencion_11486.jpg|dataset/test/atencion/atencion_11486.jpg
1fad0293b62b63ff916025d9004907b82d758e21996d8e78c254ae485f0f6b24,2,raw|validation,peligro,dataset/raw/peligro/peligro_00578.jpg|dataset/validation/peligro/peligro_00578.jpg
1fafcae5cd2aef1aa5187867a61af5b14c6a69b919b939b1d1330370ba82eaba,2,raw|train,sano,dataset/raw/sano/sano_00474.jpg|dataset/train/sano/sano_00474.jpg
1fb8670a96129722de9e0929a0d094bbf0b6a6444f44439d8c52bf9cda18e0c5,2,raw|validation,atencion,dataset/raw/atencion/atencion_11115.jpg|dataset/validation/atencion/atencion_11115.jpg
1fd63ee568bb6756a66d18d1c4b5d739a06e3e3ca6534268942ec09537554694,2,raw|train,sano,dataset/raw/sano/sano_03711.jpg|dataset/train/sano/sano_03711.jpg
1ff6a685c899eba3f9a3000a56cdc3f78708e24d88d6200a53df51067949639f,2,raw|train,sano,dataset/raw/sano/sano_12418.jpg|dataset/train/sano/sano_12418.jpg
201b0670d6bb38f92c5332f94ff5d424e6dbc18b3ddf2e9feb81a6c6e6e503e7,2,raw|train,sano,dataset/raw/sano/sano_09539.jpg|dataset/train/sano/sano_09539.jpg
202a49303895e28a9f5b6391e14d2cc6b7c77048f1e305852df2b0f7cd0b2987,2,raw|train,sano,dataset/raw/sano/sano_06619.jpg|dataset/train/sano/sano_06619.jpg
2036ff6d987ad2177086ecd5f65032c4d1093d653df3e5951eed99f472008938,2,raw|train,atencion,dataset/raw/atencion/atencion_00394.jpg|dataset/train/atencion/atencion_00394.jpg
205591a98c17b997264da5dca712c28c79d1697a3410154d217796aad5d0103f,2,raw|test,atencion,dataset/raw/atencion/atencion_08131.jpg|dataset/test/atencion/atencion_08131.jpg
205ebcc6eb74d38034b56165dba828c69212954b13f9301e360e08021b875b07,2,raw|train,atencion,dataset/raw/atencion/atencion_11144.jpg|dataset/train/atencion/atencion_11144.jpg
20656102001cc40316214ea82ad548ce099de95498814bc8d0c61f68c32b8c83,2,raw|train,atencion,dataset/raw/atencion/atencion_02950.jpg|dataset/train/atencion/atencion_02950.jpg
206de3df3e2c5bc61fbdf25d5d2d0f1612bae4452ccc2031b85f32246bccd865,2,raw|train,peligro,dataset/raw/peligro/peligro_01085.jpg|dataset/train/peligro/peligro_01085.jpg
2073eeef1c9988fee86d6f6dc23d0d1501d7fa2a14972cda106ebd25810d463a,2,raw|train,atencion,dataset/raw/atencion/atencion_14131.jpg|dataset/train/atencion/atencion_14131.jpg
20d1f55f3b63fe366b57749535df4cfdff17092d98152f587f84f516a3bc8d2c,2,raw|validation,sano,dataset/raw/sano/sano_09552.jpg|dataset/validation/sano/sano_09552.jpg
20e28fb36f4900f8271c7104fe88265a5f20e2152bc74667c71918fa4d4a93df,2,raw|train,peligro,dataset/raw/peligro/peligro_08698.jpg|dataset/train/peligro/peligro_08698.jpg
20e518df0bcd86f6253e9518a0ddf7de5d2db3b861b201549918b84df406a66b,2,raw|validation,sano,dataset/raw/sano/sano_12488.jpg|dataset/validation/sano/sano_12488.jpg
2117309d123740dc580875386c96aee9c8443697d4d6e4493da97cf4a9a16623,2,raw|train,peligro,dataset/raw/peligro/peligro_01010.jpg|dataset/train/peligro/peligro_01010.jpg
21267ed704429413b9c8470f0588152d54403dc1f7ef3fe042b9c3abe9dbabbe,2,raw|train,sano,dataset/raw/sano/sano_06442.jpg|dataset/train/sano/sano_06442.jpg
216710bcdd127b39b52c960aeee1b75e1a52be5b76503f6e4f530e9202c96ed7,2,raw|validation,atencion,dataset/raw/atencion/atencion_14161.jpg|dataset/validation/atencion/atencion_14161.jpg
2177bc454bc45440129f23fa72bfd574461e89a06e871b2628a09653094678fd,2,raw|train,sano,dataset/raw/sano/sano_04480.jpg|dataset/train/sano/sano_04480.jpg
21926058292da378a2c782658755e0b5e0f280720820cdf72a9ca57139ef4764,2,raw|validation,peligro,dataset/raw/peligro/peligro_03113.jpg|dataset/validation/peligro/peligro_03113.jpg
21b71d8d93fa1d2ef5d782dbe68acd9c9055552feae2661b2a8e2bceb5d1f098,2,raw|train,atencion,dataset/raw/atencion/atencion_06619.jpg|dataset/train/atencion/atencion_06619.jpg
21c1d8c82ccf3faa7c9731fa302f67ae5748af5dfde2e503b6fbd49febcd1e71,2,raw|train,atencion,dataset/raw/atencion/atencion_14093.jpg|dataset/train/atencion/atencion_14093.jpg
21e6919b137fdfa41d47f0103f5ecf7de375a7243ee4dc5caea4bc43e2cc45b5,2,raw|train,peligro,dataset/raw/peligro/peligro_12000.jpg|dataset/train/peligro/peligro_12000.jpg
2200e335853bfd3ba4fd6dfd25df01d9699cddaf0f7d68fea4e38c81dd1f8118,2,raw|train,sano,dataset/raw/sano/sano_03136.jpg|dataset/train/sano/sano_03136.jpg
2215bbed4b1dc7cbc7ce8577a542afeb7732e5cf5f585202ec0a03e10c6413ed,2,raw|train,peligro,dataset/raw/peligro/peligro_01063.jpg|dataset/train/peligro/peligro_01063.jpg
2229c069c56460c628a999fbbeef1f09a8227ce7de923677311a89ffe3e2ebae,2,raw|test,peligro,dataset/raw/peligro/peligro_03861.jpg|dataset/test/peligro/peligro_03861.jpg
222b5416ad4b209ed7ca2beee5c187bc460792138e1ca574652d137948d0d34f,2,raw|train,sano,dataset/raw/sano/sano_00276.jpg|dataset/train/sano/sano_00276.jpg
224134d7acbdd81a2bb596da9b840cd77bf5d396231a455ce3a84edb56a6cf81,2,raw|test,sano,dataset/raw/sano/sano_05252.jpg|dataset/test/sano/sano_05252.jpg
2250ff54463e1c7c35b05f0424cb784b7b50bd9dc8117e7e53580afb9c10917d,2,raw|train,peligro,dataset/raw/peligro/peligro_03808.jpg|dataset/train/peligro/peligro_03808.jpg
229e74b1467c23e692beab2211665e0cabf607c33226737e590bee06ea588f11,2,raw|test,peligro,dataset/raw/peligro/peligro_13708.jpg|dataset/test/peligro/peligro_13708.jpg
22a1c7ca19019ad397ef88278a4e19a1a555fc31f18dd33e14cedb565e15b525,2,raw|train,sano,dataset/raw/sano/sano_12510.jpg|dataset/train/sano/sano_12510.jpg
22b33a87a496e169737c0ca4b279c4610a91760652379844097573ccb4fb1054,2,raw|train,peligro,dataset/raw/peligro/peligro_11668.jpg|dataset/train/peligro/peligro_11668.jpg
22c54566e7e0847fd7a4071ac5038383824d70f88594f0957bde6224cb21d75f,2,raw|train,atencion,dataset/raw/atencion/atencion_04202.jpg|dataset/train/atencion/atencion_04202.jpg
22d7cb2015ff34ff9f8ea2c71f3ebba652090b7223dfafe1ba0cd912347f8637,2,raw|train,sano,dataset/raw/sano/sano_00200.jpg|dataset/train/sano/sano_00200.jpg
2303049d79dcbd7f9dd8cc86e782848410c7b7700c46224339075b227cdde21f,2,raw|validation,atencion,dataset/raw/atencion/atencion_09800.jpg|dataset/validation/atencion/atencion_09800.jpg
234719b4c426240b3ef3f733926fc824df1731213207fbaafa1b7a319f77eba9,2,raw|train,peligro,dataset/raw/peligro/peligro_00945.jpg|dataset/train/peligro/peligro_00945.jpg
234724a8fc08f33c8e586a1cee7ef42d88cf520b373fcc64cad541e2fea5a796,2,raw|train,sano,dataset/raw/sano/sano_04351.jpg|dataset/train/sano/sano_04351.jpg
2366395a55dc194c7552a06ce234adcb37e37390177d56c2f297b683bcdf6cc1,2,raw|train,atencion,dataset/raw/atencion/atencion_03493.jpg|dataset/train/atencion/atencion_03493.jpg
2367aafd21ccb1949163e85208e4adc964a468025a49d243674f36f676a3c09d,2,raw|validation,peligro,dataset/raw/peligro/peligro_00667.jpg|dataset/validation/peligro/peligro_00667.jpg
2373baa6a4a4d4072e1dca3e3deb32d09434185fe93dd06071051c132095e6a8,2,raw|validation,sano,dataset/raw/sano/sano_07244.jpg|dataset/validation/sano/sano_07244.jpg
23755141850894b1860a944383caa7f936d1bd77549e63f04410391166bbfa8d,2,raw|validation,atencion,dataset/raw/atencion/atencion_09760.jpg|dataset/validation/atencion/atencion_09760.jpg
238d8505c708d85f0e11cac2d510da887fac69cdc3feebf2c4bdc6ce09f22669,2,raw|train,atencion,dataset/raw/atencion/atencion_07477.jpg|dataset/train/atencion/atencion_07477.jpg
2392e2c998de9787ac28a96b7c0436a4aba63b3aab65ea00bbc34f07c5f2286f,2,raw|train,atencion,dataset/raw/atencion/atencion_05178.jpg|dataset/train/atencion/atencion_05178.jpg
239daf02cffcb3e36e5657418acd5207ff95c0f451e2278fe0e484c1044d792d,2,raw|train,peligro,dataset/raw/peligro/peligro_02646.jpg|dataset/train/peligro/peligro_02646.jpg
23c0dcb07914f11ff845712fa979ebd8c6f0043275b38c42944b03d6c70d106d,2,raw|validation,atencion,dataset/raw/atencion/atencion_14228.jpg|dataset/validation/atencion/atencion_14228.jpg
23e13c74ae2e5bf782a99574e5b5efb0aabd06c2eeb2d7c5617049684fcdf2ca,2,raw|validation,sano,dataset/raw/sano/sano_00051.jpg|dataset/validation/sano/sano_00051.jpg
23f51169512886d2b3f5596627c2284072f9e17cb1dccbb29f2e85fac287a352,2,raw|train,sano,dataset/raw/sano/sano_05493.jpg|dataset/train/sano/sano_05493.jpg
23fb28680517ee3456f6bf3777fe075f0e2a2a8eef6f2572ce9ed31821465a26,2,raw|train,peligro,dataset/raw/peligro/peligro_00227.jpg|dataset/train/peligro/peligro_00227.jpg
2424dbf8c4abb4a56727c70a8eaa5bc9b842d3949db34a46b08e68c2d7a99b23,2,raw,atencion|sano,dataset/raw/atencion/atencion_01753.jpg|dataset/raw/sano/sano_01781.jpg
2437731734498c6fe64bb53c5de07bcf6b09e304e492259a20af37ba65ded16b,2,raw|train,peligro,dataset/raw/peligro/peligro_02900.jpg|dataset/train/peligro/peligro_02900.jpg
247c763f5b6f63562dba29666c974e341fc3063dfeb3df2d5c93322d76140f7b,2,raw|train,sano,dataset/raw/sano/sano_04168.jpg|dataset/train/sano/sano_04168.jpg
249f6c050b45105a71f01bc79218ba92d4cdb1ce3a4b773782e4fe7a3cfc3bb3,2,raw|train,peligro,dataset/raw/peligro/peligro_00358.jpg|dataset/train/peligro/peligro_00358.jpg
24a5b807b86f5a29022bbac3cecb8fcd8a187d2c98ebe3448561b97991795799,2,raw|test,peligro,dataset/raw/peligro/peligro_10182.jpg|dataset/test/peligro/peligro_10182.jpg
24c00562f6bcbd0abaf1923242265d2a712ca0b45ce771f4520b05baf8c3ccd0,2,raw|validation,peligro,dataset/raw/peligro/peligro_11936.jpg|dataset/validation/peligro/peligro_11936.jpg
24cf7bf7b3b65fb62f139c8ba77990091e978db41e4d56bfb12668340bf193f5,2,raw|train,peligro,dataset/raw/peligro/peligro_00338.jpg|dataset/train/peligro/peligro_00338.jpg
24d90d49b4696151ee32eb970ecb12482c378d659ee2a65003b6c66dabc1adbd,2,raw|train,sano,dataset/raw/sano/sano_03729.jpg|dataset/train/sano/sano_03729.jpg
2533cb3d68015934b3b8675887c4b54e781db434fdf7650818eb40d5423bdada,2,raw|train,peligro,dataset/raw/peligro/peligro_00026.jpg|dataset/train/peligro/peligro_00026.jpg
254eec64d1667d926aec9e78ce5a3fe57d0c6805030aeb62bde89bd721bfa25c,2,raw|train,peligro,dataset/raw/peligro/peligro_07419.jpg|dataset/train/peligro/peligro_07419.jpg
2559f7aa57133f34b8148b60b5a15f6cbc56d64bc3b96edfa9f90da4f4d9259d,2,raw|test,sano,dataset/raw/sano/sano_07307.jpg|dataset/test/sano/sano_07307.jpg
255b878efcb790b6fe5a7741718e6e0dfc9c9da7bb85138403221c9aba2e991e,2,raw|train,peligro,dataset/raw/peligro/peligro_03681.jpg|dataset/train/peligro/peligro_03681.jpg
2563a8083c2fd90914e58544e95b2c909b7b055a2c2bb6f40f5f40ef8ab7bddf,2,raw|train,sano,dataset/raw/sano/sano_00924.jpg|dataset/train/sano/sano_00924.jpg
2592f8d42b70bcb589a3205a71635cebeab6aee7b5f7370f9b8fd0b50fa5db02,2,raw|train,sano,dataset/raw/sano/sano_02954.jpg|dataset/train/sano/sano_02954.jpg
2598acb4bcffc2a24daeb208c3473dcff94640269addecc8e0b61e6c9966abc8,2,raw|train,atencion,dataset/raw/atencion/atencion_14214.jpg|dataset/train/atencion/atencion_14214.jpg
25aadd8210183a55782a9f279f96d1f975562568100bcb0570df85c56792f6ea,2,raw|train,peligro,dataset/raw/peligro/peligro_04061.jpg|dataset/train/peligro/peligro_04061.jpg
25c4f5d4f2c6e053bf70724f345e8312dd3c79a3334a590aa99fcaeec4dffef3,2,raw|train,sano,dataset/raw/sano/sano_00640.jpg|dataset/train/sano/sano_00640.jpg
25c7ba85080fb8cd590fe907e73093a378bb43b5cfa0c34cf3c93a0175d47afd,2,raw|validation,peligro,dataset/raw/peligro/peligro_06319.jpg|dataset/validation/peligro/peligro_06319.jpg
25cc4b2cddfe64c64ce65cf50138986f53bf0bbe5e52b8149314dd5038aef9e5,2,raw|train,sano,dataset/raw/sano/sano_00666.jpg|dataset/train/sano/sano_00666.jpg
25d19ce8f6159018011b3730da533f40f1a3ee3da4f0801bbbdb1bde0d9aea9d,2,raw|validation,atencion,dataset/raw/atencion/atencion_14140.jpg|dataset/validation/atencion/atencion_14140.jpg
25e8534973c12e8e8e0fbf0715bd19a88130158d5e4baefd2d0ac3aa42593c33,2,raw|train,peligro,dataset/raw/peligro/peligro_11401.jpg|dataset/train/peligro/peligro_11401.jpg
261da562e4e9bb86e13727f67c716067f1aaee1bee305db832411759fab1b977,2,raw|validation,peligro,dataset/raw/peligro/peligro_12792.jpg|dataset/validation/peligro/peligro_12792.jpg
2620077217abd738d2b39fb06a421fac7bd9f41b1e117c2648225e4c6fb02513,2,raw|train,atencion,dataset/raw/atencion/atencion_00728.jpg|dataset/train/atencion/atencion_00728.jpg
262138c2598314d9fa6c9cf70379ba2aed1cb675b88bba59a7874d0616bbbc8f,2,raw|test,sano,dataset/raw/sano/sano_04727.jpg|dataset/test/sano/sano_04727.jpg
2640c9a31b40a6c8716c829223234da9f12b054c343f42c5fc5c41ebf6f2792c,2,raw|validation,peligro,dataset/raw/peligro/peligro_00536.jpg|dataset/validation/peligro/peligro_00536.jpg
266bb43bbaa2dd53e10b513d265d879a23e63864e59cc61eeebbc7dce656eb0f,2,raw|train,sano,dataset/raw/sano/sano_12427.jpg|dataset/train/sano/sano_12427.jpg
2675d0c0e98d458644424336529b404c74164c9ce60c3e8c7fa7f05a3856c06c,2,raw|train,sano,dataset/raw/sano/sano_12403.jpg|dataset/train/sano/sano_12403.jpg
267a7e04ca6548ac4e3a9bae97f4acff99f8ea786faee78657b08e8f08a86920,2,raw|test,peligro,dataset/raw/peligro/peligro_00313.jpg|dataset/test/peligro/peligro_00313.jpg
268c38a6ca36e22137ed91700d461f2a983641e6e47ecdc16b14b0ebb850dd36,2,raw|train,atencion,dataset/raw/atencion/atencion_03594.jpg|dataset/train/atencion/atencion_03594.jpg
269941a7ab3b2a60d8ddad3be6e331e29a86deab3d91a4e11cdc353919dded5d,2,raw|train,sano,dataset/raw/sano/sano_04462.jpg|dataset/train/sano/sano_04462.jpg
26cf05064cb167a5c6b28de19a89e95bc05cc90c6e56294e230e4cbcf7d324c0,2,raw|train,peligro,dataset/raw/peligro/peligro_00292.jpg|dataset/train/peligro/peligro_00292.jpg
26d941e3e78155094fd4e9def2326bdc11a14f6e37cd8877790f15b00da0bbeb,2,raw|train,peligro,dataset/raw/peligro/peligro_04165.jpg|dataset/train/peligro/peligro_04165.jpg
26f27afc74afaf87f136426850e65bc9c466d071458570b3b48197c906bdd1da,2,raw|validation,sano,dataset/raw/sano/sano_12443.jpg|dataset/validation/sano/sano_12443.jpg
27243a914a762565d5826c451c740978efa54abcfcbb4ef132bd7de1e08357c4,2,raw|train,peligro,dataset/raw/peligro/peligro_07330.jpg|dataset/train/peligro/peligro_07330.jpg
2750c09661b4ae8e47de594fbd425bf41721cba52db970326b1eac165ee69bfb,2,raw|train,sano,dataset/raw/sano/sano_05413.jpg|dataset/train/sano/sano_05413.jpg
27a84467855de14002cd01eddcc8340dcb996ab16d81c4b24d2cd31944ade787,2,raw|train,atencion,dataset/raw/atencion/atencion_00649.jpg|dataset/train/atencion/atencion_00649.jpg
27b106fc93be51623d08ffccfd1dd0926a67d322316c4203e4238e3cbd805902,2,raw|train,sano,dataset/raw/sano/sano_00974.jpg|dataset/train/sano/sano_00974.jpg
27bc960d6376d3bb3f19c90b30cd7933f25583a0446c3ebd74fd0e6e969697a3,2,raw|train,peligro,dataset/raw/peligro/peligro_12668.jpg|dataset/train/peligro/peligro_12668.jpg
27bcae3b6fbdd53752aa92b8fc14673f033c781d0a1101f3cf16729c83f6a467,2,raw|train,atencion,dataset/raw/atencion/atencion_03384.jpg|dataset/train/atencion/atencion_03384.jpg
281f823547210368d9b7250813d9803bbca73bfab2fff6d3d755d5296e0b75c3,2,raw|train,peligro,dataset/raw/peligro/peligro_01195.jpg|dataset/train/peligro/peligro_01195.jpg
2847cf94b08579db78b848c7679cb9c39ea37007708019cb52d34b18ccef89d2,2,raw|train,atencion,dataset/raw/atencion/atencion_07787.jpg|dataset/train/atencion/atencion_07787.jpg
284ab41ce39bc4472626e9a9f7dc652ed3abb4356d6a921be5de6168ec5799c7,2,raw|validation,peligro,dataset/raw/peligro/peligro_07485.jpg|dataset/validation/peligro/peligro_07485.jpg
2858c6a9dbcdd99e2f7d395033c66af4e2edece59100cf9cd1ad969d02477a72,2,raw|train,atencion,dataset/raw/atencion/atencion_03405.jpg|dataset/train/atencion/atencion_03405.jpg
286dc3453ede99e649eede5ada9d7f37d19bbb4bc5f83727761d0a874a81a4fb,2,raw|test,peligro,dataset/raw/peligro/peligro_00693.jpg|dataset/test/peligro/peligro_00693.jpg
2892252fd292013ac16366f707cf2f13b5313b1af94942e670601a1210cc21f1,2,raw|test,peligro,dataset/raw/peligro/peligro_00663.jpg|dataset/test/peligro/peligro_00663.jpg
289429207116de58b4ea32637ae13e3bfe3a2b3fac34745cf11661d98fd38192,2,raw|train,peligro,dataset/raw/peligro/peligro_03297.jpg|dataset/train/peligro/peligro_03297.jpg
28b5d010eb0f1ed62d4ef9edd74dea5c484e95fe1e071c5a3b357fc1b83bcf3d,2,raw|train,peligro,dataset/raw/peligro/peligro_05275.jpg|dataset/train/peligro/peligro_05275.jpg
29120f0f906a438c66bfaa7b3894a78bf6ce16f5681f5c27d228a5d99efc6dbf,2,raw|train,peligro,dataset/raw/peligro/peligro_07664.jpg|dataset/train/peligro/peligro_07664.jpg
2932d3689c6d59342ac2572d193e75d339336d800afac002bec9943256c5687e,2,raw|validation,sano,dataset/raw/sano/sano_04644.jpg|dataset/validation/sano/sano_04644.jpg
2943e608a93233e8da2ca2baaae7bebd94691a1d221eef5dd3f9db3aad433484,2,raw|train,atencion,dataset/raw/atencion/atencion_14146.jpg|dataset/train/atencion/atencion_14146.jpg
29868b9561161f8049bbed3105802be18667b551707c199aa36d19ead58dbfac,2,raw|train,sano,dataset/raw/sano/sano_00708.jpg|dataset/train/sano/sano_00708.jpg
298ed862de863c8d1f35e0ebcc327a5f6a2481c3e6e337376e07ae755599ea17,2,raw|train,atencion,dataset/raw/atencion/atencion_14106.jpg|dataset/train/atencion/atencion_14106.jpg
29995b3e86c01a0b9b4674eb49e7ea92120d4b3f8071ed891351a5fb24096723,2,raw|train,sano,dataset/raw/sano/sano_12469.jpg|dataset/train/sano/sano_12469.jpg
29a2b4b74d8438562f6b9cf24acb0226d059442c012c354cdf898b8eba1c0048,2,raw|train,sano,dataset/raw/sano/sano_01295.jpg|dataset/train/sano/sano_01295.jpg
29d85c584c10d2a77cbdb027d8a99fabec8ac1d531d85fd05ba29162bac5fc08,2,raw|train,peligro,dataset/raw/peligro/peligro_00301.jpg|dataset/train/peligro/peligro_00301.jpg
29dbdf254f9b4a248e4fa592ceb7972731ca1b5a85a57b4bbeb9984e7141c538,2,raw|test,atencion,dataset/raw/atencion/atencion_14225.jpg|dataset/test/atencion/atencion_14225.jpg
29edcf1a4836e87e14d958b12700cafa6a6e2f482408608abce8a5b76989cdab,2,raw|train,sano,dataset/raw/sano/sano_12508.jpg|dataset/train/sano/sano_12508.jpg
29f90f654342d31785c2dfa84b0d257ac061ea41706d8faaf1f70945fa04f8f1,2,raw|train,atencion,dataset/raw/atencion/atencion_03723.jpg|dataset/train/atencion/atencion_03723.jpg
2a0068db1c1b1a7df841ef69286b817619d76fce9e8979fd9e2dfbb1bdbb4a01,2,raw|validation,sano,dataset/raw/sano/sano_00707.jpg|dataset/validation/sano/sano_00707.jpg
2a226d1b977a35d6efe0d1c0473aa60d2653bbaea082f02babd974e5968d01dd,2,raw|train,atencion,dataset/raw/atencion/atencion_06385.jpg|dataset/train/atencion/atencion_06385.jpg
2a4351b95768bff2e0775d57be2ff901b4198e64900629bd47076dad4c7274cb,2,raw|validation,atencion,dataset/raw/atencion/atencion_09807.jpg|dataset/validation/atencion/atencion_09807.jpg
2a592def98559c7fad201b290937e678ff34efdf75342a279e6fcd8faf2e6dfa,2,raw|train,atencion,dataset/raw/atencion/atencion_07621.jpg|dataset/train/atencion/atencion_07621.jpg
2a770d10adc4f32128d8c0b22a1ee8f2704f26a1f26b7ad7878c23f8e5899456,2,raw|train,atencion,dataset/raw/atencion/atencion_14141.jpg|dataset/train/atencion/atencion_14141.jpg
2aba8fa00b24cbafdf26a3cbfff2b1b747b030af0f0b79cb854e3e7a2297e9b1,2,raw|train,peligro,dataset/raw/peligro/peligro_00689.jpg|dataset/train/peligro/peligro_00689.jpg
2b30c38b70383b998905755d79eeaad685f4b414ea1c5a33cb28105e1e8685e7,2,raw|train,peligro,dataset/raw/peligro/peligro_10143.jpg|dataset/train/peligro/peligro_10143.jpg
2b52715152bf75296a033c7af38771fbd7492a340b945f17d65ff5a75e1adc71,2,raw|validation,atencion,dataset/raw/atencion/atencion_03320.jpg|dataset/validation/atencion/atencion_03320.jpg
2b6f29f58b03afffd43dad6c7471fd3526aa2eed5bd97c06ddbba404b04492c3,2,raw|train,sano,dataset/raw/sano/sano_12395.jpg|dataset/train/sano/sano_12395.jpg
2b7007e8162084af2a31f553dbffc0892010a1094fde763b80eb93b814135c41,2,raw|validation,sano,dataset/raw/sano/sano_00339.jpg|dataset/validation/sano/sano_00339.jpg
2b77dc4345e432c48c2becead4429a733182c9779308763f061b0b4ae58d5c27,2,raw|train,peligro,dataset/raw/peligro/peligro_01213.jpg|dataset/train/peligro/peligro_01213.jpg
2b85b4c3499a3a3ef0b1417e0d709088b3c07a0e14e11ca6ad12fcf1c547e54f,2,raw|train,atencion,dataset/raw/atencion/atencion_14150.jpg|dataset/train/atencion/atencion_14150.jpg
2bc566fcd27add761cec80c3712e8486aad509e8609fc5e07543931a1f623871,2,raw|train,sano,dataset/raw/sano/sano_04327.jpg|dataset/train/sano/sano_04327.jpg
2bf69e11f1bbc659b3d9a6278b590adf68e69da0cffc35428ac3897f323f7e3f,2,raw|train,atencion,dataset/raw/atencion/atencion_14135.jpg|dataset/train/atencion/atencion_14135.jpg
2c23cdea6c9301a09310aa12cd8df295eeb6671b479ca72c823f90e89039478f,2,raw|train,peligro,dataset/raw/peligro/peligro_11486.jpg|dataset/train/peligro/peligro_11486.jpg
2c3dc18a394a47d9ca6a050bcd8bc6fd2c7d330697eb6d9b9b88a430a75aa861,2,raw|train,peligro,dataset/raw/peligro/peligro_05373.jpg|dataset/train/peligro/peligro_05373.jpg
2c6750137c18d1d1f0a331b1fcacf590d8b9c2f279b4e4451be714bf99465eaa,2,raw|train,sano,dataset/raw/sano/sano_12413.jpg|dataset/train/sano/sano_12413.jpg
2c6b6c231e0514c8b937a145ff2c915a74ab2396b32064fc5d2ec4e1310703b8,2,raw|validation,atencion,dataset/raw/atencion/atencion_03049.jpg|dataset/validation/atencion/atencion_03049.jpg
2c77e1f7513c3a3b3da672df9cbfa1bb034170aac5774447ef9ae20680a489d6,2,raw|train,peligro,dataset/raw/peligro/peligro_09127.jpg|dataset/train/peligro/peligro_09127.jpg
2c91f081e234a9727d7d6259c31f1d37263a99cf9b1c479078f299e566bc63ac,2,raw|train,peligro,dataset/raw/peligro/peligro_00425.jpg|dataset/train/peligro/peligro_00425.jpg
2c9e559e1a1ad5bd7e742cf4595c71ff08ba2f3fdf8138a1b98951575e602b3f,2,raw|train,atencion,dataset/raw/atencion/atencion_04805.jpg|dataset/train/atencion/atencion_04805.jpg
2cda742a8d52c55d4495b9975f0eeb33dca20bc2b703d9cd8d774f4366b0db2d,2,raw|train,sano,dataset/raw/sano/sano_00039.jpg|dataset/train/sano/sano_00039.jpg
2ce5302ea38b844352293a251dfd4918e891c366c84e380531a31f777a822768,2,raw|validation,sano,dataset/raw/sano/sano_12453.jpg|dataset/validation/sano/sano_12453.jpg
2d2b0bc8199501e77e021ddf05281374ab59ca76059b9e76662007e34e52e49f,2,raw|train,sano,dataset/raw/sano/sano_00025.jpg|dataset/train/sano/sano_00025.jpg
2d534f33e9f97c91569bfc78b2cad75c9f5ab2d967fb35480aa4fa8e424349ba,2,raw|train,sano,dataset/raw/sano/sano_03465.jpg|dataset/train/sano/sano_03465.jpg
2d577cf766216f1653523244408e7e8ab6d1742e395a9f887329f1421feedccf,2,raw|validation,peligro,dataset/raw/peligro/peligro_03493.jpg|dataset/validation/peligro/peligro_03493.jpg
2d7e4da5e0a99a031fc33a2ad359f366e18175ca5da037c5f061c5d476d6af35,2,raw|validation,peligro,dataset/raw/peligro/peligro_00248.jpg|dataset/validation/peligro/peligro_00248.jpg
2d8ace30025b88e0d46532fca3db97c6312ea16285a74abccfd1b020e72c4e3a,2,raw|train,sano,dataset/raw/sano/sano_12545.jpg|dataset/train/sano/sano_12545.jpg
2d934961914c74377af4bb99859010bb902bbda4d55f2ec258b8eb2a9d18d83b,2,raw|train,peligro,dataset/raw/peligro/peligro_04289.jpg|dataset/train/peligro/peligro_04289.jpg
2d99b47d84da347ccd4c0db838cc43347b81988803c57ca6fbb8aa548bcc8280,2,raw|train,sano,dataset/raw/sano/sano_11097.jpg|dataset/train/sano/sano_11097.jpg
2da7a44a9a5803e32dc91d387f2f0594cc718d4e85c07d6d805402d4f542a2e6,2,raw|train,sano,dataset/raw/sano/sano_12541.jpg|dataset/train/sano/sano_12541.jpg
2db8dbd056399a3fe0e3be4ae3f8aa939f388ab55d0832abbb9ba1422a056fec,2,raw|train,sano,dataset/raw/sano/sano_01234.jpg|dataset/train/sano/sano_01234.jpg
2dfa94d99f5bdb9f8d0110e81693b89008c19126043b49bb86e88c4fc42281b8,2,raw|train,sano,dataset/raw/sano/sano_03703.jpg|dataset/train/sano/sano_03703.jpg
2e2930d9223e417dd07a723eccaf76ad8cb3df7218e5ba9af65ab2f281c6d39f,2,raw|test,atencion,dataset/raw/atencion/atencion_05781.jpg|dataset/test/atencion/atencion_05781.jpg
2e3be7d8c7b83a05bb0e2176ab9b5b6e590c25e832fde489bd710d7d3e3db703,2,raw|test,peligro,dataset/raw/peligro/peligro_07483.jpg|dataset/test/peligro/peligro_07483.jpg
2e3d57c1b06774cbf6a1d23f70867e097acc9be2246a43b78535b8909a5423ba,2,raw|train,peligro,dataset/raw/peligro/peligro_06894.jpg|dataset/train/peligro/peligro_06894.jpg
2e46123f85d98200cbf97408ea2756aefa92f3ae05fbe162cf01edcf2f9fe7a7,2,raw|train,peligro,dataset/raw/peligro/peligro_01086.jpg|dataset/train/peligro/peligro_01086.jpg
2e522516797f0532c76b79454aea8d994ed2d15fe71f6cce66cfea921d98d7fd,2,raw|train,peligro,dataset/raw/peligro/peligro_05146.jpg|dataset/train/peligro/peligro_05146.jpg
2e6c61285bbc673dcbb9d78e88bdfdfce32236d16d13723b010490abe014b9c1,2,raw|train,peligro,dataset/raw/peligro/peligro_10078.jpg|dataset/train/peligro/peligro_10078.jpg
2e7a1db4ad321418adc788002b1703bfb5da3e4c00a28a53d52b5c40fe556155,2,raw|train,peligro,dataset/raw/peligro/peligro_00765.jpg|dataset/train/peligro/peligro_00765.jpg
2e7d111e1f44154d83800c3ed6a5ae1574621c423cab2fdb3100bd7f7774b73e,2,raw|train,sano,dataset/raw/sano/sano_00153.jpg|dataset/train/sano/sano_00153.jpg
2e94ef34d1e3e788abff414a11610028f065ab9a522a24117677db95481e4df6,2,raw|test,sano,dataset/raw/sano/sano_00745.jpg|dataset/test/sano/sano_00745.jpg
2efe9c65d851e2f12d4e6caa651c5858028ced40be86ef7e8d0e68c98100fd65,2,test|train,atencion|sano,dataset/train/atencion/atencion_09708.jpg|dataset/test/sano/sano_02723.jpg
2f082a693b93c3076ea09c7137bc7653b9342303d75ee410d91b52f91a168223,2,raw|validation,sano,dataset/raw/sano/sano_04092.jpg|dataset/validation/sano/sano_04092.jpg
2f1fc33c370630b88af5baceeb6225e1faa890093a45a6ac9db771ed661bf67a,2,raw|train,peligro,dataset/raw/peligro/peligro_08988.jpg|dataset/train/peligro/peligro_08988.jpg
2fa1abe5618809a7724e46188507774cdee0a62a766dd96ee3b28b17854d1afb,2,raw|train,sano,dataset/raw/sano/sano_12451.jpg|dataset/train/sano/sano_12451.jpg
2fad1d2abd53e172d1a1df0ae1e685e677a28bae04bae2231052b7c608f64369,2,raw|train,sano,dataset/raw/sano/sano_00840.jpg|dataset/train/sano/sano_00840.jpg
2fbea981f10aa282ce53df45f93e3a37f4060d2d73cc51831d6b7f684a6025d4,2,raw|validation,atencion,dataset/raw/atencion/atencion_14155.jpg|dataset/validation/atencion/atencion_14155.jpg
2fd01e989c4202ab57f6d1b0927d42951c72e0ef51ca3d7d39f5a5ea0cd3175a,2,raw|train,peligro,dataset/raw/peligro/peligro_09068.jpg|dataset/train/peligro/peligro_09068.jpg
2ffd3cb1dff396da5138dfd10bc9e67fbf56b934255c018bc12b109a92bc5b82,2,raw|train,peligro,dataset/raw/peligro/peligro_01090.jpg|dataset/train/peligro/peligro_01090.jpg
3009b8d746dc3b7245ddf901fb286fecbcf4109cae2512e82a925a6da446f9f6,2,raw|validation,sano,dataset/raw/sano/sano_12463.jpg|dataset/validation/sano/sano_12463.jpg
30120efe89a57192cf12d74bc3906b2ccfb17a5381ad1fe245bc8b028f339f1a,2,raw|train,sano,dataset/raw/sano/sano_05101.jpg|dataset/train/sano/sano_05101.jpg
3022d855d43d667cb5edac0e309b6f023ed90ac6e74911bb6b98c8a7e9107a2b,2,raw|train,atencion,dataset/raw/atencion/atencion_09514.jpg|dataset/train/atencion/atencion_09514.jpg
3056b34cd4f3e0803fda398fe98941764ca08523d35879e0ff53bf2e7039bb94,2,raw|test,peligro,dataset/raw/peligro/peligro_04423.jpg|dataset/test/peligro/peligro_04423.jpg
3062db40fb4e31fd2c9bf13bda0b9e1038456d743e074e528eb58ebf1a7a886f,2,raw|train,sano,dataset/raw/sano/sano_03531.jpg|dataset/train/sano/sano_03531.jpg
306faa4eb26769ce8412442c18cb7152d52771f2bc3a62b89947ce456e08a5b9,2,raw|train,sano,dataset/raw/sano/sano_00162.jpg|dataset/train/sano/sano_00162.jpg
306fe88bbeff222194cc03fc549c85b26e52008ac34a642e5d5748b1e8fa720e,2,raw|train,atencion,dataset/raw/atencion/atencion_11489.jpg|dataset/train/atencion/atencion_11489.jpg
307a5abbf99591555844917c47996331e67949d9ea820287a066c05d54a03ed5,2,raw|validation,sano,dataset/raw/sano/sano_01100.jpg|dataset/validation/sano/sano_01100.jpg
308a36e57a26ecb7d5dd67032250e0882cd9a8649da0953cc9cf8b1cf01fc8a5,2,raw|train,atencion,dataset/raw/atencion/atencion_02202.jpg|dataset/train/atencion/atencion_02202.jpg
30b7c04949ec8eeee331cc9e935519d077d81677cc9d971363d5b3bad21d9523,2,raw,peligro|sano,dataset/raw/peligro/peligro_02329.jpg|dataset/raw/sano/sano_02085.jpg
30bbee419973e817c48e920a8d51a31c6c3558d27e14139d859391086d36ef09,2,raw|train,atencion,dataset/raw/atencion/atencion_01077.jpg|dataset/train/atencion/atencion_01077.jpg
30e88a94d28323c4b5b446625c7ca1175759b5b1ef9d94f96e4cd8d0d8047042,2,raw|train,atencion,dataset/raw/atencion/atencion_07605.jpg|dataset/train/atencion/atencion_07605.jpg
30ee646f00f1064463946f7bd6652775e2b038d836a3c04a87dfff399675527d,2,raw|validation,sano,dataset/raw/sano/sano_00266.jpg|dataset/validation/sano/sano_00266.jpg
310670551405a4eafcc591f653b322aa0d24cf9327bd965b009db931e9cd7296,2,raw|train,atencion,dataset/raw/atencion/atencion_09686.jpg|dataset/train/atencion/atencion_09686.jpg
3117c740f8f5ff000bdd2fcfc23010c6ed0a427fc530d04950eeed5690be27d9,2,raw|train,atencion,dataset/raw/atencion/atencion_09466.jpg|dataset/train/atencion/atencion_09466.jpg
3128a015b5af1d24f974a505d2849f8257bf27a4e6745ec83b4b212a898c01fb,2,raw|test,atencion,dataset/raw/atencion/atencion_05136.jpg|dataset/test/atencion/atencion_05136.jpg
3153f8f80c69db8e8b4db12c1b2d4f80b45b46f83c07fd474915426ccac46c2c,2,raw|train,peligro,dataset/raw/peligro/peligro_03114.jpg|dataset/train/peligro/peligro_03114.jpg
3184df6e02b76c87f47337f4ed15b8f2b93c74c2a2a2639ded10bbfa18e3adf2,2,raw|train,peligro,dataset/raw/peligro/peligro_08800.jpg|dataset/train/peligro/peligro_08800.jpg
3191b11593e800bf9bb9fa914dab7fe66fdc76ace1cbc0582e026adbf5862bcc,2,raw|validation,atencion,dataset/raw/atencion/atencion_14213.jpg|dataset/validation/atencion/atencion_14213.jpg
31bc93344d0c97bacaf61ed12914ba62efd9f38a832778f52be11ea8fd4f2769,2,raw|test,peligro,dataset/raw/peligro/peligro_00265.jpg|dataset/test/peligro/peligro_00265.jpg
31d0d398ae002e5aea81474e154b95bb9877738cfa9d7cc9c034f7bfd861597f,2,raw|train,atencion,dataset/raw/atencion/atencion_09918.jpg|dataset/train/atencion/atencion_09918.jpg
31e2f09fc980da98727a2ac2acc234851232b9c79059da1b91c06e8dae259f58,2,raw|train,sano,dataset/raw/sano/sano_00548.jpg|dataset/train/sano/sano_00548.jpg
31e3135fa7649e07109c59860fe15974b9e8bc47249a06e4b1ff3808d421412a,2,raw|train,atencion,dataset/raw/atencion/atencion_14045.jpg|dataset/train/atencion/atencion_14045.jpg
31e35ca13a31a7ba139f78ab1897c90c44b172c1f50ae7ccd396c6fff848a49e,2,raw|validation,peligro,dataset/raw/peligro/peligro_03290.jpg|dataset/validation/peligro/peligro_03290.jpg
31f1820ebd36bf04eeb6a159935c63143e09230b153f926111d3e42a6750d9be,2,raw|validation,peligro,dataset/raw/peligro/peligro_00076.jpg|dataset/validation/peligro/peligro_00076.jpg
32140f0af6dba3be176895bdd55a53b6d87de31867dc13c6012fa08cb53bbba3,2,raw|train,peligro,dataset/raw/peligro/peligro_11480.jpg|dataset/train/peligro/peligro_11480.jpg
3215c02c977e2611c8f126a11df31fd130a18b26b057e3af29b9827338f63c29,2,raw|test,peligro,dataset/raw/peligro/peligro_00539.jpg|dataset/test/peligro/peligro_00539.jpg
322778b258aefdce5ab512a6ac15e9556caea6186284f9fe40eb4876e093d6fd,2,raw|train,sano,dataset/raw/sano/sano_01067.jpg|dataset/train/sano/sano_01067.jpg
323cc41b31c9036ded7904b594da3e6b40f9fc8af8340827f1301f6883d9dabd,2,raw|train,sano,dataset/raw/sano/sano_00499.jpg|dataset/train/sano/sano_00499.jpg
323d6576540bdc2194b55d85c5a66408dc1fcad4948a9c16d45474d4d4023be3,2,raw|train,peligro,dataset/raw/peligro/peligro_07804.jpg|dataset/train/peligro/peligro_07804.jpg
32458fdb0429d3b231cae6edbcda7cb6f496c59b2edba1718bc9c514708a35dc,2,raw|validation,peligro,dataset/raw/peligro/peligro_00310.jpg|dataset/validation/peligro/peligro_00310.jpg
32843fdf6b57ce877d18bf2aa27e3e896a647bcfeb3a290bf6bceae3ec15f49e,2,raw|train,peligro,dataset/raw/peligro/peligro_03683.jpg|dataset/train/peligro/peligro_03683.jpg
32bc80072d885b8b50a6959a989747446d16d285d5fc02ac6d2d39caa4a96f78,2,raw|train,sano,dataset/raw/sano/sano_03038.jpg|dataset/train/sano/sano_03038.jpg
32dc923de0041aa442742f25793c27e76cefc27effafc159389287d58c0ae6a9,2,raw|train,peligro,dataset/raw/peligro/peligro_11218.jpg|dataset/train/peligro/peligro_11218.jpg
330321125019133ac9df88ac4410781004a380c1a11b7ada609cae74c1de72f6,2,raw|train,peligro,dataset/raw/peligro/peligro_00608.jpg|dataset/train/peligro/peligro_00608.jpg
3310133ffee88b5dd872178c084025e5bce5395ca52c0f5b93fa7bda348099fc,2,raw|train,sano,dataset/raw/sano/sano_04741.jpg|dataset/train/sano/sano_04741.jpg
33117d852b3ae20a700cfc20d514d14eeb5ff0f09e29c75519969785726ed5d2,2,raw|train,peligro,dataset/raw/peligro/peligro_02838.jpg|dataset/train/peligro/peligro_02838.jpg
332b4d7cb1d7f80535cd4c2a88e4be1cf5e1d80d8bced38959b1f77c23a7c234,2,raw|train,sano,dataset/raw/sano/sano_00005.jpg|dataset/train/sano/sano_00005.jpg
334516fb5e07b290289fb2a6314cb7e5896a016e7e5d9fe8ac319a2fb49604fb,2,raw|train,atencion,dataset/raw/atencion/atencion_14136.jpg|dataset/train/atencion/atencion_14136.jpg
334869238a5ff8a7c84cfadf3cdc0afb6c1686944396a57d4d858e8cf09bb50b,2,raw|train,sano,dataset/raw/sano/sano_03777.jpg|dataset/train/sano/sano_03777.jpg
334bdd10e6c65f04d5b4ca6aa5c029bcf4eee8835260de9358889e9f2acb2525,2,raw|train,sano,dataset/raw/sano/sano_06472.jpg|dataset/train/sano/sano_06472.jpg
33794a5f9c76b3a4b471df5669f92b751ebcabcf9c0020d61745de70b1ad4751,2,raw|train,atencion,dataset/raw/atencion/atencion_03673.jpg|dataset/train/atencion/atencion_03673.jpg
337b3da3db868830fde04ada3cb74362cea85b279b43a6f5a2aee0a419904be5,2,raw|validation,peligro,dataset/raw/peligro/peligro_03632.jpg|dataset/validation/peligro/peligro_03632.jpg
338b67e63f78460de345d5599de2905691a3f8067640c6a0f393e07bd3e0580d,2,raw|test,atencion,dataset/raw/atencion/atencion_05085.jpg|dataset/test/atencion/atencion_05085.jpg
339b1dd7c373521f1f94654b8e2a0e1fd7a2233f97bf263a21e060a75d26ec69,2,raw|train,atencion,dataset/raw/atencion/atencion_14094.jpg|dataset/train/atencion/atencion_14094.jpg
33c66b95994634ea2d6a078e4994e67188f860ede0cdcb88eb472ac06dec086a,2,raw|validation,sano,dataset/raw/sano/sano_04598.jpg|dataset/validation/sano/sano_04598.jpg
33d4cc12b04cdae874dbbcdfa08a6766caff9a97d6474ef5189593d286a665ef,2,raw|validation,peligro,dataset/raw/peligro/peligro_06305.jpg|dataset/validation/peligro/peligro_06305.jpg
33e9b74ccc65c5f900944ece4511bbdfd0d7801d9a26fc571632c2066af72ab7,2,raw|train,peligro,dataset/raw/peligro/peligro_10857.jpg|dataset/train/peligro/peligro_10857.jpg
3417c84558a6d9c8019132d3d28bba3b6f440bfb3678a6ebc61f2d208f71e871,2,raw|train,sano,dataset/raw/sano/sano_12401.jpg|dataset/train/sano/sano_12401.jpg
350be06cd48033578b8aeed437cd9f4c9a58efae7e8a131dc7588a840ab295fd,2,raw|train,peligro,dataset/raw/peligro/peligro_13217.jpg|dataset/train/peligro/peligro_13217.jpg
355202c7be996123fbe6989b7ddd929d145e918216e2d543a95931b044b2cf7b,2,raw|validation,peligro,dataset/raw/peligro/peligro_00704.jpg|dataset/validation/peligro/peligro_00704.jpg
355b125664e13e4b506fafaeba759e2defa6281a4bcb3d671b10d604f59aeddc,2,raw|validation,peligro,dataset/raw/peligro/peligro_06471.jpg|dataset/validation/peligro/peligro_06471.jpg
3566fd93359da4492b31e79a2cfa0ddd8f386d2dbca07157616bcc6c7dc0dc0d,2,raw|train,atencion,dataset/raw/atencion/atencion_07789.jpg|dataset/train/atencion/atencion_07789.jpg
35a3924fb29c66af682730fadf9f461b301f59972417e9cf7a90e57a32e9f4c4,2,raw|train,sano,dataset/raw/sano/sano_12505.jpg|dataset/train/sano/sano_12505.jpg
35a3c08a2c38dbfc8505f7a5dc377edf7f3bf2328de06235713feaaff2380dd0,2,raw|validation,peligro,dataset/raw/peligro/peligro_04679.jpg|dataset/validation/peligro/peligro_04679.jpg
35ca57155fc8bd5c9138dbfa4a560b99c259cc9aa59468560bafa4e43b2397df,2,raw|train,atencion,dataset/raw/atencion/atencion_03916.jpg|dataset/train/atencion/atencion_03916.jpg
3621cc4011359b341510d9385d0e5f5fd666c3437f41527589512e21cc54a26a,2,raw|train,sano,dataset/raw/sano/sano_00719.jpg|dataset/train/sano/sano_00719.jpg
3696708bc10de0589c3c72505f210cbfe0fa001ac4a3acb52fa347dddf41ce4a,2,raw|train,atencion,dataset/raw/atencion/atencion_02519.jpg|dataset/train/atencion/atencion_02519.jpg
36d584857baa99d4c884e41615a415d2ca846232a8939b63da787ca0ebbd94bd,2,raw|validation,sano,dataset/raw/sano/sano_03039.jpg|dataset/validation/sano/sano_03039.jpg
370ac88433c0e925a581db7e47a25e4c40c39180ea1117ed4bdb472a5034962c,2,raw|train,peligro,dataset/raw/peligro/peligro_01328.jpg|dataset/train/peligro/peligro_01328.jpg
3724957ef6b47a8314d1b9698e282bf72609f95a7fc80361ad2aae513869a6ce,2,raw|train,peligro,dataset/raw/peligro/peligro_00853.jpg|dataset/train/peligro/peligro_00853.jpg
3744d3142947a40466992c9d292f07a0aa33057bd6e49ced51eea95a94c944f6,2,raw|train,sano,dataset/raw/sano/sano_05227.jpg|dataset/train/sano/sano_05227.jpg
375029e061e79e7820143ceca5b05a1d45c7137844144c070034f1dafe92b376,2,raw|train,peligro,dataset/raw/peligro/peligro_02844.jpg|dataset/train/peligro/peligro_02844.jpg
377e3a47b4ddfb61d4f8ee819ca526b445833aae12e196196a33312dcda707fc,2,raw|validation,atencion,dataset/raw/atencion/atencion_11512.jpg|dataset/validation/atencion/atencion_11512.jpg
377f88a5ccfc5c74d6d99f9bc3b7e64b1fe9c80e4f853a618bad42ed4303b248,2,raw|validation,peligro,dataset/raw/peligro/peligro_05567.jpg|dataset/validation/peligro/peligro_05567.jpg
378259d667e85412498db207f161024ee58a102b53c4635c500c52376e901ba1,2,raw|validation,peligro,dataset/raw/peligro/peligro_01242.jpg|dataset/validation/peligro/peligro_01242.jpg
3791d6c7aeaba0bc30b7223ca9a0449db218292cc3c655f0708e931dfa21c205,2,raw|train,atencion,dataset/raw/atencion/atencion_08265.jpg|dataset/train/atencion/atencion_08265.jpg
37b1c3e7c04d80ee04f24dec9200dc728fadcfc7b2710ee0acd4be97fdc31adb,2,raw|train,sano,dataset/raw/sano/sano_12531.jpg|dataset/train/sano/sano_12531.jpg
37d868001b241f5ba62eba0122c486cdbcde9c3760086b03e9aa5f16988eb77b,2,raw|train,peligro,dataset/raw/peligro/peligro_10002.jpg|dataset/train/peligro/peligro_10002.jpg
37e3bfe98ea7ee513dea9b183a22f921c166bbe00ffca216182867ab66bc5d5b,2,raw|train,peligro,dataset/raw/peligro/peligro_01172.jpg|dataset/train/peligro/peligro_01172.jpg
37ee6ba437a087ebed87ac4db5bd580b45d8299502414b5536d16878ad2dd363,2,raw|train,peligro,dataset/raw/peligro/peligro_00929.jpg|dataset/train/peligro/peligro_00929.jpg
3803eac39e90c4b9568d1d1a73187822e9493a75a566c02546fc62ae29bf348d,2,raw|test,sano,dataset/raw/sano/sano_08476.jpg|dataset/test/sano/sano_08476.jpg
382aefd88316021c54c1ba5731429d7fcd04081aa26bb26f026148bfdcdde961,2,raw|test,peligro,dataset/raw/peligro/peligro_01019.jpg|dataset/test/peligro/peligro_01019.jpg
38ba83ccc8fb193e6ddb084ca90ff8a9afd64045b9e250d8f06dcbe3917922fc,2,raw|validation,peligro,dataset/raw/peligro/peligro_00298.jpg|dataset/validation/peligro/peligro_00298.jpg
38bb4514e683210f4cc56c5e2832c9dac0f3a4ce79e9579c35e58a85c9381fc9,2,raw|train,peligro,dataset/raw/peligro/peligro_02998.jpg|dataset/train/peligro/peligro_02998.jpg
38bcda8cc8e40b3480bd1cf1adaa57ed83c1c7b2fb1f537eea7e53ce7546b182,2,raw|train,peligro,dataset/raw/peligro/peligro_00251.jpg|dataset/train/peligro/peligro_00251.jpg
38c02a8dfcfe576eb30e98de04e666a9afdd45224a9f224369bc06a780bf660b,2,raw|train,sano,dataset/raw/sano/sano_02998.jpg|dataset/train/sano/sano_02998.jpg
38c25140bd7c54d229a99c5a2338102a51c484b17403304e79aa05ca7aa5473d,2,raw|train,peligro,dataset/raw/peligro/peligro_04897.jpg|dataset/train/peligro/peligro_04897.jpg
38c280af939e567b44c9dc2b578f6066d00dbce88c1e3c21feaf96e28e69a8d0,2,raw|test,sano,dataset/raw/sano/sano_04108.jpg|dataset/test/sano/sano_04108.jpg
38d6f1b8c5d81e603025a63bbaa63cf8a502c92381c481bf9cdf08d6b77f1ae6,2,raw|validation,atencion,dataset/raw/atencion/atencion_12441.jpg|dataset/validation/atencion/atencion_12441.jpg
38f9627da773642c952c53e3ad44c8a2a9cb214d3dd44f794b17a4be1cac8b5d,2,raw|train,peligro,dataset/raw/peligro/peligro_01161.jpg|dataset/train/peligro/peligro_01161.jpg
38fb6aa9d3cbff62eeb1bc5f1c068f7991af01bcdce6ee20c3e660aecdfe761c,2,raw|train,peligro,dataset/raw/peligro/peligro_06469.jpg|dataset/train/peligro/peligro_06469.jpg
3909abfdda983427e392419714935b7b438e61662cd18fc6cb73ab810dbae344,2,raw|train,atencion,dataset/raw/atencion/atencion_02415.jpg|dataset/train/atencion/atencion_02415.jpg
3938f4e59c2cfe25d29c1d1a118c6002c8eb21ad030112b2ad4cdccbec0ff189,2,raw|validation,peligro,dataset/raw/peligro/peligro_03326.jpg|dataset/validation/peligro/peligro_03326.jpg
3947690d647666674b35653c5900df1152a36f522f1a95ee53a5a4999e00a940,2,raw|test,sano,dataset/raw/sano/sano_01021.jpg|dataset/test/sano/sano_01021.jpg
395842a2c710bbf04023329e671f31410dc521213105e5c6b6f2f2ff34ab0ccb,2,raw|validation,sano,dataset/raw/sano/sano_03005.jpg|dataset/validation/sano/sano_03005.jpg
39bbca9dbc0e4a0c973b171a0503dd1fa373bb188a45df58b3852469ca8eec44,2,raw|train,atencion,dataset/raw/atencion/atencion_03958.jpg|dataset/train/atencion/atencion_03958.jpg
3a0d1e48189aa469be3e5f8ee06c7c48b90b8403122a362fc6ed2bf2f93f0b17,2,raw|test,sano,dataset/raw/sano/sano_00821.jpg|dataset/test/sano/sano_00821.jpg
3a159b69877058071b5b25fac35adb55c69e9a236c9577d65019c7b1478900ff,2,raw|train,peligro,dataset/raw/peligro/peligro_00751.jpg|dataset/train/peligro/peligro_00751.jpg
3a2c2ed312d4b852d0e5325f16eb6520b82341c0a1f6974ea90998c9dd6c3aa2,2,raw|validation,sano,dataset/raw/sano/sano_04798.jpg|dataset/validation/sano/sano_04798.jpg
3a2faf91218785cc6517041d30efaeeadbb802041843f82e29a5c171c33c3cc4,2,raw|train,sano,dataset/raw/sano/sano_00766.jpg|dataset/train/sano/sano_00766.jpg
3a3ba35ba782639744a6671a7e12d9bcc3aa14d228394eb74072c1ac93b378b9,2,train,atencion|sano,dataset/train/atencion/atencion_06905.jpg|dataset/train/sano/sano_00309.jpg
3a42f64fa1bbf22a9ce8c11e39c28bd350e6204c40e7fd0139184b1995ebda94,2,raw|train,peligro,dataset/raw/peligro/peligro_06636.jpg|dataset/train/peligro/peligro_06636.jpg
3a446fa3be883df27af3e999946f32f1a49329ca2de796b349e1934f3b884ca0,2,raw|train,sano,dataset/raw/sano/sano_00355.jpg|dataset/train/sano/sano_00355.jpg
3a57c2961d2bb8b0654fa790ec059b4c3978cd477178a98a385effb87dde2426,2,raw|train,atencion,dataset/raw/atencion/atencion_00580.jpg|dataset/train/atencion/atencion_00580.jpg
3a6363111225e0af386e4195d84a9bcde97bfc04175f8cd9665fc60943c3e021,2,raw|train,peligro,dataset/raw/peligro/peligro_00690.jpg|dataset/train/peligro/peligro_00690.jpg
3a7c11932db0a0d3df18c4a7945414adfda6df1cad70a0aa33baa78bb438c8e9,2,raw|train,peligro,dataset/raw/peligro/peligro_14444.jpg|dataset/train/peligro/peligro_14444.jpg
3a84340b851301b510a2deab2631d15978a0814f621898318274043d148a028b,2,raw|validation,peligro,dataset/raw/peligro/peligro_03487.jpg|dataset/validation/peligro/peligro_03487.jpg
3a94d2540a0f90264e8796b22478597ad3214304acd5ec70fa1224539d39a53b,2,raw|test,peligro,dataset/raw/peligro/peligro_03337.jpg|dataset/test/peligro/peligro_03337.jpg
3ab59967f228db68017457b474853f4df3ee3c1bd1ead1de964b783c49ff4318,2,raw|train,peligro,dataset/raw/peligro/peligro_04519.jpg|dataset/train/peligro/peligro_04519.jpg
3abd7b3376a4ab4f7df542a36aadfa3671655f37653d23e994ff926981e474e5,2,raw|train,atencion,dataset/raw/atencion/atencion_09862.jpg|dataset/train/atencion/atencion_09862.jpg
3aef391ae8825b90dc5b50c926cf732a0dba69efb0926bc94712443790e6672f,2,raw|train,atencion,dataset/raw/atencion/atencion_12193.jpg|dataset/train/atencion/atencion_12193.jpg
3aefb9d1df7fd1012c429d0a4812ecaabfc6492535439e164c4dcc1b3e523d60,2,raw|train,sano,dataset/raw/sano/sano_11131.jpg|dataset/train/sano/sano_11131.jpg
3b110a0a79555e5c55efb8cf8f126da4e20a71964580fb9373a6fb197c024195,2,raw|train,peligro,dataset/raw/peligro/peligro_00666.jpg|dataset/train/peligro/peligro_00666.jpg
3b26ca7c78e75c1047b413ac5e2122208ea12bf44eef778f6fab985dde42fc51,2,raw|train,atencion,dataset/raw/atencion/atencion_07733.jpg|dataset/train/atencion/atencion_07733.jpg
3b5110226622b195199a49da37f6e1cca9b72890552718c50e12b32f79a6230e,2,raw|train,peligro,dataset/raw/peligro/peligro_00470.jpg|dataset/train/peligro/peligro_00470.jpg
3b5f6c0b9bc535061699486f66ffc9b202157d779babf8db29703d3f2c8daeb9,2,raw|train,peligro,dataset/raw/peligro/peligro_03079.jpg|dataset/train/peligro/peligro_03079.jpg
3b635dfde847aedd99b7415f0c6892e3fd7fc6dc54ed5e45c759a9613c3a1975,2,raw|train,sano,dataset/raw/sano/sano_10245.jpg|dataset/train/sano/sano_10245.jpg
3b92a963fa01c87393fdf4f41001d30dd9cad28628f1af5a125fec6fd7235691,2,raw|train,peligro,dataset/raw/peligro/peligro_06480.jpg|dataset/train/peligro/peligro_06480.jpg
3b9c0a7b72311e5625986288535696537058fb7c0682d49fd128dcd2413e8a18,2,raw|train,peligro,dataset/raw/peligro/peligro_13046.jpg|dataset/train/peligro/peligro_13046.jpg
3bb092bc787df9cf7cf973e119189f49375d7a3704e02b3f349844416184c1eb,2,raw|train,atencion,dataset/raw/atencion/atencion_14138.jpg|dataset/train/atencion/atencion_14138.jpg
3bbaaa872c17e60598e554cba48de9e099d3ea3df0b790547a59857565d72163,2,raw|train,sano,dataset/raw/sano/sano_04182.jpg|dataset/train/sano/sano_04182.jpg
3bd3861f7701440b9a1001f31c34be1759a8aa6bf9633a5dee1c4632050df5b1,2,raw|validation,sano,dataset/raw/sano/sano_00815.jpg|dataset/validation/sano/sano_00815.jpg
3c393fb75a45ec4c5d68c3e5ede4b6df8c8078027a1dbfaec615cbc0a684c579,2,raw|test,peligro,dataset/raw/peligro/peligro_04886.jpg|dataset/test/peligro/peligro_04886.jpg
3c481e9b3b0e7a449229409b5934732c3195451f5f9e11defc474d506f0bc726,2,raw|train,sano,dataset/raw/sano/sano_12447.jpg|dataset/train/sano/sano_12447.jpg
3c55da01399e7d94cfc159d1a5d311a6657c2d5f9e0f071458ad6a822993dfe6,2,raw|test,peligro,dataset/raw/peligro/peligro_05897.jpg|dataset/test/peligro/peligro_05897.jpg
3c57c261da4efbd7052a96e3f282565b57024bcd18aa8c9c5dce255ada17da75,2,raw|train,peligro,dataset/raw/peligro/peligro_00031.jpg|dataset/train/peligro/peligro_00031.jpg
3c63385cde47b50de951897edd78c6247b18d0b2a8fa64e3dad20911a39c1b24,2,raw|train,peligro,dataset/raw/peligro/peligro_01366.jpg|dataset/train/peligro/peligro_01366.jpg
3cf326e3cc41144a7771ca166b906a3c14ce2101b3c460a29b1ee4915b4ee4d3,2,raw|train,sano,dataset/raw/sano/sano_12502.jpg|dataset/train/sano/sano_12502.jpg
3d409b66b98add0d784a9366a418cf8dac47d99da5a8aca4bb39501490872750,2,raw|train,peligro,dataset/raw/peligro/peligro_13441.jpg|dataset/train/peligro/peligro_13441.jpg
3d44ef0cc8ebdc02e41cc0175af3748243428d03a19e936407d544106585f146,2,raw|train,sano,dataset/raw/sano/sano_00678.jpg|dataset/train/sano/sano_00678.jpg
3d5c4a0c60090ea18f0f6f1d9e42af5ccf687fca708610f40b053f28f591e598,2,raw|train,peligro,dataset/raw/peligro/peligro_04633.jpg|dataset/train/peligro/peligro_04633.jpg
3d6e7e94c0603d8357f82a6b0c811fd1890c8a435ce13030dee8e0f661d2209e,2,raw|train,peligro,dataset/raw/peligro/peligro_09697.jpg|dataset/train/peligro/peligro_09697.jpg
3d7b4ba60939e238f193e26972f95e7a5747fba97b5204152dcbb6e43201ed14,2,raw|train,atencion,dataset/raw/atencion/atencion_03478.jpg|dataset/train/atencion/atencion_03478.jpg
3dc80e32a42f1099c244a050e96ac6672b14f25962288158ed649c13aadbbc61,2,raw|validation,sano,dataset/raw/sano/sano_10435.jpg|dataset/validation/sano/sano_10435.jpg
3dcd5acf680d3e6129a2cf034e2938878474386ed2afa7c6e45887f627413142,2,raw|train,atencion,dataset/raw/atencion/atencion_03928.jpg|dataset/train/atencion/atencion_03928.jpg
3dd0d7f461a74d0c27ed63a37f3bd3047b19661a642b76d85a362a4afaff8d7a,2,raw|train,sano,dataset/raw/sano/sano_05372.jpg|dataset/train/sano/sano_05372.jpg
3de7dc0a5a6e8cef910377f3462443a5be25d5792f0eba95743818cb444c7657,2,raw|train,peligro,dataset/raw/peligro/peligro_03766.jpg|dataset/train/peligro/peligro_03766.jpg
3df699a8d15de5b8b5ceaeb779f057779661a66e0acc516c57a20d115c5b0960,2,raw|train,peligro,dataset/raw/peligro/peligro_00259.jpg|dataset/train/peligro/peligro_00259.jpg
3df6e01445ae4c9e95b8fadb7a7b5bc86ded097410276adc3adc8cbbe1799d07,2,raw|validation,atencion,dataset/raw/atencion/atencion_03016.jpg|dataset/validation/atencion/atencion_03016.jpg
3e0b8a04c6b812b3f1514076e6052a2c9abac7821b1d7bba15c8334f215d665f,2,raw|validation,peligro,dataset/raw/peligro/peligro_02697.jpg|dataset/validation/peligro/peligro_02697.jpg
3e1c492c32041b8f37c82307912c6f84f3016b8a638cde03b2bf6a9d8a4ec293,2,raw|train,sano,dataset/raw/sano/sano_00893.jpg|dataset/train/sano/sano_00893.jpg
3e746c9dd69852c92984742f2e31fa1593e7635b64a393b9634ac699e934ec66,2,raw|train,atencion,dataset/raw/atencion/atencion_11977.jpg|dataset/train/atencion/atencion_11977.jpg
3e7a8e1fa507ace44b66d6946278f9944e5e56e750887eabd294e7b7f7c42a66,2,raw|validation,peligro,dataset/raw/peligro/peligro_03619.jpg|dataset/validation/peligro/peligro_03619.jpg
3e951fee6940c21bbe20d65df3415e858c59da703b4958ec229e723aa9376c0a,2,raw|train,sano,dataset/raw/sano/sano_04867.jpg|dataset/train/sano/sano_04867.jpg
3ea9d9fbe8990ef0d7ead803820757648cc6785d73e7396509dd888c28fe9bb4,2,raw|train,peligro,dataset/raw/peligro/peligro_01075.jpg|dataset/train/peligro/peligro_01075.jpg
3ec2e80b012cad8cbc800bf1c0f88ada88c70602566c0fcdec9ab5cd6443dc69,2,raw|train,peligro,dataset/raw/peligro/peligro_12863.jpg|dataset/train/peligro/peligro_12863.jpg
3eddcadd2aae980a3fd0f27e08e1891804475723fd5979cedfe7ba9d7f91699c,2,raw|train,peligro,dataset/raw/peligro/peligro_09239.jpg|dataset/train/peligro/peligro_09239.jpg
3f2a8684bdae816ab29283fab22a48192b9a259e6fdc1302938d1d1c7ee8a742,2,raw|train,sano,dataset/raw/sano/sano_12550.jpg|dataset/train/sano/sano_12550.jpg
3f3a476881724628ff02676a74853f577a27b29061a9740fbb44bc5af1395cab,2,raw|train,atencion,dataset/raw/atencion/atencion_00760.jpg|dataset/train/atencion/atencion_00760.jpg
3f3c4806244129c170b36c537dcf38fa606df37a7e737ea198a5c520acf68b97,2,raw|train,sano,dataset/raw/sano/sano_12518.jpg|dataset/train/sano/sano_12518.jpg
3f638d29a3b27cefe188f50a1864d98eb6876ebf0cbd6f34d51aa659508a74b2,2,raw|train,peligro,dataset/raw/peligro/peligro_02867.jpg|dataset/train/peligro/peligro_02867.jpg
3f7c3856e3c3f9eb98cc39cf29fdbd55b8124184ae663ece286869138ae59019,2,raw|train,sano,dataset/raw/sano/sano_12513.jpg|dataset/train/sano/sano_12513.jpg
3f9ac4c2de6768c44bdf89e7991918696890f33e3f21a6c650229dd47b91711b,2,raw|validation,sano,dataset/raw/sano/sano_01182.jpg|dataset/validation/sano/sano_01182.jpg
3fb19cb912477e3e67c5ee8d5fcdcf4bca4ecf3c373fd7ddb9bec6afba7331bc,2,raw|test,sano,dataset/raw/sano/sano_08833.jpg|dataset/test/sano/sano_08833.jpg
3fc4ef76d7d568d0fce7ef80e9f451622a36eb6dd7b10b249d2bcd32f8f0e535,2,raw|train,peligro,dataset/raw/peligro/peligro_09020.jpg|dataset/train/peligro/peligro_09020.jpg
3fefc03f5de970bb28989b037c30df636a2daf4a9030843fc2c4af625301d0bb,2,test|train,atencion|peligro,dataset/train/peligro/peligro_01440.jpg|dataset/test/atencion/atencion_01346.jpg
4058ff4bfcccfaaaac197d8973adc04436353dfceed13eec3922a6103eb52a69,2,raw|train,atencion,dataset/raw/atencion/atencion_03575.jpg|dataset/train/atencion/atencion_03575.jpg
409b833f6f72bbe019cd298b746e6f39e7d57bb984d48071748b49df1c7f14d8,2,raw|train,sano,dataset/raw/sano/sano_00311.jpg|dataset/train/sano/sano_00311.jpg
40cdb3a8cd9761861c9149521c206588e84b55405c3f533585a26a9b4a669498,2,raw|train,peligro,dataset/raw/peligro/peligro_05368.jpg|dataset/train/peligro/peligro_05368.jpg
4127d569b3e90176e3af907abb379e8469fbf52eae5347f8abc0365b80e6f698,2,raw|train,peligro,dataset/raw/peligro/peligro_10190.jpg|dataset/train/peligro/peligro_10190.jpg
412835acd9fac2ad63a37fe7352a4b4189554cc8ebb1289019491a2af73f5921,2,raw|test,peligro,dataset/raw/peligro/peligro_00385.jpg|dataset/test/peligro/peligro_00385.jpg
414c2587f14a1c5d9e05c530c3bfbcc11ca382393b3da4fedc77278e00f2b438,2,raw|train,sano,dataset/raw/sano/sano_11960.jpg|dataset/train/sano/sano_11960.jpg
41555c96e7eaa09123ec6b35e6260cfb26c7e40a617244dd9dd36546858862dd,2,raw|validation,atencion,dataset/raw/atencion/atencion_05960.jpg|dataset/validation/atencion/atencion_05960.jpg
415fa4aa339665850c5a258bfe5aee3741778c116bcb1b6b9ff5ac0303679463,2,raw|train,peligro,dataset/raw/peligro/peligro_04652.jpg|dataset/train/peligro/peligro_04652.jpg
416521f2ed23f7348c4c80febed1246b7ac13505b8cb896a4f0b33b72650b881,2,raw,atencion|peligro,dataset/raw/atencion/atencion_01797.jpg|dataset/raw/peligro/peligro_01825.jpg
418a76ec281ee786e722ba902bdc6cd5cee2943852bb3a89e12a049907f82772,2,raw|validation,peligro,dataset/raw/peligro/peligro_00218.jpg|dataset/validation/peligro/peligro_00218.jpg
419531dc0741ecec890ebb2ed37104ee438855279e9ec6b5e0a86fca547b5425,2,raw|train,sano,dataset/raw/sano/sano_00916.jpg|dataset/train/sano/sano_00916.jpg
419b798bf7264e5027f3348ddfc41ca832f3f978b09f3ab42b14b978e62fbcfd,2,raw|train,atencion,dataset/raw/atencion/atencion_05067.jpg|dataset/train/atencion/atencion_05067.jpg
41a253a78532fcd874644fc333a549a0605b145eafb351466c69e47ddce06885,2,raw|test,peligro,dataset/raw/peligro/peligro_00720.jpg|dataset/test/peligro/peligro_00720.jpg
41b9cce5970b221fbf20e078325384ee25afa5ef9245c750a887f29aab16c7ba,2,raw|train,atencion,dataset/raw/atencion/atencion_14082.jpg|dataset/train/atencion/atencion_14082.jpg
41c9bd3aae2841f25204a4673ab6d519aaeb2b38d591c327e828040075ac546d,2,raw|train,sano,dataset/raw/sano/sano_11146.jpg|dataset/train/sano/sano_11146.jpg
41ec9f71d199213e69c1148d3683200cd03b72e88c98209515eeba0ceec1dc11,2,raw|validation,sano,dataset/raw/sano/sano_05285.jpg|dataset/validation/sano/sano_05285.jpg
41f031ebf5c0bf42bd381ece2a7d7224540fc7460db684ab6c91c1048bb4f563,2,raw|test,peligro,dataset/raw/peligro/peligro_00787.jpg|dataset/test/peligro/peligro_00787.jpg
41f21afd1f1389b39a83d5b7636c283814c2165975715ca7630b55c220f30166,2,raw|train,sano,dataset/raw/sano/sano_12422.jpg|dataset/train/sano/sano_12422.jpg
422592cd768a949777673f5da8c94fb60ceb4008ea341abc2bcb95ac5320ab6b,2,raw|train,atencion,dataset/raw/atencion/atencion_10526.jpg|dataset/train/atencion/atencion_10526.jpg
42520355321affb48d53d28585b573903e7eeebd4649b4246425bbc544a0af70,2,raw|train,atencion,dataset/raw/atencion/atencion_00565.jpg|dataset/train/atencion/atencion_00565.jpg
4253810a974afb1bd0ebd44b1ee1d8746e827d6e66fd2066d61339b7a0fea9e7,2,train|validation,atencion|sano,dataset/train/atencion/atencion_09668.jpg|dataset/validation/sano/sano_02900.jpg
42c96fba625bd2b4079e387394c7f9a30b9b3fdd8907ca371267c79971dabbf3,2,raw|train,sano,dataset/raw/sano/sano_00533.jpg|dataset/train/sano/sano_00533.jpg
42f49c226512884f3838d778777ed7385839b7f46025cb3c10a706fda4b1dba7,2,raw|train,peligro,dataset/raw/peligro/peligro_00748.jpg|dataset/train/peligro/peligro_00748.jpg
42f4e595f15d638758010d58524c0007c1cb991549eac1d46d7ec8b9329b3965,2,raw|validation,sano,dataset/raw/sano/sano_03295.jpg|dataset/validation/sano/sano_03295.jpg
430e0879a632869ffb541a1fc182ffb4f2f7ef45814b8d4b0c72a928e8322daa,2,raw,peligro|sano,dataset/raw/peligro/peligro_02523.jpg|dataset/raw/sano/sano_02612.jpg
43127abef428a5d330d57be361b84ae47df372ab3f546fa928d0e892c0342635,2,raw|validation,sano,dataset/raw/sano/sano_10183.jpg|dataset/validation/sano/sano_10183.jpg
4319be91080edee66ab840200b2142c9aa7a7c984a3fadb8782d4b011de3ac32,2,raw|train,sano,dataset/raw/sano/sano_00316.jpg|dataset/train/sano/sano_00316.jpg
431dc205f648c9cce4c22ae9aae64f9545f853ad1488d9570298dc04377d4989,2,raw|train,sano,dataset/raw/sano/sano_04886.jpg|dataset/train/sano/sano_04886.jpg
43214f1e9af7a9472182ff1515f8a586cf245057829a9cae1e31b8dc1c60e404,2,raw|train,peligro,dataset/raw/peligro/peligro_00995.jpg|dataset/train/peligro/peligro_00995.jpg
4323737c1e9cb95ac994289e0041c88d186ab3173dae5ddd010ce6f6f6b2a238,2,raw|train,sano,dataset/raw/sano/sano_12377.jpg|dataset/train/sano/sano_12377.jpg
4323fb71dcf8089dfc3b07a36df6b9f90bebd3c48bd9b30ec40bda656ef6fedc,2,raw|validation,sano,dataset/raw/sano/sano_00482.jpg|dataset/validation/sano/sano_00482.jpg
433aca0a5cb0bdd6ea665d4267145fdc7bf905d7632a5c08babb94f131301d81,2,raw|train,peligro,dataset/raw/peligro/peligro_03810.jpg|dataset/train/peligro/peligro_03810.jpg
436e4d6fb1e8947d4e2e780706eea53af5262c138896807deb88897bd2d78058,2,raw|train,peligro,dataset/raw/peligro/peligro_00463.jpg|dataset/train/peligro/peligro_00463.jpg
438298dee7541f297681573d1ca460abb973e9424327e927e3bedaa069166d9d,2,raw|train,atencion,dataset/raw/atencion/atencion_07583.jpg|dataset/train/atencion/atencion_07583.jpg
439fa04d1bc71fb59e23ecf339e33a6fd4c8ab659bee284e16a348daf867a495,2,raw|train,sano,dataset/raw/sano/sano_12534.jpg|dataset/train/sano/sano_12534.jpg
43dc90e0eb185625ae253075d11991cd1f86c1304f374f03b424c2af9e4dca71,2,raw|validation,atencion,dataset/raw/atencion/atencion_00049.jpg|dataset/validation/atencion/atencion_00049.jpg
43e019a6e1dc2a29dab85f7ddd42257cdea8503cf59e3bc0cef21a322a7cd0b0,2,raw|validation,sano,dataset/raw/sano/sano_05389.jpg|dataset/validation/sano/sano_05389.jpg
43f27c5059c25e95484a12e506f979893e9f2e2a1ddeb40709158bdfb227c12d,2,raw|train,peligro,dataset/raw/peligro/peligro_03924.jpg|dataset/train/peligro/peligro_03924.jpg
4410082bd1a0680a001409330893d3dcb2dd97d6189fcb73cbbd99c7f87b556a,2,raw|train,sano,dataset/raw/sano/sano_00738.jpg|dataset/train/sano/sano_00738.jpg
44217c453e4c788ce64f169ee0796a60970327c5f3b7917c1f3a373cffd5c971,2,raw|train,atencion,dataset/raw/atencion/atencion_00343.jpg|dataset/train/atencion/atencion_00343.jpg
44a2a118d2fd5dba814b981dde95cda167ea981ddaab61e677c94be6972ff1cf,2,raw|train,atencion,dataset/raw/atencion/atencion_14096.jpg|dataset/train/atencion/atencion_14096.jpg
44bb38c06cd2be7dd3cdbfe1e72af67bafce3f76a4af49defaf846722bd7299d,2,raw|train,peligro,dataset/raw/peligro/peligro_00850.jpg|dataset/train/peligro/peligro_00850.jpg
44c099d50ef783e163cfffdbf7710943f78b3f5675454cf2fd2c909571fcbbec,2,raw|validation,peligro,dataset/raw/peligro/peligro_00840.jpg|dataset/validation/peligro/peligro_00840.jpg
44c939f803daa0b22935e9a69136895d2a12874b52424812ab59b1fd4a178cfe,2,train,atencion|peligro,dataset/train/atencion/atencion_05334.jpg|dataset/train/peligro/peligro_05043.jpg
44e0d808aaec230a300ed795a63149bb1c685dbda9681f9a0e463ae69b1856e2,2,raw|validation,sano,dataset/raw/sano/sano_00925.jpg|dataset/validation/sano/sano_00925.jpg
452bb7e8e7f48ba91ec76e25bf7319d29eee54b8df4e56af7d7b930028bc76e7,2,raw|validation,atencion,dataset/raw/atencion/atencion_03736.jpg|dataset/validation/atencion/atencion_03736.jpg
457ec28ca5d877637ddb3ffe349867fdf9d23827396b7219670623063a8cafb6,2,raw|train,sano,dataset/raw/sano/sano_03904.jpg|dataset/train/sano/sano_03904.jpg
458c93b56c007d8cec406644776c756b4da7c0c095c58cf9f47aee8e899b34b0,2,raw|test,peligro,dataset/raw/peligro/peligro_06731.jpg|dataset/test/peligro/peligro_06731.jpg
45919c21fe39276c306bb5a210cec127b345b6694973f50dd61502392eab7736,2,raw|train,peligro,dataset/raw/peligro/peligro_05922.jpg|dataset/train/peligro/peligro_05922.jpg
4599ac1332b048cf1dce2ba466806ee5ab0accd948c48f3ee5128136bebd8d9d,2,raw|train,atencion,dataset/raw/atencion/atencion_00301.jpg|dataset/train/atencion/atencion_00301.jpg
45ad5d608cf4f055369b813227b3c323210d083e25cd755e8652d8195e466bc2,2,raw|train,peligro,dataset/raw/peligro/peligro_12089.jpg|dataset/train/peligro/peligro_12089.jpg
45da36801eb963875ce4670c4392500f69a9bb9221a634e758f675baf1651ffd,2,raw|test,sano,dataset/raw/sano/sano_04996.jpg|dataset/test/sano/sano_04996.jpg
45dd3739b322eab72d7d7c8ce48ffc1067647733e81576af3516de801ed683f9,2,raw|test,peligro,dataset/raw/peligro/peligro_02702.jpg|dataset/test/peligro/peligro_02702.jpg
45f4949066457f005ae121abbb315a3e35fddd48baa6c38ec8e1c29d287f01d9,2,raw|train,peligro,dataset/raw/peligro/peligro_00372.jpg|dataset/train/peligro/peligro_00372.jpg
45fe70e84e77e1cb744ec5108153d81cd8088702e170f7756639e2b085fdab44,2,raw|train,sano,dataset/raw/sano/sano_05530.jpg|dataset/train/sano/sano_05530.jpg
460f0613c5007f5b83f939bd880b7ef7bccf7736b8c9f8f684673591dcf68757,2,raw|train,peligro,dataset/raw/peligro/peligro_05388.jpg|dataset/train/peligro/peligro_05388.jpg
4619673cdc35cc36e5a7afa7265c0635818e6e8c571ccb75160267e0787f5365,2,raw|test,sano,dataset/raw/sano/sano_12549.jpg|dataset/test/sano/sano_12549.jpg
46304286f127441a61ded509d67e00a45a568281b6fa638202eb239596e11052,2,raw|test,sano,dataset/raw/sano/sano_00837.jpg|dataset/test/sano/sano_00837.jpg
4638f3170866c1db145642c88407ba6d602ea5d7970f9d72f1733bde6c406526,2,raw|train,sano,dataset/raw/sano/sano_12490.jpg|dataset/train/sano/sano_12490.jpg
469794880daebedfbd68ae6e527cfff824bca3bc693cfc94b8d1a9713ade88f9,2,raw|train,atencion,dataset/raw/atencion/atencion_00205.jpg|dataset/train/atencion/atencion_00205.jpg
46b19e76f4156a2a807253fb2bad8b8c2935e0dbf2d71ffabb75e83051ebfa25,2,raw|validation,sano,dataset/raw/sano/sano_00547.jpg|dataset/validation/sano/sano_00547.jpg
46b38a60d3b8693fe9a6db371ef80ba0eb16b877867040d38b9c3b23080dae42,2,raw|train,atencion,dataset/raw/atencion/atencion_00234.jpg|dataset/train/atencion/atencion_00234.jpg
46c7188422b43477db8d998f769486590e93220215a5c7d428ac12fde13bb898,2,raw|train,peligro,dataset/raw/peligro/peligro_04515.jpg|dataset/train/peligro/peligro_04515.jpg
46d49e23949eefa0807e84312d1cd46c2c8c98d58a7e2283c54d49afe4176d5d,2,raw|test,atencion,dataset/raw/atencion/atencion_02859.jpg|dataset/test/atencion/atencion_02859.jpg
46dde1c4a2a0389158adbc82b6a5ca2b77f55b5439540a2ded604b62b1b2745e,2,raw|train,peligro,dataset/raw/peligro/peligro_03306.jpg|dataset/train/peligro/peligro_03306.jpg
46eb95bfa56e9b3645da8c1579ac9b2a9bf328a54725b038fbd40cd6da8d9a50,2,raw|train,sano,dataset/raw/sano/sano_12306.jpg|dataset/train/sano/sano_12306.jpg
4740be7256b4e8a83c2c129645740172ae5e796d8b46ada1461b6cfdd945d4ca,2,raw|test,sano,dataset/raw/sano/sano_03664.jpg|dataset/test/sano/sano_03664.jpg
4762f59bb0f6726b7cb15e606c53cbbff8013b14aece73a1e33e7930ca149724,2,raw|train,peligro,dataset/raw/peligro/peligro_00956.jpg|dataset/train/peligro/peligro_00956.jpg
4763c6b4f90fe89053f3bc1fd1c9eabe13c12516404efedb9cf8d0d7aaa56ebe,2,raw|validation,sano,dataset/raw/sano/sano_00351.jpg|dataset/validation/sano/sano_00351.jpg
479d6315f97df26f80c45e2c51918dd9441fafd44b503edc6fc50537aa81311b,2,raw|validation,sano,dataset/raw/sano/sano_08921.jpg|dataset/validation/sano/sano_08921.jpg
47b0c260b84d7af0389fec8b6346e791c905b6de1050ca41da8a847666842087,2,raw|test,sano,dataset/raw/sano/sano_00061.jpg|dataset/test/sano/sano_00061.jpg
47c146050f277fa7f54797ebe8382d4ae177783674b741fd1d79342501ac4f14,2,raw|train,atencion,dataset/raw/atencion/atencion_05852.jpg|dataset/train/atencion/atencion_05852.jpg
47ca441e86764a97fc5e2e25e5e345fe65dca0a205606edb7c1b8d7cdba825cd,2,raw|test,sano,dataset/raw/sano/sano_12365.jpg|dataset/test/sano/sano_12365.jpg
47e4af5efc14a6bf5269be5264103d9bb503a6578ba0d77061091a9f9ac1ddc9,2,raw|train,peligro,dataset/raw/peligro/peligro_00640.jpg|dataset/train/peligro/peligro_00640.jpg
48130ec1f5d868346da6c7f04d611db597ed6606c47bb840a456859e4dd24908,2,raw,atencion|sano,dataset/raw/atencion/atencion_01759.jpg|dataset/raw/sano/sano_02099.jpg
481781569608c6ba77762e15c6795055f9f97a6a0207e2fd5e262038f99497b3,2,raw|train,sano,dataset/raw/sano/sano_12529.jpg|dataset/train/sano/sano_12529.jpg
482fa27624050413c13baf1dcc9dd014a6c91bae8e02ad9d524b85fb757ac009,2,raw|train,peligro,dataset/raw/peligro/peligro_08943.jpg|dataset/train/peligro/peligro_08943.jpg
48325bd9823d48d96256100cfd369cf910031fc32c06b280a7646c938db87652,2,raw|train,atencion,dataset/raw/atencion/atencion_09764.jpg|dataset/train/atencion/atencion_09764.jpg
484b502b7fb680ef87ecfb3fc0ba2041a7c2a783991e30da67f9e1918fe63f27,2,raw|train,sano,dataset/raw/sano/sano_12404.jpg|dataset/train/sano/sano_12404.jpg
487869fc73a2600995eb12cf18a1e4eb863c7defee3c69f335b5d4e6c44f7b68,2,raw|train,peligro,dataset/raw/peligro/peligro_02768.jpg|dataset/train/peligro/peligro_02768.jpg
487d0bc5cdea44b795847f75e6add697758866d046d3c8c84a3a6bbe98c55bb1,2,raw|train,peligro,dataset/raw/peligro/peligro_03282.jpg|dataset/train/peligro/peligro_03282.jpg
48d497b7cd1d5e7ae3a5ad6536320b5f77818e4aefa00e918927bf4a045e78b7,2,raw|validation,atencion,dataset/raw/atencion/atencion_05148.jpg|dataset/validation/atencion/atencion_05148.jpg
48d89931d00eb8a37648e34e25c459e1676c81dd4507e2a13472679c29750dd2,2,raw|train,sano,dataset/raw/sano/sano_05513.jpg|dataset/train/sano/sano_05513.jpg
48e58c8d5a708ea8cddb17e88a90342872d9fde4f5912af01b2cce1a761ff54d,2,raw|train,peligro,dataset/raw/peligro/peligro_00007.jpg|dataset/train/peligro/peligro_00007.jpg
4900f519ff1ef1c93e546a59b0fb5ae6dfe7e008aaa3383396ef5aff68492863,2,raw|validation,atencion,dataset/raw/atencion/atencion_09628.jpg|dataset/validation/atencion/atencion_09628.jpg
491b7205e2a68feba87f02aaaa71d7395f20769a261bebfd19b4b3bcc092ddfb,2,raw|validation,atencion,dataset/raw/atencion/atencion_00393.jpg|dataset/validation/atencion/atencion_00393.jpg
492e600b27682172a582f6431bc7cf24144af03c08d7333fa93fc0b01f020ad1,2,raw|validation,atencion,dataset/raw/atencion/atencion_08508.jpg|dataset/validation/atencion/atencion_08508.jpg
49326f6ebd8f050b3a550833ddc6b3274f53cfe303cabef3c446b1474949435c,2,raw|train,atencion,dataset/raw/atencion/atencion_03882.jpg|dataset/train/atencion/atencion_03882.jpg
493b1be6d2aab45b6d90beee55a3fec0f04e60ada27a4bd4aaa1354b9e00e8c7,2,raw|train,peligro,dataset/raw/peligro/peligro_08006.jpg|dataset/train/peligro/peligro_08006.jpg
493c38cf76b9661d561ec965f48d54eb665be406115ca9e1473be9d3b6ec9aa9,2,train,atencion|peligro,dataset/train/atencion/atencion_01440.jpg|dataset/train/peligro/peligro_01871.jpg
494146cac82b60734d458ffc8fb923ab48022bd87cab31e367f9a5277e811c3f,2,raw|train,peligro,dataset/raw/peligro/peligro_09537.jpg|dataset/train/peligro/peligro_09537.jpg
49570a888eeaf212cf591078fde2eba9e078721e0e74b7d07f6c2cd2bf30b0bf,2,raw|test,peligro,dataset/raw/peligro/peligro_00043.jpg|dataset/test/peligro/peligro_00043.jpg
497cdab31a47fc9eec417d11acd369d2bf52470da4717385204594f6116681ad,2,raw|train,sano,dataset/raw/sano/sano_06156.jpg|dataset/train/sano/sano_06156.jpg
4990344e2a42a6eaae5cf650487dc00d9ab785f5a4f7f5995b90f4a8f1a4145f,2,raw|train,atencion,dataset/raw/atencion/atencion_03300.jpg|dataset/train/atencion/atencion_03300.jpg
49c5e7b3aa9815706cd314d7252f1b8106a65a3945d877e589165279199ed721,2,raw|test,peligro,dataset/raw/peligro/peligro_03451.jpg|dataset/test/peligro/peligro_03451.jpg
49d2eac677a6c2de5dcd204cdb82e614255c9ba84dd42972582786ebf04c3082,2,raw|train,atencion,dataset/raw/atencion/atencion_14218.jpg|dataset/train/atencion/atencion_14218.jpg
4a126962e8decff62ca731417a4e3440a61981dd6773e8ea965bcb2754feefcb,2,raw|train,peligro,dataset/raw/peligro/peligro_03566.jpg|dataset/train/peligro/peligro_03566.jpg
4a1680ed77c90b2440a2d54c6903ca55f4a2b7e3b89f0df0d4d4171e0702b17b,2,raw|train,peligro,dataset/raw/peligro/peligro_00816.jpg|dataset/train/peligro/peligro_00816.jpg
4a24b51208f2f48f084d36979529eaa879b35d029a141ec026c4e8a0af3a181a,2,raw|train,peligro,dataset/raw/peligro/peligro_01150.jpg|dataset/train/peligro/peligro_01150.jpg
4a3e40e3230101d09f8ef00dd8b3ad13255a42b6c05326949c040940d4ae103c,2,raw|train,peligro,dataset/raw/peligro/peligro_07342.jpg|dataset/train/peligro/peligro_07342.jpg
4a8d4a77ce77336cc333cdd02722bb88b54affc92a4dc2174f8561c23ec78e2a,2,raw|train,sano,dataset/raw/sano/sano_04756.jpg|dataset/train/sano/sano_04756.jpg
4a900c71f1cc12f88cb5c70a41c60f32e5176fcad5bad658d72d658300a7aa2c,2,raw|train,peligro,dataset/raw/peligro/peligro_02941.jpg|dataset/train/peligro/peligro_02941.jpg
4a98f41e4b4cf550690d7e7a91d4cd322a0bf796ec4919ebc3e88129ef99fe8b,2,raw|train,sano,dataset/raw/sano/sano_04877.jpg|dataset/train/sano/sano_04877.jpg
4aa8e3ed23eb91abf8ebae753b59f5c7e2ee6d6e2438544fd6b38635c70068f8,2,raw|validation,peligro,dataset/raw/peligro/peligro_00139.jpg|dataset/validation/peligro/peligro_00139.jpg
4ab0b2f7c2c7b61817220c08a7a42a2bc82c4c6ddd0dbeea92928554b1d8bfea,2,raw|train,atencion,dataset/raw/atencion/atencion_14192.jpg|dataset/train/atencion/atencion_14192.jpg
4abb3c40eab21b2826dbb71b34f6409b479944444cfe02f8a3dd8f6e1338f323,2,train|validation,atencion|sano,dataset/train/atencion/atencion_01801.jpg|dataset/validation/sano/sano_01915.jpg
4ad9d8f15fa9a4127b543bc31ca1cea6cefd9d5cba337b56d7e718c830e01501,2,raw|train,atencion,dataset/raw/atencion/atencion_00574.jpg|dataset/train/atencion/atencion_00574.jpg
4ae359647485ae81b27cddb41753f698570f15b06855cd38caab651944b5536e,2,raw|validation,peligro,dataset/raw/peligro/peligro_04586.jpg|dataset/validation/peligro/peligro_04586.jpg
4b029445f8f1358dc5b0a0409107275063fdb20d388ee0c4f2044adfffeed619,2,raw|train,peligro,dataset/raw/peligro/peligro_00846.jpg|dataset/train/peligro/peligro_00846.jpg
4b03db2093feed73bf93baef325af562e53baa0aeea0d2530346711c65177deb,2,raw|train,peligro,dataset/raw/peligro/peligro_02825.jpg|dataset/train/peligro/peligro_02825.jpg
4b23c6516d1fc96d71b57475973c78f319b513e749f598a78258d85b284fe712,2,raw|train,sano,dataset/raw/sano/sano_05339.jpg|dataset/train/sano/sano_05339.jpg
4b251253da947deb966009a2c64a123bad0051611fec7f7307d6228c9652ea15,2,raw|train,peligro,dataset/raw/peligro/peligro_07437.jpg|dataset/train/peligro/peligro_07437.jpg
4b43c83897e5f6297f38eec4a657c48dc0a6dbb8537287ffd37bd1ea778545b0,2,raw|validation,sano,dataset/raw/sano/sano_12524.jpg|dataset/validation/sano/sano_12524.jpg
4b4627b02a5ac5f832d5ac4d047d1dce85e0f3bb8f362e385bb08934a23fb61d,2,raw|train,peligro,dataset/raw/peligro/peligro_02809.jpg|dataset/train/peligro/peligro_02809.jpg
4b56a03106b4c14cd1ae78980ab0c8a9b712cb7c0f29cddf68a111c63fcde66e,2,raw|train,sano,dataset/raw/sano/sano_00067.jpg|dataset/train/sano/sano_00067.jpg
4b5bc0bfcd2db1c5b5265e9f8aa1ec5eafa161cf01ed483c82a8df1fcda31221,2,raw|train,sano,dataset/raw/sano/sano_04266.jpg|dataset/train/sano/sano_04266.jpg
4b667e0aca526e91f7ce266a3b3b87b36423c0536eb3eb353702b66d08e3b3f4,2,raw|train,atencion,dataset/raw/atencion/atencion_03420.jpg|dataset/train/atencion/atencion_03420.jpg
4b6d998c67589dd91bf359a0ac1b118ea0d22be50c17498951a0e1affbf4fe65,2,raw|train,peligro,dataset/raw/peligro/peligro_05807.jpg|dataset/train/peligro/peligro_05807.jpg
4b916c9aa841f102ff4076a91bfbcbfec5ec5eb5521844a3b8d2d8326bdd85c3,2,raw|train,peligro,dataset/raw/peligro/peligro_08678.jpg|dataset/train/peligro/peligro_08678.jpg
4b9b7073b93036ddddbcb6f6c2bd71e3f26e9fcb3e15b4cc1121979bacd5517f,2,raw|train,atencion,dataset/raw/atencion/atencion_10137.jpg|dataset/train/atencion/atencion_10137.jpg
4b9f5911b7d2725fd52343f038b76226b0278821c0071014622f81f3ed57bb49,2,raw|train,atencion,dataset/raw/atencion/atencion_02900.jpg|dataset/train/atencion/atencion_02900.jpg
4ba8a606be47e4eef1980614e68b2e76f93a7d255ff097fd45350e14b1911976,2,raw|test,peligro,dataset/raw/peligro/peligro_08008.jpg|dataset/test/peligro/peligro_08008.jpg
4bb733a626f506fc0ff3d9fe6355339bdd322c25ae57fc3df2b96446ac3e70f3,2,raw|validation,peligro,dataset/raw/peligro/peligro_01301.jpg|dataset/validation/peligro/peligro_01301.jpg
4bc48f8a5dd30cbf2454ed657cb5fee9ef6ea037263d8099c81e220a8b6ee28c,2,raw|train,sano,dataset/raw/sano/sano_00620.jpg|dataset/train/sano/sano_00620.jpg
4bd3faa633ea119b2c91161eb408e1025729000d44c50e542f0cfa540d1ed507,2,raw|validation,atencion,dataset/raw/atencion/atencion_05141.jpg|dataset/validation/atencion/atencion_05141.jpg
4c0e452879d48ad9bacfd9da974641bff36e9bc19ce25e7282697a08fd2ccf0b,2,raw|validation,atencion,dataset/raw/atencion/atencion_14156.jpg|dataset/validation/atencion/atencion_14156.jpg
4c114550658605a33537708aa1f0da6219fc180781b731a55a9311983e869002,2,raw|test,sano,dataset/raw/sano/sano_12432.jpg|dataset/test/sano/sano_12432.jpg
4c18945ce04702b4c4f4962221deea852b4c973b28376c5c8df6676b139ac9ad,2,raw|train,sano,dataset/raw/sano/sano_00987.jpg|dataset/train/sano/sano_00987.jpg
4c2d6f916271b3dc9ed87ff705f542661865b5cd8a33202862c67c5bf8eeb492,2,raw|train,atencion,dataset/raw/atencion/atencion_05151.jpg|dataset/train/atencion/atencion_05151.jpg
4c37d7d9dd2b9cefcc3fed5b1fc056366e7b8dc5deaeeda35fff39b80fbbde80,2,raw|train,sano,dataset/raw/sano/sano_00941.jpg|dataset/train/sano/sano_00941.jpg
4c3983d0e597910680e17e8f04b48320a3cf79454a2099ebca3a862ebceb6824,2,raw|validation,peligro,dataset/raw/peligro/peligro_05913.jpg|dataset/validation/peligro/peligro_05913.jpg
4c45be9235260af50ca074ea6b49a17a18e2cc02247342949f20a64306ab9cdb,2,raw|train,atencion,dataset/raw/atencion/atencion_03031.jpg|dataset/train/atencion/atencion_03031.jpg
4c55e28aa3d471ae8c58c0265beede3fcfe6b48bd079767d22f8fe09392e471d,2,raw|train,peligro,dataset/raw/peligro/peligro_05137.jpg|dataset/train/peligro/peligro_05137.jpg
4c7f6e5925cd5026e9a30c60eea9f9a676678f7fc8131a7d24bd23d440dc2637,2,raw|train,peligro,dataset/raw/peligro/peligro_04073.jpg|dataset/train/peligro/peligro_04073.jpg
4cc77eebd5871c67f0a6ce7aeccb279aaa05f2d5632171434162333344816dc6,2,raw|test,sano,dataset/raw/sano/sano_03992.jpg|dataset/test/sano/sano_03992.jpg
4cca4bcd0fe99e55117d8f440f60c3ab26890ac0ef539b546d1b379ac08dc4ad,2,raw|validation,atencion,dataset/raw/atencion/atencion_05383.jpg|dataset/validation/atencion/atencion_05383.jpg
4cde7e2acbdd8b208436bffcf5720ba513f7edc1eb0d8372c12569edf2942f58,2,raw|validation,sano,dataset/raw/sano/sano_00023.jpg|dataset/validation/sano/sano_00023.jpg
4cebf7a1bc72656c8e994227813882d17d8799bd6c3b9c1bbe17f1844a3a33e7,2,raw|train,peligro,dataset/raw/peligro/peligro_03526.jpg|dataset/train/peligro/peligro_03526.jpg
4cf983d329945637592dd07e7753125576decdc140296d42dd25f3cf253612ca,2,raw|train,peligro,dataset/raw/peligro/peligro_00353.jpg|dataset/train/peligro/peligro_00353.jpg
4d0ecc710c93a3dd19e5ee8bec6622381742689ba6cac4312c206365760d9f17,2,raw|train,peligro,dataset/raw/peligro/peligro_00900.jpg|dataset/train/peligro/peligro_00900.jpg
4d327143a796f782a4a50e94a670b5272fec64255e992db50806c954a6431999,2,raw|train,sano,dataset/raw/sano/sano_00275.jpg|dataset/train/sano/sano_00275.jpg
4d45db09f224f8cd099f67ae36dfeeff0abff1735ddb1fb106f9d6a8037eb371,2,raw|train,sano,dataset/raw/sano/sano_03743.jpg|dataset/train/sano/sano_03743.jpg
4d735b2f02c9c74dd940dd694d72b3b45d55742b9e3204f3fa7b11c6f3956ea5,2,raw|train,peligro,dataset/raw/peligro/peligro_00030.jpg|dataset/train/peligro/peligro_00030.jpg
4dc8177bab2bf5c9f65d64e57457d8fe9d260f0e6ed5e1450eecf23d1dc26d84,2,raw|train,peligro,dataset/raw/peligro/peligro_07319.jpg|dataset/train/peligro/peligro_07319.jpg
4e095de61dc81572511c72c0c76b2fff005a40ad57dbde4c9d9ec8e4dd48ca4d,2,raw|train,peligro,dataset/raw/peligro/peligro_11535.jpg|dataset/train/peligro/peligro_11535.jpg
4e130ca63860f753ba603ca7c25938f8ec23baef2b774027e50620f7e49ba03a,2,raw|train,peligro,dataset/raw/peligro/peligro_09071.jpg|dataset/train/peligro/peligro_09071.jpg
4e6041e9a149d7ed2f79f370b5107a400f329f45e80471b0d62a862c2813b5a1,2,raw|train,atencion,dataset/raw/atencion/atencion_03502.jpg|dataset/train/atencion/atencion_03502.jpg
4e751e6b4e28575023449f2f22383fbde64432f910a60507aa361cf91758cc57,2,raw|train,peligro,dataset/raw/peligro/peligro_00289.jpg|dataset/train/peligro/peligro_00289.jpg
4e8f8acab7da9e07dbc02f481f2c60f0a91eace7e307c3a381417174348c8ef3,2,raw|validation,peligro,dataset/raw/peligro/peligro_02972.jpg|dataset/validation/peligro/peligro_02972.jpg
4ea2c71c3421e7756da2ce6a226a2de399475f8916ca32d2d8b184086bf2edb5,2,raw|train,sano,dataset/raw/sano/sano_03297.jpg|dataset/train/sano/sano_03297.jpg
4ea8d408c20a4dde48cc8fef95e72f33cffc819038127acd097d1e8ee9b62b43,2,raw|train,sano,dataset/raw/sano/sano_00583.jpg|dataset/train/sano/sano_00583.jpg
4ea9b5d47f0ce71160ad9748cbb5cc58ef15bdc95a1ef5222998afb538bdb8b5,2,raw|train,sano,dataset/raw/sano/sano_03563.jpg|dataset/train/sano/sano_03563.jpg
4ebe11286094fa1e6635e34df1548b505d1cfed32de13f047a7687b58d12ad70,2,raw|test,atencion,dataset/raw/atencion/atencion_14180.jpg|dataset/test/atencion/atencion_14180.jpg
4ec25b2973b4a4d1102f5ec7ede780357fdeeaa25c832b3fbb251de25a839cb7,2,raw|train,sano,dataset/raw/sano/sano_12405.jpg|dataset/train/sano/sano_12405.jpg
4ecdf74547310511b52ac4f4fc6ad36ffdd107b328fe244cba8f92fc2e9fe65b,2,raw|train,atencion,dataset/raw/atencion/atencion_04880.jpg|dataset/train/atencion/atencion_04880.jpg
4ed08c241e992caa0bfffec9306949d9fb4988082ca01c8c752b27aa40db9534,2,raw|train,sano,dataset/raw/sano/sano_00263.jpg|dataset/train/sano/sano_00263.jpg
4ed7291bba747ab406f05a53c31e268afaa82a825d7dddadfc0659946c5bf639,2,raw,atencion|peligro,dataset/raw/atencion/atencion_01529.jpg|dataset/raw/peligro/peligro_01915.jpg
4ee68b7cbf9a4846c9538e9903934d6ca6135337e037b793f7945791bbadda47,2,raw|train,sano,dataset/raw/sano/sano_06080.jpg|dataset/train/sano/sano_06080.jpg
4ef540c2c2a73731cc12944783e35c12bd32c4136f0c6cd63646eac1ef93fc21,2,raw|test,peligro,dataset/raw/peligro/peligro_01134.jpg|dataset/test/peligro/peligro_01134.jpg
4f61bc4d67644d75e56d37f716b9f4814da74abb25c84e1ca8ae6afa503b94ac,2,raw|validation,atencion,dataset/raw/atencion/atencion_00461.jpg|dataset/validation/atencion/atencion_00461.jpg
4f831d8e13c7e1bdb526ada6df5021e9d5fc7d9a1409bfcde6d32376dbb3bd26,2,raw|train,peligro,dataset/raw/peligro/peligro_00135.jpg|dataset/train/peligro/peligro_00135.jpg
4f84e0796b7bec591fc6eda04d80a50ead8f5baad508d668e3c69e26402779b4,2,raw|test,sano,dataset/raw/sano/sano_00726.jpg|dataset/test/sano/sano_00726.jpg
4f85b182dce72993e93334f84481ae83c87df7e995489340a5f30e3d80df4daf,2,raw|train,atencion,dataset/raw/atencion/atencion_00695.jpg|dataset/train/atencion/atencion_00695.jpg
4f9d0b827ae2c5fe25e24eae55f9d52278e8bea9d53dfbc79161415a4bbfdb9e,2,raw|train,peligro,dataset/raw/peligro/peligro_05127.jpg|dataset/train/peligro/peligro_05127.jpg
4f9e19ea4dbf126a0844a621c2dbb7f44f194affe332ad90e36de4f5eae22f82,2,raw|train,sano,dataset/raw/sano/sano_12414.jpg|dataset/train/sano/sano_12414.jpg
4fa577acecb3d32e43c7dbf824637adfcee74c97b50adcc194ddf15d8bbbd84f,2,raw|train,peligro,dataset/raw/peligro/peligro_07352.jpg|dataset/train/peligro/peligro_07352.jpg
4fa78595e6b395310c2f75cbe5bcd35127fd8345581cc66400472958cc8b87c6,2,raw|validation,peligro,dataset/raw/peligro/peligro_13619.jpg|dataset/validation/peligro/peligro_13619.jpg
4fb3ff097d3337f5eadbe53679938b674eec9c25e6404cd88e215ad1716d9d57,2,raw|train,peligro,dataset/raw/peligro/peligro_01241.jpg|dataset/train/peligro/peligro_01241.jpg
4fcfc686b0f535e7a1a6608568caf32776712e370ca3cfbe666dbf5d025923bc,2,raw|train,peligro,dataset/raw/peligro/peligro_00111.jpg|dataset/train/peligro/peligro_00111.jpg
4fdefe507c790789efc83d02051245c220b49a0c6bd5e952f57906394ec2846d,2,raw|train,peligro,dataset/raw/peligro/peligro_09112.jpg|dataset/train/peligro/peligro_09112.jpg
4ff32c3236d0988276a22ed60c971ff8017c9813dfa80c1b3d9add313d394f8e,2,raw|validation,atencion,dataset/raw/atencion/atencion_14132.jpg|dataset/validation/atencion/atencion_14132.jpg
5007ecedc80defcfde8be215c94a0bac4be4e429b45ea1c0ca0fb1078c23508e,2,raw|train,peligro,dataset/raw/peligro/peligro_12192.jpg|dataset/train/peligro/peligro_12192.jpg
500abfa60f3a17ed7ffc86082574df9f1577d22dab083d665a479b945180c5e3,2,raw|train,sano,dataset/raw/sano/sano_12509.jpg|dataset/train/sano/sano_12509.jpg
5074ff004e2a93c3a89fc6897c12c8740670df1deb2a80b91b9e462175c1ff11,2,raw|train,atencion,dataset/raw/atencion/atencion_14019.jpg|dataset/train/atencion/atencion_14019.jpg
50ad015d7f42ed52a57c039c449774287809d925fdc7cda95664611d4d464027,2,raw|test,atencion,dataset/raw/atencion/atencion_00768.jpg|dataset/test/atencion/atencion_00768.jpg
50b22c61b4a4cc2aebc742631f57d8ebe376ac67bcc47008e1c0ccd5d6d4877e,2,raw|train,sano,dataset/raw/sano/sano_00105.jpg|dataset/train/sano/sano_00105.jpg
50b55102f0f00a2e4ba4ce0b60333eee5bfa429809da31ee492e202e6901e469,2,raw|train,atencion,dataset/raw/atencion/atencion_14148.jpg|dataset/train/atencion/atencion_14148.jpg
50c949f06599515b2470db913b319ee54e592f39af13a3409f7f0272723c8cb5,2,raw|train,sano,dataset/raw/sano/sano_08929.jpg|dataset/train/sano/sano_08929.jpg
50dd0c4a10c1eeda9164bc4bf4ec3edca0ede611e3475f5da88f62eeeaba1e63,2,raw|train,atencion,dataset/raw/atencion/atencion_12339.jpg|dataset/train/atencion/atencion_12339.jpg
5106b468655a4cac48ab546dfc22a109af3c87adacac61063a8d8b81ec1b0b92,2,raw|train,peligro,dataset/raw/peligro/peligro_00598.jpg|dataset/train/peligro/peligro_00598.jpg
512410cb79b18642ec2e800f591621333bfb9b370178b1115219fca08e95d488,2,raw|train,peligro,dataset/raw/peligro/peligro_10954.jpg|dataset/train/peligro/peligro_10954.jpg
51475897ff37fb8d90f46004618f8e3506835bf0f9f1901aa5c08017135b13bf,2,raw|train,peligro,dataset/raw/peligro/peligro_12029.jpg|dataset/train/peligro/peligro_12029.jpg
518e6e8ac8b11ce913e4f81888000cd0a49e686132e1a6e963061b62f95325fe,2,raw|test,peligro,dataset/raw/peligro/peligro_11506.jpg|dataset/test/peligro/peligro_11506.jpg
51b64ea13d20e68e7f96f4afe4f00521eff3ec89f236bd381319d2085763829d,2,raw|test,peligro,dataset/raw/peligro/peligro_01212.jpg|dataset/test/peligro/peligro_01212.jpg
51ca8e8cbdc30ad91a16b131cdf029e84b9c87085f79c717fde6cab1249a11b6,2,raw|train,atencion,dataset/raw/atencion/atencion_00466.jpg|dataset/train/atencion/atencion_00466.jpg
51cb59ba7f630788313c4de7e3d882aabd59bd2be92622f733634763f0ca6771,2,raw|train,peligro,dataset/raw/peligro/peligro_00614.jpg|dataset/train/peligro/peligro_00614.jpg
51d734f4b696a8fa77f98dba3be9c3e3a1aa6df0efb12ed8aa29f363b538b6cf,2,raw|train,atencion,dataset/raw/atencion/atencion_07599.jpg|dataset/train/atencion/atencion_07599.jpg
51e9da0c2cee46910c55ce3a7b95548ab1a886100e1bbbb4cc2e2e2f2999174a,2,raw|train,atencion,dataset/raw/atencion/atencion_12357.jpg|dataset/train/atencion/atencion_12357.jpg
51f181fcd2655bcbb2957b0cc760de80f2167d24668f22257dbfbbf4883ab00f,2,raw|train,sano,dataset/raw/sano/sano_10551.jpg|dataset/train/sano/sano_10551.jpg
51f68f56b9514a75f9220a4053384a25596b1f3eae8d2a5cb8ab064dfc04bd2a,2,raw|train,sano,dataset/raw/sano/sano_12386.jpg|dataset/train/sano/sano_12386.jpg
51fc5b2aa72bd15a77c4dbc16520c9c52b2ddf949976791cd710c05548e4a273,2,raw|train,sano,dataset/raw/sano/sano_02987.jpg|dataset/train/sano/sano_02987.jpg
51fd7cc6b0a8dce6dbac4e72968326d449a76c92e6487d4f2a3507bbdbdd114b,2,raw|train,sano,dataset/raw/sano/sano_04249.jpg|dataset/train/sano/sano_04249.jpg
524c666d57ff427dfda38f86a80da6647529a9f1df15b9c993e1a9e834bef323,2,raw|validation,peligro,dataset/raw/peligro/peligro_00356.jpg|dataset/validation/peligro/peligro_00356.jpg
5255048039ed6757753495f9faeb0807289d73642c4088818454870c209093ab,2,raw|train,peligro,dataset/raw/peligro/peligro_00903.jpg|dataset/train/peligro/peligro_00903.jpg
525959d0f3a2650ff841a57002a6079175e3a14ffffa7721bb8d08b45cdbe0f3,2,raw|train,atencion,dataset/raw/atencion/atencion_12313.jpg|dataset/train/atencion/atencion_12313.jpg
5264554480f04cd1cdb2d924252bb8c5db3cd429f3a069632f09f7ed6bd0c5f2,2,raw|validation,sano,dataset/raw/sano/sano_07564.jpg|dataset/validation/sano/sano_07564.jpg
52726e96f686137dde0201eed0f32da65f436033c955089d2bc49f0832a60910,2,raw|train,peligro,dataset/raw/peligro/peligro_04580.jpg|dataset/train/peligro/peligro_04580.jpg
527548a7e792b8b41d1999b21a826338aec5a09934a97d5088b4cb03d5c4d120,2,raw|train,atencion,dataset/raw/atencion/atencion_08092.jpg|dataset/train/atencion/atencion_08092.jpg
527aff6ac5cdd93cd49ee6756bedc99b2330e13d1c3b8966b0f92e79fe11aeb8,2,raw|test,sano,dataset/raw/sano/sano_04966.jpg|dataset/test/sano/sano_04966.jpg
527b6e20bd90bfd53e6c6449d4e012bd069194f437d7213ce086670f1a2fe5ae,2,raw|train,sano,dataset/raw/sano/sano_00713.jpg|dataset/train/sano/sano_00713.jpg
529c471252cbdc24dcc3bed5173ca7d253d2332d51d6824e4dfe1b5dbc1c55f0,2,raw|train,sano,dataset/raw/sano/sano_12556.jpg|dataset/train/sano/sano_12556.jpg
52a7c447198b1a73bdb196ded93432d0f6634cac70f5dd9832ba59c1b8435bb0,2,raw|validation,atencion,dataset/raw/atencion/atencion_02430.jpg|dataset/validation/atencion/atencion_02430.jpg
52b811698057da0fa9fcad13c98cb1f7297d81f9cf5060473bb4f964b5e43032,2,raw|validation,sano,dataset/raw/sano/sano_12459.jpg|dataset/validation/sano/sano_12459.jpg
52d7102f4a110dfa6e68077da017d7fa05fdd510a5fcbe5b0f654dd6630025b3,2,raw|train,peligro,dataset/raw/peligro/peligro_08084.jpg|dataset/train/peligro/peligro_08084.jpg
52e9d52279b1c130e94ae9d3d90b744fc6036d14f7f2c41ea81ab21754e0a47c,2,raw|train,sano,dataset/raw/sano/sano_04297.jpg|dataset/train/sano/sano_04297.jpg
52f949b9e41edbc39fe19cb7bc752c64985aa7bb88527d051223ba94ca14ae41,2,raw|validation,atencion,dataset/raw/atencion/atencion_14101.jpg|dataset/validation/atencion/atencion_14101.jpg
52fec317b82a8c3791f80ddedfa778929970dea5c62763e8951194e3dd140d35,2,raw|train,sano,dataset/raw/sano/sano_06479.jpg|dataset/train/sano/sano_06479.jpg
53058364a4bc16ab8bbeda0bfe4151573e7a871452d4b25f5e346a57c586bdf2,2,raw|train,sano,dataset/raw/sano/sano_11424.jpg|dataset/train/sano/sano_11424.jpg
533d841e061bb641ab577c1e133592c886bf19b80095db0fbf08115f9431d308,2,raw|test,peligro,dataset/raw/peligro/peligro_00847.jpg|dataset/test/peligro/peligro_00847.jpg
535033e5872f21f86b86bc0edff0a97bc8399143f4ddb41cd1a5201c708371fa,2,raw|validation,sano,dataset/raw/sano/sano_04291.jpg|dataset/validation/sano/sano_04291.jpg
53580713742ce0e07fed91a1aa98582e3ee0a5880782cf833660caac32796b88,2,raw|train,peligro,dataset/raw/peligro/peligro_05207.jpg|dataset/train/peligro/peligro_05207.jpg
53728c8406126e3eac1cc8560235532821158c479abbf6baf15592ccb1544e05,2,raw|test,peligro,dataset/raw/peligro/peligro_00976.jpg|dataset/test/peligro/peligro_00976.jpg
538611bb7e77b45b8d4b321edaa96ff481969afa0bc09131a46f62f51486ad3b,2,raw|train,sano,dataset/raw/sano/sano_00248.jpg|dataset/train/sano/sano_00248.jpg
53e549a6c795431764c60442718622bbdbc429d14732add9c31c8d2b3d3ac589,2,raw|train,sano,dataset/raw/sano/sano_08315.jpg|dataset/train/sano/sano_08315.jpg
53e9008933b77610aade248fd97112a7be759e0e8469313517e7c44ec91afaf9,2,raw|train,sano,dataset/raw/sano/sano_00690.jpg|dataset/train/sano/sano_00690.jpg
53ea835ead0c25383c9d2c870c0f0f7cfdf5e947a6dceab868445ec4e3d1f5c2,2,raw|train,atencion,dataset/raw/atencion/atencion_02955.jpg|dataset/train/atencion/atencion_02955.jpg
53fd1144c2da1705c92218ac78e2dfa272e6463f169dbe81d2cbae48248d58a5,2,raw|train,atencion,dataset/raw/atencion/atencion_14193.jpg|dataset/train/atencion/atencion_14193.jpg
54067aeabb798df4664125bc5c41283d011a75518c093dc32d5fbe43886f2b6b,2,raw|train,peligro,dataset/raw/peligro/peligro_07674.jpg|dataset/train/peligro/peligro_07674.jpg
5417d76d36077ce225077fe2e47784f532a85717f928c176810b95921ab488be,2,raw|validation,atencion,dataset/raw/atencion/atencion_14086.jpg|dataset/validation/atencion/atencion_14086.jpg
542904e20d88c35a5620ee814914fb42b5cd6ed6dcb799138ad4a1204f44b19e,2,raw|train,peligro,dataset/raw/peligro/peligro_00439.jpg|dataset/train/peligro/peligro_00439.jpg
5490806137db1e5702c8cda47fb6e455821154c2db410d862e84dc1433e5c8cb,2,raw|train,peligro,dataset/raw/peligro/peligro_02806.jpg|dataset/train/peligro/peligro_02806.jpg
54944dafd04e139c8234fe7d655d76296fdd40cedc3b1fb2b257aec0fea24678,2,raw|test,sano,dataset/raw/sano/sano_12417.jpg|dataset/test/sano/sano_12417.jpg
54c6bba903061d32acf7d6f4652665ef07e0661c5b28cb1ce013df3299dcd3a9,2,raw|train,peligro,dataset/raw/peligro/peligro_04195.jpg|dataset/train/peligro/peligro_04195.jpg
54d347dfd63552a759e71b6da0c0e1c5c46df10755d4742a6f29283c60bf472c,2,raw|test,sano,dataset/raw/sano/sano_12373.jpg|dataset/test/sano/sano_12373.jpg
550deffb04cc5c64e35a2f7074501cb805e1a4f3378db146605f13a1e0445d47,2,raw|validation,atencion,dataset/raw/atencion/atencion_10030.jpg|dataset/validation/atencion/atencion_10030.jpg
554cebce38c732980079c955be00133418a0658b16c9a2e3b76d5e533076a6ff,2,raw|train,atencion,dataset/raw/atencion/atencion_14212.jpg|dataset/train/atencion/atencion_14212.jpg
5551baa9c1f24f7e7a1fd5807987a31615453014058e506c87a7b9d1dc57809a,2,raw|test,atencion,dataset/raw/atencion/atencion_02525.jpg|dataset/test/atencion/atencion_02525.jpg
558885d03ea13dffa449cc16929e8662261d2078ef5bd645e65abed3af2cc469,2,raw|validation,sano,dataset/raw/sano/sano_12409.jpg|dataset/validation/sano/sano_12409.jpg
558a5c9651b035ac9025837050168605193e4391679ffd472de4203a8d7fb177,2,raw|train,sano,dataset/raw/sano/sano_12406.jpg|dataset/train/sano/sano_12406.jpg
55986ad7a735a826f40c006c497dc82c26bc0d9cb16d04aaedb5546e0716e26c,2,raw|train,peligro,dataset/raw/peligro/peligro_00927.jpg|dataset/train/peligro/peligro_00927.jpg
55a3038338f667f829ef38221fec4c9cdbabff8ddb26c42ff30c18fa2740688e,2,raw|train,peligro,dataset/raw/peligro/peligro_00013.jpg|dataset/train/peligro/peligro_00013.jpg
55bf021e00828aac1a9d81e7147113a3f1bb08779032458dfdaf7bc81bec50f4,2,raw|train,peligro,dataset/raw/peligro/peligro_00255.jpg|dataset/train/peligro/peligro_00255.jpg
55d4b9c46b186958a63460664dae3fac424b20e55a844e0bd1adfcff930cc392,2,raw|test,sano,dataset/raw/sano/sano_03528.jpg|dataset/test/sano/sano_03528.jpg
55dbb3dff87d32e9f9db11085b1e0a3cca7b1ae4f5d768f58345d93bcc2792ea,2,raw|validation,peligro,dataset/raw/peligro/peligro_03835.jpg|dataset/validation/peligro/peligro_03835.jpg
55ea65dd10833213efb1ef43c3b43cff55df25e2faf52980fb65516d44308cc9,2,raw|train,atencion,dataset/raw/atencion/atencion_14206.jpg|dataset/train/atencion/atencion_14206.jpg
5613fe6d61c3b38303799e0a21bbcee22e2b384eb398678d986344d556d8f695,2,raw|train,peligro,dataset/raw/peligro/peligro_11377.jpg|dataset/train/peligro/peligro_11377.jpg
5640ff7362f593d91bda3647e35c2d5702991eeed70ca01924b7ae91f9f4b1a6,2,raw|train,atencion,dataset/raw/atencion/atencion_14170.jpg|dataset/train/atencion/atencion_14170.jpg
566f1d427eaaa315dbd7c9605edd61a5b1f3490aa20709ba011afa75d2edad77,2,raw|train,peligro,dataset/raw/peligro/peligro_14874.jpg|dataset/train/peligro/peligro_14874.jpg
5698c004e76746b3c41923a37ad39c14288fcc86904bb84d2eb824510ac62acb,2,raw|validation,sano,dataset/raw/sano/sano_05841.jpg|dataset/validation/sano/sano_05841.jpg
569d959c82ae4aedea0d5a8d5f394b61146385cbbc0d6919ab6b588cb2834db8,2,raw|train,sano,dataset/raw/sano/sano_11700.jpg|dataset/train/sano/sano_11700.jpg
569f9f2bacd68446fa6f96bb1faffc769fe274d2b24cb3dc16e2e8685e2711a3,2,raw|validation,atencion,dataset/raw/atencion/atencion_03999.jpg|dataset/validation/atencion/atencion_03999.jpg
56a11eac33e3d9134cb4b7133ac79ed51754c9a2672dff666816e458bf6ef880,2,raw|train,atencion,dataset/raw/atencion/atencion_04744.jpg|dataset/train/atencion/atencion_04744.jpg
56b902c8b4f019cd6ef2717771d8652ee3343ef5c8812e2795d81203641c5cd7,2,raw|validation,peligro,dataset/raw/peligro/peligro_00180.jpg|dataset/validation/peligro/peligro_00180.jpg
56d4abf614d1ccb9eecce169b5d979334732aa3abcaf9789cf30d14f65b037a7,2,raw|train,sano,dataset/raw/sano/sano_00825.jpg|dataset/train/sano/sano_00825.jpg
56d86e3a1de8b2df6950868929eb6db8938e051f47ae04cf4d6dcd8bc145fc58,2,raw|train,sano,dataset/raw/sano/sano_05622.jpg|dataset/train/sano/sano_05622.jpg
57011012c678b080398ad1311a1976ee77a2dc8a9b8cac25cb5879164bf17a66,2,raw|train,sano,dataset/raw/sano/sano_00479.jpg|dataset/train/sano/sano_00479.jpg
570188057ca4f216cba9626506b32cf160f38dc33429f2b421ebf563397f8849,2,raw|train,sano,dataset/raw/sano/sano_00343.jpg|dataset/train/sano/sano_00343.jpg
570cc548e24c1a6ee800dd92567e6e6ca22f1eca2cfcbcfce735d5350edca4ea,2,raw|test,peligro,dataset/raw/peligro/peligro_03817.jpg|dataset/test/peligro/peligro_03817.jpg
570d37b06b0f1a02724ebd093d8a2ed2e7b9e4a61c489dc350a5616f9821b8cd,2,raw|train,sano,dataset/raw/sano/sano_00539.jpg|dataset/train/sano/sano_00539.jpg
575550b657eb9ca3b0ca8dcee49caffd4c4e5a523947f75978020c51d3b34bbb,2,raw|test,peligro,dataset/raw/peligro/peligro_02645.jpg|dataset/test/peligro/peligro_02645.jpg
5756ff1b07f9dd59bf5c6167e8fb19ac6bc4ebb86c71dfec80c362bc28baa088,2,raw|train,sano,dataset/raw/sano/sano_12439.jpg|dataset/train/sano/sano_12439.jpg
5779ed91596a6910bba3e1d7024212a59d3613810add51524062fa8b0a69f0e5,2,raw|train,peligro,dataset/raw/peligro/peligro_00502.jpg|dataset/train/peligro/peligro_00502.jpg
57d42891b3bcc71e1a828b21f0eb1418302d9f2bb4e46f6f187ffa92c1677a2f,2,raw|train,peligro,dataset/raw/peligro/peligro_07432.jpg|dataset/train/peligro/peligro_07432.jpg
57ef09d6322aff7ff4b6013891ab8ee8cf62a58bc9286f0b904a16f3f4e09666,2,raw|train,peligro,dataset/raw/peligro/peligro_00382.jpg|dataset/train/peligro/peligro_00382.jpg
57f034925865a949a22a58b57d8d1e2d5f0f05392418f3553f3135fb421c185e,2,raw|validation,peligro,dataset/raw/peligro/peligro_00960.jpg|dataset/validation/peligro/peligro_00960.jpg
5800d94359a2bb16bf81cbc2d26bb687d8600a4cab54d4d2b7b7e94ccab244e6,2,raw,atencion|peligro,dataset/raw/atencion/atencion_01208.jpg|dataset/raw/peligro/peligro_01339.jpg
581988dd3c4d15fbeadcb7c0df331fa49043f3a81665002b3eccee219b067b90,2,raw|validation,peligro,dataset/raw/peligro/peligro_00465.jpg|dataset/validation/peligro/peligro_00465.jpg
5867badd8b3df8d729a8ab26620259663fe5f8a3ddae71e9cf854b0a45a16a33,2,raw|train,atencion,dataset/raw/atencion/atencion_06136.jpg|dataset/train/atencion/atencion_06136.jpg
58c0a8289f1d98da7dade1a94e553f7ae3d63dee61e730f55f6b00de9c0b6f18,2,raw|train,atencion,dataset/raw/atencion/atencion_08405.jpg|dataset/train/atencion/atencion_08405.jpg
58d491bd241605070c06a95e3fe857633a97faf77465b47c8d6fa39143fb8d5d,2,raw|validation,peligro,dataset/raw/peligro/peligro_04924.jpg|dataset/validation/peligro/peligro_04924.jpg
5902e94cfd3caf5e95265905e51de5a132329441949f218aaeb1ef637ed51343,2,raw|train,peligro,dataset/raw/peligro/peligro_13933.jpg|dataset/train/peligro/peligro_13933.jpg
590349ca12cea15ec5dc0b469136b0aa60e52c6726b890b9f2824e4304663b6d,2,raw|train,peligro,dataset/raw/peligro/peligro_00048.jpg|dataset/train/peligro/peligro_00048.jpg
59165a13cbefc1411037825bab88640c1d3c5d27c88f0cd96fecb3c9d7458538,2,raw|train,peligro,dataset/raw/peligro/peligro_08148.jpg|dataset/train/peligro/peligro_08148.jpg
5920754309e49f23bac6e85303ef332e1c40a586e1e1831ae1770f78d142b9d6,2,raw|validation,peligro,dataset/raw/peligro/peligro_02823.jpg|dataset/validation/peligro/peligro_02823.jpg
592cc63fe254b7a0c94b46ff32f34fdb3d5050b10dbb3514d4ea7c7b59468f7c,2,raw|train,peligro,dataset/raw/peligro/peligro_01111.jpg|dataset/train/peligro/peligro_01111.jpg
5942a60695926fe9aeb6661d1baed408486c4473009028cfb26d2371c5b3e4f0,2,raw|train,sano,dataset/raw/sano/sano_12564.jpg|dataset/train/sano/sano_12564.jpg
597596cf3839ca9a865bc30101e3f9583f3b1fa5b7ff64fa64af3df16d24b1b6,2,raw|train,sano,dataset/raw/sano/sano_00288.jpg|dataset/train/sano/sano_00288.jpg
59773530e490ce41ca5878bdcf99fe64fb69922b680f29ae68f495d9b0653c52,2,raw|train,sano,dataset/raw/sano/sano_06265.jpg|dataset/train/sano/sano_06265.jpg
598bc5a009dd2dcbaf86fd68ea63a73a7d9151cc1ff826dc545402946d12eeb2,2,raw|train,sano,dataset/raw/sano/sano_00350.jpg|dataset/train/sano/sano_00350.jpg
59cd7c21b8ba33241b924682eace613476e926d1162d53f1c64b4a8d2c34dc0f,2,raw|train,sano,dataset/raw/sano/sano_00729.jpg|dataset/train/sano/sano_00729.jpg
59d83500625eb746d1ca6b4c9cb4e15c5941c3ee8fcba517b23fc57d59e72423,2,raw|train,sano,dataset/raw/sano/sano_12380.jpg|dataset/train/sano/sano_12380.jpg
5a194b8da10e882de8602717091a360332c5436b1b309e5e113395334ca49c71,2,raw|validation,atencion,dataset/raw/atencion/atencion_02216.jpg|dataset/validation/atencion/atencion_02216.jpg
5a1ff0e969bff367c86355d79facbed830a2ac78517a9a1de539a2d493c64721,2,raw|train,peligro,dataset/raw/peligro/peligro_10299.jpg|dataset/train/peligro/peligro_10299.jpg
5a2353ceca0dd0ae6b9c0fc590892e4da4bb35fe3e12cd8edf6ae0e048ff2417,2,raw|train,sano,dataset/raw/sano/sano_12389.jpg|dataset/train/sano/sano_12389.jpg
5a292aceb757f45d7d115b6fee3f13702827d90ebe8f9b10e486aa1d673cbda6,2,raw|train,peligro,dataset/raw/peligro/peligro_12489.jpg|dataset/train/peligro/peligro_12489.jpg
5a2f107800a7e461a1daf89ddbb3e2497a638c55be2c38ed3db32b484a08dbab,2,raw|train,sano,dataset/raw/sano/sano_12479.jpg|dataset/train/sano/sano_12479.jpg
5a3fcc4301a95047c53b2c24c9283d350bc730ff11a9a5e33170bb0e19ba7cd1,2,raw|validation,sano,dataset/raw/sano/sano_05068.jpg|dataset/validation/sano/sano_05068.jpg
5aafd843a4b55c96da21c68bc8000c91779375fcaa0a84ac0ed8be560386bd9d,2,raw|train,atencion,dataset/raw/atencion/atencion_14118.jpg|dataset/train/atencion/atencion_14118.jpg
5ac6e43284cb5c117da1650b94816d2cae988854e048c47c781df221435b0fa0,2,raw|train,atencion,dataset/raw/atencion/atencion_00656.jpg|dataset/train/atencion/atencion_00656.jpg
5ac8bc0a61bddcf56147b620e91dc6ae6bdd0521283b9f69a75ccfd632fa1fd9,2,raw|validation,sano,dataset/raw/sano/sano_05407.jpg|dataset/validation/sano/sano_05407.jpg
5ade159bd387f2e6939f4b890004bae71901e14ec26f6f1a6f4b92d07f9ca153,2,raw|test,peligro,dataset/raw/peligro/peligro_08116.jpg|dataset/test/peligro/peligro_08116.jpg
5af3863eefea1f02fcd2eae2725d19ee61c87e50a29f944d1f6788215e62b8e8,2,raw|train,sano,dataset/raw/sano/sano_00919.jpg|dataset/train/sano/sano_00919.jpg
5b0f7e16b77a90123c2a1f3096a47a0a09ac5ddcef7b1a123f3a061d8cc25e25,2,raw|train,peligro,dataset/raw/peligro/peligro_02727.jpg|dataset/train/peligro/peligro_02727.jpg
5b239c2b3e4d82dad5ab78862dd1534826726bcd60b63479f963bf58aa325ed4,2,raw|validation,peligro,dataset/raw/peligro/peligro_00898.jpg|dataset/validation/peligro/peligro_00898.jpg
5b2bc5adb1d19e1ca066b2641a1fe51813d7761d87ff3b995f141064f30c2f46,2,raw|validation,sano,dataset/raw/sano/sano_12480.jpg|dataset/validation/sano/sano_12480.jpg
5b32766e8b90bfced3151f7424d8a5a422ef31db4518d462172a0498ff7ad76a,2,raw|validation,sano,dataset/raw/sano/sano_05868.jpg|dataset/validation/sano/sano_05868.jpg
5b3d07dca6f7c5866c215450311cd9dc601016c47a4abae7c632854c263add29,2,raw|train,atencion,dataset/raw/atencion/atencion_00979.jpg|dataset/train/atencion/atencion_00979.jpg
5bbd96eff7e906e5c1cb547033fafd65192a4b08b0725ecc0a3cc4c26385af1e,2,raw|train,sano,dataset/raw/sano/sano_00424.jpg|dataset/train/sano/sano_00424.jpg
5be371cbc422e3c8f6f0656e8d7aefd3a1bb860c23412af7650bb6fb973ab64f,2,raw|validation,sano,dataset/raw/sano/sano_00252.jpg|dataset/validation/sano/sano_00252.jpg
5c39a47f7cc1a480b8f56694f48056db628ada68881fe23e10931d88c87ba53f,2,raw|train,peligro,dataset/raw/peligro/peligro_00532.jpg|dataset/train/peligro/peligro_00532.jpg
5c3d8f42d8d634dcdf2a1ded3d65d0182e5002c1181dd3e636db8adb64aa64f0,2,raw,atencion|peligro,dataset/raw/atencion/atencion_01236.jpg|dataset/raw/peligro/peligro_01688.jpg
5c62cdcd17cd1670c66b5609fa5357e3d57ffd6d55586384abaf69630ec111a1,2,raw|train,sano,dataset/raw/sano/sano_04330.jpg|dataset/train/sano/sano_04330.jpg
5c73746fec5474f701e13cfe8d2cd2f868f563d168308d0eb66a9830081a378c,2,raw|train,atencion,dataset/raw/atencion/atencion_02644.jpg|dataset/train/atencion/atencion_02644.jpg
5c7ede45cc2ebdeeb03b1827c6f50d7e98a9491e03f728fc824889e9d724574f,2,raw|train,atencion,dataset/raw/atencion/atencion_03022.jpg|dataset/train/atencion/atencion_03022.jpg
5cb7de0b6cd01db92259ccf605cade8cd3feff4157047d644ec5822cf466e0ed,2,raw|train,atencion,dataset/raw/atencion/atencion_02297.jpg|dataset/train/atencion/atencion_02297.jpg
5cc1c2eb9cc04a54497f9020954a436224f5afeb185ff9ccdcdf7ae3afb9c06c,2,raw|train,sano,dataset/raw/sano/sano_12415.jpg|dataset/train/sano/sano_12415.jpg
5ccd3771bee93bc89dbbf1392ca94a79683b2c3ca3ae79a116bb7b5b246fe86d,2,test,atencion|peligro,dataset/test/atencion/atencion_07007.jpg|dataset/test/peligro/peligro_01895.jpg
5ce336c3279e4aa541f15cbb73f38ee4e44265b53e7e76d0262ffb4026ed6c18,2,raw|test,peligro,dataset/raw/peligro/peligro_11744.jpg|dataset/test/peligro/peligro_11744.jpg
5cfcfeec62fd54950985a9217ffc3d188552172ef92ccc4bdabc638a514d355a,2,raw|train,sano,dataset/raw/sano/sano_12452.jpg|dataset/train/sano/sano_12452.jpg
5d00b62765ad6ee8f3f3be4f7c57252aa69ebe63e294a9c97b5f43eee2c1379e,2,raw|train,sano,dataset/raw/sano/sano_12393.jpg|dataset/train/sano/sano_12393.jpg
5d212811ec9d2faf8294b6c36cf1c3630425bb4a01ab808a71d1a66653f0fa12,2,raw|train,peligro,dataset/raw/peligro/peligro_10108.jpg|dataset/train/peligro/peligro_10108.jpg
5d2d2527ffb6cfc110369759a0509a8a03878cf0422f1c30c8376be8fcfa08c6,2,raw|train,peligro,dataset/raw/peligro/peligro_03343.jpg|dataset/train/peligro/peligro_03343.jpg
5d5534baf88c95dc2a337ae8d6f9fa496daef9f96219fd9487c02e5d57a94c60,2,raw|validation,sano,dataset/raw/sano/sano_12434.jpg|dataset/validation/sano/sano_12434.jpg
5d6d8ae058ecc2fd07acea9b67a76b753b5699c73f9a508ebc64fc6a8ca94245,2,raw|train,peligro,dataset/raw/peligro/peligro_03617.jpg|dataset/train/peligro/peligro_03617.jpg
5d91baf8b055353e7a22fed54ea77c9471637cc9cc55c706a7e7721f0f4aab39,2,raw|train,peligro,dataset/raw/peligro/peligro_00272.jpg|dataset/train/peligro/peligro_00272.jpg
5dba3d3cf84b628916781d04202d0e96636985a7d2b4cde0b3ea9d1298fe8965,2,raw|validation,peligro,dataset/raw/peligro/peligro_08168.jpg|dataset/validation/peligro/peligro_08168.jpg
5dbcf200abb8b1dfedb26360035c35d8abd52412f84ca9e54d5ab97a8729d0c0,2,raw|validation,sano,dataset/raw/sano/sano_01218.jpg|dataset/validation/sano/sano_01218.jpg
5dc5653ef899d690fc0357758e01f6acdd35e512ba9edced5501f229a3f0ad05,2,raw|validation,atencion,dataset/raw/atencion/atencion_14195.jpg|dataset/validation/atencion/atencion_14195.jpg
5e1bfe0db0608707cff76322d2d86437395249f22e77d945486b1e20ead70205,2,raw|train,sano,dataset/raw/sano/sano_00425.jpg|dataset/train/sano/sano_00425.jpg
5e3c6c06b402101fb3965255dc716ca9696c45a79059cb8163a2c2c32c57c5d1,2,raw|test,peligro,dataset/raw/peligro/peligro_01003.jpg|dataset/test/peligro/peligro_01003.jpg
5e42e898c85c5f9e93576824785616b211261261b2e45bd1a07583802440819b,2,raw|train,peligro,dataset/raw/peligro/peligro_00878.jpg|dataset/train/peligro/peligro_00878.jpg
5e4f0d98e05de7006a5daf9011f9019f7eecdd3316c4c2838fe42b085b38c450,2,raw|validation,sano,dataset/raw/sano/sano_01238.jpg|dataset/validation/sano/sano_01238.jpg
5e80b557e11c7f29f40eaf153056771cea0c6a2b4c7fad7f44f0e091ad9fd983,2,raw|train,atencion,dataset/raw/atencion/atencion_04687.jpg|dataset/train/atencion/atencion_04687.jpg
5e958b92b4198153e0835ea21e7c933c6cb821f45bc326978bfcf700084846be,2,raw|train,peligro,dataset/raw/peligro/peligro_00824.jpg|dataset/train/peligro/peligro_00824.jpg
5ea6bb1e0813ee97e5d31f3ce33abe84a3fe1e76c74fe97450f9e7fa8fabeb6c,2,raw|validation,peligro,dataset/raw/peligro/peligro_01167.jpg|dataset/validation/peligro/peligro_01167.jpg
5ee39d53b7411a17465c7a64ca7be52fad5968c715fbce15da80974bd3298324,2,raw|test,atencion,dataset/raw/atencion/atencion_14208.jpg|dataset/test/atencion/atencion_14208.jpg
5ee67668892b4b113798393ecb6f29d66428f0e1d9bc0eafcdd49e03597a44a8,2,raw|train,peligro,dataset/raw/peligro/peligro_06756.jpg|dataset/train/peligro/peligro_06756.jpg
5eeb4baaea0a18a4f96bb0bef52a9a82da60710296ba06fdadd6ef02dcf05eae,2,raw|validation,peligro,dataset/raw/peligro/peligro_00798.jpg|dataset/validation/peligro/peligro_00798.jpg
5f012019df91ed2e7cb9779dd70fb000484ec9dffeaf95bfbfdaf20e9c614914,2,raw|train,atencion,dataset/raw/atencion/atencion_02257.jpg|dataset/train/atencion/atencion_02257.jpg
5f4ebb5b4661603953f9123bb211f08540f5a19aa18340836d60605e3754e3f3,2,raw|train,sano,dataset/raw/sano/sano_09592.jpg|dataset/train/sano/sano_09592.jpg
5f5e528397b66bcd3eaa3ef19b0c81cd2c4172edc2729b6cc3ad4e919fa7ab1d,2,raw|train,peligro,dataset/raw/peligro/peligro_00897.jpg|dataset/train/peligro/peligro_00897.jpg
5fe6e6f37a6f2a39ce99f68601d8cb10740acf9043c2c9dabe40b06a2fad106b,2,raw,atencion|peligro,dataset/raw/atencion/atencion_01361.jpg|dataset/raw/peligro/peligro_02290.jpg
5ff3d8337b82e40b27bdf61f964621b637677c2947c2d684627223fd4656b83c,2,raw|validation,sano,dataset/raw/sano/sano_11542.jpg|dataset/validation/sano/sano_11542.jpg
60101094437e3ed4390c8977c51c5f589a68a97332f70f8dc0a1b00265f4c194,2,raw|validation,peligro,dataset/raw/peligro/peligro_00972.jpg|dataset/validation/peligro/peligro_00972.jpg
601a340db7929f5b656eb909bd9c7e2126a34caae5ea6248bfc910ed6cd4870f,2,raw|train,atencion,dataset/raw/atencion/atencion_02919.jpg|dataset/train/atencion/atencion_02919.jpg
6060590a4f84cc1c013ba452b8d9ff22b27f1b14e8ced30ee0e19603f20593b7,2,raw|train,sano,dataset/raw/sano/sano_12455.jpg|dataset/train/sano/sano_12455.jpg
606a10ca6122ce30897a96b496aebbae57544826a1ac691a71242384a6d59b5b,2,raw|train,peligro,dataset/raw/peligro/peligro_00158.jpg|dataset/train/peligro/peligro_00158.jpg
608f80ff80e56741fc91e9e2094ca8fff61ee1a6a01a489d04eef4f87fdb1d61,2,raw|validation,sano,dataset/raw/sano/sano_00621.jpg|dataset/validation/sano/sano_00621.jpg
609143b96004cf6ae32ae0ad76e7ffebdd1cba3d0fdbdcc7029aa19398cfe30b,2,raw|train,sano,dataset/raw/sano/sano_00736.jpg|dataset/train/sano/sano_00736.jpg
6092066f99b1469c928ce8aeaca0223d8aae09f290f3ac32ad7d5c2ce39abfa3,2,raw|train,peligro,dataset/raw/peligro/peligro_00196.jpg|dataset/train/peligro/peligro_00196.jpg
60a8dc428f3de78998b5cecc2dfa89dc8403bc0af14249fde722d6878f792211,2,raw|train,atencion,dataset/raw/atencion/atencion_03695.jpg|dataset/train/atencion/atencion_03695.jpg
60b721797ddd343083c2e6c9d7fe7f9f835eea3a4c13e07c2234f3305703161e,2,raw|train,atencion,dataset/raw/atencion/atencion_14111.jpg|dataset/train/atencion/atencion_14111.jpg
60c64f9a31ca72c1f07476ee8a2508c8d69b8df4fd248b7dd3d78819a7f65d81,2,raw|validation,atencion,dataset/raw/atencion/atencion_00044.jpg|dataset/validation/atencion/atencion_00044.jpg
60cb9a29ab03b87555d603375aaad26f5fb4119c11f585f279b0dd6067252d5d,2,raw|train,peligro,dataset/raw/peligro/peligro_10184.jpg|dataset/train/peligro/peligro_10184.jpg
60cf148449438f4d09c650b4f48d5fbc49af546dae21ad393f5aa6770622f76f,2,raw|test,atencion,dataset/raw/atencion/atencion_00068.jpg|dataset/test/atencion/atencion_00068.jpg
60dcdea9e2ce9a9dc1ab2347eaa1388c5684860407833df32572439e97c359bb,2,raw|train,atencion,dataset/raw/atencion/atencion_07610.jpg|dataset/train/atencion/atencion_07610.jpg
60e9d7b8b72db31244a0200d2d305bc54fb36fefa6e25852de53c63e90d34ae8,2,raw|train,atencion,dataset/raw/atencion/atencion_14217.jpg|dataset/train/atencion/atencion_14217.jpg
61175d5ff4442e27b6a7fafb01644072de5ecdef52cd0071afe57653b0ae085f,2,raw|train,atencion,dataset/raw/atencion/atencion_00619.jpg|dataset/train/atencion/atencion_00619.jpg
6135172b730d0343f28786d055583997d41dccdeabf0e98f4e8f7b8585106c35,2,raw|train,sano,dataset/raw/sano/sano_12478.jpg|dataset/train/sano/sano_12478.jpg
613b4c5f4af0e30b691c0269d719d4a8e03e90fdbd663063993924bf67bbd225,2,raw|train,sano,dataset/raw/sano/sano_05011.jpg|dataset/train/sano/sano_05011.jpg
618ae3c9bf6066ca744e35e65b5b3ab309f98e8be460abffc1aa53c9107c30b9,2,raw|train,sano,dataset/raw/sano/sano_12462.jpg|dataset/train/sano/sano_12462.jpg
618e159ec1e1e35c3dd026896fc25309a225974e23dfa2e501d95a9759357285,2,raw|train,atencion,dataset/raw/atencion/atencion_04060.jpg|dataset/train/atencion/atencion_04060.jpg
619be0063757c6b2c609e1edb1afda221180079d4958d6145f0da8a89d3cf56d,2,raw|train,atencion,dataset/raw/atencion/atencion_08863.jpg|dataset/train/atencion/atencion_08863.jpg
61ab5e936e58b8f869243f7592804d492988a1ab12a244d2b40cc94cabd31218,2,raw|train,peligro,dataset/raw/peligro/peligro_00145.jpg|dataset/train/peligro/peligro_00145.jpg
61b26bd764267936fe90ec5a9b05f1daeaf93f6ef6d25620e76ac0d74ea85d99,2,raw|train,atencion,dataset/raw/atencion/atencion_00433.jpg|dataset/train/atencion/atencion_00433.jpg
61ce6bc904c20541891b49144afa5f57ac9f66dc6596685b8dac300a23dfc0bf,2,raw|train,sano,dataset/raw/sano/sano_12526.jpg|dataset/train/sano/sano_12526.jpg
61e8d9ee37f3d46ae569ed30e2893e61dd880e31be02ab0198394a99cef4ca5a,2,raw|train,sano,dataset/raw/sano/sano_00367.jpg|dataset/train/sano/sano_00367.jpg
61fe65902ea328488ae42a8305ac6c5275ccda3d292f0f750b633ee63ade50b3,2,raw|train,sano,dataset/raw/sano/sano_12466.jpg|dataset/train/sano/sano_12466.jpg
62bba5142aac1d944489f03b58d88e3ee185e6a533618e7685e9c3abd9d78d4d,2,raw|validation,sano,dataset/raw/sano/sano_04167.jpg|dataset/validation/sano/sano_04167.jpg
631ec6bfe75510b8a402fabca0c961344addd88d599da850e6ec25714490ad0f,2,raw|train,atencion,dataset/raw/atencion/atencion_06519.jpg|dataset/train/atencion/atencion_06519.jpg
6368dd7256bf64d45b849b0f46edb8bbcead958dfc1562f0ddeb6c7ec0014170,2,raw|train,peligro,dataset/raw/peligro/peligro_00188.jpg|dataset/train/peligro/peligro_00188.jpg
637b1a442fa7491c684e1404cf35ddb33a19fb3e930facdfbb087995a80bf73e,2,raw|train,peligro,dataset/raw/peligro/peligro_02817.jpg|dataset/train/peligro/peligro_02817.jpg
6386b973e295ffbd9899a46bba635466814e21b1905362a2038d1fc8cc5b2c8a,2,raw|train,sano,dataset/raw/sano/sano_04285.jpg|dataset/train/sano/sano_04285.jpg
639283a43d052356b87fde9166350c00dd1f44c6d43befeb911ceebeb19cebb6,2,raw|train,atencion,dataset/raw/atencion/atencion_02593.jpg|dataset/train/atencion/atencion_02593.jpg
63a8d7b37be12b52910b321c5ae6fe798bb4001306a3b699ee0f136776b852ba,2,raw|validation,atencion,dataset/raw/atencion/atencion_03792.jpg|dataset/validation/atencion/atencion_03792.jpg
63b53fca25ce0945faf9c0189f6494115113e9ef75623f393ee0f1ecbb7c05c7,2,raw|train,atencion,dataset/raw/atencion/atencion_11798.jpg|dataset/train/atencion/atencion_11798.jpg
63ed8f2c5ccdd6a018d669595ef0d3b9429b488d05faaee4b9b7f3a79bc543e6,2,raw|validation,atencion,dataset/raw/atencion/atencion_00287.jpg|dataset/validation/atencion/atencion_00287.jpg
63f862c0e3772d74b6090fa180e87ff49b02aee6c71958fbdb16e6c859d8d991,2,raw|train,sano,dataset/raw/sano/sano_00631.jpg|dataset/train/sano/sano_00631.jpg
642de13fd10eb2bfdaa8d5b05a437a784930a981a43d763bb6ef6f12e92e764a,2,raw|train,sano,dataset/raw/sano/sano_03257.jpg|dataset/train/sano/sano_03257.jpg
643c7314642279757c49c227431767f982dee66d59be7b46d0af83b8058e6632,2,raw|validation,sano,dataset/raw/sano/sano_12396.jpg|dataset/validation/sano/sano_12396.jpg
6445439298894dbccb277da55fd2ca6db2539170844fc3c52eb86d20154c5989,2,raw|validation,sano,dataset/raw/sano/sano_04325.jpg|dataset/validation/sano/sano_04325.jpg
645b56b75a6bc89bbcd53acf28d8cdd3250988fd41ceeeee8633ca05e2cb67a7,2,raw|train,atencion,dataset/raw/atencion/atencion_00373.jpg|dataset/train/atencion/atencion_00373.jpg
645ddaa95f355d439d6ce4b1d6e7df01c22070251a657ccb5c9384174df842f4,2,raw|train,peligro,dataset/raw/peligro/peligro_13361.jpg|dataset/train/peligro/peligro_13361.jpg
646cf2a8438c1e7ae77f3cb603a51bf275e523aa72e37f0f567692429eaacf58,2,raw|test,atencion,dataset/raw/atencion/atencion_01107.jpg|dataset/test/atencion/atencion_01107.jpg
64703abb46fba328463eff912db3d136f51ab7cece3730a6ce60d3353033e756,2,raw|train,sano,dataset/raw/sano/sano_00398.jpg|dataset/train/sano/sano_00398.jpg
648f3c3f82064a284cd9417682806b26003aa0493e910a91e41347264b1d5c33,2,raw|validation,peligro,dataset/raw/peligro/peligro_00337.jpg|dataset/validation/peligro/peligro_00337.jpg
654ef95bd445ff0786697c9b7fc2a7230732bfe9b7f29b534634905a0a503b5c,2,raw|train,atencion,dataset/raw/atencion/atencion_05830.jpg|dataset/train/atencion/atencion_05830.jpg
656b6c84b6038e842d1890d4b2f1777ab418b917ae7ad988cc7ab686759ab82c,2,raw|train,peligro,dataset/raw/peligro/peligro_14441.jpg|dataset/train/peligro/peligro_14441.jpg
656e4ce074b086e9d768446d54d4833f01854f9ca2c1e0b6f3f476bb16a1ae96,2,raw|validation,atencion,dataset/raw/atencion/atencion_04081.jpg|dataset/validation/atencion/atencion_04081.jpg
6581bd9a673a969ca32a3b03f5f120d861aae69e059d0ca506dcf128740b4826,2,raw|train,atencion,dataset/raw/atencion/atencion_14126.jpg|dataset/train/atencion/atencion_14126.jpg
65925db73da2f9694a60b9fb3cc860f2d1b1d9b1d761c6efee1918b3a541a7ce,2,raw|train,peligro,dataset/raw/peligro/peligro_00472.jpg|dataset/train/peligro/peligro_00472.jpg
65de11150d144f784c099e2268be293fc41876778aafc470c7d4d002b6054d18,2,raw|validation,atencion,dataset/raw/atencion/atencion_03372.jpg|dataset/validation/atencion/atencion_03372.jpg
65f3e5e7774645ccc8484d12c9737bea68baf8b0cbbf85b1e0460a5e40b61d9a,2,raw|test,peligro,dataset/raw/peligro/peligro_11991.jpg|dataset/test/peligro/peligro_11991.jpg
665c6ad6a30f913d5bb20f2061fa21c39fece02c8e90fc58aa3586fdc7eae9e3,2,raw|train,peligro,dataset/raw/peligro/peligro_12093.jpg|dataset/train/peligro/peligro_12093.jpg
665d759dcd4ea0828b2af22e0b33a79dfb022b1c15df5e3b003cadab13c4d8f4,2,raw|train,sano,dataset/raw/sano/sano_00120.jpg|dataset/train/sano/sano_00120.jpg
66611bb87c3008d8e33fb1ccf2817ad676443f196f113aaf6061b8a66d498d1b,2,raw|train,sano,dataset/raw/sano/sano_03175.jpg|dataset/train/sano/sano_03175.jpg
667434a3efb409823fee2216f63dcc989171f64626eb938a47aa8108aa00a483,2,raw|train,sano,dataset/raw/sano/sano_03965.jpg|dataset/train/sano/sano_03965.jpg
6692d83ffa81452b4cc12dba9b6cee95d7262945acc16923450d3b3fd37d4186,2,raw|train,sano,dataset/raw/sano/sano_03458.jpg|dataset/train/sano/sano_03458.jpg
66f53cc8ea63b1af168f5e4b782a49ea9e08959216788f6946bab90551836a23,2,raw|validation,atencion,dataset/raw/atencion/atencion_02991.jpg|dataset/validation/atencion/atencion_02991.jpg
671ad2d6963f6ab47ab1322662e7135b7a7768602ab9c2f1c7c18c8a7792bedd,2,raw|validation,sano,dataset/raw/sano/sano_05325.jpg|dataset/validation/sano/sano_05325.jpg
671ccb19f8a1a18c9fe0999247a80128049c7863142ef46598ec7882984042aa,2,raw|train,peligro,dataset/raw/peligro/peligro_01001.jpg|dataset/train/peligro/peligro_01001.jpg
677a6c3fcea5e01c31180c06c36daff895b8e1a54e35cfbe530088b9f8315333,2,raw|train,peligro,dataset/raw/peligro/peligro_08110.jpg|dataset/train/peligro/peligro_08110.jpg
6782d71ecdfea80b899bd312f98a0c5a45da4bdabb320d48eded9119b782ff2c,2,raw|train,peligro,dataset/raw/peligro/peligro_00856.jpg|dataset/train/peligro/peligro_00856.jpg
6798776c61fa52037776e7f883e17bf2963d417033463703a0d2def88e9eb0fe,2,raw|validation,peligro,dataset/raw/peligro/peligro_05195.jpg|dataset/validation/peligro/peligro_05195.jpg
67dcc9614a83fc2615ecd1b9c5bea91633f9dc9e129fda286e60b0c84a6a7e6f,2,raw|train,atencion,dataset/raw/atencion/atencion_14081.jpg|dataset/train/atencion/atencion_14081.jpg
67ee0f9166211ded193fb07cbc48636836faa06f6499c3916c8588d78a0273d0,2,raw|train,sano,dataset/raw/sano/sano_09122.jpg|dataset/train/sano/sano_09122.jpg
67f607561911e90d4005e27007912dabf9ae72c8540444c13915d060661ab6c5,2,raw|train,sano,dataset/raw/sano/sano_00647.jpg|dataset/train/sano/sano_00647.jpg
680f7558fd30a18ad77c0876873985ce2404572d87a0abbd5539cea71a455ba2,2,raw|train,atencion,dataset/raw/atencion/atencion_12447.jpg|dataset/train/atencion/atencion_12447.jpg
6813491d04be50fd48f806bdab41600c903d24263e9fe9d764082a505183df6a,2,raw|test,sano,dataset/raw/sano/sano_05039.jpg|dataset/test/sano/sano_05039.jpg
682c8b4dd076e1afa6f2cf82a30c37276e8275746f181b8b71a4e39b1c289b16,2,raw|train,peligro,dataset/raw/peligro/peligro_00596.jpg|dataset/train/peligro/peligro_00596.jpg
6844dca75a6e6ad77083dcd5282bdf3e7269c155565396d612a3779b84a9682d,2,raw|train,sano,dataset/raw/sano/sano_12364.jpg|dataset/train/sano/sano_12364.jpg
68565af6e3595d3bd948993d7da1aa5669332b03a26c139db6ea0c1f1456f53c,2,raw|train,sano,dataset/raw/sano/sano_01010.jpg|dataset/train/sano/sano_01010.jpg
68566af6f8bcf9b7a62ebd443b71d8b98076c8fcc7aac25c032b1ae8f187ccaf,2,raw|train,peligro,dataset/raw/peligro/peligro_05921.jpg|dataset/train/peligro/peligro_05921.jpg
685dfe652e271e48d3c0cdf4643b70db5bae985da39683e4ceae98bc1a033cfd,2,raw|validation,peligro,dataset/raw/peligro/peligro_03138.jpg|dataset/validation/peligro/peligro_03138.jpg
68b1c20b7df43a08db6400d1c798db57f8782963ef7965f83190cab9c949f0a0,2,raw|train,peligro,dataset/raw/peligro/peligro_04733.jpg|dataset/train/peligro/peligro_04733.jpg
68c72ff460ef3dd521991a0d4263ddcae84d00782d3d82477890cf1dd0ddf8b1,2,raw|train,sano,dataset/raw/sano/sano_00402.jpg|dataset/train/sano/sano_00402.jpg
68e0a8692dd26bfd066858bfc994d45f152332fb6c92d13bd6f4f5e17e766763,2,raw|validation,peligro,dataset/raw/peligro/peligro_10132.jpg|dataset/validation/peligro/peligro_10132.jpg
68f7d8458527de1052deb13f377b47922a2ba2e6e261699785a7a6dc22dd7a6e,2,raw|test,sano,dataset/raw/sano/sano_12471.jpg|dataset/test/sano/sano_12471.jpg
690d8f7bb2a7db4fbfbaaa47b6fe8bdd5d1793b47efab055ed172ad91fffeec3,2,raw|test,sano,dataset/raw/sano/sano_12496.jpg|dataset/test/sano/sano_12496.jpg
6956521a62417fafde7893bdcc7b4a654a2757d393139020cac8a9725cceb3c9,2,raw|train,peligro,dataset/raw/peligro/peligro_03482.jpg|dataset/train/peligro/peligro_03482.jpg
69bd5998fe234d23679a0f8f0e71838997efc1d94f3f50984533177ef5d86c52,2,raw|validation,peligro,dataset/raw/peligro/peligro_02784.jpg|dataset/validation/peligro/peligro_02784.jpg
69bfd9494612ca9c095e676b738139ab54fb72b9987938c1a3f3c438e3c7a702,2,raw|train,sano,dataset/raw/sano/sano_06691.jpg|dataset/train/sano/sano_06691.jpg
69e8de5d74f9fa3466ee39a0c8b98280cd68ae5427d93c2034da42c109c503a1,2,raw|train,sano,dataset/raw/sano/sano_00986.jpg|dataset/train/sano/sano_00986.jpg
69f419129ff5ab7e82d33d832c4dae37278fb5d7a3e90826d051adc5841fa782,2,raw|train,atencion,dataset/raw/atencion/atencion_14127.jpg|dataset/train/atencion/atencion_14127.jpg
69fb33917d8046f8d68739b163bb82627a485db88b27576a583632bb441b6ff4,2,raw|validation,atencion,dataset/raw/atencion/atencion_02218.jpg|dataset/validation/atencion/atencion_02218.jpg
6a150a837c0fea0df5d3e6c3de2403beac266047a07015ff75a97eca0fbe837c,2,raw|train,sano,dataset/raw/sano/sano_12484.jpg|dataset/train/sano/sano_12484.jpg
6a19bf1e086f1a0e344a4cdac6cd6b65e16e83801f91eee3c7ed29e7e4789cbd,2,raw|train,peligro,dataset/raw/peligro/peligro_04533.jpg|dataset/train/peligro/peligro_04533.jpg
6a4e8645828c33f38ed3556f096c181821fd3d5c7006e7d4b8728ba33a47f0ba,2,raw|validation,atencion,dataset/raw/atencion/atencion_14158.jpg|dataset/validation/atencion/atencion_14158.jpg
6a7541b2871f317edee99b3d666ccd0f5dd7fe0b6337e36159323a135ebfc62f,2,raw|train,peligro,dataset/raw/peligro/peligro_00051.jpg|dataset/train/peligro/peligro_00051.jpg
6a94084c0d093f107c25930f0aaf00426afe66f219103dadbe439c87d631a319,2,raw|train,peligro,dataset/raw/peligro/peligro_00857.jpg|dataset/train/peligro/peligro_00857.jpg
6a9ff39f105f5154d2cedf1a640e9de2bac7c4f7686dc840edfdd8952098828e,2,raw|validation,sano,dataset/raw/sano/sano_00511.jpg|dataset/validation/sano/sano_00511.jpg
6aa1888f07b29dd0cd808aab01d3ebd22cfb028e66c8be0e233b7faaa2b640b8,2,raw|validation,sano,dataset/raw/sano/sano_01031.jpg|dataset/validation/sano/sano_01031.jpg
6aa2ded4650ef85610a7c953b374a4ceb7afbffd1bcc5d98f9ccc4e9815ee7cb,2,raw|train,sano,dataset/raw/sano/sano_09017.jpg|dataset/train/sano/sano_09017.jpg
6aba27e01c9baed1419fa62ff95ce64fce7c5a3efef90ab2dbc665857c0e2e66,2,raw|train,atencion,dataset/raw/atencion/atencion_14182.jpg|dataset/train/atencion/atencion_14182.jpg
6aef2ea87916492570d3d607a8c82b6d010c237d2cd11b3f11fb320dd4545a40,2,raw|train,sano,dataset/raw/sano/sano_00368.jpg|dataset/train/sano/sano_00368.jpg
6b0ee1b5bf4835f71d0664cedb20219c5ccf5758305a3dc671eadb49f4521d44,2,raw|validation,sano,dataset/raw/sano/sano_12495.jpg|dataset/validation/sano/sano_12495.jpg
6b27632d6e079fcef42b3701f48085015644db7064cd7679883440aa6953c8fc,2,raw|train,peligro,dataset/raw/peligro/peligro_14065.jpg|dataset/train/peligro/peligro_14065.jpg
6b2e39b0bce7948f07ecb46edab7147a13b9a4f98ffec6849b9fcfab2b3522e0,2,raw|test,sano,dataset/raw/sano/sano_00291.jpg|dataset/test/sano/sano_00291.jpg
6b4b09602cb2c4387667c11b13b0760877a8351314d80bf950845d7ed2322e56,2,raw|train,peligro,dataset/raw/peligro/peligro_07322.jpg|dataset/train/peligro/peligro_07322.jpg
6b702f7792e26ef67d1c59d87249238d9b5527e1dc5993ad498c0beedcca97f7,2,raw|train,sano,dataset/raw/sano/sano_00271.jpg|dataset/train/sano/sano_00271.jpg
6b7ba415b8a35a2fd6c97b60fd79540d73bc7c09bfa013447efa16f893cf7381,2,raw|validation,peligro,dataset/raw/peligro/peligro_04497.jpg|dataset/validation/peligro/peligro_04497.jpg
6b7cc35efb1bfdb959c5bec91a667061d96067130f455cb234869e8753721049,2,raw|validation,atencion,dataset/raw/atencion/atencion_03321.jpg|dataset/validation/atencion/atencion_03321.jpg
6b819e4533104cd0dca2986632acadb7d7bdedd6d101d575807248eb045dff0f,2,raw|train,sano,dataset/raw/sano/sano_05029.jpg|dataset/train/sano/sano_05029.jpg
6bb64db8de4490113a58ab166d15c2de17c8c90507fab73ec90220558adffb4c,2,raw|train,peligro,dataset/raw/peligro/peligro_04521.jpg|dataset/train/peligro/peligro_04521.jpg
6bb85162df6ad5bb9d358f35948c9c6e59c43a744c50ea1b759880d9565c4eea,2,raw|train,sano,dataset/raw/sano/sano_10254.jpg|dataset/train/sano/sano_10254.jpg
6bbb8b3d128bf74eff66ca8eaf54fe7065f5a7ad3ead52110b4802e6dd7868da,2,raw|train,sano,dataset/raw/sano/sano_00432.jpg|dataset/train/sano/sano_00432.jpg
6bfd5e0ac0fcfcf80a65926c0450885c986b21cf73b66bf92d826792ae36cf54,2,raw|test,peligro,dataset/raw/peligro/peligro_00340.jpg|dataset/test/peligro/peligro_00340.jpg
6c103476ac4f25cbb82c68e573065896a416edf2f5b0cab724df8941b7db9bf5,2,raw|validation,peligro,dataset/raw/peligro/peligro_02854.jpg|dataset/validation/peligro/peligro_02854.jpg
6c10a86ff27a4cd4a1a787d3a1dfd0bcdb3fc724e86b1df25b8071a0bb626b36,2,raw|validation,peligro,dataset/raw/peligro/peligro_05410.jpg|dataset/validation/peligro/peligro_05410.jpg
6c34f835c41a48d49d7787c724e85ffe1a97efc6f5aff50f451f476116dfbc9d,2,raw|train,atencion,dataset/raw/atencion/atencion_00675.jpg|dataset/train/atencion/atencion_00675.jpg
6c4c88e081105283ef65dcca6a5263f0455ee05680c9cd7eb08dd4d5761b71e6,2,raw|train,atencion,dataset/raw/atencion/atencion_00336.jpg|dataset/train/atencion/atencion_00336.jpg
6ca5fd0ed0325b0c9e2b44b13502a66ca9460156acf567e6f679d33cfaf2e2c1,2,raw|train,sano,dataset/raw/sano/sano_00269.jpg|dataset/train/sano/sano_00269.jpg
6cc00619af3065709c77ca9fb1daec1299a91545f0d8e0741273032bbc3c9c5f,2,raw|train,peligro,dataset/raw/peligro/peligro_07692.jpg|dataset/train/peligro/peligro_07692.jpg
6ce3ab0c29ad2ab22adee7110f35d958562bc70c97c0ca0aaae98f6acfa125e5,2,raw|train,atencion,dataset/raw/atencion/atencion_14172.jpg|dataset/train/atencion/atencion_14172.jpg
6ce81ea08501a4cda7e3e92557cd1be45cc9a1806ccd1eb4113c9de7779f743f,2,raw|validation,peligro,dataset/raw/peligro/peligro_03660.jpg|dataset/validation/peligro/peligro_03660.jpg
6d1c481b800af5f0f7d62fcf997850ba0197040cd81660254acaf64da434570c,2,raw|train,sano,dataset/raw/sano/sano_06219.jpg|dataset/train/sano/sano_06219.jpg
6d1d710252bd6214f1d5ba38c7ee0006dabb3e0041a4fb9283cc5885833b3185,2,raw|train,sano,dataset/raw/sano/sano_12533.jpg|dataset/train/sano/sano_12533.jpg
6d35ee939011d4f4b62374b44cf5f9000ea37b89cb16852f1e501524290ad0a0,2,raw|train,atencion,dataset/raw/atencion/atencion_03368.jpg|dataset/train/atencion/atencion_03368.jpg
6d35f36e167ee42e0805808db91b0930f388036c132f4667da2ae53ac0ff00ad,2,raw|test,peligro,dataset/raw/peligro/peligro_03256.jpg|dataset/test/peligro/peligro_03256.jpg
6d3976011510aa15d2400fa27be9c10b153a8b5069d4cf14944b8c0e6c1d0553,2,raw|train,peligro,dataset/raw/peligro/peligro_00994.jpg|dataset/train/peligro/peligro_00994.jpg
6da2e52540f320da2f185e448165c247644b1cd54bc42d2dd79b016f0ca7d4cd,2,raw|train,peligro,dataset/raw/peligro/peligro_02919.jpg|dataset/train/peligro/peligro_02919.jpg
6da3b3699dc1cc818010f89e3dcbb4a5cb0c89221b5a4bc1ecbc24788acb6758,2,raw|train,atencion,dataset/raw/atencion/atencion_10884.jpg|dataset/train/atencion/atencion_10884.jpg
6da944516946a38e84091f64e86dec3c6efca779347f0c0eee8b7b81a172dd96,2,raw|train,atencion,dataset/raw/atencion/atencion_14087.jpg|dataset/train/atencion/atencion_14087.jpg
6db7c5753d5d55bc3772d6aab9ad2fba9921ecf08a7c5f98f6c4711b1bc34288,2,raw|validation,sano,dataset/raw/sano/sano_00419.jpg|dataset/validation/sano/sano_00419.jpg
6dbbe6eea1da561ebe04ebec7977e5c103815410ae086d1b54c898aaa9016abf,2,raw|validation,atencion,dataset/raw/atencion/atencion_02185 - copia.jpg|dataset/validation/atencion/atencion_02185.jpg
6dbd75a54bdd9a6b9d85ab76461e86840c29cc9610ef8331444bb0443eff3dab,2,raw|train,sano,dataset/raw/sano/sano_12530.jpg|dataset/train/sano/sano_12530.jpg
6ddeacb97b7c5fe052a6ab1d0be33d801c5f22c907610756075b0436a51cd987,2,raw|train,atencion,dataset/raw/atencion/atencion_14153.jpg|dataset/train/atencion/atencion_14153.jpg
6ddfe2bb454b15e7ef3f34847ea18baf8dad321e47ae00b9e91ce60b084baf7a,2,raw|validation,peligro,dataset/raw/peligro/peligro_14972.jpg|dataset/validation/peligro/peligro_14972.jpg
6e03e439eb32792c64ce4c61bebc1ecd95e5ea59302c9fdedbe402fa8669660e,2,raw|train,atencion,dataset/raw/atencion/atencion_03275.jpg|dataset/train/atencion/atencion_03275.jpg
6e1d5d97159b036f8599525466a53162142a601bf5aad7a945c8f050fdbbb661,2,raw|test,sano,dataset/raw/sano/sano_00281.jpg|dataset/test/sano/sano_00281.jpg
6e352e9032aef03cbdf8370894c909d95376518786784f96fabfec7cb73bfe14,2,raw|validation,peligro,dataset/raw/peligro/peligro_00921.jpg|dataset/validation/peligro/peligro_00921.jpg
6e43dec41948d9971af57f42c1c9581d7fff97f60bc1376b94ceac4cb0bad5be,2,raw|train,atencion,dataset/raw/atencion/atencion_14147.jpg|dataset/train/atencion/atencion_14147.jpg
6e4e88b1ccc243b12e3462c7270f1657037573619c3672b45a5cf287b4e40a5d,2,raw|train,sano,dataset/raw/sano/sano_08963.jpg|dataset/train/sano/sano_08963.jpg
6e66a97d6e1a4598d529cb1d9028428618e25b1eb3cb404844e5d1c32fde9f26,2,raw|train,peligro,dataset/raw/peligro/peligro_02870.jpg|dataset/train/peligro/peligro_02870.jpg
6e948145c0621f4a1c7afe21ed20ddaca95a903d18685ea14b1d93f2fa48059a,2,raw|train,sano,dataset/raw/sano/sano_12392.jpg|dataset/train/sano/sano_12392.jpg
6e9b6356f79da73e8b92d7f3485b4869b718fabf2c6eb8958b378e6b29317f4b,2,raw|train,peligro,dataset/raw/peligro/peligro_00757.jpg|dataset/train/peligro/peligro_00757.jpg
6eac2911cf3502a9bcb3f70227a8f6b8e5e01681e96b2699fa2738dfcbb0f439,2,raw|train,peligro,dataset/raw/peligro/peligro_03029.jpg|dataset/train/peligro/peligro_03029.jpg
6eb15e29467df0931723476b59cf3b61103e9745ef452ea3c06b3a0d94d5d880,2,raw|validation,sano,dataset/raw/sano/sano_00979.jpg|dataset/validation/sano/sano_00979.jpg
6eb2594d307f2262cee35d029a52b9bae2176bc7e1ef256b46358645dc9a92b9,2,raw|test,atencion,dataset/raw/atencion/atencion_02380.jpg|dataset/test/atencion/atencion_02380.jpg
6ef71c79c7a2d567688230897ccd67074cc1861c2f8eb2ac8010e6cde0708cb6,2,raw|validation,peligro,dataset/raw/peligro/peligro_10047.jpg|dataset/validation/peligro/peligro_10047.jpg
6ef8f66b9687b7df78d4bc750c4efa7449c149f2ec9aa02ed3d50db251c55d55,2,raw|train,sano,dataset/raw/sano/sano_10411.jpg|dataset/train/sano/sano_10411.jpg
6f0a0534a8a28e72aba1a6b94a667ec36213c43c6247a27867b13d35e756b076,2,raw|train,peligro,dataset/raw/peligro/peligro_05031.jpg|dataset/train/peligro/peligro_05031.jpg
6f1154534c24187221709a0c030f68983fde1c9d18cf7529406b8318352f7c4d,2,raw|train,atencion,dataset/raw/atencion/atencion_14174.jpg|dataset/train/atencion/atencion_14174.jpg
6f48aaa0e8774ac3fb462ff6bb93925b153b0e741583f3553e0e69dc11b950c4,2,raw|train,peligro,dataset/raw/peligro/peligro_04741.jpg|dataset/train/peligro/peligro_04741.jpg
6fe0432034f96a6023b4368751782db882d28ba894e388e0d7711301d09af748,2,raw|train,atencion,dataset/raw/atencion/atencion_00727.jpg|dataset/train/atencion/atencion_00727.jpg
701e9aaebd229173fcdb6ba766619660f7540c8d49770bb08943c14a28187f96,2,raw|test,sano,dataset/raw/sano/sano_08961.jpg|dataset/test/sano/sano_08961.jpg
70296becfa0a80721031a8bd1dcd50696ab823727fd165f20babcff611658586,2,raw|train,sano,dataset/raw/sano/sano_12473.jpg|dataset/train/sano/sano_12473.jpg
704e369f2e52f5db16f6281a88dfc5978551f7615958aaa7e4e8dbf4cf18423b,2,raw|train,atencion,dataset/raw/atencion/atencion_11276.jpg|dataset/train/atencion/atencion_11276.jpg
707e858da7142e09a6dca29dd6f74d52d81a54173ae7d1bea2ebec159b8a4987,2,raw|test,sano,dataset/raw/sano/sano_00027.jpg|dataset/test/sano/sano_00027.jpg
70818f255581f68fdb0c3c4eb98895ff70b9d7a76cf1c2826dc8d5fdac9df345,2,raw|validation,atencion,dataset/raw/atencion/atencion_02566.jpg|dataset/validation/atencion/atencion_02566.jpg
708b0b9e55e047ba3b35b926647cddb1c79e3208afb2f23221be7fbc319eb600,2,raw|validation,atencion,dataset/raw/atencion/atencion_00480.jpg|dataset/validation/atencion/atencion_00480.jpg
70a7350cc31b567af03bfdbd9902e93a72c167f25f1f116c1a7fdeb63eb82e87,2,raw|train,atencion,dataset/raw/atencion/atencion_00462.jpg|dataset/train/atencion/atencion_00462.jpg
70a820d42a07e7e9efafcd1d9a9665fb13008bbb17f44bb46b848ae6cc8ac601,2,raw|train,sano,dataset/raw/sano/sano_12361.jpg|dataset/train/sano/sano_12361.jpg
70e1036ec12c11832f0c28c63ac21d43f92b005da3fadad4c4c5f0f282c56cd3,2,raw|validation,atencion,dataset/raw/atencion/atencion_00690.jpg|dataset/validation/atencion/atencion_00690.jpg
7115094b38679ab3031efd6adaa71aa704296fc6403ced77973d746acd55ecbe,2,raw|train,sano,dataset/raw/sano/sano_06777.jpg|dataset/train/sano/sano_06777.jpg
7115118214147ada33445591a37276423ea51579fb7faccebc37de62201ca90c,2,raw|train,peligro,dataset/raw/peligro/peligro_01257.jpg|dataset/train/peligro/peligro_01257.jpg
71216e11c748f1a06fd1c0d0869f0eb66bfa5951cba5ae11aae8816add390412,2,raw|train,atencion,dataset/raw/atencion/atencion_05062.jpg|dataset/train/atencion/atencion_05062.jpg
716afab5ee5833fd76179bc4c8c1d1c0f514cd7dd2a38a25f6e3632e87ded0e4,2,raw|train,peligro,dataset/raw/peligro/peligro_04365.jpg|dataset/train/peligro/peligro_04365.jpg
719f534452aba33efbf581e3fc3e5ab17faa953da10e84cf44db5ce8e0b56e66,2,raw|train,sano,dataset/raw/sano/sano_03512.jpg|dataset/train/sano/sano_03512.jpg
71a21147a56498b8b352ebca331f5451c21b342f37b33510b3b229da7856b70d,2,raw|validation,peligro,dataset/raw/peligro/peligro_13512.jpg|dataset/validation/peligro/peligro_13512.jpg
71a82a4e0e41c42481052316408eda8322433cdd10c1ac8a11aa5188111abf12,2,raw|test,peligro,dataset/raw/peligro/peligro_00664.jpg|dataset/test/peligro/peligro_00664.jpg
71b903efcabfcf59507e12e8dd1011a5291a48fbc5e10734b5e5d3b0328b055e,2,raw|train,sano,dataset/raw/sano/sano_00560.jpg|dataset/train/sano/sano_00560.jpg
71bbaca0fc2269d5e59d9fba7c7a2c0f205cd83d22ad644ea9bf2de91b26783c,2,raw|train,peligro,dataset/raw/peligro/peligro_00383.jpg|dataset/train/peligro/peligro_00383.jpg
71d8b34775bde9c0d564736490338b6023c27907533187864da394ada13abda8,2,raw|train,peligro,dataset/raw/peligro/peligro_05717.jpg|dataset/train/peligro/peligro_05717.jpg
71da12a036d631f43bef88fba00eacc42bdc9a5b354e9f8e0c1e48df4bbe2cb9,2,raw|train,atencion,dataset/raw/atencion/atencion_00358.jpg|dataset/train/atencion/atencion_00358.jpg
71f84851d4c622e1f592556900f8c6a8f8aa60d3a7aa02b6628d4d9681854e84,2,raw|train,peligro,dataset/raw/peligro/peligro_05879.jpg|dataset/train/peligro/peligro_05879.jpg
7211fafd9cc3cdf441669d8cb45be1f0524047d69480b7199df7bf9b15a562a4,2,raw|train,atencion,dataset/raw/atencion/atencion_08823.jpg|dataset/train/atencion/atencion_08823.jpg
7232ac02f400a2ad45581b6189757673ba05284f419cc46588b099370268c9f8,2,raw|validation,sano,dataset/raw/sano/sano_12385.jpg|dataset/validation/sano/sano_12385.jpg
7260c942d7949cfd6cbc6e5cd7580d7648b13daf30bf5b44ee104aae569528a8,2,raw|validation,sano,dataset/raw/sano/sano_05290.jpg|dataset/validation/sano/sano_05290.jpg
72c450d286e7be8f31b03abd1376b6a07ab43713957b211d991f0df8c82f1fed,2,raw|train,atencion,dataset/raw/atencion/atencion_00057.jpg|dataset/train/atencion/atencion_00057.jpg
730220b64534df5a51f90855001330523d1160bb323309f6078673248d5a1b86,2,raw|validation,atencion,dataset/raw/atencion/atencion_14145.jpg|dataset/validation/atencion/atencion_14145.jpg
730d107165c549b6b6bbd40f7b2cdd3a13244844cbb9e950df81e219485a026e,2,raw|train,sano,dataset/raw/sano/sano_05829.jpg|dataset/train/sano/sano_05829.jpg
7347597d0ff573a956bc4e9a5423aea86114a754af3a1a0c718b27049c727b1f,2,raw|train,sano,dataset/raw/sano/sano_00335.jpg|dataset/train/sano/sano_00335.jpg
73530302876757731603e55e597ceed0adda7f2be4aa237c2641a5ce49e456f8,2,raw|train,peligro,dataset/raw/peligro/peligro_00165.jpg|dataset/train/peligro/peligro_00165.jpg
737020baf32a2e021b4580853dd024928efdb93768286ec6eaaf9d1a63df142c,2,raw|train,sano,dataset/raw/sano/sano_00579.jpg|dataset/train/sano/sano_00579.jpg
7377e946268833f1bd15cf858101dd0c5a5ff12f82a43c0946f3db89cd9dd524,2,raw|train,atencion,dataset/raw/atencion/atencion_04115.jpg|dataset/train/atencion/atencion_04115.jpg
7379120f6214e3b9aad03983aa57825da0df6510582697c22c5e89f75f6ab1fa,2,raw|validation,sano,dataset/raw/sano/sano_12387.jpg|dataset/validation/sano/sano_12387.jpg
7382f8bdcc9dad1a43bb9a125907eda2c199a9f81b31ded7faad815ef67aabb9,2,raw|train,peligro,dataset/raw/peligro/peligro_09997.jpg|dataset/train/peligro/peligro_09997.jpg
73b0c0804ab510691acdc2d35d3f467e1f8b1772f8b133b2c9e4daf7d8fc42b4,2,raw|train,atencion,dataset/raw/atencion/atencion_06647.jpg|dataset/train/atencion/atencion_06647.jpg
73cd563d11900e6d781ed33bd990635256ff77b7b434890a136b5c335c3f3124,2,raw|test,sano,dataset/raw/sano/sano_00085.jpg|dataset/test/sano/sano_00085.jpg
73eefd1259cea923fb2759908d8ccc27308f95ce308c79c0cf05c3605dbfad73,2,raw|validation,sano,dataset/raw/sano/sano_04155.jpg|dataset/validation/sano/sano_04155.jpg
74348b0072e333c49fe7483266ad2e8c636ffc23a5ad6bac6e31ed37de3aba21,2,raw|train,sano,dataset/raw/sano/sano_12553.jpg|dataset/train/sano/sano_12553.jpg
74742127c62de97c8fa478ff6cb7e16f8c8c29c3a14fd24e0a5f75b3c47d1b99,2,raw|validation,peligro,dataset/raw/peligro/peligro_06023.jpg|dataset/validation/peligro/peligro_06023.jpg
74795b73cfafdfa391d9e4656c961c08b6ec184343e92e33c8e4dd33f1006ec0,2,raw|train,atencion,dataset/raw/atencion/atencion_05749.jpg|dataset/train/atencion/atencion_05749.jpg
74d9ab4fe9199deaebb376deced67327e4c95b2e151a52124dd61d043a809f38,2,raw|train,sano,dataset/raw/sano/sano_04762.jpg|dataset/train/sano/sano_04762.jpg
7511b35ddcc5fc8d01fe560ca63034fa5ef3b0294f3168725ab7297624f65551,2,raw|validation,sano,dataset/raw/sano/sano_09429.jpg|dataset/validation/sano/sano_09429.jpg
757db8474aba33559bde679ed4a7f1594ddf0818bcb0103d9472896ff35ea315,2,raw|validation,atencion,dataset/raw/atencion/atencion_08848.jpg|dataset/validation/atencion/atencion_08848.jpg
75a0954fa62e49461f43ae78311410c926208a9077d277654d9958d2c46958d6,2,raw|train,peligro,dataset/raw/peligro/peligro_01131.jpg|dataset/train/peligro/peligro_01131.jpg
75a99e7365ff14448de7ad99d7606a278bcf5119ed745ee92784e1214fea89c3,2,raw|train,peligro,dataset/raw/peligro/peligro_13479.jpg|dataset/train/peligro/peligro_13479.jpg
75aa51df078643aa9109216c56b022051d9e6762483fc24efaa1c840c2745592,2,raw|train,peligro,dataset/raw/peligro/peligro_05403.jpg|dataset/train/peligro/peligro_05403.jpg
7605f6288d23bd376457ce442a46b1af12fab91b035be58d636336cb0a212ddc,2,raw|train,atencion,dataset/raw/atencion/atencion_03051.jpg|dataset/train/atencion/atencion_03051.jpg
7607a8e979c8b02d3909713d1334bfebff2c3652e1181855a844f1a384952ce2,2,raw|train,peligro,dataset/raw/peligro/peligro_01139.jpg|dataset/train/peligro/peligro_01139.jpg
764a7e479deede5b367f4ec5b3e4936a6f95abbcae6d5d4510c10cbff2fe76ae,2,raw|validation,sano,dataset/raw/sano/sano_11842.jpg|dataset/validation/sano/sano_11842.jpg
768d9cee9cf79d3e9ced28a750355d9e5b61174acccea2dfef5bfc29db656b75,2,raw|train,sano,dataset/raw/sano/sano_05422.jpg|dataset/train/sano/sano_05422.jpg
7695474a397387a440292bfdaef5f4f3abc134df82c50ad1dcebf30a4f65b6ca,2,raw|train,peligro,dataset/raw/peligro/peligro_09725.jpg|dataset/train/peligro/peligro_09725.jpg
769f6a2f738dd8e484c171a0e7092fd6cd2212cb0796452f7cd726fb3df2465d,2,raw|train,atencion,dataset/raw/atencion/atencion_08107.jpg|dataset/train/atencion/atencion_08107.jpg
76d875896e4901009d2a796a567e7465dcb8c305e9ffaf2a7f9da712b807ac0c,2,raw|train,sano,dataset/raw/sano/sano_10283.jpg|dataset/train/sano/sano_10283.jpg
76e39f5c1b0c7ebaeaafcc888ad424c70e99792c33348bfae1ec5eeda0dcd7ea,2,raw|train,sano,dataset/raw/sano/sano_12562.jpg|dataset/train/sano/sano_12562.jpg
76f64d0178e2b79d88d62acad04c3588cee4b3e6c723555b63ec8d7601e55ec6,2,raw|validation,atencion,dataset/raw/atencion/atencion_14152.jpg|dataset/validation/atencion/atencion_14152.jpg
771d84059e027fdd27a6febf7cee4472905fa027fdbd74d9813b46087b33e8e9,2,raw|train,peligro,dataset/raw/peligro/peligro_00420.jpg|dataset/train/peligro/peligro_00420.jpg
771f32db79ba0fe0d20bd8508ae5f896a4e369c05201a8164cce5ed4a772f297,2,raw|test,peligro,dataset/raw/peligro/peligro_03864.jpg|dataset/test/peligro/peligro_03864.jpg
77377d5302663423a004bffbda83479099df00e2c25e258c2a7da59f231d9806,2,raw|test,atencion,dataset/raw/atencion/atencion_09547.jpg|dataset/test/atencion/atencion_09547.jpg
7743b521569e63d81b5f2ad435ce0b7deac0de256ed7cf7073d4087e62073eab,2,raw|train,sano,dataset/raw/sano/sano_03093.jpg|dataset/train/sano/sano_03093.jpg
7783a590cbbe8cd963cfd8866d812fef1d2408b514fcf161ddf1296686afa133,2,raw|train,atencion,dataset/raw/atencion/atencion_14196.jpg|dataset/train/atencion/atencion_14196.jpg
778505ac69a1ee8dbf06965259a98d73765440bec14f53f46315684e461524a7,2,raw|train,peligro,dataset/raw/peligro/peligro_00034.jpg|dataset/train/peligro/peligro_00034.jpg
7787210eb7b01b85618eb6d3c017707c0b4c59be47eba37d69932cbe1fbe43bc,2,raw|test,sano,dataset/raw/sano/sano_03827.jpg|dataset/test/sano/sano_03827.jpg
77a3bfedf379e7b08655928cc38a10979ec2392a5f35daf5e57e39c4fa7cc5eb,2,raw|train,atencion,dataset/raw/atencion/atencion_07791.jpg|dataset/train/atencion/atencion_07791.jpg
77c87b389389edde723c161f9b44fec637fa8a1dd82885a7fe6164f9ed3defb6,2,raw|train,atencion,dataset/raw/atencion/atencion_14222.jpg|dataset/train/atencion/atencion_14222.jpg
77dea072e6608b79b4224379abedbcc422619973793315b19e295cf4a346cac6,2,raw|validation,sano,dataset/raw/sano/sano_05276.jpg|dataset/validation/sano/sano_05276.jpg
77fb3c379d7a4cb1a7755bec41c2bd2e45d82118caf200c95addb22c755536e5,2,raw|validation,peligro,dataset/raw/peligro/peligro_00443.jpg|dataset/validation/peligro/peligro_00443.jpg
77fe3c040eb35834de0057b6e126becacd6f5a3bcecc483126b67661088caa1a,2,raw|train,sano,dataset/raw/sano/sano_10526.jpg|dataset/train/sano/sano_10526.jpg
7801d39f365e1f42677c0821a0d43952d65c957c17dec43c1876cb467a417028,2,raw|validation,peligro,dataset/raw/peligro/peligro_00077.jpg|dataset/validation/peligro/peligro_00077.jpg
78352c6a1415b319745e5b28b138e36cf39bef6444d2c474a17ec8da2e427483,2,raw|train,sano,dataset/raw/sano/sano_01121.jpg|dataset/train/sano/sano_01121.jpg
7856d97a3f9d7133da53104fa751d53c159031da991c7e8971419458d6408fcd,2,raw|train,sano,dataset/raw/sano/sano_00496.jpg|dataset/train/sano/sano_00496.jpg
785b5f0b09039298475b7275d17fd953b70353a3ce3fe2932db2af25d1dcc5c7,2,raw|train,sano,dataset/raw/sano/sano_00650.jpg|dataset/train/sano/sano_00650.jpg
786b686841288fe8e90ad9e5db0ac523e047ca3bd417341c653499af5247c587,2,raw|train,atencion,dataset/raw/atencion/atencion_03319.jpg|dataset/train/atencion/atencion_03319.jpg
7886f529ecc4449b35132b456eec76edac9f8e2c53f09af42098d632b43cc836,2,raw|train,sano,dataset/raw/sano/sano_00026.jpg|dataset/train/sano/sano_00026.jpg
78b6535a0c14f450066276417f391a12f9a209082d3b40f1d1762053b30215d1,2,raw|train,sano,dataset/raw/sano/sano_04538.jpg|dataset/train/sano/sano_04538.jpg
78c1390231bb6c782fd157917dd9a0e067260f13cc1437a559f676d9caf6ed5f,2,raw,atencion|peligro,dataset/raw/atencion/atencion_01791.jpg|dataset/raw/peligro/peligro_01273.jpg
78eb431e63c5da7d007e742f662f94de6f4276a3ddda3196b7189cd0402061aa,2,raw|train,peligro,dataset/raw/peligro/peligro_03344.jpg|dataset/train/peligro/peligro_03344.jpg
7906b09fb1d8961f29f398a779d8745ec0034455a675082e6d5c01f2158072d6,2,raw|validation,sano,dataset/raw/sano/sano_00559.jpg|dataset/validation/sano/sano_00559.jpg
790d1b9b13cd1857d225344375760e9ccc6e0c83e830cb9b45fa628317ea269c,2,raw|train,sano,dataset/raw/sano/sano_00562.jpg|dataset/train/sano/sano_00562.jpg
79351c01d5bffa3ea897a81a39a9276341032812326bcd609d7f5c20e895eccc,2,raw|train,sano,dataset/raw/sano/sano_12390.jpg|dataset/train/sano/sano_12390.jpg
794cff680f55957816d55ba697a44d7201730a638844634c14f11bde30a35166,2,raw|train,atencion,dataset/raw/atencion/atencion_04970.jpg|dataset/train/atencion/atencion_04970.jpg
7967966390987530fbaaf7d83f9a6447987c7bd63cc6a14644ead9796b272484,2,raw|test,sano,dataset/raw/sano/sano_00370.jpg|dataset/test/sano/sano_00370.jpg
79784a869f0ce3005300a2967c7b7026af9cba8e2109f913c39f472253ea43c4,2,raw|train,sano,dataset/raw/sano/sano_01236.jpg|dataset/train/sano/sano_01236.jpg
79ad012c0d414e04f759c98bfc7935a5a702516549fdd778310a273fb8e27db9,2,raw|train,sano,dataset/raw/sano/sano_01170.jpg|dataset/train/sano/sano_01170.jpg
79adab6648a9bd9da73be3b03dc466ea045fd101a031fda31ab3c26858c22d50,2,raw|train,peligro,dataset/raw/peligro/peligro_00675.jpg|dataset/train/peligro/peligro_00675.jpg
79d1e5d73e8807210ab7a8dd55494da8fce941066a18018058bfdd63dede6368,2,raw|train,atencion,dataset/raw/atencion/atencion_07378.jpg|dataset/train/atencion/atencion_07378.jpg
7a2bba7eaddb809c59fe9379f07f8791afa559ac61b715df1df843887376337c,2,raw|train,peligro,dataset/raw/peligro/peligro_02828.jpg|dataset/train/peligro/peligro_02828.jpg
7a51e534bfd7125eb32ff033da555f7f66aefd25eb1ef6b959c7ea3468507c27,2,raw|train,sano,dataset/raw/sano/sano_12520.jpg|dataset/train/sano/sano_12520.jpg
7b04ab73c19538b1cc3d1bede4cf257eafc3bb4da6997295d55a3dfc687a1291,2,raw|train,sano,dataset/raw/sano/sano_04130.jpg|dataset/train/sano/sano_04130.jpg
7b16d8a6035d5a33a2ee6759ded228146d825c5c638290e86f1886214c558d40,2,raw|validation,peligro,dataset/raw/peligro/peligro_00851.jpg|dataset/validation/peligro/peligro_00851.jpg
7b26a24a9b4091238013c0ac0e58979003255279ede2323fd9d438ba42347889,2,raw|test,sano,dataset/raw/sano/sano_08223.jpg|dataset/test/sano/sano_08223.jpg
7b4651b6daae95d8853c21dae9ece1a6daf0e5b2625afcfd5c9aa199bd9c030b,2,raw|train,peligro,dataset/raw/peligro/peligro_03036.jpg|dataset/train/peligro/peligro_03036.jpg
7b5ca90305f1d9f3e82dec6a0a2033367d83f25a5a9d6ee1698930ec3819113b,2,raw|train,peligro,dataset/raw/peligro/peligro_00746.jpg|dataset/train/peligro/peligro_00746.jpg
7b7441c6854d1be875b343afa4c90fdbb78f82c6e2ad73e065874d293db86b92,2,raw|train,peligro,dataset/raw/peligro/peligro_00609.jpg|dataset/train/peligro/peligro_00609.jpg
7ba214c873e0ca51f817d9def2816122ecbf07cdc7e91ea4960c59efbb537493,2,raw|train,peligro,dataset/raw/peligro/peligro_11980.jpg|dataset/train/peligro/peligro_11980.jpg
7bcc1a7ace84b730ccd041c65ebfa221d5161cf8541af507171f5a7770f70bbd,2,raw|test,atencion,dataset/raw/atencion/atencion_14221.jpg|dataset/test/atencion/atencion_14221.jpg
7bd162efc07752878253b998614728242b73aacc9eda41b49db5a13127b6af31,2,raw|validation,atencion,dataset/raw/atencion/atencion_00722.jpg|dataset/validation/atencion/atencion_00722.jpg
7bd67275111c6e022e6b2b1c2c8c43bc9c61d98998f7571b2d59806ea81ffa2d,2,raw|train,peligro,dataset/raw/peligro/peligro_12004.jpg|dataset/train/peligro/peligro_12004.jpg
7bfefdc0109ba94382be805ad66b25c7ef733f85efc7a542eddbc271d2872197,2,raw|train,peligro,dataset/raw/peligro/peligro_09284.jpg|dataset/train/peligro/peligro_09284.jpg
7c0cec78e9633474f5d45f76112c0d84b58e13369bd470c26b86e1065026a9ac,2,raw|validation,peligro,dataset/raw/peligro/peligro_03585.jpg|dataset/validation/peligro/peligro_03585.jpg
7c1dfcbb0f05674aff541970fa3701ad78dd87a0e2d6305f22cebc8f19fbfb3e,2,raw|validation,atencion,dataset/raw/atencion/atencion_14175.jpg|dataset/validation/atencion/atencion_14175.jpg
7c2909fcf3ad78975186d797f3434e9c3003a878f9cd2e9cf221271121260f5f,2,raw|train,sano,dataset/raw/sano/sano_00020.jpg|dataset/train/sano/sano_00020.jpg
7c720c878aff33e0802e9abdaea46d2703981264c689432a0180e860a9e291cb,2,raw|train,sano,dataset/raw/sano/sano_07188.jpg|dataset/train/sano/sano_07188.jpg
7c892630128479b8c4a54d1014080778e529b85e6c8084a37decc34bbd0a22d2,2,raw|train,atencion,dataset/raw/atencion/atencion_03518.jpg|dataset/train/atencion/atencion_03518.jpg
7cf584501bbfa388f9cbcfa9c681be64d5bc565b6d19e8b5873828629af5ae92,2,raw|train,sano,dataset/raw/sano/sano_04314.jpg|dataset/train/sano/sano_04314.jpg
7cf62cf91b019d42082f6a53aa488f5450cd72b03bfecc61b21c1da490ea4f7d,2,raw|train,peligro,dataset/raw/peligro/peligro_08933.jpg|dataset/train/peligro/peligro_08933.jpg
7cf6be4a61d8d5c37de1dd0b4396ff45a7c8fd298e58c140cb6242fd52aa84d9,2,raw|test,sano,dataset/raw/sano/sano_12444.jpg|dataset/test/sano/sano_12444.jpg
7d029c43c7300fe43de591063d2387d96e2d5d3a81a75d6d549e54df49584f49,2,raw|train,sano,dataset/raw/sano/sano_01147.jpg|dataset/train/sano/sano_01147.jpg
7d053cf0950b5f9b3c1eca9a0b1398539ce54c769bd94f21b2ac49c3e2f8a86d,2,raw|test,sano,dataset/raw/sano/sano_00680.jpg|dataset/test/sano/sano_00680.jpg
7d0dbe55dad6ca57cffd62b6b09c3a72de1608e23580d1a1b8988472a5dcfe82,2,raw|train,peligro,dataset/raw/peligro/peligro_04648.jpg|dataset/train/peligro/peligro_04648.jpg
7d3a9217f1558d00c46563844ba7a6860c30e30634231917af0e46e217782dd2,2,raw|validation,sano,dataset/raw/sano/sano_08911.jpg|dataset/validation/sano/sano_08911.jpg
7d5ef077793d61eaa3aed7a10082009d214ad46d71b6bd7ba4efc1ecce19c3ca,2,raw|train,sano,dataset/raw/sano/sano_12468.jpg|dataset/train/sano/sano_12468.jpg
7d6e0d84b2c6e4a092182f9b3c9f9b2a5a4e059e035963de13a3a3a6e39b59e8,2,raw|train,sano,dataset/raw/sano/sano_01164.jpg|dataset/train/sano/sano_01164.jpg
7d7990a4e88875eeb2ed40642d76b1ca429fe8431031858d5d70eaa364a67af3,2,raw|train,atencion,dataset/raw/atencion/atencion_07620.jpg|dataset/train/atencion/atencion_07620.jpg
7da3a85d0ba58e1147e82318a72ca8f82ba21bf9d7b9a1bf411dfca076488b97,2,raw|train,peligro,dataset/raw/peligro/peligro_03899.jpg|dataset/train/peligro/peligro_03899.jpg
7da3b7e705b1b25110505c3d8aab68e83b221d00532dd440f93884ad5552b236,2,raw|validation,peligro,dataset/raw/peligro/peligro_05250.jpg|dataset/validation/peligro/peligro_05250.jpg
7dbeb3d1357b6122c0e84cfb5493199aec4e49408f28ad85698713d9b64cfeab,2,raw|train,peligro,dataset/raw/peligro/peligro_00143.jpg|dataset/train/peligro/peligro_00143.jpg
7dca254f30125c645d20011959a12c5202ec1bc21da7d56862dc775e2be081e6,2,raw|train,sano,dataset/raw/sano/sano_00270.jpg|dataset/train/sano/sano_00270.jpg
7dcd3ae6387b6a44195f6970d9964bd92299de73586b3430196ec7296ae789e7,2,raw|train,peligro,dataset/raw/peligro/peligro_07699.jpg|dataset/train/peligro/peligro_07699.jpg
7dd59d28327ce539b54daf530ef023f456ca6d59d37d60058aefa7928bce0a4a,2,raw|train,peligro,dataset/raw/peligro/peligro_07935.jpg|dataset/train/peligro/peligro_07935.jpg
7e0e559dd6ac1a065330568144448157e692f4e4b84bf957f7f2632d12da3cf6,2,raw|train,sano,dataset/raw/sano/sano_05606.jpg|dataset/train/sano/sano_05606.jpg
7e184bc2f5052d7bf3697549806c45df68613b4a311c50cec36f51792ae560cc,2,raw|train,sano,dataset/raw/sano/sano_03324.jpg|dataset/train/sano/sano_03324.jpg
7e4be576e34086d59dece123d02ea49cd9fa5fc3c6dffa139bd715bb9116b1f4,2,raw|train,atencion,dataset/raw/atencion/atencion_02384.jpg|dataset/train/atencion/atencion_02384.jpg
7e7b2de28f627e1fc0639682bc596bae52ec0740669762c412735d08c5d9c50d,2,raw|train,peligro,dataset/raw/peligro/peligro_00882.jpg|dataset/train/peligro/peligro_00882.jpg
7e7fe45ce2f696df5854d7ae9a7beb8c2238228b88c711445cfdfd675bc7c1e9,2,raw|train,sano,dataset/raw/sano/sano_03125.jpg|dataset/train/sano/sano_03125.jpg
7ea3f0c874de41fa7b3b02a6050390619e365e07d94e1a724ec98403e4b01ccb,2,raw|train,atencion,dataset/raw/atencion/atencion_00654.jpg|dataset/train/atencion/atencion_00654.jpg
7eb8d8709c4a0415cdf1b35819362f35e842f02735c2e010f7299cfd27b43525,2,raw|train,atencion,dataset/raw/atencion/atencion_00807.jpg|dataset/train/atencion/atencion_00807.jpg
7ee144d036b766b0a28cc845e65b836ed1bc0e5fc6d02c8e2da5507ee6a43adb,2,raw|test,peligro,dataset/raw/peligro/peligro_13185.jpg|dataset/test/peligro/peligro_13185.jpg
7ee21dbf7cfb7f1e602cecdf09449e6f29dd5c27e97cf3d0da469e86a024c99a,2,raw|train,peligro,dataset/raw/peligro/peligro_10236.jpg|dataset/train/peligro/peligro_10236.jpg
7f062899b97f7100d887b29f968732f39e658056927091d68a2a38e78a766f5b,2,raw|validation,sano,dataset/raw/sano/sano_09842.jpg|dataset/validation/sano/sano_09842.jpg
7f0baf93cf3bb17ad99dce864e055dda6b2f29e205934cd457f555405d5a46de,2,raw|validation,atencion,dataset/raw/atencion/atencion_11488.jpg|dataset/validation/atencion/atencion_11488.jpg
7f120266f7b6986a86dc494bedc64099a7b0f2c9341c30073903c60bd22cc36f,2,raw|train,peligro,dataset/raw/peligro/peligro_01083.jpg|dataset/train/peligro/peligro_01083.jpg
7f13a9f657ffc321f0feb8c08b505547af2c00e0e6cc20d2f5c183cab6e04103,2,raw|validation,sano,dataset/raw/sano/sano_12372.jpg|dataset/validation/sano/sano_12372.jpg
7f34af2b998f9004593742ddde3c3db22fc97e745e1f93e5c49d76786e5821e9,2,raw|train,peligro,dataset/raw/peligro/peligro_08046.jpg|dataset/train/peligro/peligro_08046.jpg
7f3605b9ed25172bf9045777be15aea5e30a1553583103d21a2cb92044fb4c32,2,raw|train,peligro,dataset/raw/peligro/peligro_15011.jpg|dataset/train/peligro/peligro_15011.jpg
7f8f4a05152d8564e8092a8fa13ea9aecb242fe5108f4c25b84018b3082f71c4,2,raw|test,peligro,dataset/raw/peligro/peligro_01243.jpg|dataset/test/peligro/peligro_01243.jpg
7fa09b47de19b50e495e0c1264558d550ab98f1816a84961ead2f2590bc34b9b,2,raw|train,sano,dataset/raw/sano/sano_04864.jpg|dataset/train/sano/sano_04864.jpg
7fa53619471e253d5b7dc62af4a4ea408098e727cae8717675ce4ed7d10caf5e,2,raw|validation,atencion,dataset/raw/atencion/atencion_08896.jpg|dataset/validation/atencion/atencion_08896.jpg
7fb30d6b608613f3f8d6727e789ea9cdcf0f9a302abea24d70698a278f564461,2,raw|train,sano,dataset/raw/sano/sano_12538.jpg|dataset/train/sano/sano_12538.jpg
7fb77241126915f9efea1a91b92049da2c5cb1ea053ff46661075878efd532d4,2,raw|train,peligro,dataset/raw/peligro/peligro_03414.jpg|dataset/train/peligro/peligro_03414.jpg
7ffa970bbf162fdc0c8883c49f5e75aaad465865c52425cbba5bf6211458f963,2,raw|train,sano,dataset/raw/sano/sano_00299.jpg|dataset/train/sano/sano_00299.jpg
8002d95785a27d189d24d357ac0e623d876f1121d476cc0904d759c8799ab106,2,raw|train,atencion,dataset/raw/atencion/atencion_00679.jpg|dataset/train/atencion/atencion_00679.jpg
804613e68cd724d871a5f0c93caba8d9830f94ab74da8272edfe298c7996e9d8,2,raw|validation,peligro,dataset/raw/peligro/peligro_00459.jpg|dataset/validation/peligro/peligro_00459.jpg
805303e069b520acaa42bd7d6880f8de178cc372b5465ed435ff5970c7a99bda,2,raw|train,sano,dataset/raw/sano/sano_00895.jpg|dataset/train/sano/sano_00895.jpg
80b73ad4e9334138b30b300fca5c7a8671b05d91313c79964da16f93c06f42b8,2,raw|train,sano,dataset/raw/sano/sano_09488.jpg|dataset/train/sano/sano_09488.jpg
80dac02f4c52765ea10858ecf995c23388f91af7a4ea0490285320b2f8117431,2,raw|train,peligro,dataset/raw/peligro/peligro_13739.jpg|dataset/train/peligro/peligro_13739.jpg
80ee41ff94df65eaa0564bf2cab31077637a036823cbf775bd22257a7613cf4a,2,raw|train,peligro,dataset/raw/peligro/peligro_09213.jpg|dataset/train/peligro/peligro_09213.jpg
80efc4a7d3db782d7e9a65f29c09f36e86b3ce739a63dea4e5d65397717b7a1f,2,raw|train,sano,dataset/raw/sano/sano_01168.jpg|dataset/train/sano/sano_01168.jpg
81077f30aabfeb66b0601d17ce385583ec1b1b0654948616591f1942e2936749,2,raw|train,peligro,dataset/raw/peligro/peligro_11412.jpg|dataset/train/peligro/peligro_11412.jpg
812646b2b11dd4fabb5f64f125a260a02f8652faf96b7415af9cfefdb0566752,2,raw|validation,sano,dataset/raw/sano/sano_00873.jpg|dataset/validation/sano/sano_00873.jpg
812dfb4964d32f67bbb364b799de1f9dc7944c1893ff2b0d8053b727578b10c3,2,raw|validation,peligro,dataset/raw/peligro/peligro_01041.jpg|dataset/validation/peligro/peligro_01041.jpg
817216fb1f5bd10459cf8ae97d2458994e857ee112b5c8f610feb9c75b0ff571,2,raw|validation,sano,dataset/raw/sano/sano_00717.jpg|dataset/validation/sano/sano_00717.jpg
8197390cc74a7d903baaf8c96d5f25ad85e4f27186bddd7052808de8f8a7420d,2,raw|validation,peligro,dataset/raw/peligro/peligro_00087.jpg|dataset/validation/peligro/peligro_00087.jpg
81b44e69f78a0aee37f1e184b145f61188c6710afe33b4a5adbf573db7c4c68d,2,raw|train,sano,dataset/raw/sano/sano_01222.jpg|dataset/train/sano/sano_01222.jpg
81cfc8cef2b8a77696e88602fb9161cf4e89021cfdd6f46ec0c2059e01143aad,2,raw|train,peligro,dataset/raw/peligro/peligro_03071.jpg|dataset/train/peligro/peligro_03071.jpg
81f2cf54eae29ecff11f8104b81ba10d3bd0856db95f0dc9b61d45184c81868f,2,raw|train,sano,dataset/raw/sano/sano_12477.jpg|dataset/train/sano/sano_12477.jpg
82474248008e7939bf4ad206f90534b8008bfa38c1406f0d312aea5cbdac2124,2,raw|test,atencion,dataset/raw/atencion/atencion_00345.jpg|dataset/test/atencion/atencion_00345.jpg
8282ad392e6b013f592522dfe481f1c131d78ef31e7d3a35512ae2b712032470,2,raw|train,atencion,dataset/raw/atencion/atencion_14202.jpg|dataset/train/atencion/atencion_14202.jpg
829a451b7d20633db49a90397f55479c1761a309670857bfd4164e0f3b76b1d1,2,raw|validation,sano,dataset/raw/sano/sano_01278.jpg|dataset/validation/sano/sano_01278.jpg
82a99472882954e3369f2bf7d93cde612cd2cbc27fd035e51b13fa1a30c356c6,2,raw|train,peligro,dataset/raw/peligro/peligro_02760.jpg|dataset/train/peligro/peligro_02760.jpg
82adcc685a1b67eaafb7d6b2932ff470c0f23e8b843723aa2ab112d653260d6c,2,raw|validation,peligro,dataset/raw/peligro/peligro_11848.jpg|dataset/validation/peligro/peligro_11848.jpg
82b536c78f224864554cbadfec6bc0d5fd87f337b663429e61e6ff3715a9fa37,2,raw|train,peligro,dataset/raw/peligro/peligro_00231.jpg|dataset/train/peligro/peligro_00231.jpg
82bac7596447a6830dc87a8a60922575f2d66e0ce9caf1b09d4be1457af902a0,2,raw|train,peligro,dataset/raw/peligro/peligro_13423.jpg|dataset/train/peligro/peligro_13423.jpg
82edcc6f9c1ae1dde2dcdde3e72d1988fcac74ecc1b484222a6e1ad10cd49c85,2,raw|validation,atencion,dataset/raw/atencion/atencion_02286.jpg|dataset/validation/atencion/atencion_02286.jpg
82efd0eba7133041c4afc866c69225949c10941434bda83318fcc227fe27dfc5,2,raw|train,atencion,dataset/raw/atencion/atencion_00151.jpg|dataset/train/atencion/atencion_00151.jpg
830ca5f8c4dcc80c73e5794bf37dd10495da1bbfc75669891f2a4ad925efd552,2,raw|train,atencion,dataset/raw/atencion/atencion_06507.jpg|dataset/train/atencion/atencion_06507.jpg
833301d208625089f6b5304b171964c84c1486417c6e06be7cfb02d57369ab8a,2,raw|train,atencion,dataset/raw/atencion/atencion_14210.jpg|dataset/train/atencion/atencion_14210.jpg
83c2d6276df392e92d34fe3926095901ab5260b0ca2c9bfa07c9c8a4c4d5d900,2,raw|train,sano,dataset/raw/sano/sano_00341.jpg|dataset/train/sano/sano_00341.jpg
83cc28a576c3707bde4d833184bdb003fd132fbfced83c585a305a4c7e784326,2,raw|train,sano,dataset/raw/sano/sano_04307.jpg|dataset/train/sano/sano_04307.jpg
83e5d40c9f9e8ab7b77d48f19fd83670f89a13dc2598665723e91e3e6da105f2,2,raw|train,atencion,dataset/raw/atencion/atencion_02276.jpg|dataset/train/atencion/atencion_02276.jpg
84049b5b9a49c4c567c72792969f0acb4f02e58f2de5ed8101b65349d2c86cba,2,raw|train,peligro,dataset/raw/peligro/peligro_03277.jpg|dataset/train/peligro/peligro_03277.jpg
84065e8fe64e014c159fb3270437534a24e345900c496f2b7c7f7dd5752a4a1f,2,raw|train,sano,dataset/raw/sano/sano_12296.jpg|dataset/train/sano/sano_12296.jpg
8423e411015abcde72be2588cac1101e0cebee4772211141dc41da9877cc3a2b,2,raw|train,sano,dataset/raw/sano/sano_00485.jpg|dataset/train/sano/sano_00485.jpg
84320f265154b0448574ddb7912fb83060911b5d25bae064b4ccc8d9c12b2eb8,2,raw|validation,peligro,dataset/raw/peligro/peligro_01000.jpg|dataset/validation/peligro/peligro_01000.jpg
8492d11ff20f34bbd81de65fe84e494565744de7a7126f8dad9d30eb127fc276,2,raw|validation,sano,dataset/raw/sano/sano_06342.jpg|dataset/validation/sano/sano_06342.jpg
849d5152ca18c79b07d2e004372048cbd753f2097ecb3a74acfee9cbaa0be0a3,2,raw|train,atencion,dataset/raw/atencion/atencion_05444.jpg|dataset/train/atencion/atencion_05444.jpg
84ba82386e89dd6d8c6e03834b89f44f718a012c376be48e2bd0dcc2cdfc7151,2,raw|validation,peligro,dataset/raw/peligro/peligro_03049.jpg|dataset/validation/peligro/peligro_03049.jpg
854c5b67ed350a731a797a448d9ff1e3a737722f919625bdb3a75407ac7e0d4b,2,raw|train,sano,dataset/raw/sano/sano_05436.jpg|dataset/train/sano/sano_05436.jpg
8557968b1692c3daaf565510c95f602fb1ae532e92d59deff73cfc81773ccbf7,2,raw|validation,peligro,dataset/raw/peligro/peligro_09250.jpg|dataset/validation/peligro/peligro_09250.jpg
856f31513637675699d3bb09ab53267c302e34ae9b2ee6a90b6bc45faddada19,2,raw|train,sano,dataset/raw/sano/sano_00127.jpg|dataset/train/sano/sano_00127.jpg
85797bdb11314b54ac56bfbae19162b2df26995567449410ba1a8f433b41bfa8,2,raw|train,atencion,dataset/raw/atencion/atencion_14074.jpg|dataset/train/atencion/atencion_14074.jpg
85acecb5b4adf3a7aebdd34d8965497f2d5d26083d1f15bcb799a76d9b57f666,2,raw|validation,sano,dataset/raw/sano/sano_06715.jpg|dataset/validation/sano/sano_06715.jpg
85dc131da68095a68773c621fb51878c437b71b8933743b81d63cb03307ee0ee,2,raw,peligro|sano,dataset/raw/peligro/peligro_02362.jpg|dataset/raw/sano/sano_02119.jpg
85f8b221bf27042015b3b1fb21912f662bc18a432b26e701e5a892b98bf4271d,2,raw|train,peligro,dataset/raw/peligro/peligro_00305.jpg|dataset/train/peligro/peligro_00305.jpg
8603fccdc243ecdfd6eb9d25019e1a516596aa4875372d110dd30688ab54139f,2,raw|train,peligro,dataset/raw/peligro/peligro_13461.jpg|dataset/train/peligro/peligro_13461.jpg
86044ec32733fba09bf8ede376ba338e182f9d382a2c190219494b4cc2b9b3fe,2,raw|validation,atencion,dataset/raw/atencion/atencion_00098.jpg|dataset/validation/atencion/atencion_00098.jpg
86099189e16f1333705568055ba6afb746843afa406e5585115178ef078976e0,2,raw|train,sano,dataset/raw/sano/sano_01013.jpg|dataset/train/sano/sano_01013.jpg
86345c6f60ed885b9038690144cdbba7eb075d770e0c7fbc2f6b2ce7a8582e58,2,raw|train,peligro,dataset/raw/peligro/peligro_00905.jpg|dataset/train/peligro/peligro_00905.jpg
86412383842ea9c357b10df493276d985ffee286146fcbe096bf675c25514be0,2,raw|train,atencion,dataset/raw/atencion/atencion_02493.jpg|dataset/train/atencion/atencion_02493.jpg
865467eba6f8b380d8640a23165a9e54a189391da92dee2a4d87b9201b50dcc2,2,raw|train,sano,dataset/raw/sano/sano_00130.jpg|dataset/train/sano/sano_00130.jpg
867e4770eb5286c280164c3a6e95f3aaac7d4d58f74f4659fb285845065d81f0,2,raw|train,atencion,dataset/raw/atencion/atencion_00669.jpg|dataset/train/atencion/atencion_00669.jpg
8680478157df325ae608f0220992b0f3c9683994269d7ccfe8f2912d2c7da2c0,2,raw|train,peligro,dataset/raw/peligro/peligro_09055.jpg|dataset/train/peligro/peligro_09055.jpg
868e902281a477203c4ac0422d40b3c59b299eef91fbe24778df052b6f7ac0bd,2,raw|train,atencion,dataset/raw/atencion/atencion_00529.jpg|dataset/train/atencion/atencion_00529.jpg
8698e793a8e4644dc4743443025d442e311408798a629f402fcc23f9e4add5ca,2,raw|train,sano,dataset/raw/sano/sano_04205.jpg|dataset/train/sano/sano_04205.jpg
86b0284922791ae3745184a4369fa2e64d7925f580e8738ed59deffdca8856fb,2,raw|train,peligro,dataset/raw/peligro/peligro_05249.jpg|dataset/train/peligro/peligro_05249.jpg
86d98989f7e1d7b42fbc896470461738abb91277d82ae5f612b2deb0eeb1750f,2,raw|train,peligro,dataset/raw/peligro/peligro_00066.jpg|dataset/train/peligro/peligro_00066.jpg
8710ff8e8cc5e3d01de3ace1d0fe5d1b9ca1d9d46f29915b9138ebd41a55b580,2,raw|train,sano,dataset/raw/sano/sano_05312.jpg|dataset/train/sano/sano_05312.jpg
87176a0824aa1bc8f620287c36d94929b46e8195f70f07d28a87b4984060a3e5,2,raw|train,peligro,dataset/raw/peligro/peligro_05754.jpg|dataset/train/peligro/peligro_05754.jpg
8767e5f560f91306032f3239ef2e528894513f46034a4666304825d62faf7959,2,raw|train,sano,dataset/raw/sano/sano_00490.jpg|dataset/train/sano/sano_00490.jpg
87825fbd7336572a6a7571533ca649e89f26fe06689c9cf7665a2713712a1abb,2,raw|validation,atencion,dataset/raw/atencion/atencion_00655.jpg|dataset/validation/atencion/atencion_00655.jpg
87b09dd6313e17f93ba52eb89d285a44a86fd57cd53661c368cce2809687f9c0,2,raw|train,sano,dataset/raw/sano/sano_12470.jpg|dataset/train/sano/sano_12470.jpg
87e5d0720971a276009cc61415a046c1b526c98ddbe21f99754b75a356fc5724,2,raw|train,atencion,dataset/raw/atencion/atencion_14108.jpg|dataset/train/atencion/atencion_14108.jpg
881bb33febae84f1c5548e5eee2ef59e77517c634668c2645df6a3ce06c1215c,2,raw|train,sano,dataset/raw/sano/sano_06232.jpg|dataset/train/sano/sano_06232.jpg
882803612fe570a83ab6edcf2d8f7107ed75ccbccd878dd70f01452e8bec24c6,2,raw|validation,peligro,dataset/raw/peligro/peligro_04657.jpg|dataset/validation/peligro/peligro_04657.jpg
882edd60a5b2ebd29b2e6607fc8747423dd1cd45aa741ee7bcafef3030397abb,2,raw|train,sano,dataset/raw/sano/sano_12408.jpg|dataset/train/sano/sano_12408.jpg
883d7a3f1046f2f66fc5c21889526ee04bfffce3295ef3939468e9143ca8c74e,2,raw|validation,sano,dataset/raw/sano/sano_00049.jpg|dataset/validation/sano/sano_00049.jpg
885d4ca491d87dc81a5ff188a34677aa8b0e92b182f0bc1ec53df7b59d99535a,2,raw|validation,peligro,dataset/raw/peligro/peligro_04560.jpg|dataset/validation/peligro/peligro_04560.jpg
8868472bf580d54ea2558f204b5efb91d653d8b5a5570c65abfb3627c442be66,2,raw|train,atencion,dataset/raw/atencion/atencion_00612.jpg|dataset/train/atencion/atencion_00612.jpg
88bba2900cadd484ae265c955249a15aa11231c0950f9f6c9c87bb8121ee41a9,2,raw|validation,sano,dataset/raw/sano/sano_00765.jpg|dataset/validation/sano/sano_00765.jpg
88bd399dd5e35309188f8eeaada2b8eb8d12e448315ce08e5b1673bb4098ce71,2,raw|train,peligro,dataset/raw/peligro/peligro_00696.jpg|dataset/train/peligro/peligro_00696.jpg
88c2bfb4297ecb56f1128be3b0b6367668b92f2c6adf12feef9e8b6de43aa33a,2,raw|train,peligro,dataset/raw/peligro/peligro_12443.jpg|dataset/train/peligro/peligro_12443.jpg
88dfbc79f78dca43b0011128b1ba8acb090a6b2f46edea4f7ec19e36ae7902ba,2,raw|train,peligro,dataset/raw/peligro/peligro_09056.jpg|dataset/train/peligro/peligro_09056.jpg
88fd84f2a4a77dfcf68e99b1f61b417af545fa77f2437a884543c5a9b731e690,2,raw|train,peligro,dataset/raw/peligro/peligro_07282.jpg|dataset/train/peligro/peligro_07282.jpg
893aab1acef48bb40d3908a5f878d3a6753675179f9208d2638530da5370dfc6,2,raw,peligro|sano,dataset/raw/peligro/peligro_02162.jpg|dataset/raw/sano/sano_02233.jpg
894698285102ced85da03e9337a8ee5ddb0ffc9733309653a01bb0ca386e2f3f,2,raw|train,peligro,dataset/raw/peligro/peligro_03307.jpg|dataset/train/peligro/peligro_03307.jpg
89a57d8b15a1661179b3ef38dd773405b9b24e02b46a486151b00cd684479368,2,raw|validation,sano,dataset/raw/sano/sano_00828.jpg|dataset/validation/sano/sano_00828.jpg
89bbe1803d4a53ec594bac405d7ba848fdd5cf30ac2e09415d1625cbc36f1dd5,2,raw|train,sano,dataset/raw/sano/sano_03440.jpg|dataset/train/sano/sano_03440.jpg
89ca803b11c117711e878f4b8da00859c917d620da5e54166fe7b9c3389ac480,2,raw|train,atencion,dataset/raw/atencion/atencion_02400.jpg|dataset/train/atencion/atencion_02400.jpg
8a0eb55c2d4b3cbb398968bbee77a992c255debc3df58f8c154131c1c713aa4b,2,train,atencion|sano,dataset/train/atencion/atencion_01704.jpg|dataset/train/sano/sano_01868.jpg
8a142c8c5dd4d66003d291c38ecd30833b345600f2b128b8a9540c43ccbe6587,2,raw|train,sano,dataset/raw/sano/sano_04109.jpg|dataset/train/sano/sano_04109.jpg
8a27702dfb71f8de95fa75dfa2094a7d48baeec7c78e9cb05a1056fe5f19b89e,2,raw|train,atencion,dataset/raw/atencion/atencion_00665.jpg|dataset/train/atencion/atencion_00665.jpg
8a2778f60d49a0d750e1e40b798fe8f5290c77766afc0a2c3398a66c49d7ac66,2,raw|train,peligro,dataset/raw/peligro/peligro_00379.jpg|dataset/train/peligro/peligro_00379.jpg
8a2f90db548907538d96acdbb1c171dda815c26fc02d7c369410da638b2da344,2,raw|validation,sano,dataset/raw/sano/sano_05191.jpg|dataset/validation/sano/sano_05191.jpg
8a473c854f4ce0c7a8f81cdf5f881880bbfeeb459d820cb58b711f1db89ab61c,2,raw,atencion|peligro,dataset/raw/atencion/atencion_01337.jpg|dataset/raw/peligro/peligro_01363.jpg
8a80c803b2b0f390e7c52c8135e9140fd754455fd65cab2e44dc298ce367ddb1,2,raw|train,peligro,dataset/raw/peligro/peligro_13396.jpg|dataset/train/peligro/peligro_13396.jpg
8aaf8cc810003d378bc5abca83b40486c77ab342ff34597c3ab11f1ea280e9a6,2,raw|train,peligro,dataset/raw/peligro/peligro_01007.jpg|dataset/train/peligro/peligro_01007.jpg
8abe7e8e304db65f988296d53f32dd61650d88c029734cd4c787254d6d3a232f,2,raw|train,sano,dataset/raw/sano/sano_04112.jpg|dataset/train/sano/sano_04112.jpg
8aca8cb3672658236231f0ea70dde4c3b046bee81f2f9afc57588582c81b22a8,2,raw|train,peligro,dataset/raw/peligro/peligro_11537.jpg|dataset/train/peligro/peligro_11537.jpg
8adacad16fcd2f898d9af94dc58adb3f2eff14ff6cbc44a2205aa7e0de3cdb22,2,raw|train,peligro,dataset/raw/peligro/peligro_03494.jpg|dataset/train/peligro/peligro_03494.jpg
8adddc78035ab0fa914a07ea2883d0a135a8faff4a014435fd11246641241671,2,raw|test,sano,dataset/raw/sano/sano_05140.jpg|dataset/test/sano/sano_05140.jpg
8afb03225135286ae0a48c3190cd7382565a39fece640cad819b9ba33ffe8448,2,raw|train,sano,dataset/raw/sano/sano_05170.jpg|dataset/train/sano/sano_05170.jpg
8b73b05414eca95cdde02fe700bcb19f6f793f15690fdd4bb32b37f08c8da881,2,raw|train,sano,dataset/raw/sano/sano_12461.jpg|dataset/train/sano/sano_12461.jpg
8b922df225071edc2ca4d534a6c4173b38852e4efe5057da06b65c55921fce89,2,raw|train,atencion,dataset/raw/atencion/atencion_00179.jpg|dataset/train/atencion/atencion_00179.jpg
8b99ca40cbcdd816d270c56abfb9026e64cfdca366f675c232d2a3d0c714b04d,2,raw|validation,peligro,dataset/raw/peligro/peligro_03436.jpg|dataset/validation/peligro/peligro_03436.jpg
8ba5104437efab2cc5e65445cd7e0ec51533977d0d61e4a1882191086d28083e,2,raw|train,sano,dataset/raw/sano/sano_05553.jpg|dataset/train/sano/sano_05553.jpg
8ba6b667898b22dbcf17e75034b7855ad3b5b20023821b8a9ad935c094192f52,2,raw|validation,sano,dataset/raw/sano/sano_12449.jpg|dataset/validation/sano/sano_12449.jpg
8bca9a58ef6f4a02149ad03161f5a0d9a9baf48d67d3c26e707aeebe92b2dfe4,2,raw|train,peligro,dataset/raw/peligro/peligro_02648.jpg|dataset/train/peligro/peligro_02648.jpg
8bd79fde999710908336e6c802f00d66899dd6efa911997488123647e3705075,2,raw|train,atencion,dataset/raw/atencion/atencion_14142.jpg|dataset/train/atencion/atencion_14142.jpg
8c0eebcfbb42441cd9e3c6a67294c2c4c34eedbbe675867ddcf33c76776d6d6e,2,raw|test,atencion,dataset/raw/atencion/atencion_02501.jpg|dataset/test/atencion/atencion_02501.jpg
8c16c87a80d3e80719fe8168565661eced086cbfa0ad38c21a20f3e26869c0be,2,raw|train,sano,dataset/raw/sano/sano_04522.jpg|dataset/train/sano/sano_04522.jpg
8c1984a7e6fa2e68d61c88d027cd161b3160fba8d29c9a709b1611058faadc7c,2,raw|train,atencion,dataset/raw/atencion/atencion_05329.jpg|dataset/train/atencion/atencion_05329.jpg
8c1e5d2850b9812df3e491412760a8fd12b094787635a31837c86eb4b626230d,2,raw|validation,atencion,dataset/raw/atencion/atencion_00484.jpg|dataset/validation/atencion/atencion_00484.jpg
8c3fa21c2246b938d55ea03ec5424d1a334bc916fde35322f7ae512acaeaef91,2,raw|train,sano,dataset/raw/sano/sano_12472.jpg|dataset/train/sano/sano_12472.jpg
8c4449f7f2847c52bae8d1d4ed3ec4b79e555d8cf7c172c5137160c1cbc534fa,2,raw|train,peligro,dataset/raw/peligro/peligro_03657.jpg|dataset/train/peligro/peligro_03657.jpg
8c466660886af81787dcc81e8240ba4a8075ef482374f22164c1534e00cee11d,2,raw|train,sano,dataset/raw/sano/sano_00079.jpg|dataset/train/sano/sano_00079.jpg
8c5619db57f713139038e2b597c29fe76e2912fac5a37c2a915ec075cbebbdb4,2,raw|train,peligro,dataset/raw/peligro/peligro_05739.jpg|dataset/train/peligro/peligro_05739.jpg
8c5ee11c0ffd73b0815c76deb751c076c016b60e1d5600d7b8c0e95756953e33,2,raw|train,peligro,dataset/raw/peligro/peligro_08699.jpg|dataset/train/peligro/peligro_08699.jpg
8c6bc8e26c2ad6c747ead5b37e790df71f280c2e7fa97e6fd3a3f2232ee56062,2,raw|train,atencion,dataset/raw/atencion/atencion_03576.jpg|dataset/train/atencion/atencion_03576.jpg
8c97ea59a34339acf3abed2450404a80498811ea868ae81fecf286df5649ca56,2,raw|test,peligro,dataset/raw/peligro/peligro_03012.jpg|dataset/test/peligro/peligro_03012.jpg
8cafa16703a1ae23878b9f2ca87ed5fbaee195340b6b3c67a600228983adbe0c,2,raw|train,sano,dataset/raw/sano/sano_12367.jpg|dataset/train/sano/sano_12367.jpg
8cbbbb678d76276eaaa3c2f9cee139d645bfdf6328ebfb3531566ab5f1cf3d15,2,raw|train,atencion,dataset/raw/atencion/atencion_14117.jpg|dataset/train/atencion/atencion_14117.jpg
8cdaa5f87659a27ee0c11f0601f69249b927069ddb76fb20eb964cddee9a2248,2,raw|validation,sano,dataset/raw/sano/sano_02819.jpg|dataset/validation/sano/sano_02819.jpg
8ce31eab60c523305e2aa617a491b99b751f5a9f69ab4bef2f6f0e86784561c5,2,raw|validation,peligro,dataset/raw/peligro/peligro_03152.jpg|dataset/validation/peligro/peligro_03152.jpg
8d161a16b8d7b08accdb03295efc50c9b4a1bfcccb7fae8fab335af840c76a9b,2,raw|train,sano,dataset/raw/sano/sano_04346.jpg|dataset/train/sano/sano_04346.jpg
8d25a372aa9d5481947c94106d1cd38403425afceae914a288bff9e5fb1a5315,2,raw|train,peligro,dataset/raw/peligro/peligro_13286.jpg|dataset/train/peligro/peligro_13286.jpg
8d429d8bd26a8509e58756f2d8993aa420e4a9c7b5c46dfc85b06b63a55ada4f,2,raw|validation,atencion,dataset/raw/atencion/atencion_00077.jpg|dataset/validation/atencion/atencion_00077.jpg
8d452471b9d8dc55d73aef2d2f8d77c436ec570f2d544cc28cba942352649b2d,2,raw|validation,sano,dataset/raw/sano/sano_02938.jpg|dataset/validation/sano/sano_02938.jpg
8d625e365acb9696ab92c84546e71e26964ab10672c46ef8d84b7dfc73a92bd2,2,raw|validation,sano,dataset/raw/sano/sano_01198.jpg|dataset/validation/sano/sano_01198.jpg
8d7e6db1cd652ff964875cf03c0684eeb34b77f78fc7dcf9babc07b402a5b36d,2,raw|validation,sano,dataset/raw/sano/sano_12561.jpg|dataset/validation/sano/sano_12561.jpg
8d7ef57413d4f632391587c14f484d320e8346b4711104e17e23350b5aa4b74f,2,raw|validation,atencion,dataset/raw/atencion/atencion_07420.jpg|dataset/validation/atencion/atencion_07420.jpg
8d8ae3df97278b4f94c535316578e235b0b525d9308ce8cb040acb45adc40145,2,raw|train,atencion,dataset/raw/atencion/atencion_14137.jpg|dataset/train/atencion/atencion_14137.jpg
8dccd5a38f1f9a8bdf877f7093c40561f8e650a03633d2a5997b912ad2441e35,2,raw|test,sano,dataset/raw/sano/sano_00358.jpg|dataset/test/sano/sano_00358.jpg
8dda93f43e7209f09079088a1ec7668b44ca7a74294a2c87e819d0d8209ac664,2,raw|validation,peligro,dataset/raw/peligro/peligro_05294.jpg|dataset/validation/peligro/peligro_05294.jpg
8dfdf6bd4642cff8f6acb97e880cbe71ee8cf97f38ae78c051a0abc8d077c760,2,raw|test,sano,dataset/raw/sano/sano_12519.jpg|dataset/test/sano/sano_12519.jpg
8e2a15086f04feb0bc29107f12996e69c0e26fb2075502a922bc1426d11e9e70,2,raw|train,peligro,dataset/raw/peligro/peligro_03301.jpg|dataset/train/peligro/peligro_03301.jpg
8e5690988c8e1387d9678e1cc26365719265f1c6993a578236fdabd3bf1775f1,2,raw|test,peligro,dataset/raw/peligro/peligro_03452.jpg|dataset/test/peligro/peligro_03452.jpg
8e6df8b9c1856d115290e5edb32f5952046db0d026a1099fce59d7530e0cae7d,2,raw|train,atencion,dataset/raw/atencion/atencion_02281.jpg|dataset/train/atencion/atencion_02281.jpg
8e72d09ebf09108d6aedc39477cc7ba7fd7f9587651ed38c0f0f486bbbdc2478,2,raw|train,sano,dataset/raw/sano/sano_00136.jpg|dataset/train/sano/sano_00136.jpg
8e7870924ac2e3642b8e9bdac56b03b8540dc679c3b5c6e3149055bc48dd4c65,2,raw|train,peligro,dataset/raw/peligro/peligro_07941.jpg|dataset/train/peligro/peligro_07941.jpg
8e7b5cb542eb90edd9bb4245d049d81caeb036fae153d53d85c04c20f29e2f05,2,raw|train,peligro,dataset/raw/peligro/peligro_08659.jpg|dataset/train/peligro/peligro_08659.jpg
8e991b2215d3bca4f50643c424df3397b29c5186e8a7e797a4dc4b492f4baa17,2,raw|train,sano,dataset/raw/sano/sano_02989.jpg|dataset/train/sano/sano_02989.jpg
8e9e8dedb22a220609927ae628ea0a674a78200128b276f07d87ad45248e06e5,2,raw|train,sano,dataset/raw/sano/sano_05200.jpg|dataset/train/sano/sano_05200.jpg
8ea1528b7e93050c64bd6f33b6caa2c98704adc4ae2c05b55d01a8d709ab1024,2,raw|train,atencion,dataset/raw/atencion/atencion_02656.jpg|dataset/train/atencion/atencion_02656.jpg
8edaa16dc6a473ad30900c625ca089749594a6562e1c12a4415b92f945796e24,2,raw|train,peligro,dataset/raw/peligro/peligro_10217.jpg|dataset/train/peligro/peligro_10217.jpg
8ee64b1efe067605ff5e608ae8af5eb50e1cc7816d2be236084160241d38a5e5,2,raw|train,atencion,dataset/raw/atencion/atencion_14207.jpg|dataset/train/atencion/atencion_14207.jpg
8f0e02dab385b532d961c07e069b4ab977170885c8776939b07e18d21398c91b,2,raw|validation,atencion,dataset/raw/atencion/atencion_00375.jpg|dataset/validation/atencion/atencion_00375.jpg
8f28e143eaed5af30ed38ecc81008aee5ba7b14b6b983259368bd557aa918434,2,raw|train,sano,dataset/raw/sano/sano_04888.jpg|dataset/train/sano/sano_04888.jpg
8f616c03a3e1aeb811bf8da75c5ab5c235a9b3cb4eb478aa4af002f0b5ca0141,2,raw|train,sano,dataset/raw/sano/sano_00809.jpg|dataset/train/sano/sano_00809.jpg
8f92c2e18a33eb7768aedcf32bcffa04e0c636c032372ca2cfba7d7ce0a28651,2,raw|train,peligro,dataset/raw/peligro/peligro_06495.jpg|dataset/train/peligro/peligro_06495.jpg
8fb68be6e9bf47b5265e76a0709f30cc7bac76466ddf1bbbb9f5b3e64a8d86d2,2,raw|test,sano,dataset/raw/sano/sano_04629.jpg|dataset/test/sano/sano_04629.jpg
8fc8a5dee9d089d11a94f2bd6224cd7b1e0cded61eb15d2596811057b092b579,2,raw|train,sano,dataset/raw/sano/sano_05094.jpg|dataset/train/sano/sano_05094.jpg
8fdbcc5eebac3c58c3078639362e6268abfb7cdf125868f5d2a753a8203cea86,2,raw|train,sano,dataset/raw/sano/sano_12503.jpg|dataset/train/sano/sano_12503.jpg
8fe11d0d44317081fa29a86f1ff057c1486562c6c26b0579e86c65bef527f5d7,2,raw|train,sano,dataset/raw/sano/sano_05096.jpg|dataset/train/sano/sano_05096.jpg
9046c22e5fce40b4a5e4acb5c31bce920941227383732879acdd79ac34e23b73,2,raw|train,sano,dataset/raw/sano/sano_12381.jpg|dataset/train/sano/sano_12381.jpg
90bf6f69b5325df7b9b19e498eca556bb014e1148450e51cc5f7cc227a002edf,2,train|validation,atencion|peligro,dataset/train/peligro/peligro_00119.jpg|dataset/validation/atencion/atencion_00771.jpg
90c97eb363d8525f602e6df50f6344eb05d0a8fad729d10ddb51c54c008ae8c6,2,raw|train,sano,dataset/raw/sano/sano_12441.jpg|dataset/train/sano/sano_12441.jpg
90d359990c4dbc5335510ad40916f20fbedd852b5bae3cf5436384d6ff332ea2,2,raw|train,sano,dataset/raw/sano/sano_11457.jpg|dataset/train/sano/sano_11457.jpg
90d6ed89188246e303a9df6df6255a10f299885cffc8bc54d62197e761a7a059,2,raw|train,sano,dataset/raw/sano/sano_12515.jpg|dataset/train/sano/sano_12515.jpg
90e15d5e2cffad148418b8a0e873e7b0d758d88f77204f5a138b71c314a23ff5,2,raw,peligro|sano,dataset/raw/peligro/peligro_02613.jpg|dataset/raw/sano/sano_02567.jpg
913e54f9bfe166caf7a97bcc4a7af13fc7ce3d7fc5db56e9437f6c910f16f45c,2,raw|train,sano,dataset/raw/sano/sano_04153.jpg|dataset/train/sano/sano_04153.jpg
91937438dd7339e3144d7010a1be8d885b7ec78797ca282d21a7383fd6707a71,2,raw|train,atencion,dataset/raw/atencion/atencion_14068.jpg|dataset/train/atencion/atencion_14068.jpg
9199d6185d372b016da03b38f8f122429a482515050a4b4ff2847b43eac92121,2,raw|train,sano,dataset/raw/sano/sano_00818.jpg|dataset/train/sano/sano_00818.jpg
919acbe3a6dbce654dcd06c50e39829e71f462de91326d1ef9217ce786479ffa,2,raw|train,sano,dataset/raw/sano/sano_12486.jpg|dataset/train/sano/sano_12486.jpg
91ac75ce0c4829b87f899716ce19697871c69207f7341b6b87b3ae26973f0a05,2,raw|train,sano,dataset/raw/sano/sano_08768.jpg|dataset/train/sano/sano_08768.jpg
9208360714fe3bdc404634d36f754d08ad14c3a7f63ff2c0afbd80ae752c7a11,2,raw|train,sano,dataset/raw/sano/sano_00135.jpg|dataset/train/sano/sano_00135.jpg
920bb0892a53f5d695acd03bbd215e091513140c1e06c574a24160f0ad13a89b,2,raw|train,sano,dataset/raw/sano/sano_00568.jpg|dataset/train/sano/sano_00568.jpg
920e04f50a38159b3103bd808fcc4537f5952cc51eeb277f77bcef4cf7a45657,2,raw|validation,sano,dataset/raw/sano/sano_00342.jpg|dataset/validation/sano/sano_00342.jpg
92871370c57ab598ff08a371590f2f71f837836e63ff344b955e318a888716f4,2,raw|train,atencion,dataset/raw/atencion/atencion_00676.jpg|dataset/train/atencion/atencion_00676.jpg
92d16be68d5d410e48adc201955c419377185ba7ce62136ad4b6f58d3260ebaa,2,raw|train,atencion,dataset/raw/atencion/atencion_03616.jpg|dataset/train/atencion/atencion_03616.jpg
92ec8e7b6c8880835f5fe24cab429f867453e7d4bef3ec4f1ecca66019a43bf8,2,raw|validation,sano,dataset/raw/sano/sano_01187.jpg|dataset/validation/sano/sano_01187.jpg
930649744df26736afb27ad7be11fe67b63cab1de31dc732621d664aaa940027,2,raw|train,atencion,dataset/raw/atencion/atencion_05422.jpg|dataset/train/atencion/atencion_05422.jpg
935e1ca13db1e63b98134e2cde70bd3a2566bd8ceb84b17da80810e6e17140c6,2,raw|train,sano,dataset/raw/sano/sano_12465.jpg|dataset/train/sano/sano_12465.jpg
93b7bf2096823f366b70beaf41035cfab8aa7425c157523ba79c1f251712bb5f,2,raw|train,peligro,dataset/raw/peligro/peligro_03761.jpg|dataset/train/peligro/peligro_03761.jpg
93c569f53422a0b90d551d30fb22e71c416ea1742452583bf3fa730b3d19949f,2,raw|validation,sano,dataset/raw/sano/sano_00254.jpg|dataset/validation/sano/sano_00254.jpg
944612659e86d9e0968c09dd08c2aef806bc739d7206b8840f3ef01d8c5ace47,2,raw|train,atencion,dataset/raw/atencion/atencion_00043.jpg|dataset/train/atencion/atencion_00043.jpg
94531e1dd8ace42b10f8582419d75b0b93c45eb3214334041047de84732c3e32,2,raw|train,peligro,dataset/raw/peligro/peligro_00094.jpg|dataset/train/peligro/peligro_00094.jpg
94bfc27b8c9ffb9240def4b4e94b1d4d71c9073c7d8bbf6122718a2737682dab,2,raw|train,sano,dataset/raw/sano/sano_08933.jpg|dataset/train/sano/sano_08933.jpg
94d43da77639b690466c413dd21deda5df9683feac77edccb14d1a66c4a8bfae,2,raw|train,sano,dataset/raw/sano/sano_12498.jpg|dataset/train/sano/sano_12498.jpg
94d6019fde11805fd357a883c6678f3f4b601ace898e6331120e1986633a12d3,2,raw|train,sano,dataset/raw/sano/sano_00933.jpg|dataset/train/sano/sano_00933.jpg
94d635071a9fc21141715d7ecca44d20a89e2996670510bf7e4fb1ca3a8c2847,2,raw|train,atencion,dataset/raw/atencion/atencion_02330.jpg|dataset/train/atencion/atencion_02330.jpg
953aff6c9f4fb742426bab69848f6042f224b82770583e3b429ef4819d53a20c,2,raw|train,sano,dataset/raw/sano/sano_10255.jpg|dataset/train/sano/sano_10255.jpg
95448bc76429ed2cd9b6da890a1b9c71b86c99463d8f4845d061d5898b84b140,2,raw|train,sano,dataset/raw/sano/sano_08648.jpg|dataset/train/sano/sano_08648.jpg
9555f324192ddb6395429c6f9f00b8aa61a688786864de08c411d6356e87e3d1,2,raw|validation,sano,dataset/raw/sano/sano_00767.jpg|dataset/validation/sano/sano_00767.jpg
95843e284ec944f205c798c516e77fabd73877d784d6613b0c3209ff6ffb9e4a,2,raw|train,peligro,dataset/raw/peligro/peligro_00246.jpg|dataset/train/peligro/peligro_00246.jpg
95946f61744415f0fe21cb6dfbdd90b9bca7c3e3fa4e94ddf289b5c058c75670,2,raw|validation,atencion,dataset/raw/atencion/atencion_14079.jpg|dataset/validation/atencion/atencion_14079.jpg
95c44738452e38ce7a3899939b6fde909ea1faf7bafe74d4b6a533b5005af959,2,raw|validation,peligro,dataset/raw/peligro/peligro_13582.jpg|dataset/validation/peligro/peligro_13582.jpg
95cb24414483629e2a864daa3340638214f9113db47d36558d0deab8fc650699,2,raw|train,atencion,dataset/raw/atencion/atencion_08150.jpg|dataset/train/atencion/atencion_08150.jpg
95cb8fb4bac7b0a6b25653cfe213de2b71b928daf8305027ec71d83373512ddc,2,raw|test,peligro,dataset/raw/peligro/peligro_06505.jpg|dataset/test/peligro/peligro_06505.jpg
95ce58c4313a1921fd5b57302307695272722f089b9469610652c7013c0cb8af,2,raw|test,peligro,dataset/raw/peligro/peligro_00498.jpg|dataset/test/peligro/peligro_00498.jpg
96054147c9ace6279fdde5843855f5754ea87749072d284e541b80fdd3cf4329,2,raw|validation,atencion,dataset/raw/atencion/atencion_02270.jpg|dataset/validation/atencion/atencion_02270.jpg
9612f4df631dd45d62155185145128e0284ec83b8eac5fb7acabed172dab0160,2,raw|validation,atencion,dataset/raw/atencion/atencion_03357.jpg|dataset/validation/atencion/atencion_03357.jpg
9672635bee3e8e9b9f8fd911b9a2786903136f4bdecfdfc8639b1721901736c9,2,raw|test,peligro,dataset/raw/peligro/peligro_00575.jpg|dataset/test/peligro/peligro_00575.jpg
967cfc9b6956ae9705f12d0f9db23cb265482db66c39b102d1f278dd0ef5719b,2,raw|train,sano,dataset/raw/sano/sano_00923.jpg|dataset/train/sano/sano_00923.jpg
968e32086ec6f3f7e05487405e3c70f825c5c50c242a3db14bcf0d05027d8e96,2,raw|train,peligro,dataset/raw/peligro/peligro_04901.jpg|dataset/train/peligro/peligro_04901.jpg
96ca3143510139edaea0c3fe388580a4168cd5ccd8dd2ce2e4c06fbf439bc129,2,raw|train,peligro,dataset/raw/peligro/peligro_03240.jpg|dataset/train/peligro/peligro_03240.jpg
96ebe8573fa656a73b60a943d5cf85af4928fdca567b5aec08f6d5c93b93d9a9,2,raw|train,atencion,dataset/raw/atencion/atencion_10354.jpg|dataset/train/atencion/atencion_10354.jpg
970bd37674a37be7f1027002563e969239e9b0bc659c6d33102d41137f6049cb,2,raw|train,atencion,dataset/raw/atencion/atencion_03788.jpg|dataset/train/atencion/atencion_03788.jpg
973bf9abe122d0419e6164e33e9d72ee13bc0a4250bf1249a031a4b4d8c54d46,2,raw|test,peligro,dataset/raw/peligro/peligro_05252.jpg|dataset/test/peligro/peligro_05252.jpg
973bfd7f000878672fab920f80d4bff61cf382c8d3b0e7809824f9d97af9bbf2,2,raw|train,peligro,dataset/raw/peligro/peligro_01179.jpg|dataset/train/peligro/peligro_01179.jpg
97d038280103ad3d4d1cd0da7880040612c4fd92b11e04c99902bd760af881dc,2,raw|train,sano,dataset/raw/sano/sano_05525.jpg|dataset/train/sano/sano_05525.jpg
97eb8fb8e190f74ff5233de55f19d6dce3ab6493eb30a3e453806f386a0afc3b,2,raw|train,peligro,dataset/raw/peligro/peligro_04578.jpg|dataset/train/peligro/peligro_04578.jpg
980e2ba2b42a5911fdac417c533dc825336e5befda6b1f2e2be4ee4169004ad8,2,raw|train,atencion,dataset/raw/atencion/atencion_00739.jpg|dataset/train/atencion/atencion_00739.jpg
98248548028c8835b258c1330a41a0c1dd6d9acd5e2e55372983bb0773b164fb,2,raw|train,peligro,dataset/raw/peligro/peligro_02906.jpg|dataset/train/peligro/peligro_02906.jpg
984d6bc978088a52f76212a447891e413f6888e501387dc8934d5495bc69e4e2,2,raw|test,sano,dataset/raw/sano/sano_12506.jpg|dataset/test/sano/sano_12506.jpg
986949e65ed936dcfdead5dd4091ec037ce5b54f6c5166a8c296e6cb0b69c69c,2,raw|train,sano,dataset/raw/sano/sano_00903.jpg|dataset/train/sano/sano_00903.jpg
98a703499225ae5f3230756bc93047cb1137453a7c6e15dd62769785a668e458,2,raw|validation,atencion,dataset/raw/atencion/atencion_14105.jpg|dataset/validation/atencion/atencion_14105.jpg
98ad8160ce18fe1b207aad5f79a96cf981042527b1d41b5fdb147754b65ecf3a,2,raw|validation,atencion,dataset/raw/atencion/atencion_14098.jpg|dataset/validation/atencion/atencion_14098.jpg
98de855f2e6157537aef4545034d2dc602ffa3dcbd3fedb102bb7d491e64426c,2,raw|train,sano,dataset/raw/sano/sano_00116.jpg|dataset/train/sano/sano_00116.jpg
993e7e6a09b3040739ddd0648c199336b8a24e9f142adc7cac3ea070882c1875,2,raw|validation,atencion,dataset/raw/atencion/atencion_00310.jpg|dataset/validation/atencion/atencion_00310.jpg
9948ab55d76fc45ffa3a0335b2d6ba4ffa99ca26e981f50a3621a8fd8336fbf3,2,raw|test,sano,dataset/raw/sano/sano_09175.jpg|dataset/test/sano/sano_09175.jpg
9955bd2be0b4f3f4466b7517f59780bb9eafa9e03ca31677eb671bd6a16e35cf,2,raw|train,peligro,dataset/raw/peligro/peligro_09063.jpg|dataset/train/peligro/peligro_09063.jpg
995d13ee830f200e2af762057231dd96c8f207f8dd02561e3cad089c674e7ee0,2,raw|test,sano,dataset/raw/sano/sano_06527.jpg|dataset/test/sano/sano_06527.jpg
99702f32ceff77edc863bfd1a4ebf834b14408f2c5b93d733089649857eb66b8,2,raw|validation,peligro,dataset/raw/peligro/peligro_02759.jpg|dataset/validation/peligro/peligro_02759.jpg
998ac1b95612981c9fe84301e27a094c1c92f9d9b68a1286635476c6c2969245,2,raw|test,peligro,dataset/raw/peligro/peligro_03562.jpg|dataset/test/peligro/peligro_03562.jpg
99de0649b9e312d82b5b0e69fb7e46c81cc06ca7054af6a985fa63fb082b7506,2,raw|train,peligro,dataset/raw/peligro/peligro_13301.jpg|dataset/train/peligro/peligro_13301.jpg
99e0561e59451f3c1df0a10760cc209018a41b2d76e2ec8954a243fccfa7749d,2,raw|train,peligro,dataset/raw/peligro/peligro_01222.jpg|dataset/train/peligro/peligro_01222.jpg
9a08ac454080a2cab94ddfda4d28ab52ff451497bca3989f875e5cc39430fa14,2,raw|train,atencion,dataset/raw/atencion/atencion_04104.jpg|dataset/train/atencion/atencion_04104.jpg
9a19637b58b90f3f15e977869eff6855ef435cbcfad02328bb12be76c7342b2b,2,raw|validation,peligro,dataset/raw/peligro/peligro_04659.jpg|dataset/validation/peligro/peligro_04659.jpg
9a47139801991c1da331ea96e76a1606692ce4d120b07bd7be7220cb5e4e0586,2,raw|validation,atencion,dataset/raw/atencion/atencion_12055.jpg|dataset/validation/atencion/atencion_12055.jpg
9a894737752c128c59f8664f24e591a85f497ab08791a3ec4b44b98defc98560,2,raw|train,peligro,dataset/raw/peligro/peligro_10165.jpg|dataset/train/peligro/peligro_10165.jpg
9a90fd12fbd68da87a574f61aef4ccbe941c6de69a0a3bc0c9180cad335112e4,2,raw|train,atencion,dataset/raw/atencion/atencion_14209.jpg|dataset/train/atencion/atencion_14209.jpg
9a93bb1c91272b1272b877533aa90f4ad6dc3dfb040a08cfc963f000f9f3bc3d,2,raw|train,peligro,dataset/raw/peligro/peligro_03355.jpg|dataset/train/peligro/peligro_03355.jpg
9add36329e3d842ceec266e9a28b8a988ee587256124bb44b2f3ae5736a0243a,2,raw|validation,sano,dataset/raw/sano/sano_00862.jpg|dataset/validation/sano/sano_00862.jpg
9b2a9d110eee0f686c9aec83539c029395b22e92cfad20a492659ed1ac404ca4,2,raw|train,atencion,dataset/raw/atencion/atencion_14112.jpg|dataset/train/atencion/atencion_14112.jpg
9b4b1a935343235ddb5f55433705319a9f395ac342989750e850eebb3deac33e,2,raw|train,sano,dataset/raw/sano/sano_12438.jpg|dataset/train/sano/sano_12438.jpg
9b71f45f70f0c4ee63745b402267171d5a6c4af89a91cc429eb789e1fc1f7cb0,2,raw|validation,peligro,dataset/raw/peligro/peligro_00370.jpg|dataset/validation/peligro/peligro_00370.jpg
9b7a6420cd5c231b710006b500d79094f61e1142dd41b685cb43bd382b80120e,2,raw|train,atencion,dataset/raw/atencion/atencion_14085.jpg|dataset/train/atencion/atencion_14085.jpg
9b8892eab83abe41b8ec04b74b42c074202b6e201e9a32ea0f0a8d1c52eae1bb,2,raw|test,sano,dataset/raw/sano/sano_01087.jpg|dataset/test/sano/sano_01087.jpg
9bb6e0a347bff9b8dbf6a1c080c5c614ba0b1b15b136ced121a54bf97b88725b,2,raw|train,atencion,dataset/raw/atencion/atencion_14226.jpg|dataset/train/atencion/atencion_14226.jpg
9bc0e6279510a1bb2b9d5f4d5bc1df7c2ce8e487bb128a59551440916dfb587c,2,raw|train,sano,dataset/raw/sano/sano_12543.jpg|dataset/train/sano/sano_12543.jpg
9be3d559db04e4134b37b20342fc771ffecb3028dcb47314f0690afe7819b30e,2,raw|train,peligro,dataset/raw/peligro/peligro_00451.jpg|dataset/train/peligro/peligro_00451.jpg
9be98d31f7466ef9cfe194c628d112d264f03238b984c9bd0bb83f6a6288b739,2,raw|validation,atencion,dataset/raw/atencion/atencion_14102.jpg|dataset/validation/atencion/atencion_14102.jpg
9bec85aa78c2319995a8b0f856891cf53f86784c9b432abb5097c3eb63efebc1,2,raw|train,atencion,dataset/raw/atencion/atencion_02220.jpg|dataset/train/atencion/atencion_02220.jpg
9c4bae367089f90823a586847a8b57bc26693cfc0ff7d20a4c59efaa78ad6152,2,raw|test,peligro,dataset/raw/peligro/peligro_04501.jpg|dataset/test/peligro/peligro_04501.jpg
9c654cf6a627ac6181de011abf08f83853d7802157d120248d7fec17c3972893,2,raw,atencion|peligro,dataset/raw/atencion/atencion_02094.jpg|dataset/raw/peligro/peligro_02606.jpg
9c7285a72621674867aa67739276f8cd64d743ea1e68cc4d83b08a4d56025dad,2,raw|test,atencion,dataset/raw/atencion/atencion_11473.jpg|dataset/test/atencion/atencion_11473.jpg
9c7b25528b8cdcec59b5d0aff667931185f1287be73e74475707f9ddd32318b3,2,raw|train,sano,dataset/raw/sano/sano_09464.jpg|dataset/train/sano/sano_09464.jpg
9c7d6ca240e4f6702492bbb149fe2f13a1d0a77f02b5f2d1b1a3355e9a9a3f08,2,raw|validation,sano,dataset/raw/sano/sano_00438.jpg|dataset/validation/sano/sano_00438.jpg
9ca4a9c968f268f208ba2a170113ddea2ce9fda21ff92eff3954b0788553440a,2,raw|validation,sano,dataset/raw/sano/sano_12492.jpg|dataset/validation/sano/sano_12492.jpg
9cbc9aef239c3f8b6d54a6cd3c9419b8c65e5b131cad141b8925c3f7c9b82c27,2,raw|train,peligro,dataset/raw/peligro/peligro_00923.jpg|dataset/train/peligro/peligro_00923.jpg
9ce9c1b56170b9b4a725094e87002333d8d7a87a8cb59b95e69454bfc2eb5caa,2,raw|train,peligro,dataset/raw/peligro/peligro_06646.jpg|dataset/train/peligro/peligro_06646.jpg
9d091683577eb69a2f72b4114adc0f132941bc5d1d2db4bac7cd301f87e949d6,2,raw|validation,atencion,dataset/raw/atencion/atencion_04993.jpg|dataset/validation/atencion/atencion_04993.jpg
9d1370c7ac259aedd2fca855fd875b50130a49cef8fad693c9b13536bd6a74f4,2,raw|train,peligro,dataset/raw/peligro/peligro_03663.jpg|dataset/train/peligro/peligro_03663.jpg
9d1dafa1f2218e1f86caef4e3aa060b5cae36c7c19f2bfacb5bd48aa850f9e40,2,raw|validation,peligro,dataset/raw/peligro/peligro_10357.jpg|dataset/validation/peligro/peligro_10357.jpg
9d2a3043c9754d8b462abe6b924a598fe98bdae70f69614edb6adddb45dc65a8,2,raw|train,peligro,dataset/raw/peligro/peligro_00042.jpg|dataset/train/peligro/peligro_00042.jpg
9d6c04069299a0c7894e3808f825327371c5b724425428db83f54c551b3f2627,2,raw|test,atencion,dataset/raw/atencion/atencion_08681.jpg|dataset/test/atencion/atencion_08681.jpg
9d79a87f24c41e6ce5f3d66e07eae5596b72fd59ed6ecb2ab5b2137c0f363cdd,2,raw|train,sano,dataset/raw/sano/sano_00744.jpg|dataset/train/sano/sano_00744.jpg
9dec2a6fe1a77af10624748177442eec5439664ab67d3629775b7123de9abddd,2,raw|train,sano,dataset/raw/sano/sano_12501.jpg|dataset/train/sano/sano_12501.jpg
9dfe555163aff6ba76e7d1b73113dbd8c15a0666177426543e4f174e4e289c5c,2,raw|train,peligro,dataset/raw/peligro/peligro_03081.jpg|dataset/train/peligro/peligro_03081.jpg
9e05b3f3a94e65e1f02157b7e4efdfe3930947042c0d6fea7c17d61a9d3ff952,2,raw|validation,peligro,dataset/raw/peligro/peligro_08284.jpg|dataset/validation/peligro/peligro_08284.jpg
9e0eba2949d88b390f731f7e18853c9fd0f73138f924e9a87c5717c0d4fcf3b8,2,raw|train,sano,dataset/raw/sano/sano_12416.jpg|dataset/train/sano/sano_12416.jpg
9e1e2b8cc4a91f4c0e2874879873459f657e3ff24d3b2957a9dd90104a4daa5c,2,raw|train,atencion,dataset/raw/atencion/atencion_03752.jpg|dataset/train/atencion/atencion_03752.jpg
9e25aae3ad1281a5246b165c9e299b5a8e51dc774ee3670a303048165a2f92df,2,raw|validation,sano,dataset/raw/sano/sano_01224.jpg|dataset/validation/sano/sano_01224.jpg
9e56c12d4d027f1cfb1780a587ab3907422453af9a2a33c577b07467ecbed4fd,2,raw|test,sano,dataset/raw/sano/sano_03296.jpg|dataset/test/sano/sano_03296.jpg
9e5caace4e4417e9e8ae742bec35f63212c65d849d01b1ea7c654de79266c144,2,raw|train,atencion,dataset/raw/atencion/atencion_14120.jpg|dataset/train/atencion/atencion_14120.jpg
9e9db5c057cbe7939982247200b49be2aac25816395491fe4c2b22fc3a552a01,2,raw|train,peligro,dataset/raw/peligro/peligro_04596.jpg|dataset/train/peligro/peligro_04596.jpg
9ecfb33b3bd6d870a65028ca019710072a805b7ccbbcb714a0222c9d0be0fb68,2,raw|train,sano,dataset/raw/sano/sano_03941.jpg|dataset/train/sano/sano_03941.jpg
9ee4bcf916f050129527a6dbcde2cc819c67a7784e1f3c6f3e00bd957af78b5b,2,raw|train,peligro,dataset/raw/peligro/peligro_06015.jpg|dataset/train/peligro/peligro_06015.jpg
9ef604d9ecbfe792d94de11adc711c192636ffb73a6ccd236672ed4edb5cbc44,2,raw|train,atencion,dataset/raw/atencion/atencion_06341.jpg|dataset/train/atencion/atencion_06341.jpg
9f0f26a237b6f47c3668194a1247e0945b34c4e7885264130789bd138f6eb666,2,raw|train,atencion,dataset/raw/atencion/atencion_05397.jpg|dataset/train/atencion/atencion_05397.jpg
9f12bbc49d9022c3e33ac314570f335052714fdb3ee5512e12e2f0132b8a3573,2,raw|train,atencion,dataset/raw/atencion/atencion_03347.jpg|dataset/train/atencion/atencion_03347.jpg
9f1de51f09e7e9364e397c9005239c546872cfd7cc88eda8dc9075d8fb6e60a8,2,raw|validation,sano,dataset/raw/sano/sano_12565.jpg|dataset/validation/sano/sano_12565.jpg
9f23861291f32d2a35a91eea9f015d23250b26d76cb48bb9095879c1c74127ef,2,raw|train,sano,dataset/raw/sano/sano_01241.jpg|dataset/train/sano/sano_01241.jpg
9f6e064240c26a0521f1f62e4bba958182aacb2127535ac6974a19952054fd17,2,raw|train,sano,dataset/raw/sano/sano_08252.jpg|dataset/train/sano/sano_08252.jpg
9f895a0a42262bf9a7d2e1222cb9fad966e4d353cfe620321e51d80294709529,2,raw|validation,sano,dataset/raw/sano/sano_05399.jpg|dataset/validation/sano/sano_05399.jpg
9fbe6c8dac9e8e2193aeb596b69c5427ea80d420bf0c8b131c3594bb9a757711,2,raw|test,atencion,dataset/raw/atencion/atencion_14092.jpg|dataset/test/atencion/atencion_14092.jpg
9fd52005d82df19713719a3d09ef072a074504ee30e982cef4054bf3febd2ef6,2,raw|validation,peligro,dataset/raw/peligro/peligro_10582.jpg|dataset/validation/peligro/peligro_10582.jpg
9ff48efc999d25ca121d40cea61cfcd7df995f3dc974e39a86124abc3b71af69,2,raw|train,sano,dataset/raw/sano/sano_04983.jpg|dataset/train/sano/sano_04983.jpg
a00494b5a4600f0e08e5b9cb966917111d095487afd784ccc9cb8831ba6f501f,2,raw|train,peligro,dataset/raw/peligro/peligro_10310.jpg|dataset/train/peligro/peligro_10310.jpg
a038f47124196402f1c0994138fbd5aabc02d7f409f7f33ab61f389ee39819eb,2,raw|train,atencion,dataset/raw/atencion/atencion_02427.jpg|dataset/train/atencion/atencion_02427.jpg
a0a4e868e741e84ec7566f2da0adc033f153c66258a0b03b08038e22a3945740,2,raw|train,peligro,dataset/raw/peligro/peligro_00106.jpg|dataset/train/peligro/peligro_00106.jpg
a0f135a140a5773ac8b4b52400a4db225a85b109e2168471ceea514adfcb5f6e,2,raw|train,atencion,dataset/raw/atencion/atencion_00606.jpg|dataset/train/atencion/atencion_00606.jpg
a0f84da18a6d0c53b34ac31bb45836744b293ee16b5b5d7c052a7bd429ec218b,2,raw|train,sano,dataset/raw/sano/sano_05052.jpg|dataset/train/sano/sano_05052.jpg
a112e35406ee12a6926a519751c351aedb77660ce8a12c43d1fd67a49c28f1f7,2,raw|test,peligro,dataset/raw/peligro/peligro_03912.jpg|dataset/test/peligro/peligro_03912.jpg
a11999745d70066200f96da46a00bc25f5c6c0771a96e32d8a204c827d1e510b,2,raw|test,sano,dataset/raw/sano/sano_01048.jpg|dataset/test/sano/sano_01048.jpg
a11a5e917d21e42b362103a9a8bc7bde52d5be0c9351528a513fe144ae9511aa,2,raw|train,peligro,dataset/raw/peligro/peligro_06317.jpg|dataset/train/peligro/peligro_06317.jpg
a124a0d14f20c31ebae0a5595f7f9e9a6fa10af72673ab4c2501d45080613997,2,raw|train,sano,dataset/raw/sano/sano_08966.jpg|dataset/train/sano/sano_08966.jpg
a136ac0b3d53870dd9e24bf24ae76397c759163dd8cd848cc2a3ff5faafb30e2,2,raw|train,sano,dataset/raw/sano/sano_04156.jpg|dataset/train/sano/sano_04156.jpg
a149dd6057abe917dee1696a35619b0a9d4013049b86c91d19cf6f6a9fc8c365,2,raw|train,atencion,dataset/raw/atencion/atencion_02920.jpg|dataset/train/atencion/atencion_02920.jpg
a14ea7535311b23af41493a3cbfaa30bdfb21c620806baac3794993476526ed7,2,raw|validation,peligro,dataset/raw/peligro/peligro_00371.jpg|dataset/validation/peligro/peligro_00371.jpg
a15139deeeef417db0aa7f4880eaa3ff50fcc684589544e147fc7b0ae87ca11f,2,raw|test,peligro,dataset/raw/peligro/peligro_00243.jpg|dataset/test/peligro/peligro_00243.jpg
a15440e2b5e143f54d705dd42580be4dbfbf9cb145664cfa8bc820dee6cd3ef0,2,raw|train,sano,dataset/raw/sano/sano_12435.jpg|dataset/train/sano/sano_12435.jpg
a1c435e28fe833dbed54620c862323ab32b000028affb4cadb445a8c0d46b4ac,2,raw|test,atencion,dataset/raw/atencion/atencion_14223.jpg|dataset/test/atencion/atencion_14223.jpg
a1db068636951e036db857a5e1f3e23ceb416235096959c2c1627ba89e5bbad7,2,raw|train,atencion,dataset/raw/atencion/atencion_09924.jpg|dataset/train/atencion/atencion_09924.jpg
a205ef61bf0028455c61964fd8c105f67590c7c7d557646ddadb98077d1be70e,2,raw|train,peligro,dataset/raw/peligro/peligro_03119.jpg|dataset/train/peligro/peligro_03119.jpg
a210f70eefaf86d2aa9ce5822dce88ac37b3d9c751af41f92ed3fcbc9969bdd5,2,raw|train,atencion,dataset/raw/atencion/atencion_02285.jpg|dataset/train/atencion/atencion_02285.jpg
a22799939ec9f1788a7426aaebe4b95ca24889b1e9bb381b5cc15cf2d098b5c3,2,raw|validation,peligro,dataset/raw/peligro/peligro_05145.jpg|dataset/validation/peligro/peligro_05145.jpg
a22808c8066df48f5bb810c8c9633cdd04d0f84590e2ed682460ef69dd2e7c95,2,raw|train,peligro,dataset/raw/peligro/peligro_07206.jpg|dataset/train/peligro/peligro_07206.jpg
a24ed2dda55857cc7f6568293bac3530d6c74c876a5651733a7440d662a1f20d,2,raw|train,peligro,dataset/raw/peligro/peligro_06346.jpg|dataset/train/peligro/peligro_06346.jpg
a29d9abff3b699e1d85275e05a60c6ba935ab93498af6e0682c12680ba771457,2,raw|test,atencion,dataset/raw/atencion/atencion_14204.jpg|dataset/test/atencion/atencion_14204.jpg
a2b5d42fac25e5bc76208808f03d683d74f73588162b0741becd9b71d3ef203c,2,raw|train,sano,dataset/raw/sano/sano_04780.jpg|dataset/train/sano/sano_04780.jpg
a2dd0ffacd0b33f1a09eb8159dd5666aa396096c89133780f3a0bec3dcf69ef9,2,raw|train,sano,dataset/raw/sano/sano_09326.jpg|dataset/train/sano/sano_09326.jpg
a2dd4de84bcbdf2afe91fd8be0a988121ff2b0cfa9694bdb753cc5934907e02b,2,raw|train,atencion,dataset/raw/atencion/atencion_03685.jpg|dataset/train/atencion/atencion_03685.jpg
a32da69784cbc2dda16d80aefecfe8afaee37e0ef73560e56674b656330b6dba,2,raw|train,sano,dataset/raw/sano/sano_12407.jpg|dataset/train/sano/sano_12407.jpg
a340161ffa7a681a26036ec6e4f1f81795b090e473589095264016cf083dc199,2,raw|train,atencion,dataset/raw/atencion/atencion_00684.jpg|dataset/train/atencion/atencion_00684.jpg
a35ea5bf8efbd81b7655e75130d65ae6a8f1c88df7096b16b7887e0dacb4f91c,2,raw|train,sano,dataset/raw/sano/sano_00538.jpg|dataset/train/sano/sano_00538.jpg
a37e5c01417fa79bfa89ce9ec01ee7f9f7ded644fa6b149f04d502b8ef7db03e,2,raw|validation,sano,dataset/raw/sano/sano_12535.jpg|dataset/validation/sano/sano_12535.jpg
a3929b4b14ec4e429cab51beb26a02fde398ef78c53893c1baad22b12b5f6b1b,2,raw|train,sano,dataset/raw/sano/sano_00170.jpg|dataset/train/sano/sano_00170.jpg
a3c5917a0566c33f7000817976a3ad231a4b0e53954c1f2e4c11a1ff4dda2ff0,2,raw|train,atencion,dataset/raw/atencion/atencion_03484.jpg|dataset/train/atencion/atencion_03484.jpg
a3ea59ba641c804b4be257ee8c92cffd5ab11211dc543ac5fd48f8b7e409a482,2,raw|validation,sano,dataset/raw/sano/sano_00429.jpg|dataset/validation/sano/sano_00429.jpg
a3fbba0d0d46d1c3e433cdf0c49b4b78979690d0cf159f62f3c4c5a4a9256d3b,2,raw|train,sano,dataset/raw/sano/sano_08827.jpg|dataset/train/sano/sano_08827.jpg
a400597e877b61f944fe00b8d85055524c8b768d984be4060ae0c6ba088e8c02,2,raw|train,sano,dataset/raw/sano/sano_00540.jpg|dataset/train/sano/sano_00540.jpg
a47fe0e4be28fbb8e6a1e16374effe5a58db0ee1fa5ae0d50dffb47e0c39bca5,2,raw|train,sano,dataset/raw/sano/sano_07289.jpg|dataset/train/sano/sano_07289.jpg
a491262e5e7b3079c6c29929dc1b4efcc81133b65fab0fcc08fb8b9a55dffb61,2,raw|test,atencion,dataset/raw/atencion/atencion_05187.jpg|dataset/test/atencion/atencion_05187.jpg
a4ba5fc7aa4c6947b245ebd9905169e04f27f7c8f21dd509fbccd79c0c7ccae1,2,raw|train,atencion,dataset/raw/atencion/atencion_09836.jpg|dataset/train/atencion/atencion_09836.jpg
a4cfb662ed400e4cbe148aae6bc6de58d1f5cf514ec333e4fcbc86887d2b4862,2,raw|train,peligro,dataset/raw/peligro/peligro_04532.jpg|dataset/train/peligro/peligro_04532.jpg
a4d4c6c4dda3a55ce23a0db24dca12c09b2e0387c874e276a7ea268b2e73b0b3,2,raw|train,peligro,dataset/raw/peligro/peligro_06150.jpg|dataset/train/peligro/peligro_06150.jpg
a4d67b6978af2953fbf5ed6e1de0b8e4a8b1be7ed88448b5bc975e61ee6e3521,2,raw|train,sano,dataset/raw/sano/sano_11334.jpg|dataset/train/sano/sano_11334.jpg
a5127e07d903783a77773440d86d06b9503d2213d8965ee4bfb65e9c4fa3024d,2,raw|train,peligro,dataset/raw/peligro/peligro_01238.jpg|dataset/train/peligro/peligro_01238.jpg
a51faa48511e7be4fbecb4feab2af16277250379769f78a2095630047578cb14,2,raw|validation,atencion,dataset/raw/atencion/atencion_07223.jpg|dataset/validation/atencion/atencion_07223.jpg
a522f30538508b14361bee207b360a0bdd98a552bd745d038ff188223ccce19a,2,raw|test,peligro,dataset/raw/peligro/peligro_04732.jpg|dataset/test/peligro/peligro_04732.jpg
a525a011f0421f6f025aa4ecb6bb445ae344fa39b99989b91932f37cded0bd76,2,raw|train,sano,dataset/raw/sano/sano_08897.jpg|dataset/train/sano/sano_08897.jpg
a532b32a0d84bb98215123cb8c02331fefd3dae5582c654f79252f20a7c7da7a,2,raw|train,sano,dataset/raw/sano/sano_12378.jpg|dataset/train/sano/sano_12378.jpg
a56fdd21fd835901cd7f67122407c4ba65bdb7f1bd9dcc8f76820b9d0e888a8e,2,raw|validation,sano,dataset/raw/sano/sano_05508.jpg|dataset/validation/sano/sano_05508.jpg
a58304f0a914f0f5d5f071a86f84e9c1e4ee5d70a4c07b1803d7ffa9106da4c7,2,raw|train,peligro,dataset/raw/peligro/peligro_05258.jpg|dataset/train/peligro/peligro_05258.jpg
a5b5721b4fa14f358e577fb7045967705fda7fec8c2c8a255dcb6546fd36aa75,2,raw|train,peligro,dataset/raw/peligro/peligro_03329.jpg|dataset/train/peligro/peligro_03329.jpg
a5c56e990255ecc65d2a6b458b4217b0aa9da87decf7f00b8eb185b519cb12b7,2,raw|train,atencion,dataset/raw/atencion/atencion_14113.jpg|dataset/train/atencion/atencion_14113.jpg
a5f4e477f517849afe130a79a6474448af45f9c1aadb52485f7ae01606e44a6a,2,raw|validation,sano,dataset/raw/sano/sano_04286.jpg|dataset/validation/sano/sano_04286.jpg
a60619122677487a288c0051ca05843e53da4bed0126fcd8fb1b66dd79ad6740,2,raw|train,sano,dataset/raw/sano/sano_12430.jpg|dataset/train/sano/sano_12430.jpg
a60f21e8345932db8be8dc8280c051c44638b097633e67c6c563887e48fe6963,2,raw|train,sano,dataset/raw/sano/sano_05228.jpg|dataset/train/sano/sano_05228.jpg
a615a2f50ce65a36ef3edc6ea1363b4ad9d33bb7d3cba73ebabb6f91a3c57067,2,raw|train,peligro,dataset/raw/peligro/peligro_06101.jpg|dataset/train/peligro/peligro_06101.jpg
a63b5d3b7819482ea498274222b3796d2872c3d4aa95672332ad00baf78e16e1,2,raw|train,atencion,dataset/raw/atencion/atencion_05177.jpg|dataset/train/atencion/atencion_05177.jpg
a65089bf1adca9f6e602e68ac3ec114b2c3dd6fad8578c5bd2ec616a3869ae22,2,raw|train,sano,dataset/raw/sano/sano_00143.jpg|dataset/train/sano/sano_00143.jpg
a6868d28f292eab2b62e84aeb5c09057095ea14375d4d2db92eaa9143a6adacb,2,raw|train,atencion,dataset/raw/atencion/atencion_03085.jpg|dataset/train/atencion/atencion_03085.jpg
a69489a4910805c4dbee4bbf10add2be07dd0fe32bbca1a374d0a2752b9e5c08,2,raw|validation,sano,dataset/raw/sano/sano_01008.jpg|dataset/validation/sano/sano_01008.jpg
a69d15332363533be85100a6d1216781a127aac4118e462260ebcae901644524,2,raw|validation,atencion,dataset/raw/atencion/atencion_03365.jpg|dataset/validation/atencion/atencion_03365.jpg
a6b6f4e3578147bdc785786283b2f52b6d570f8f23351c600b35d7d8ca193c42,2,raw|train,atencion,dataset/raw/atencion/atencion_04853.jpg|dataset/train/atencion/atencion_04853.jpg
a6c08994401c36df707674fdaca6633562ae2814933417b996e0e7bb1dea77b7,2,raw|validation,atencion,dataset/raw/atencion/atencion_05117.jpg|dataset/validation/atencion/atencion_05117.jpg
a6c823944d3faf8f472656f5d4e7e50d508de0721bffd18931a549198419bb8d,2,raw|validation,atencion,dataset/raw/atencion/atencion_00409.jpg|dataset/validation/atencion/atencion_00409.jpg
a6df5ca33e12af1865d833535130f8c566048fbc92d9727000808bed378df505,2,raw|train,sano,dataset/raw/sano/sano_03922.jpg|dataset/train/sano/sano_03922.jpg
a704b3a67b0206e06ea1c178edace7ffacfb88d090bf70c5c00315c202271aba,2,raw|train,sano,dataset/raw/sano/sano_12398.jpg|dataset/train/sano/sano_12398.jpg
a712291e437d1f3d18550790a938ed368757e9bd4880b4d2e58069c6e71b4f8d,2,raw|train,atencion,dataset/raw/atencion/atencion_07152.jpg|dataset/train/atencion/atencion_07152.jpg
a72c44a75ed19eda8afee35a535567420331708dac673b7bfa7e5b9944cf216d,2,raw|train,atencion,dataset/raw/atencion/atencion_14109.jpg|dataset/train/atencion/atencion_14109.jpg
a739145f52810d52f8803d88078be5cc2a8053f2dbfe062dc26b6444de8b7729,2,raw|validation,sano,dataset/raw/sano/sano_07588.jpg|dataset/validation/sano/sano_07588.jpg
a73fec8c5978674874d2973ebfa1384ccba7148a14c94aa2ea8fe9258561d311,2,raw|train,peligro,dataset/raw/peligro/peligro_02872.jpg|dataset/train/peligro/peligro_02872.jpg
a74883aa5280ead261a2725d0b552e9ca95f2dafb4996c94788608037577cd62,2,raw|train,sano,dataset/raw/sano/sano_11570.jpg|dataset/train/sano/sano_11570.jpg
a7574db512ca0d56a0b02a3ce85c9a641d25ae5d8a7b7baddd4dda8ae568a43f,2,raw|test,atencion,dataset/raw/atencion/atencion_02547.jpg|dataset/test/atencion/atencion_02547.jpg
a77870d6313eb61943ad41a905bc2ae0858881a5d94edd6de4a4d7b0dfa8ff66,2,raw|train,peligro,dataset/raw/peligro/peligro_02677.jpg|dataset/train/peligro/peligro_02677.jpg
a7b85dcc12974e39a2ff1b5a7686d2fb548a67eb4d0d053e801b1a2866e4379e,2,raw|train,sano,dataset/raw/sano/sano_00954.jpg|dataset/train/sano/sano_00954.jpg
a7c0b678240f0151e540be36fb951c5e7ddf530330d94494454f3e4c542fa8a1,2,raw|train,peligro,dataset/raw/peligro/peligro_00886.jpg|dataset/train/peligro/peligro_00886.jpg
a7cd9ab27e2d9eed9bdcc1a40af8425af1919970a87661c75ee6ae5e33bdbba2,2,raw|train,atencion,dataset/raw/atencion/atencion_08923.jpg|dataset/train/atencion/atencion_08923.jpg
a7dd98c3be97a53624feece847d90cca3bf9e02089de5e00b0fde28e3f6d71b4,2,raw|train,atencion,dataset/raw/atencion/atencion_11679.jpg|dataset/train/atencion/atencion_11679.jpg
a7fd1f7e14753b60f9345917d898eac2494cb44b17c6c4193b95bf915eab2a22,2,raw|test,atencion,dataset/raw/atencion/atencion_03338.jpg|dataset/test/atencion/atencion_03338.jpg
a8157dbb3f4e803377693a6848492a4da7880c4b6cd1dea1f62aa5a9d4a46860,2,raw|train,atencion,dataset/raw/atencion/atencion_03959.jpg|dataset/train/atencion/atencion_03959.jpg
a819e4a336d8d9c7d1a4a831292fc44f37e1932f3cf18cb5258e604841b595e1,2,raw|train,peligro,dataset/raw/peligro/peligro_00560.jpg|dataset/train/peligro/peligro_00560.jpg
a875bfb825a557de6fec0115bb38e04d95632b923d658540a90577a7546475ec,2,raw|train,peligro,dataset/raw/peligro/peligro_09211.jpg|dataset/train/peligro/peligro_09211.jpg
a88476e7855877816771f084b5ee08c7a89c88060385a214a7162908cb182659,2,raw|train,peligro,dataset/raw/peligro/peligro_02985.jpg|dataset/train/peligro/peligro_02985.jpg
a89e0c71e5a0a4790b91bfeb25d42715207fb41b6045084abb49c5579a600917,2,raw|train,sano,dataset/raw/sano/sano_07323.jpg|dataset/train/sano/sano_07323.jpg
a8e26a8143055a63aadacca413efd58ba846efa99f076880bc4e0ac411bbb701,2,raw|train,peligro,dataset/raw/peligro/peligro_00202.jpg|dataset/train/peligro/peligro_00202.jpg
a914ede35f57c4494dc2b034ac365412c0754ba85c01d2fd3238f3aa17a98fa2,2,raw|train,atencion,dataset/raw/atencion/atencion_03555.jpg|dataset/train/atencion/atencion_03555.jpg
a918c86f7afcdae79f547e2948aaacbb1fcb3c3b27666f5c7ed7f280c0293163,2,raw|validation,peligro,dataset/raw/peligro/peligro_00073.jpg|dataset/validation/peligro/peligro_00073.jpg
a921dc554fde84c8abc48321e6acf943285e13a2afc10709db2cc8cebdce820d,2,raw|train,peligro,dataset/raw/peligro/peligro_05714.jpg|dataset/train/peligro/peligro_05714.jpg
a98ff3484a1d90505ad5c2e4a666d7674d5614334511fa78d4a0cafe008ed0df,2,raw|train,atencion,dataset/raw/atencion/atencion_09282.jpg|dataset/train/atencion/atencion_09282.jpg
a9a6556d174d472e7c46eb9ea8a3be6cd80833c2a6d69281dc1a86a92e167cec,2,raw|validation,sano,dataset/raw/sano/sano_08742.jpg|dataset/validation/sano/sano_08742.jpg
a9dca6cf0f172d15c167b48b46d036daf8239c66dd784534bea790b4f0c1098f,2,raw|train,atencion,dataset/raw/atencion/atencion_07452.jpg|dataset/train/atencion/atencion_07452.jpg
aa1918838173ee0f558e4eea13153532b05298c032e742f32fe4e9f14e430175,2,raw|train,atencion,dataset/raw/atencion/atencion_02238.jpg|dataset/train/atencion/atencion_02238.jpg
aa7e875698cb75ead7515a2a468923d3e02224f161d96b0b6935b209f0b4fcb3,2,raw|test,sano,dataset/raw/sano/sano_09710.jpg|dataset/test/sano/sano_09710.jpg
aa8364d5541d8b799b9c63e312b4bedcd5d0b5da2ecb37301d1fba6beb3a4fa9,2,raw|validation,sano,dataset/raw/sano/sano_00306.jpg|dataset/validation/sano/sano_00306.jpg
aaa26622758f6a49e6ecfee54cc3bc0b0f745d8d8ffa082cd34450010ff309c6,2,raw|train,peligro,dataset/raw/peligro/peligro_11398.jpg|dataset/train/peligro/peligro_11398.jpg
aaba18eeb01403c0228e371a13d4da49fafe77fff60daf5f00bb4fd77d110145,2,raw|train,sano,dataset/raw/sano/sano_10066.jpg|dataset/train/sano/sano_10066.jpg
aac6d1367c0c299af1694b8b71526947b1fc587605a4ce5365558fbab71e6920,2,raw|train,peligro,dataset/raw/peligro/peligro_07983.jpg|dataset/train/peligro/peligro_07983.jpg
aacfd2a5bea9c92c4ce165d10d752386d0f7f867c29e0d234dc040fd099f7a05,2,raw|train,peligro,dataset/raw/peligro/peligro_01146.jpg|dataset/train/peligro/peligro_01146.jpg
ab08295e56894e2ab9b62828298064aa787bba47ad05c3c22678c96972eb0d0f,2,raw|train,peligro,dataset/raw/peligro/peligro_00884.jpg|dataset/train/peligro/peligro_00884.jpg
ab36d572d836a47504a8fbbf960a0477ad120bce4a6a7d0c35c59b6480e89359,2,raw|train,peligro,dataset/raw/peligro/peligro_04595.jpg|dataset/train/peligro/peligro_04595.jpg
ab377cb921f7bedd46ccec06628c5c62a6983bb32c3274bf6c02988d212f76c5,2,raw|validation,peligro,dataset/raw/peligro/peligro_14591.jpg|dataset/validation/peligro/peligro_14591.jpg
ab60a8835edc699558c88e23bc6291e32d636aa82231fb16f6c18c779a2673da,2,raw|train,atencion,dataset/raw/atencion/atencion_01072.jpg|dataset/train/atencion/atencion_01072.jpg
ab743b377c90127690975bc0d768c69217afdffb44ffdfe1f3aeaa2b24c1381e,2,raw|validation,sano,dataset/raw/sano/sano_04372.jpg|dataset/validation/sano/sano_04372.jpg
ab7697a4a09c467831a4f156d6c110ab638fa4697c18fb44cbfc1af350feb73e,2,raw|validation,peligro,dataset/raw/peligro/peligro_14276.jpg|dataset/validation/peligro/peligro_14276.jpg
ab94aa230718f320b093bf5c7b8ffbaf9e01a2b2f0ba6102a21f587cb0f46e77,2,raw|train,peligro,dataset/raw/peligro/peligro_03077.jpg|dataset/train/peligro/peligro_03077.jpg
abb5a85e5c9c4c991d5b3d2d36eecb15caf03c1deb3198b41476e7e0db36c0fc,2,raw|test,atencion,dataset/raw/atencion/atencion_12027.jpg|dataset/test/atencion/atencion_12027.jpg
abb7d9bbe59c4cf164b72af5bffb283a1665b0802bb97635556c443c8e467d52,2,raw|train,sano,dataset/raw/sano/sano_12428.jpg|dataset/train/sano/sano_12428.jpg
ac523423ca2f08d92ebda296d718f4081a6d65366b8845beccb3f4db0473d999,2,raw|test,sano,dataset/raw/sano/sano_12560.jpg|dataset/test/sano/sano_12560.jpg
ac53596ed5db1647716afa60b44b1d3846c3fb40f34bcd54895d5d55adc4c19e,2,raw|validation,sano,dataset/raw/sano/sano_12419.jpg|dataset/validation/sano/sano_12419.jpg
ac5906aec1ba5224bcb213d5f99e14534093e53e6f0a0b070461234428fae0f1,2,raw|train,atencion,dataset/raw/atencion/atencion_03509.jpg|dataset/train/atencion/atencion_03509.jpg
ac600ac9a4552e2be602acc4de5d82c59e6b53f3b27e91d37c2bec857f9553e5,2,raw|validation,sano,dataset/raw/sano/sano_12363.jpg|dataset/validation/sano/sano_12363.jpg
ac8b8f6829bceb7cd4b4d7a149927570e53961a33607827d36f3f21958899827,2,raw|train,peligro,dataset/raw/peligro/peligro_00398.jpg|dataset/train/peligro/peligro_00398.jpg
aca831709f29f65eddb0250e1ffc7bc7b1862331ef788c11f11cb815a251dd3d,2,raw|validation,sano,dataset/raw/sano/sano_12555.jpg|dataset/validation/sano/sano_12555.jpg
acbc3170ea316a3166afcbccfc4ac940ef8fa3f19910d3622668f6430c77d396,2,raw|validation,atencion,dataset/raw/atencion/atencion_02626.jpg|dataset/validation/atencion/atencion_02626.jpg
ace1d401bb4b18c3caab1b60b05bc1d6175741a3d545ae750c31cdf3f90b92c9,2,raw|train,peligro,dataset/raw/peligro/peligro_10218.jpg|dataset/train/peligro/peligro_10218.jpg
ad026357461379c258a007b140fd2cdf57fa019081b60adc66bd9cb1347d46f1,2,raw|train,atencion,dataset/raw/atencion/atencion_14139.jpg|dataset/train/atencion/atencion_14139.jpg
ad0e604aaa1982a7db8b7f3492b190909c0a1a1ca0dadb2190c354a48ed0c1a8,2,raw|train,peligro,dataset/raw/peligro/peligro_00136.jpg|dataset/train/peligro/peligro_00136.jpg
ad7ce479c22b0e8ceef4f746de7518cb47c53a52e9b31e02ff1455b02c721b41,2,raw|train,atencion,dataset/raw/atencion/atencion_10543.jpg|dataset/train/atencion/atencion_10543.jpg
ad82dd603597fcd399f20b00df2f133a0fd2c6bfa1b9805ca1a9262fefb2cc82,2,raw|train,atencion,dataset/raw/atencion/atencion_03326.jpg|dataset/train/atencion/atencion_03326.jpg
ada9a0aa271d5b75fac095e30e6c8758dd4b8fc74ccc87f11ada981a8a4f623b,2,raw|train,peligro,dataset/raw/peligro/peligro_07414.jpg|dataset/train/peligro/peligro_07414.jpg
adc3a6d8ac2a8eb5142094dd28130cf68d5d664925d8cb10527fd1e081f0f8cf,2,raw|train,sano,dataset/raw/sano/sano_00668.jpg|dataset/train/sano/sano_00668.jpg
add7dc4d4f09458ad0ecfbd8919a63fa7102ecfceea376b6351537d25f4a41bb,2,raw|train,atencion,dataset/raw/atencion/atencion_14114.jpg|dataset/train/atencion/atencion_14114.jpg
ae0e929ae6a34d12ea5f75518486c1db26b34880ef9c49dd324549451c4b3739,2,raw|validation,sano,dataset/raw/sano/sano_03436.jpg|dataset/validation/sano/sano_03436.jpg
ae1da4aab8d3ecab8e1e2e99564dee792c0289331e86db7bc8dde8b292dd7c43,2,raw|validation,sano,dataset/raw/sano/sano_00936.jpg|dataset/validation/sano/sano_00936.jpg
ae27cede401bee42af0f0989f957050cfb3e16644ff68d6b649a62704e3d5725,2,raw|train,peligro,dataset/raw/peligro/peligro_08685.jpg|dataset/train/peligro/peligro_08685.jpg
ae7d62db168a63814a1ce9c9a9255941d9a3e88c944f67fa627096f38c9f1ae7,2,raw|train,atencion,dataset/raw/atencion/atencion_00148.jpg|dataset/train/atencion/atencion_00148.jpg
ae95a6cecbc7119b1b72784f8eb352c8839e33c12e0edab01f15e0f6f25f3e96,2,raw|train,atencion,dataset/raw/atencion/atencion_14159.jpg|dataset/train/atencion/atencion_14159.jpg
aea39dcc2735e38765563038d8dbb8d831cf2292ca23ba90d9dab43ec21cf9a4,2,raw|validation,atencion,dataset/raw/atencion/atencion_00311.jpg|dataset/validation/atencion/atencion_00311.jpg
aeac71194b21ff39d8cb2fe89bcc70f943010ca3ecb2942765c8ead7f8b19e3d,2,raw|validation,peligro,dataset/raw/peligro/peligro_03000.jpg|dataset/validation/peligro/peligro_03000.jpg
aed7690f2d33b2b49a0f06141c3eeb8375b9f5180b1a77b73fbc90fbb98b550c,2,raw|train,peligro,dataset/raw/peligro/peligro_00607.jpg|dataset/train/peligro/peligro_00607.jpg
aee62d2d201080df96e6fadcb7f79a80a5b3760b11739c591922aa48763d76c5,2,raw|train,peligro,dataset/raw/peligro/peligro_06437.jpg|dataset/train/peligro/peligro_06437.jpg
af46e73e774d1511003dee7fd2309a8040655de475f9d76bfc545a9b35e7d98d,2,raw|train,atencion,dataset/raw/atencion/atencion_00644.jpg|dataset/train/atencion/atencion_00644.jpg
af4a035134615ae8ae1f8549ffb8961c44faef9aad9751c01bf19e0744440bb4,2,raw|validation,peligro,dataset/raw/peligro/peligro_10111.jpg|dataset/validation/peligro/peligro_10111.jpg
af56c59427f217061ca1d2d22cfae00a0468b3b44edace6245965e51e1d51f42,2,raw|train,atencion,dataset/raw/atencion/atencion_05823.jpg|dataset/train/atencion/atencion_05823.jpg
af6ad7d8cf5027b464abdc2c3860f33d9a86da0828d9d04c2a6f108f3ce42f06,2,raw|validation,sano,dataset/raw/sano/sano_09491.jpg|dataset/validation/sano/sano_09491.jpg
af7927f0328be08048bae41efba8e8426d6377c22ea50d5451d0d67ebb3a312e,2,raw|test,atencion,dataset/raw/atencion/atencion_03242.jpg|dataset/test/atencion/atencion_03242.jpg
afa7472641d9c5481445f9b5f844ff10f4440e721000bf27a194143aed39b6b1,2,raw|train,peligro,dataset/raw/peligro/peligro_01224.jpg|dataset/train/peligro/peligro_01224.jpg
afb2a74dcd745af3fd7f854d5fff50f8c019ead0145c844d9194ee8b51dcceb4,2,raw|validation,peligro,dataset/raw/peligro/peligro_05907.jpg|dataset/validation/peligro/peligro_05907.jpg
afbee846e296cd5f54ba61e453da33ec291c19b059e1a21feebd61de114ed7ab,2,raw|validation,atencion,dataset/raw/atencion/atencion_14163.jpg|dataset/validation/atencion/atencion_14163.jpg
aff1962213a71bf8f4c2b4c8533a4909ed2d8e8339fefb167a1d7f6da42b4a89,2,raw|train,peligro,dataset/raw/peligro/peligro_08049.jpg|dataset/train/peligro/peligro_08049.jpg
aff5f6865ebc1251beb395b8f6b352b01f0abefab9c5b2ff348ad5366afd1664,2,raw|train,atencion,dataset/raw/atencion/atencion_00167.jpg|dataset/train/atencion/atencion_00167.jpg
b000c1f9cae2400effeca7e96f5809a6e687041cb83b0b9a9235c53d2a6b7b0e,2,raw|train,peligro,dataset/raw/peligro/peligro_01056.jpg|dataset/train/peligro/peligro_01056.jpg
b004264d72bd1977787ecb741cbd13dbe30b8410768c84827081f4d76ed5ca67,2,raw|train,sano,dataset/raw/sano/sano_03492.jpg|dataset/train/sano/sano_03492.jpg
b00abf6799c05ad8f9d5c71dafb241cdb5f3fdbd1efc3ca655ba49761c7a8e18,2,raw|train,peligro,dataset/raw/peligro/peligro_07232.jpg|dataset/train/peligro/peligro_07232.jpg
b04f256bf1237559603eadf0967446ea407b0040ea30fcdf5ef073f1aa1a7014,2,raw|train,peligro,dataset/raw/peligro/peligro_00919.jpg|dataset/train/peligro/peligro_00919.jpg
b05a8402e54fdc5ed5a7fdf32262672604fd44a591c3b75595c7a5947b3ed608,2,raw|train,peligro,dataset/raw/peligro/peligro_12700.jpg|dataset/train/peligro/peligro_12700.jpg
b06cf9adc546b91c828ed970c3e40fbb056815ba35cf790a4f7e98e7b0003497,2,raw|train,sano,dataset/raw/sano/sano_03008.jpg|dataset/train/sano/sano_03008.jpg
b0a7ebbfd433ea57511604f08a2d7a54383db0c2205d898789ebad82db609803,2,raw|validation,sano,dataset/raw/sano/sano_09635.jpg|dataset/validation/sano/sano_09635.jpg
b0af8db37e697e915c375fb51e46f72a717ba366b00dcc60e5bc51989d2361b8,2,raw|test,peligro,dataset/raw/peligro/peligro_12040.jpg|dataset/test/peligro/peligro_12040.jpg
b0cb939041c63f9b4762afbed4085cf7cb09185c46d930cdd9f9e41d78ee2db8,2,raw|train,atencion,dataset/raw/atencion/atencion_14099.jpg|dataset/train/atencion/atencion_14099.jpg
b0e62ea4e85d95c5bc40f14c6554cf7ec5000d6feec81f8d6a51d2ffb96db4b3,2,raw|train,peligro,dataset/raw/peligro/peligro_00584.jpg|dataset/train/peligro/peligro_00584.jpg
b0efe985070fce7fd97a4e857f79185ce19b2896cc8292af9dc4046499bdfb48,2,raw|validation,sano,dataset/raw/sano/sano_12370.jpg|dataset/validation/sano/sano_12370.jpg
b0f5b36b8b4538929a636981a97063a9b2b4edc9c7540866b9bf851d00be0c0f,2,raw|train,sano,dataset/raw/sano/sano_05921.jpg|dataset/train/sano/sano_05921.jpg
b11ca911226ffcc1b9bf3d983406504f0a5523d610968ec367e835760c6b7a32,2,raw|test,peligro,dataset/raw/peligro/peligro_05559.jpg|dataset/test/peligro/peligro_05559.jpg
b12cf47cf63f39215ca9959dd855331daef738751b02f7a3c85bbfd53e21f13f,2,raw|train,sano,dataset/raw/sano/sano_12499.jpg|dataset/train/sano/sano_12499.jpg
b134bcf4016c66fb2819859e475dc5f2cf5d64622f209bf40262cdc0181c97c3,2,raw|test,peligro,dataset/raw/peligro/peligro_05378.jpg|dataset/test/peligro/peligro_05378.jpg
b14bdc6d70d5197902dda5844f1dc2ec36273e3d772018b10722289bc0835fc9,2,raw|train,sano,dataset/raw/sano/sano_12548.jpg|dataset/train/sano/sano_12548.jpg
b198b315a26fa9bdbbf57c92976cd18877e49453ec87c2ade0719381b9d71e18,2,raw|train,sano,dataset/raw/sano/sano_12457.jpg|dataset/train/sano/sano_12457.jpg
b1a4257329e50bb66aa9d432c743ec9089658ae6054ec543e66ac0fbb00363b6,2,raw|train,atencion,dataset/raw/atencion/atencion_05786.jpg|dataset/train/atencion/atencion_05786.jpg
b1c3ec49414f15f635fab15a1d2a2a4c4035bb6fac676544013270e3daa83c5c,2,raw|train,sano,dataset/raw/sano/sano_12423.jpg|dataset/train/sano/sano_12423.jpg
b1c896d07a3d355dd8dfef3760eff2464d28ec7b72df2a9aa2922cb5b632aad6,2,raw|test,peligro,dataset/raw/peligro/peligro_00544.jpg|dataset/test/peligro/peligro_00544.jpg
b1cbb08405fc2a7a960911fc2f391568533aa5ba80a3e663315a52d4d6e2422a,2,raw|train,peligro,dataset/raw/peligro/peligro_06708.jpg|dataset/train/peligro/peligro_06708.jpg
b1da8455bc282d05e8f1886bfce91be4ec7301b907efa45f55b0d37205a5c5c9,2,raw|train,sano,dataset/raw/sano/sano_00149.jpg|dataset/train/sano/sano_00149.jpg
b1de52d70d3047c70f1ceb71a41562977ae14802fae3f12acba8a4cc8507fa68,2,raw|train,peligro,dataset/raw/peligro/peligro_01263.jpg|dataset/train/peligro/peligro_01263.jpg
b21b0530d637efb386efaca20a171173feafd8e9b9c52adb69b6f63cb1bf71a3,2,raw|train,peligro,dataset/raw/peligro/peligro_01033.jpg|dataset/train/peligro/peligro_01033.jpg
b253dc803edc1b0f927679bf686f5a44487ecc6583a787d6b845f43b60f95195,2,raw|validation,peligro,dataset/raw/peligro/peligro_10161.jpg|dataset/validation/peligro/peligro_10161.jpg
b257d6a4b45f5a68768c80b326fa0377c8c8d894243a514c155ab06cb0d03ea8,2,raw|train,sano,dataset/raw/sano/sano_12511.jpg|dataset/train/sano/sano_12511.jpg
b26cb56e7dda5154cc55b7f972c4ac2a0e6fe5f88c58e156f61a0b737fc1fd16,2,raw|train,sano,dataset/raw/sano/sano_11137.jpg|dataset/train/sano/sano_11137.jpg
b284bf8f5e8bf1ded0dcfadbc97231de17a8599e0750449b7c9f6c00abfe3757,2,raw|train,atencion,dataset/raw/atencion/atencion_14080.jpg|dataset/train/atencion/atencion_14080.jpg
b28ac75bda512ae4328b8d1e0437c46388dc862d4cbd25108d7929c2b545d766,2,raw|train,atencion,dataset/raw/atencion/atencion_02350.jpg|dataset/train/atencion/atencion_02350.jpg
b291862ae1c01361d0b26e071ccb12a7eed3d5f8f78ce4b1c0197d968104f52b,2,raw|train,atencion,dataset/raw/atencion/atencion_05075.jpg|dataset/train/atencion/atencion_05075.jpg
b292b9fdf01c6f1e7d009d4e5e715bcd4914f007553ec57f6abca693a5ac5316,2,raw|train,sano,dataset/raw/sano/sano_00033.jpg|dataset/train/sano/sano_00033.jpg
b2b35d50a04c877f3f0ae3a27dc178b8a69386a8d7ef30ba59ba969840396b79,2,raw|test,peligro,dataset/raw/peligro/peligro_06446.jpg|dataset/test/peligro/peligro_06446.jpg
b2d27e1f76d5368c33b15434dce0820214c1172370b09e71fd9227410c4c89bb,2,raw|train,sano,dataset/raw/sano/sano_12540.jpg|dataset/train/sano/sano_12540.jpg
b2d2fc885bc23873794d14377c6b3db5a0f9991b62745fda9d835ad7d91515cb,2,raw|train,sano,dataset/raw/sano/sano_03082.jpg|dataset/train/sano/sano_03082.jpg
b2d995b591454f86a2ca89f89c5f19598569ef79ba23a7ec9b2e1445b97e1cd7,2,raw|train,sano,dataset/raw/sano/sano_12362.jpg|dataset/train/sano/sano_12362.jpg
b2ffe1ab72577fd2722aa8379198aac306d1a179d592e9401cf31f8bef3ac954,2,raw|train,peligro,dataset/raw/peligro/peligro_01084.jpg|dataset/train/peligro/peligro_01084.jpg
b3188551d38323d5143893e4ff8ff5e5e85e48f8cbbd2fffda4ea7a7ceebe374,2,raw|test,sano,dataset/raw/sano/sano_03753.jpg|dataset/test/sano/sano_03753.jpg
b3827219570c8f40045f1269e9b009c846bb97ef451f280d5d2b5b93bcbe53a8,2,raw|test,sano,dataset/raw/sano/sano_03658.jpg|dataset/test/sano/sano_03658.jpg
b3b87e414a49e5f385ccab1a198e859c51e8231202b9baff1451c25d6c87a542,2,raw|validation,atencion,dataset/raw/atencion/atencion_02302.jpg|dataset/validation/atencion/atencion_02302.jpg
b3bd625a9faaed13b3a10d83b1bfd1402482e8d2e52d162a6ef26b210280b8bc,2,raw|train,sano,dataset/raw/sano/sano_08870.jpg|dataset/train/sano/sano_08870.jpg
b46fd4a1046f3798eb1dd19361969a3991468574356b801a7058b5449bd035b9,2,raw|test,peligro,dataset/raw/peligro/peligro_00934.jpg|dataset/test/peligro/peligro_00934.jpg
b4840dfa72be5b558c14b3b492d003eba5b9dbd206b87303d198354bf62a0275,2,raw|train,sano,dataset/raw/sano/sano_05992.jpg|dataset/train/sano/sano_05992.jpg
b486d57f5c1b391fc53649ec52012f7a972fd69f55f8b384515b941cfc83e17d,2,raw|train,peligro,dataset/raw/peligro/peligro_09532.jpg|dataset/train/peligro/peligro_09532.jpg
b4be5b7f5d4ca868e328b33ce1d986271ef3d312a0aff6111226e266e42b97fe,2,raw|validation,sano,dataset/raw/sano/sano_12374.jpg|dataset/validation/sano/sano_12374.jpg
b4d968b19956ec9c97ef893f7741ab3ae7f6eb9558aa638792cb8a62720dcf48,2,raw|train,sano,dataset/raw/sano/sano_00790.jpg|dataset/train/sano/sano_00790.jpg
b4e545b21c2d73d6b7452d92efe1edadb54f6f22b946b4248a28589c89af3c8e,2,raw|validation,sano,dataset/raw/sano/sano_06874.jpg|dataset/validation/sano/sano_06874.jpg
b4f711beb875f0d08b94d6b6549a7554e112ba193b3ec204d29b72afc8edde98,2,raw|validation,peligro,dataset/raw/peligro/peligro_00852.jpg|dataset/validation/peligro/peligro_00852.jpg
b4fcf16d0ec9ee34df3b327b6fad467b91f00b3d97a3b28a077c8e12b8bb36b9,2,raw|train,peligro,dataset/raw/peligro/peligro_09197.jpg|dataset/train/peligro/peligro_09197.jpg
b51843aa99746e5389ac1bb67b0e89d9b483d5142baf3f421fa9e505d61305a7,2,raw|train,peligro,dataset/raw/peligro/peligro_12800.jpg|dataset/train/peligro/peligro_12800.jpg
b51e2c6c4b978c81da0129018c0e9b11657904749ad9283403410cf633741da9,2,raw|validation,atencion,dataset/raw/atencion/atencion_03163.jpg|dataset/validation/atencion/atencion_03163.jpg
b52ad3bc2c278c8d97f77c47c894acf3b59c5313577ab70e773e5f1bb61f2fce,2,raw|train,peligro,dataset/raw/peligro/peligro_09019.jpg|dataset/train/peligro/peligro_09019.jpg
b5372ac16bbfad7a773b4ea6bc607ba3015303fb27ea2d035d46f64d90bdb3e0,2,raw|train,sano,dataset/raw/sano/sano_06580.jpg|dataset/train/sano/sano_06580.jpg
b53a52ff1276643755c11939f313d4e97a9224846c6642c7519f8822e0aa99e7,2,raw|train,sano,dataset/raw/sano/sano_05272.jpg|dataset/train/sano/sano_05272.jpg
b53ead2ee165eaecfacdb167c72214c45da667cbf6eee57afba3a6a62cf4e037,2,raw|train,atencion,dataset/raw/atencion/atencion_00748.jpg|dataset/train/atencion/atencion_00748.jpg
b592c4d439afd14886fca738ace7cc2bda1ac43dfa80f4aca8f38a617c2e91ce,2,raw|validation,peligro,dataset/raw/peligro/peligro_07156.jpg|dataset/validation/peligro/peligro_07156.jpg
b593791ed8e1e650c593efa0be1eb2570d22c7553e506af821491cc3b54b27e7,2,raw|train,sano,dataset/raw/sano/sano_04273.jpg|dataset/train/sano/sano_04273.jpg
b5bb3fc548768800addae998d02ec1ee0e3f858c86f6142520aab96cd4abd654,2,raw|train,peligro,dataset/raw/peligro/peligro_07646.jpg|dataset/train/peligro/peligro_07646.jpg
b5bdb4679a57820de5868ccabc036a5f3f5fb91cd45e9d8327326235832f41fd,2,raw|validation,peligro,dataset/raw/peligro/peligro_00137.jpg|dataset/validation/peligro/peligro_00137.jpg
b5c2683b3ab600732bea241fc087070fb0d85e3759d52b2b5b5377842abfd157,2,raw|train,atencion,dataset/raw/atencion/atencion_02929.jpg|dataset/train/atencion/atencion_02929.jpg
b5fbc8b1e2dabcc2bcf5605c6f7f5f598ccd162ad4a450469475b70c263ece92,2,raw|train,sano,dataset/raw/sano/sano_04790.jpg|dataset/train/sano/sano_04790.jpg
b6395754e97a641ed19ad09dcfb9514149dacb53fbb2327714b8b638cbbc7b59,2,raw|test,atencion,dataset/raw/atencion/atencion_05084.jpg|dataset/test/atencion/atencion_05084.jpg
b646ae93405fb70ef22ed5c8c0b6c7b96e775b56d9e906fb3439254adb5ada2a,2,raw|validation,atencion,dataset/raw/atencion/atencion_02402.jpg|dataset/validation/atencion/atencion_02402.jpg
b685978dd5c9430ea4514d55af0d774a4e1b2d361ba5409ce392196af87937cf,2,raw|validation,atencion,dataset/raw/atencion/atencion_00607.jpg|dataset/validation/atencion/atencion_00607.jpg
b695469b6e74d943225314a1b7904b9d494dd4b50c8094ad784f35de564c0c22,2,raw|train,sano,dataset/raw/sano/sano_12481.jpg|dataset/train/sano/sano_12481.jpg
b6bc8a0bfb4e67d99d705d1aa4b1ba59ffce085b23c93f2d4fc4e59608dddeb0,2,raw|test,sano,dataset/raw/sano/sano_12527.jpg|dataset/test/sano/sano_12527.jpg
b6d5a92d5d0af8d7c78dcdeed1b2631277872bdb5ef997aeecc6f9e150b2b47a,2,raw|train,peligro,dataset/raw/peligro/peligro_10279.jpg|dataset/train/peligro/peligro_10279.jpg
b6f380fc246c3673feeee42a2850686a2348bd6f00818571a595cefe339f0c67,2,raw|train,sano,dataset/raw/sano/sano_05565.jpg|dataset/train/sano/sano_05565.jpg
b70ad1c990c71f89a48a6074acc9d51ce9aa3c92b83e48271dfa312b7420d3dc,2,raw|train,atencion,dataset/raw/atencion/atencion_00197.jpg|dataset/train/atencion/atencion_00197.jpg
b70cd1c1ae5c1e0fb9d1136b4b487415354e7d7b2625510aa6ab534a3fee0504,2,raw|train,peligro,dataset/raw/peligro/peligro_05662.jpg|dataset/train/peligro/peligro_05662.jpg
b72f828a8521a4d4d34f74e29b04ef2d65dc06e71bc56f892f3e3676bf1648d2,2,raw|train,peligro,dataset/raw/peligro/peligro_03236.jpg|dataset/train/peligro/peligro_03236.jpg
b743c9f7c57c02c5799e9d0a90cdf8460f5e2e3be249310bbf840e5eb4695a58,2,raw|validation,sano,dataset/raw/sano/sano_04498.jpg|dataset/validation/sano/sano_04498.jpg
b761487749d08bdab445f4e1803e9e28263cfca9eab1cf4d30dd5a3a8e8d42e4,2,raw|train,sano,dataset/raw/sano/sano_05690.jpg|dataset/train/sano/sano_05690.jpg
b770f82889cedcc879fa0d4c7a7fcb1a7f752ecd373ccbc63ce91aeda54f7631,2,raw|validation,atencion,dataset/raw/atencion/atencion_09808.jpg|dataset/validation/atencion/atencion_09808.jpg
b77199409e13fdc00987062a5b5032c087ee1e43fa18ae3221155d51cfac3d61,2,raw|train,peligro,dataset/raw/peligro/peligro_00061.jpg|dataset/train/peligro/peligro_00061.jpg
b79a57ecabc8194c8f9e293894984f1756cc3d625e78ddc8b7e4afd6239cde75,2,raw|train,atencion,dataset/raw/atencion/atencion_08059.jpg|dataset/train/atencion/atencion_08059.jpg
b7a245a9f22027394fd6ca757bf7ad18fda008fd166b37b571bb686a66305300,2,raw|train,sano,dataset/raw/sano/sano_02774.jpg|dataset/train/sano/sano_02774.jpg
b7b89cca2aaa798342d10d381573890f124ffabf4c2ca20a620a453deb5df1b3,2,raw|train,sano,dataset/raw/sano/sano_00177.jpg|dataset/train/sano/sano_00177.jpg
b7bde8e3a69711f8bd53174c954c79915d35a55ca7f42a1b2b551f221f993170,2,raw|train,peligro,dataset/raw/peligro/peligro_00071.jpg|dataset/train/peligro/peligro_00071.jpg
b7ceb9d721b24d7a5811daf28a90ee9f6d451d8693c6f64cb718e55e745f244a,2,raw|train,atencion,dataset/raw/atencion/atencion_03529.jpg|dataset/train/atencion/atencion_03529.jpg
b7e5e152a1710e25971b4afd18f4d35a1a3da5f89e13e14342799865c629d869,2,raw|train,atencion,dataset/raw/atencion/atencion_03120.jpg|dataset/train/atencion/atencion_03120.jpg
b803d9c52d58c2b9210e9f2728f14bb07d795d5b3b14a134bcc625516e6d0531,2,raw|train,peligro,dataset/raw/peligro/peligro_13445.jpg|dataset/train/peligro/peligro_13445.jpg
b8872d7bcc72d361254de1caebc7f5d4fb59c941ecd972c65850e2bd59858a72,2,raw|validation,sano,dataset/raw/sano/sano_03286.jpg|dataset/validation/sano/sano_03286.jpg
b89cfaa58d3453924dcff04246cb9764473342cb7ba6e3423c10a5032d0f012f,2,raw|train,peligro,dataset/raw/peligro/peligro_00064.jpg|dataset/train/peligro/peligro_00064.jpg
b8a18e2ae4bd383c63fb8cb87319d5f8f58989fcb755ebe1615781ecafecf960,2,raw|train,peligro,dataset/raw/peligro/peligro_06111.jpg|dataset/train/peligro/peligro_06111.jpg
b8eaac71b45b2401543eff654967fcd8e41620a1cc275ecca602cddb9f47d855,2,raw|validation,atencion,dataset/raw/atencion/atencion_14169.jpg|dataset/validation/atencion/atencion_14169.jpg
b9038e65e789823cbfd3c88bf4cdc607fc95310a77d48258c9d595fdf8a198e1,2,raw|train,sano,dataset/raw/sano/sano_04781.jpg|dataset/train/sano/sano_04781.jpg
b915bb35a213da78766a99b09002a3595a00bf09d36829d0c45c822beebb72b1,2,raw|train,sano,dataset/raw/sano/sano_00871.jpg|dataset/train/sano/sano_00871.jpg
b925be8ef4967d62fabc0e15780d2514fbb4aa01a8804aea0f77a32311096725,2,raw|train,atencion,dataset/raw/atencion/atencion_05090.jpg|dataset/train/atencion/atencion_05090.jpg
b93716119869890c77fe10afaa382cfb015b374f541a4acf26983c7df46d044d,2,raw|train,sano,dataset/raw/sano/sano_07471.jpg|dataset/train/sano/sano_07471.jpg
b94ed61ca8d5b99b183376cf5701228d9b85af0ec4201b531f4369e7edd6086f,2,raw|train,sano,dataset/raw/sano/sano_12522.jpg|dataset/train/sano/sano_12522.jpg
b95113887ea3f128de14441063e9cca2007f3f377300c2e45764f34068fb9bee,2,raw|train,sano,dataset/raw/sano/sano_00566.jpg|dataset/train/sano/sano_00566.jpg
b96b17fe7fbe2b099282b0a4832c691088bdbc4879ef557e70b31a87addf979d,2,raw|train,peligro,dataset/raw/peligro/peligro_00980.jpg|dataset/train/peligro/peligro_00980.jpg
b9856d9c358a8d949f9d59d2e7db1413f083211851fc28b25d75b31fad237e49,2,raw|train,sano,dataset/raw/sano/sano_02892.jpg|dataset/train/sano/sano_02892.jpg
b9a0c8362d4481a4bf37c2d80dd85e97f8d9fb04131888ce40b5db40865d97b5,2,raw|train,sano,dataset/raw/sano/sano_05349.jpg|dataset/train/sano/sano_05349.jpg
b9a437e7a1e8c2da8a2cc4a2ec2cb13fb90943f365473f1b242bbee0af00d51c,2,raw|validation,peligro,dataset/raw/peligro/peligro_08295.jpg|dataset/validation/peligro/peligro_08295.jpg
b9af441f3d665ff8990a0ebeea612751d47d2c6736af71b00d68616017d4b631,2,raw|train,atencion,dataset/raw/atencion/atencion_14215.jpg|dataset/train/atencion/atencion_14215.jpg
b9bd0bb9f82f9f94a368bad1cf82a2971505cbbb49f21f262b14dc3fc284b080,2,raw|train,sano,dataset/raw/sano/sano_02775.jpg|dataset/train/sano/sano_02775.jpg
b9c91ed1d78444822b07e4d4771a9c738ebcf4308233c6c2c9b7ac85e663bd08,2,raw|train,peligro,dataset/raw/peligro/peligro_00642.jpg|dataset/train/peligro/peligro_00642.jpg
b9db5563cc0b4bba6b42e0534ba6b139c3dce194b1877d5447cc2b83a026eadc,2,raw|train,sano,dataset/raw/sano/sano_00250.jpg|dataset/train/sano/sano_00250.jpg
b9ddf39d1df382efdb7141c3e0246e0d8ee7c9647c9494f806dc79003d8b4ecf,2,raw|test,sano,dataset/raw/sano/sano_08644.jpg|dataset/test/sano/sano_08644.jpg
b9f41fabc2e4264406f47ac1ec3744a808f679b06db9039689cc9e0b2285b2b1,2,raw|train,peligro,dataset/raw/peligro/peligro_09257.jpg|dataset/train/peligro/peligro_09257.jpg
ba0cc8132595c4c61982ff7df222a066e9059a1a08cf7cba255f94250c67914c,2,raw|train,peligro,dataset/raw/peligro/peligro_05047.jpg|dataset/train/peligro/peligro_05047.jpg
ba0ecbae7fb8d3c1bf79470dd9f8a55f0b3ad9de59c7458c8ca5c813401314d1,2,raw|train,peligro,dataset/raw/peligro/peligro_07462.jpg|dataset/train/peligro/peligro_07462.jpg
ba2f7846b37745398a383cb9b6db2ff79753d1c0c61e9a916cee42433e474f3e,2,raw|train,atencion,dataset/raw/atencion/atencion_03543.jpg|dataset/train/atencion/atencion_03543.jpg
ba3ce424043ca5b6b30a83caa8e6a5aa85d96668d0490f34f2ad4031dc53dbd9,2,raw|train,sano,dataset/raw/sano/sano_10527.jpg|dataset/train/sano/sano_10527.jpg
ba3e738e581f3017d8364985e23fd4495dcf96e8ab4a6a7cef465e7efcd27fac,2,raw|train,atencion,dataset/raw/atencion/atencion_14211.jpg|dataset/train/atencion/atencion_14211.jpg
ba62c2c742e275b82cc4c1616dec71143ba680d5e14af401450ecb46b0573fa5,2,raw|train,peligro,dataset/raw/peligro/peligro_03098.jpg|dataset/train/peligro/peligro_03098.jpg
ba70a2db996501ecee6adb5b0c477f2e91843e7304cc63a9fa23d31dab36d842,2,raw|validation,peligro,dataset/raw/peligro/peligro_07031.jpg|dataset/validation/peligro/peligro_07031.jpg
baa8cce2e4f46bc42b883cb52a475338ae2f607ffa987e8843d887e961ff61dc,2,raw|train,peligro,dataset/raw/peligro/peligro_08826.jpg|dataset/train/peligro/peligro_08826.jpg
babe1998c699d365e8fa1c0fdbbad2267b092ed0cc85a65f4e864fa815b8b141,2,raw|validation,atencion,dataset/raw/atencion/atencion_03035.jpg|dataset/validation/atencion/atencion_03035.jpg
badc1005093fbb9e4783b6c660910449219c07fa5aa6ac14e32a1f09bdf2cbf6,2,raw|train,sano,dataset/raw/sano/sano_03689.jpg|dataset/train/sano/sano_03689.jpg
bb0f93d8c87d17140725e220925d900b454db64b6213283ef14875ccad0e289c,2,raw|train,sano,dataset/raw/sano/sano_04365.jpg|dataset/train/sano/sano_04365.jpg
bb81d9e2d0e02fb6296a2eb478a76f7e75a4d93dbe18feb050e898ad7556c6bb,2,raw|validation,sano,dataset/raw/sano/sano_06719.jpg|dataset/validation/sano/sano_06719.jpg
bb85a09b82f3806fb1a1b11ccea424f13a3d2368b0db5ea2cd1076967a2fbd12,2,raw|test,peligro,dataset/raw/peligro/peligro_00176.jpg|dataset/test/peligro/peligro_00176.jpg
bbaed1af0b8128ce5e7bfdea6363558eb5061864ec127d6033951bae02e0eea3,2,raw|validation,sano,dataset/raw/sano/sano_12440.jpg|dataset/validation/sano/sano_12440.jpg
bc1004ae500cdca552079a09c646317e8da9e51e002c82f956782c940d34e192,2,raw|validation,peligro,dataset/raw/peligro/peligro_06385.jpg|dataset/validation/peligro/peligro_06385.jpg
bc2d65566eb60ecce50e358feeadaddaaff5636385a62a7dfbea9048f05d6588,2,raw|train,atencion,dataset/raw/atencion/atencion_14128.jpg|dataset/train/atencion/atencion_14128.jpg
bc3a2235320c6a03b3a20a5919e45c379b8265aa9e635258b8f18456d9545a28,2,raw|train,peligro,dataset/raw/peligro/peligro_00731.jpg|dataset/train/peligro/peligro_00731.jpg
bc9104b11f5c72cbb95ed2e1e55e6e413c0dc85f023102128355951e19ad043b,2,raw|train,sano,dataset/raw/sano/sano_03156.jpg|dataset/train/sano/sano_03156.jpg
bc96e583c1965e2f0df9b8124a7e60ad9ea228b2a7ae6c6e72a275cdd9e40f27,2,raw|train,peligro,dataset/raw/peligro/peligro_03920.jpg|dataset/train/peligro/peligro_03920.jpg
bc9b5fd9568ee6eaab0bc9700fc83c708fbce2086f7973bbe8b0fcf684e320ff,2,raw|train,sano,dataset/raw/sano/sano_12467.jpg|dataset/train/sano/sano_12467.jpg
bcbae9c7244a973601728b208db6f05ddff6b0fd719dedb5d4cf113f42e0bf31,2,raw|train,sano,dataset/raw/sano/sano_00109.jpg|dataset/train/sano/sano_00109.jpg
bccc016690692ffd107e663891ce3b6cd703c1c52e6b49a41b0da38d587ee249,2,raw|test,atencion,dataset/raw/atencion/atencion_14227.jpg|dataset/test/atencion/atencion_14227.jpg
bcf1ad632191ccda47dc2548e837a755dee72ef22dde2b381ea6719927e27469,2,raw|train,sano,dataset/raw/sano/sano_00004.jpg|dataset/train/sano/sano_00004.jpg
bd01a60cbc52a0bfe7a4cf6a6f8eab74e1968c3993c70b263f9ca1659118c9e3,2,raw|train,sano,dataset/raw/sano/sano_11304.jpg|dataset/train/sano/sano_11304.jpg
bd2a51c2fb3a0fe7333892d59529840dd443aca782cc7b27fd1464c08360ebda,2,raw|train,peligro,dataset/raw/peligro/peligro_10205.jpg|dataset/train/peligro/peligro_10205.jpg
bd2a6588156690ecf408e39aed6f6c5b654129e35c0a228fb7e6a46b06879f52,2,raw|train,sano,dataset/raw/sano/sano_12446.jpg|dataset/train/sano/sano_12446.jpg
bd4a4016de0f6ac834c9a423addbf09b19b264f888a68abd643132e51fdc7746,2,raw|train,peligro,dataset/raw/peligro/peligro_00678.jpg|dataset/train/peligro/peligro_00678.jpg
bd586b13dbb03ba3bfb0a75caa87e49478ffd0d86dab0310ff38a04ec42cae4f,2,raw|train,peligro,dataset/raw/peligro/peligro_00506.jpg|dataset/train/peligro/peligro_00506.jpg
bd71b499f0aa05eb77ebe0e628756f159bc8f441453975e6639d7ee96bbce322,2,raw|train,sano,dataset/raw/sano/sano_12542.jpg|dataset/train/sano/sano_12542.jpg
bd8a90c8b6d851eb77ace1d6a4de07e01cb59bd8b11fcaac61149226f600263f,2,raw,peligro|sano,dataset/raw/peligro/peligro_01649.jpg|dataset/raw/sano/sano_02004.jpg
bdc361a9d7eb1f57ed4fb21a61d23619e14b47df5a316db77ac335be3e5d18f8,2,raw|test,sano,dataset/raw/sano/sano_06427.jpg|dataset/test/sano/sano_06427.jpg
bdce456898c5afa3bdea14429a22d51d916fece048b36b5e94d7830f7a23516b,2,raw|train,atencion,dataset/raw/atencion/atencion_03116.jpg|dataset/train/atencion/atencion_03116.jpg
bdcfcb61dd9d8c134348bbf28b66b698dd54b600928cdfebf211845b047f0139,2,raw|train,peligro,dataset/raw/peligro/peligro_00788.jpg|dataset/train/peligro/peligro_00788.jpg
bddde7aa7cf0ee4e4dc0f4f64167f28d418e8ed35d823a29a673c348fc6c3274,2,raw|train,atencion,dataset/raw/atencion/atencion_07746.jpg|dataset/train/atencion/atencion_07746.jpg
bde8bade0f4eae836650cb34dae6bb79c4f6fc951cc46c474a75768304de065d,2,raw|train,peligro,dataset/raw/peligro/peligro_01247.jpg|dataset/train/peligro/peligro_01247.jpg
be07562e56df9f2f9ae04780bfa7de15acfbb2e67b3bf6df780840e35a6f5917,2,raw|train,sano,dataset/raw/sano/sano_05526.jpg|dataset/train/sano/sano_05526.jpg
be31480631cc622f78f04c39d78a673b5cdff06052186b710958dbaa849fe3cc,2,raw|train,peligro,dataset/raw/peligro/peligro_00171.jpg|dataset/train/peligro/peligro_00171.jpg
be4247005e8876d88597b944b6624d8d2543019d4abf563ac3d9fac393d89f85,2,raw|validation,atencion,dataset/raw/atencion/atencion_00540.jpg|dataset/validation/atencion/atencion_00540.jpg
be779b36fdaab419fac5b4b6f4848f800211ab6df9da7ffba70811ea03323883,2,raw|validation,atencion,dataset/raw/atencion/atencion_00691.jpg|dataset/validation/atencion/atencion_00691.jpg
befd0b005198da1377f77b40268b79302c9413f8146ada3d2454c71cdf25ec19,2,raw|train,peligro,dataset/raw/peligro/peligro_10122.jpg|dataset/train/peligro/peligro_10122.jpg
bf04cd9ada13bd0f0fef826fe923de5c0d86e18a0ef5979de2eef5b68075994c,2,raw|train,sano,dataset/raw/sano/sano_02970.jpg|dataset/train/sano/sano_02970.jpg
bf17834c2bd7b30f108f6eda7308fdecc7591265322f6f58a9c5126a0266678f,2,raw|test,peligro,dataset/raw/peligro/peligro_02833.jpg|dataset/test/peligro/peligro_02833.jpg
bf20ed6e7f998fe2b0c17965280e6d60f5f07d00ba2671e30e6a83c31a8f8f47,2,raw|validation,peligro,dataset/raw/peligro/peligro_03118.jpg|dataset/validation/peligro/peligro_03118.jpg
bf264440b91d59e0adad4d257a73f9bdf9d441ab5b0ce92f4ede77b60aeebec6,2,raw|train,sano,dataset/raw/sano/sano_03029.jpg|dataset/train/sano/sano_03029.jpg
bf6750a62e59a13536c87a115f2ffa3ef300d757710127db35146dbb68f78c25,2,raw|train,peligro,dataset/raw/peligro/peligro_06097.jpg|dataset/train/peligro/peligro_06097.jpg
bf753bf9dae0ec53284654661be67d655df34246b51648cd32ef19c4e86fcbbf,2,raw|train,sano,dataset/raw/sano/sano_01120.jpg|dataset/train/sano/sano_01120.jpg
bf75a390cc0ca7650fc283920a1f08633745f63bf48e46f6056e5178a59d850f,2,raw|validation,atencion,dataset/raw/atencion/atencion_03467.jpg|dataset/validation/atencion/atencion_03467.jpg
bffac435339badb87befc0532396afd707c86eb3354ae39705a189dea13bd0b7,2,raw|train,atencion,dataset/raw/atencion/atencion_00481.jpg|dataset/train/atencion/atencion_00481.jpg
bffe408604c86aba5dc19d663a7268532b02dd916fa14bfb6cf388db9179d389,2,raw|train,peligro,dataset/raw/peligro/peligro_03779.jpg|dataset/train/peligro/peligro_03779.jpg
c00b8067e4f32a5fd8b2f446655d663972ba89ed56e9f2ce48d94c4f750a2dd6,2,raw|test,peligro,dataset/raw/peligro/peligro_00054.jpg|dataset/test/peligro/peligro_00054.jpg
c014735f9ceebbcf65a65d03adfcd98486d85cce5600eef3c2c8ff336b454469,2,raw|train,atencion,dataset/raw/atencion/atencion_14205.jpg|dataset/train/atencion/atencion_14205.jpg
c03d1701c1b1e4b9272ee5f71b9eab44c97ba14c85a2a019118fff3fcca09740,2,raw|train,sano,dataset/raw/sano/sano_05225.jpg|dataset/train/sano/sano_05225.jpg
c04773aae2dd7fdb8f247b2cca7c18c53b3292420c2175f921e035dafc576259,2,raw|test,peligro,dataset/raw/peligro/peligro_00085.jpg|dataset/test/peligro/peligro_00085.jpg
c07934849aadfbf4cc0df1ed0428e81768b8b40bb0e3392974fdbea7464356b0,2,raw|test,atencion,dataset/raw/atencion/atencion_04914.jpg|dataset/test/atencion/atencion_04914.jpg
c089403eae233f07dd92961614e91e9db7d396e74948205be7601da7dcef8d90,2,raw|validation,peligro,dataset/raw/peligro/peligro_00997.jpg|dataset/validation/peligro/peligro_00997.jpg
c0ad0d03cb20c275f80fb320c39209ae97c7a03bb42b19236f459727488d55cc,2,raw|train,peligro,dataset/raw/peligro/peligro_05321.jpg|dataset/train/peligro/peligro_05321.jpg
c0c4903d08aae58b5083f4f8c0716fae01851f4b39b31b5435d3e2aa71db74fd,2,raw|validation,atencion,dataset/raw/atencion/atencion_14073.jpg|dataset/validation/atencion/atencion_14073.jpg
c0d8eb2662d5ba6fb905260b5c13698dbd3c4d264871a5245c99ed7510833245,2,raw|test,sano,dataset/raw/sano/sano_00584.jpg|dataset/test/sano/sano_00584.jpg
c0d9befd26e047a6b3cba62c7bea28d7de4ca3edc72f19627fe4c2885ccf4f79,2,raw|train,peligro,dataset/raw/peligro/peligro_06478.jpg|dataset/train/peligro/peligro_06478.jpg
c0dbdd234e496bda644c4d331bfd4aa99d9da7822a7ae51f5abb229d28c51785,2,raw|test,sano,dataset/raw/sano/sano_01150.jpg|dataset/test/sano/sano_01150.jpg
c0e99f2fc1066e093bd03023343bb6a0aede1f8dcdcb42dfd26ff5fa895ad242,2,raw|train,sano,dataset/raw/sano/sano_12366.jpg|dataset/train/sano/sano_12366.jpg
c0f06051533de796def5d925c00cf12a7c33ecdc4ec75ede038ffc215ca0feb4,2,raw|train,peligro,dataset/raw/peligro/peligro_06855.jpg|dataset/train/peligro/peligro_06855.jpg
c0f189b859f95fbe6683d0cf2a6f2b9dbf100f76a98de0451ee022485ad7dcda,2,raw|validation,sano,dataset/raw/sano/sano_01012.jpg|dataset/validation/sano/sano_01012.jpg
c13743490783f8e8daf29ea561a17380beba05e4b8f2a44b94bac6ce69f42ea7,2,raw|train,peligro,dataset/raw/peligro/peligro_00821.jpg|dataset/train/peligro/peligro_00821.jpg
c14d1eafc8e7ca3d33861a50786b80ec1b8d42c837b233839fe458307e320e2f,2,raw|train,peligro,dataset/raw/peligro/peligro_06416.jpg|dataset/train/peligro/peligro_06416.jpg
c1943836bee26925f9a36b9d398fc75ce65610af2c63b82c76b84bfd24ae5dfa,2,raw|validation,peligro,dataset/raw/peligro/peligro_07377.jpg|dataset/validation/peligro/peligro_07377.jpg
c1dc0d63f30bc2ba63361a971dcb99acc20091720ac985d0f685902fc33a9d84,2,raw|test,peligro,dataset/raw/peligro/peligro_12324.jpg|dataset/test/peligro/peligro_12324.jpg
c20d648125b1864f554fe5fd98dcfcd19063bf85e00947c0af797f9bd4f990e8,2,raw|validation,peligro,dataset/raw/peligro/peligro_00910.jpg|dataset/validation/peligro/peligro_00910.jpg
c21dd1f2adb15a856ea19e92b246c45dc28379a4576064f2a5f863aa6e455429,2,raw|validation,peligro,dataset/raw/peligro/peligro_11556.jpg|dataset/validation/peligro/peligro_11556.jpg
c221908d82d22005d299fde5add059a1299abbea7c39acdd81c685d7ec85c28c,2,raw|train,sano,dataset/raw/sano/sano_12532.jpg|dataset/train/sano/sano_12532.jpg
c24cf2a3482fa9f47027adab2ea20da4d9cef608db9b4eddf913d7e4cc3dae40,2,raw|train,peligro,dataset/raw/peligro/peligro_04911.jpg|dataset/train/peligro/peligro_04911.jpg
c2b5db6a1cc1b31288807489301660b31de06c98cd0ce84b20b7be3579bd236c,2,raw|train,atencion,dataset/raw/atencion/atencion_14069.jpg|dataset/train/atencion/atencion_14069.jpg
c2dfe9d6bd1898030bddb8bc77032d3c88a664e043b943373de3a9b7d3c135d4,2,raw|train,peligro,dataset/raw/peligro/peligro_14005.jpg|dataset/train/peligro/peligro_14005.jpg
c2e5e17c91a60c7ab90a899c9379b27e499444d9e2c17e22a55fa0659bc35a0c,2,raw|train,atencion,dataset/raw/atencion/atencion_00209.jpg|dataset/train/atencion/atencion_00209.jpg
c3366b2e73ff92336288476cd15ef8237705ef78f8768e468f6c13006565da25,2,raw|train,peligro,dataset/raw/peligro/peligro_03171.jpg|dataset/train/peligro/peligro_03171.jpg
c34ca70b876995403c735cfe0162fe1b6e28a3b7f265c0cbacf5f19a2515e4b0,2,raw|validation,sano,dataset/raw/sano/sano_00346.jpg|dataset/validation/sano/sano_00346.jpg
c382553e4c1a4d1ddfeee520c9c1a40f2fd48321c33517e3bd63bd4003de2af4,2,raw|train,peligro,dataset/raw/peligro/peligro_00098.jpg|dataset/train/peligro/peligro_00098.jpg
c3ed6f6d11af878f02727233e3553bca470075d4da1df12177a493693571cfa0,2,raw|train,peligro,dataset/raw/peligro/peligro_03862.jpg|dataset/train/peligro/peligro_03862.jpg
c3f93d40cbf03ef45188792412fa2ba3633668805fd514a65c7c7f9f4cefc6a9,2,raw|test,atencion,dataset/raw/atencion/atencion_11672.jpg|dataset/test/atencion/atencion_11672.jpg
c4033491f07ed2ef518ace16bf90cb319692aa08efde4129f58a160ab33552ca,2,raw|validation,peligro,dataset/raw/peligro/peligro_00559.jpg|dataset/validation/peligro/peligro_00559.jpg
c42036b83aa191f3847df805878624c5e8485ceff15187d8731a4a5d5898ed6f,2,raw|train,atencion,dataset/raw/atencion/atencion_03825.jpg|dataset/train/atencion/atencion_03825.jpg
c42a51b3793a2934d2a2e106747461cd0dde2e8841d7ee0d3b54fec6c4e5913e,2,raw|validation,sano,dataset/raw/sano/sano_05786.jpg|dataset/validation/sano/sano_05786.jpg
c471a7286bd3b0b2057df06613d7f9426a4a2a9d14e3da29523104aa3d5849cc,2,raw|train,peligro,dataset/raw/peligro/peligro_03631.jpg|dataset/train/peligro/peligro_03631.jpg
c47dea3f7b33d61891addbc72019bbccb61c02b51ab2570cd6bc0cf08801bb58,2,raw|train,peligro,dataset/raw/peligro/peligro_00024.jpg|dataset/train/peligro/peligro_00024.jpg
c48ed933902b0f5b99b1edaae342e2dd677702a38fefe74287186eaecb920a31,2,raw|train,sano,dataset/raw/sano/sano_00589.jpg|dataset/train/sano/sano_00589.jpg
c4c90129690183741d795ceac530c7c2d9ab33bfcfb047d611a5e61f1ae1f4cd,2,raw|train,sano,dataset/raw/sano/sano_01205.jpg|dataset/train/sano/sano_01205.jpg
c4cba3cb2a9feae309ff5061c62c8ff2e6a43156fc92b0ecbfa93743dd4f1a51,2,raw|train,atencion,dataset/raw/atencion/atencion_14122.jpg|dataset/train/atencion/atencion_14122.jpg
c500ec26521bfe63272d9454b4dfad442f57c2965f83f6ba1145b4c9759ccdf8,2,raw|train,atencion,dataset/raw/atencion/atencion_14110.jpg|dataset/train/atencion/atencion_14110.jpg
c51231d5ec3cb9345a95db2a7a8ecdf15613af0d724ae3370b5b861039248a68,2,raw|train,sano,dataset/raw/sano/sano_07745.jpg|dataset/train/sano/sano_07745.jpg
c53bc5ee00d3e7a8d81f3a1bef1fe0ac0939013034478e48775ad5966a00ad2e,2,raw|train,peligro,dataset/raw/peligro/peligro_00543.jpg|dataset/train/peligro/peligro_00543.jpg
c5459d683ab523b744ec882653e645497cafcd36e336867e0fdc47ea946ffad9,2,raw|test,sano,dataset/raw/sano/sano_12445.jpg|dataset/test/sano/sano_12445.jpg
c549366d3e9f6104ca359736cd82e8a1a0320ec2d74eabf48bbb895f007827be,2,raw|train,sano,dataset/raw/sano/sano_06082.jpg|dataset/train/sano/sano_06082.jpg
c5cfb3245a98b10fe6d0de1d3962245a306e2fc9b44c346cb6e54f3cfb2c96f9,2,raw|validation,peligro,dataset/raw/peligro/peligro_07247.jpg|dataset/validation/peligro/peligro_07247.jpg
c5f0cb3e1018c08fed61db49d13a4d3b37493cb6aea5001b754153da87c8b931,2,raw|validation,peligro,dataset/raw/peligro/peligro_00890.jpg|dataset/validation/peligro/peligro_00890.jpg
c5f3d023d2afb97a4b07bbaed77fcfb2d0e16799904ce82f00f2d23a9a0cd277,2,raw|train,atencion,dataset/raw/atencion/atencion_03006.jpg|dataset/train/atencion/atencion_03006.jpg
c61b2b5e529bbed97693eb0d723a4292a687ebb36c11d6b8712aadfd75686902,2,raw|train,sano,dataset/raw/sano/sano_01216.jpg|dataset/train/sano/sano_01216.jpg
c6900bbc0fd72865cab4c99f788299434245d03e2caafbdbfbf284f6dc973f27,2,raw|validation,peligro,dataset/raw/peligro/peligro_00701.jpg|dataset/validation/peligro/peligro_00701.jpg
c6a1bcfaff1723fb8003dc5d7b91bae1739ee0e3f98d36c1129c3980168f4634,2,raw|test,peligro,dataset/raw/peligro/peligro_11522.jpg|dataset/test/peligro/peligro_11522.jpg
c6b584301f8e69821ff0a71fa20390c5a9ea49e692158fecd906fc78ac483cba,2,raw|test,sano,dataset/raw/sano/sano_12412.jpg|dataset/test/sano/sano_12412.jpg
c6d7591614074d43e579b13a28cd953e8219293a3b96f8625679cbda7e74f0a2,2,raw|train,atencion,dataset/raw/atencion/atencion_00774.jpg|dataset/train/atencion/atencion_00774.jpg
c6d889c77207691ed3917a12b11ef20f2eb9cfa5089d911403c681adc6fdbaef,2,raw|train,sano,dataset/raw/sano/sano_02959.jpg|dataset/train/sano/sano_02959.jpg
c6e2e0f310b786737478b5166b12fb26410661518fe0bee0b4830dbde011cc4c,2,raw|train,peligro,dataset/raw/peligro/peligro_14097.jpg|dataset/train/peligro/peligro_14097.jpg
c6f2fba51e095efdd5d2ceba36a4c16a2d9e38ef28993b09e2ca53a5ad814ea7,2,raw|test,sano,dataset/raw/sano/sano_04272.jpg|dataset/test/sano/sano_04272.jpg
c6f908d3b8467a0a4e17a9e2d0c448060bcc339a1a3f8314f637d183c7523ddd,2,raw|train,atencion,dataset/raw/atencion/atencion_13277.jpg|dataset/train/atencion/atencion_13277.jpg
c7418d6bd3af11f14457c338d4aa79b8998a3de8a49840f72cac9c33163961ae,2,raw|validation,peligro,dataset/raw/peligro/peligro_02706.jpg|dataset/validation/peligro/peligro_02706.jpg
c74d0d4cbeb3b74e835464cc8a03b187463aca60d551dc5dafae96d0e61e2968,2,raw|train,atencion,dataset/raw/atencion/atencion_12984.jpg|dataset/train/atencion/atencion_12984.jpg
c77644b903930511b439fbc28496164f8648e40d0ce2f1a5eb78030afebf3562,2,raw|train,peligro,dataset/raw/peligro/peligro_00480.jpg|dataset/train/peligro/peligro_00480.jpg
c784331e1e67b4668e6828132a6f24824d92d6087789d57b20a5d7e21413b03e,2,raw|train,atencion,dataset/raw/atencion/atencion_06510.jpg|dataset/train/atencion/atencion_06510.jpg
c7a807ab4afb7ba440a464ef84f1f23ace73088b7bd34d907744bb52039a6204,2,raw|train,peligro,dataset/raw/peligro/peligro_02781.jpg|dataset/train/peligro/peligro_02781.jpg
c813adf20756ff13d159720513decc560331d6b95db308aaee75236bd3604797,2,raw|train,peligro,dataset/raw/peligro/peligro_03148.jpg|dataset/train/peligro/peligro_03148.jpg
c820b9a1c65a2b85bf071eb2fb7184f7d58c3c91ebf9e45c09c4cdaa22ac80c4,2,raw|train,atencion,dataset/raw/atencion/atencion_14199.jpg|dataset/train/atencion/atencion_14199.jpg
c8394aa54148881d57b29ccec35e54081506366681fbf5f535b02e524e906a88,2,raw|validation,atencion,dataset/raw/atencion/atencion_14090.jpg|dataset/validation/atencion/atencion_14090.jpg
c846aa2c3238899315957d6910f6a999e9554babcdc9e3650043726a052d8ecc,2,raw|train,atencion,dataset/raw/atencion/atencion_14157.jpg|dataset/train/atencion/atencion_14157.jpg
c85627a9034e1d8d8b4b0b8ead3142c8f5bc57af46117366b95ecafb9568fbbc,2,raw|train,sano,dataset/raw/sano/sano_12436.jpg|dataset/train/sano/sano_12436.jpg
c87b83b578f8093ab76b1fb372c481c8ee3b9841bec6194b933a9336ef903a69,2,raw|train,peligro,dataset/raw/peligro/peligro_03932.jpg|dataset/train/peligro/peligro_03932.jpg
c87efaa83f0fbf30cfb0a0f8fd571d5f975d1c58764afd91633d5ec018fce02e,2,raw|train,sano,dataset/raw/sano/sano_00737.jpg|dataset/train/sano/sano_00737.jpg
c88ca43e91f919b5844e2436d225faface7229fffb6551ada277f63682351fae,2,raw|test,sano,dataset/raw/sano/sano_12517.jpg|dataset/test/sano/sano_12517.jpg
c8c1e674eaae5e6b5245957f39de6db26ff5f9ca989997c0c1456d052aff05fe,2,raw,peligro|sano,dataset/raw/peligro/peligro_02039.jpg|dataset/raw/sano/sano_01829.jpg
c8f2dc38c1b7db3a545a430559fe88b89828bc05dc9b5c846b3067bad76a654c,2,raw|train,peligro,dataset/raw/peligro/peligro_03229.jpg|dataset/train/peligro/peligro_03229.jpg
c8fae9d9ae324a89730a25a60e92d45966b88740a526b1ed45dc60655ab8a71e,2,raw|train,sano,dataset/raw/sano/sano_12379.jpg|dataset/train/sano/sano_12379.jpg
c917dd3fdc8e6a2472f1b341e76365835ffc8a3b584b2dc1b921d355ae25ee99,2,raw|train,sano,dataset/raw/sano/sano_12547.jpg|dataset/train/sano/sano_12547.jpg
c91888d662656b076ada1d5b44108b65a3e44f59c9860f6df3ca1df9152456d1,2,raw|train,peligro,dataset/raw/peligro/peligro_01342.jpg|dataset/train/peligro/peligro_01342.jpg
c9453f96d7356ed66635156aece63ed302491433549a797bc309b54c3ea74603,2,raw|validation,atencion,dataset/raw/atencion/atencion_02292.jpg|dataset/validation/atencion/atencion_02292.jpg
c98850e6ebdb27ca50b0a81ead605855b6d4d5680f8ab082ec31d7f57146162e,2,raw|train,sano,dataset/raw/sano/sano_04694.jpg|dataset/train/sano/sano_04694.jpg
c995728b9a85ad62b3500f6dd23f87510953528ddeb6df5386c62a785b90be97,2,raw|train,sano,dataset/raw/sano/sano_12537.jpg|dataset/train/sano/sano_12537.jpg
c9a367ea28656803f9ed7e08448c61ae3bfdab12a69dfe8229c2b1fa3789c69d,2,raw|test,atencion,dataset/raw/atencion/atencion_14125.jpg|dataset/test/atencion/atencion_14125.jpg
ca11239558e1a7f0766f9a125921b5ec0d28b12830beebd66725df28329c90d8,2,raw|train,peligro,dataset/raw/peligro/peligro_11370.jpg|dataset/train/peligro/peligro_11370.jpg
ca1ef34d0bc2561a6f2f7f8a2824aa8504dcc481348efd69020540a432b0cbf9,2,raw|train,sano,dataset/raw/sano/sano_04201.jpg|dataset/train/sano/sano_04201.jpg
ca6ae3e04724704a6db7d3856769779606b01965728eb8056704bde3700c085a,2,raw|train,peligro,dataset/raw/peligro/peligro_09028.jpg|dataset/train/peligro/peligro_09028.jpg
ca8c73db1e2461f51afb343e089ef0272277d1797f152e2108f059843cd4dc2c,2,raw|train,peligro,dataset/raw/peligro/peligro_01092.jpg|dataset/train/peligro/peligro_01092.jpg
ca94f83f01b42748a4b5a33a1f9444b66d9d97a7910dece62defabca1a8f36eb,2,raw|train,peligro,dataset/raw/peligro/peligro_00510.jpg|dataset/train/peligro/peligro_00510.jpg
caa872fb1392f5d16d6c94fbb5be676795fdad170c03e96d48f5cf5fb84c4239,2,raw|train,peligro,dataset/raw/peligro/peligro_07431.jpg|dataset/train/peligro/peligro_07431.jpg
caaaf6be3fa1e07f886b49e0f47d9c21631cc8c137791289a4cc25563f92de39,2,raw|train,peligro,dataset/raw/peligro/peligro_10247.jpg|dataset/train/peligro/peligro_10247.jpg
cac66c226152befee911cf604a411fac9b27ef96c0d65b52e8bc131258395c80,2,raw|validation,peligro,dataset/raw/peligro/peligro_09275.jpg|dataset/validation/peligro/peligro_09275.jpg
cadbd760d28a8b3200e00ac723deee4b64326c3ae1d30001c039d88f944863fa,2,raw|train,peligro,dataset/raw/peligro/peligro_00718.jpg|dataset/train/peligro/peligro_00718.jpg
cae4901cc46a368a48decc4ebeefeec046f89e2beedea65daf44652884c76929,2,raw|validation,peligro,dataset/raw/peligro/peligro_00325.jpg|dataset/validation/peligro/peligro_00325.jpg
caefe91b86d8684497b6f1c18569f7b14f4be45682033ed2676c530f52e2428d,2,raw|validation,atencion,dataset/raw/atencion/atencion_14143.jpg|dataset/validation/atencion/atencion_14143.jpg
cb2a059ef3d962c67f75a6abeda2fee7aa6fa0f307de0e8fc47d0c99dc6c1328,2,raw|train,sano,dataset/raw/sano/sano_04784.jpg|dataset/train/sano/sano_04784.jpg
cb45b3468eae6024e560c1d684a6c933e940f4e4b2d9a70f624e02c61df562a6,2,raw|validation,atencion,dataset/raw/atencion/atencion_05416.jpg|dataset/validation/atencion/atencion_05416.jpg
cb4a30ae73729165f41b6ecc9c8f142c29b9e81a5afc3a1e2f4144b66ddf74d1,2,raw|train,peligro,dataset/raw/peligro/peligro_03096.jpg|dataset/train/peligro/peligro_03096.jpg
cb6a1d76a58c0d066960142819987666fd010128d98685ad0077ea45d8e77cb7,2,raw|train,atencion,dataset/raw/atencion/atencion_03986.jpg|dataset/train/atencion/atencion_03986.jpg
cb7a6f666d7174ca9b39aa2bb293ecab710e1045471478987ce29fe69b607328,2,raw|train,atencion,dataset/raw/atencion/atencion_02305.jpg|dataset/train/atencion/atencion_02305.jpg
cb84eb14158aaa67c62445fd0134d8c9de31f4239c82fbc70bb651efca87199d,2,raw|validation,sano,dataset/raw/sano/sano_00410.jpg|dataset/validation/sano/sano_00410.jpg
cb87452f5d9bb3043f1a4a75bff52fb4605b251ff25a58b1c4a729b018c98773,2,raw|train,sano,dataset/raw/sano/sano_10799.jpg|dataset/train/sano/sano_10799.jpg
cb9525c4c22dd1a40ba86d98be717ba55d46c23623bc0b95b5505661567c7710,2,raw|train,atencion,dataset/raw/atencion/atencion_14184.jpg|dataset/train/atencion/atencion_14184.jpg
cbc554b95867f4f4d7c58fe5169dddf0956da7c19be9f1419d607010f11b81c3,2,raw|train,sano,dataset/raw/sano/sano_12448.jpg|dataset/train/sano/sano_12448.jpg
cbce44ef2e94ce2fe2c27dc18f9d64cd1a64831446a16816dbee659aa4477cd4,2,raw|train,atencion,dataset/raw/atencion/atencion_14119.jpg|dataset/train/atencion/atencion_14119.jpg
cc1f3933b1386d7d8797005ff9b54006025b904fa3ec51753ab7dca304c1eabf,2,raw|test,atencion,dataset/raw/atencion/atencion_14104.jpg|dataset/test/atencion/atencion_14104.jpg
cc2ea6dc37bb9eaef93702112f9e38ea75546ee15a1d5d707df00ed87a1c03f0,2,raw|train,sano,dataset/raw/sano/sano_01115.jpg|dataset/train/sano/sano_01115.jpg
cc60aaa417b05f054afc8f51bb9d0835eecccd447463cc35104ba05a4e431385,2,raw|train,sano,dataset/raw/sano/sano_05291.jpg|dataset/train/sano/sano_05291.jpg
cc6138d09c28d2a4bbae751d150777cd6d6fbbaee5bee3f3c68e9aea7ed4b4a6,2,raw|train,peligro,dataset/raw/peligro/peligro_13601.jpg|dataset/train/peligro/peligro_13601.jpg
cc74ceb21faab6308e67eadcfb6bfa589385c257e2d8d848569471308779858e,2,raw|validation,sano,dataset/raw/sano/sano_05327.jpg|dataset/validation/sano/sano_05327.jpg
cc91a5ad67cf07bdd9659669d096027fcba0f084b11d820b19e52e8b1c4824a2,2,test|validation,atencion|peligro,dataset/validation/peligro/peligro_00112.jpg|dataset/test/atencion/atencion_01558.jpg
cc96df2bf29d0957ad36b40595042aaa8a034564ad1c66b2af3caee5f7dfae19,2,raw|train,atencion,dataset/raw/atencion/atencion_00239.jpg|dataset/train/atencion/atencion_00239.jpg
ccad55fd51a5b601e2eeff6954c8e4fa5f63b98e478b7305984c104ef8bcbb04,2,raw|validation,atencion,dataset/raw/atencion/atencion_02443.jpg|dataset/validation/atencion/atencion_02443.jpg
ccaec251a922b1386086308ad72035bc7d09632f8505fee00c3acb9161be3c60,2,raw|train,sano,dataset/raw/sano/sano_08843.jpg|dataset/train/sano/sano_08843.jpg
cce90c0ffe211252607f3653d2e2295f4f6ceee97f0d7350c2aceab8199ec272,2,raw|train,peligro,dataset/raw/peligro/peligro_00396.jpg|dataset/train/peligro/peligro_00396.jpg
ccf17d11733ce838c6b119e4674776735c48f43c8968bb8693872bf8e49fa537,2,raw|train,sano,dataset/raw/sano/sano_03727.jpg|dataset/train/sano/sano_03727.jpg
cd0f80127963981ec98372407c46b52b3e6b9e82e2343a53ae5c3a4d032834f3,2,raw|train,peligro,dataset/raw/peligro/peligro_13898.jpg|dataset/train/peligro/peligro_13898.jpg
cd30aeeb9b1dd589465cf36a904d19cb4763a30da9ef9306569945bda9ba956b,2,raw|train,sano,dataset/raw/sano/sano_00581.jpg|dataset/train/sano/sano_00581.jpg
cd49cfa8c9f8f4be57513f6f5635324fb7b6f3ab65a9ead8dbc6738a8af2cec0,2,raw|validation,peligro,dataset/raw/peligro/peligro_00947.jpg|dataset/validation/peligro/peligro_00947.jpg
cd659f760108b174ee092794b0db6fcdbca09471be487852cf7afbe84c748687,2,raw|train,sano,dataset/raw/sano/sano_05070.jpg|dataset/train/sano/sano_05070.jpg
cd78c5732ab85a04ffe82c327a0c931cc828bfb9729d07b7157d35a1984c020f,2,raw|validation,atencion,dataset/raw/atencion/atencion_14173.jpg|dataset/validation/atencion/atencion_14173.jpg
cd9641043b3547119cf2b692b0f4223150e644294172873e4620bb57fdee70b6,2,raw|train,peligro,dataset/raw/peligro/peligro_00593.jpg|dataset/train/peligro/peligro_00593.jpg
cda2334ac9bd9c36ac9943f47e27e8efe2993c34f86a4802cef48ee6c1842b20,2,raw|test,peligro,dataset/raw/peligro/peligro_01307.jpg|dataset/test/peligro/peligro_01307.jpg
cdcccd935428b5404345138337a05a4fd75e1fba69ee37b50cd7a3de0bdc99da,2,raw|validation,sano,dataset/raw/sano/sano_01186.jpg|dataset/validation/sano/sano_01186.jpg
cdf3032421bf11450a47d7a4a828e922514cc6b42a34095528cea2d586ee45e4,2,raw|validation,sano,dataset/raw/sano/sano_00152.jpg|dataset/validation/sano/sano_00152.jpg
ce28426d5a5f5dd95f48f3b05868c8380aa2da26300fb9667670ede65f616945,2,raw|validation,peligro,dataset/raw/peligro/peligro_11255.jpg|dataset/validation/peligro/peligro_11255.jpg
ce74af5abde8e7f8776dd9cd4508389c3c8e35c7dd06db64ee007ed3952c4be5,2,raw|train,sano,dataset/raw/sano/sano_00612.jpg|dataset/train/sano/sano_00612.jpg
ce937def819a1af5b78d78f44791d1307d9ea66025e1b10c5ab0fc699a719698,2,raw|train,sano,dataset/raw/sano/sano_00378.jpg|dataset/train/sano/sano_00378.jpg
ce9f9345603b238594ae4550a27fcda10aa9ef8fabb5cd5b3c1a4cd318f28907,2,raw|train,atencion,dataset/raw/atencion/atencion_02590.jpg|dataset/train/atencion/atencion_02590.jpg
cea96993c7597c0d247b49f618c2b75dc78cf2612b0a3b489521f14c2e188d56,2,raw|train,sano,dataset/raw/sano/sano_00947.jpg|dataset/train/sano/sano_00947.jpg
cec47d8c041678fad2c988ffacad727943ac341b432681ec59599f9cbd936d54,2,raw|train,sano,dataset/raw/sano/sano_00594.jpg|dataset/train/sano/sano_00594.jpg
cef35fbf89c3e89220f91460d6e42746a36ade10ed856e59463651b92eb85bbb,2,raw|validation,sano,dataset/raw/sano/sano_12391.jpg|dataset/validation/sano/sano_12391.jpg
cf02792e46b634e1bf8cfac344590da374a8c485ba788683bc70ed649c07bc88,2,raw|train,peligro,dataset/raw/peligro/peligro_08085.jpg|dataset/train/peligro/peligro_08085.jpg
cf151c42cd444da2dadb6469fa5a63dad2d48d1ede3eb9069629364783349151,2,raw|train,peligro,dataset/raw/peligro/peligro_01137.jpg|dataset/train/peligro/peligro_01137.jpg
cf1af350c1b057df67ac22081d8dececa642ac4ea79df49adca238341761e9aa,2,raw|train,peligro,dataset/raw/peligro/peligro_00599.jpg|dataset/train/peligro/peligro_00599.jpg
cf2d4f6f48015b023e2121f7210e936d18fbb3d56b3ce64ca85761e71de96fd5,2,raw|train,peligro,dataset/raw/peligro/peligro_03304.jpg|dataset/train/peligro/peligro_03304.jpg
cf4cb67698cffe7dd01c72bdf30167b7d7d7fcefbd47758e20c5ec72f41faefb,2,raw|train,sano,dataset/raw/sano/sano_09537.jpg|dataset/train/sano/sano_09537.jpg
cf5feff6d044f421623541c590070509b51f0e071241387bd786a3e3510589a8,2,raw|train,peligro,dataset/raw/peligro/peligro_11022.jpg|dataset/train/peligro/peligro_11022.jpg
cf715f06c0146cdbb8422910b2904e4ac2158fda1c5e9a34faf3b075060cc0ca,2,raw,peligro|sano,dataset/raw/peligro/peligro_01717.jpg|dataset/raw/sano/sano_02066.jpg
cfabf15d32ee06869d9cce8c2f1475c94b95d416b9ca6fbbf13fbe83a8c39446,2,raw|train,sano,dataset/raw/sano/sano_00526.jpg|dataset/train/sano/sano_00526.jpg
cfba311a9fb23987563480219bc328bec9d18b50cec2dc26fc37b0cf33111d05,2,raw|test,atencion,dataset/raw/atencion/atencion_14197.jpg|dataset/test/atencion/atencion_14197.jpg
cfc8e6f073fdc46827c597a16e7113b152eb614c9f61fa29dd26264505cdf303,2,raw|train,atencion,dataset/raw/atencion/atencion_07330.jpg|dataset/train/atencion/atencion_07330.jpg
cfdb54141c4214cc9ec0b2e7407acfc7cafa79a79f4b1d62b8c1884a3ca251e4,2,raw|train,peligro,dataset/raw/peligro/peligro_00440.jpg|dataset/train/peligro/peligro_00440.jpg
cfdef335db866728635dc6d87449cc73017c06c06d38c2e132959de4d7fcdb22,2,raw|train,sano,dataset/raw/sano/sano_06004.jpg|dataset/train/sano/sano_06004.jpg
d001c5068a40aae056309cd2b520a54ba0feaf5ab0a798b3425c2de6e217611d,2,raw|train,sano,dataset/raw/sano/sano_04929.jpg|dataset/train/sano/sano_04929.jpg
d0042ab8e3ca84286113a7fa3c1ec0e2f4bdb51cfc27a3762a7509518ef12560,2,raw|train,atencion,dataset/raw/atencion/atencion_11541.jpg|dataset/train/atencion/atencion_11541.jpg
d01daa8c2134396f09179153332c5600220d9c734d0b19f3c3ea6c960fa09321,2,raw|train,sano,dataset/raw/sano/sano_04315.jpg|dataset/train/sano/sano_04315.jpg
d027ac5180ba1152fd31940ed1c5d180f7faabe98b0c9f6fd29aae3942bf53c7,2,raw|train,peligro,dataset/raw/peligro/peligro_01138.jpg|dataset/train/peligro/peligro_01138.jpg
d028ebbd370399199fdee53b827d98bbf85ae3230fe19f4572e68436ee3c81e5,2,raw|train,atencion,dataset/raw/atencion/atencion_06624.jpg|dataset/train/atencion/atencion_06624.jpg
d02c6f9310a94c57211c241479f2310d49b51d650f4e0a1a5ab822a87b75786b,2,raw|train,peligro,dataset/raw/peligro/peligro_02873.jpg|dataset/train/peligro/peligro_02873.jpg
d0330501dcce386785223afac1a7615df733a43605e540ed15c7e5c119eece09,2,raw|train,peligro,dataset/raw/peligro/peligro_02820.jpg|dataset/train/peligro/peligro_02820.jpg
d05ce48d137f02268524098749684b78488c520ed2c990310edc2d761a438286,2,raw|train,atencion,dataset/raw/atencion/atencion_05164.jpg|dataset/train/atencion/atencion_05164.jpg
d0808b78fb4cf22c4bf3ee63513de60bf331c0aa79d96de7e0367c41df1d1396,2,raw|train,sano,dataset/raw/sano/sano_07718.jpg|dataset/train/sano/sano_07718.jpg
d0872c6c495bef3e5c505b83afdde134a4c25daca29f0be4de0b16a28b0f9001,2,raw|train,sano,dataset/raw/sano/sano_05814.jpg|dataset/train/sano/sano_05814.jpg
d0daf16c4b31bd98b5bd7923e44ecdf330ee48680a405f34720b3ca375431963,2,raw|train,peligro,dataset/raw/peligro/peligro_13714.jpg|dataset/train/peligro/peligro_13714.jpg
d0dfa5d5748a7f94e4f9afe0be0a9b21f0d189e5d678e582babfd17969bc6893,2,raw|train,atencion,dataset/raw/atencion/atencion_14194.jpg|dataset/train/atencion/atencion_14194.jpg
d0e2be6ec9ac5a048650ac1b99a481c83b64aeb64e87ffbaa83c013cc0a40649,2,raw|validation,sano,dataset/raw/sano/sano_04022.jpg|dataset/validation/sano/sano_04022.jpg
d0f6ee2c378381d8a1d0455da81a35175492eb05f6d27f5faf5df2a9ad54c412,2,raw|train,sano,dataset/raw/sano/sano_11605.jpg|dataset/train/sano/sano_11605.jpg
d0fe2b0b61564f3992a655a13ed60c787e528627a22b09378ce71ecb99976a79,2,raw|train,peligro,dataset/raw/peligro/peligro_00456.jpg|dataset/train/peligro/peligro_00456.jpg
d13e826f79af2242b1294fbd8d462a55d0c838df6baac689710a02b5441a026e,2,raw|train,peligro,dataset/raw/peligro/peligro_00950.jpg|dataset/train/peligro/peligro_00950.jpg
d14f56c4898fa59f8291842305a3fd3b1deee5cd1aa2aaae4511fe331df3b8a5,2,raw|test,atencion,dataset/raw/atencion/atencion_00738.jpg|dataset/test/atencion/atencion_00738.jpg
d15debf55fa2c0008f9b1073065f50be1c3d01d318d92016d199801817c121e9,2,raw|train,peligro,dataset/raw/peligro/peligro_08091.jpg|dataset/train/peligro/peligro_08091.jpg
d1621d48794ab400d214136e7fb68f8b3a9ab001f366006c20492f5e7842fe04,2,raw|test,sano,dataset/raw/sano/sano_03654.jpg|dataset/test/sano/sano_03654.jpg
d18c0ae7fdec2bea9043c482ee8630cc6732ca6aec08a27b66099394fc20e5b3,2,raw|train,sano,dataset/raw/sano/sano_00573.jpg|dataset/train/sano/sano_00573.jpg
d1b90c5c9a109060be65ef8afe7623f08e0b34003e3961b175fde865e6542875,2,raw|test,sano,dataset/raw/sano/sano_01242.jpg|dataset/test/sano/sano_01242.jpg
d1c59811a3c8b541e03becaf34db5e867bcf95dcd8963aea3126e17cc86e0b03,2,raw|train,sano,dataset/raw/sano/sano_00960.jpg|dataset/train/sano/sano_00960.jpg
d1c776ac0f73ae6003c632466ba48e386240487d9e262754119320911bdee3c6,2,raw|train,atencion,dataset/raw/atencion/atencion_02199.jpg|dataset/train/atencion/atencion_02199.jpg
d205c60bb1c7cfcf40105ce11675b0849d7bea5fc9568bc57070787313bbe14e,2,raw|train,atencion,dataset/raw/atencion/atencion_00289.jpg|dataset/train/atencion/atencion_00289.jpg
d212fafd3fe52050ab648cd5bbd0b3ffe951849bea23f10c4ddc05383fed30c6,2,raw|train,sano,dataset/raw/sano/sano_08988.jpg|dataset/train/sano/sano_08988.jpg
d27df1eeea585ad793fdb01b87346571193e802bc4b875dc8111dc3f45cba310,2,raw|validation,sano,dataset/raw/sano/sano_01208.jpg|dataset/validation/sano/sano_01208.jpg
d27f9b21e82a15c7d104073e64ba0c41bc7f5815b0d80c47541ff5abb1c57d78,2,raw|train,atencion,dataset/raw/atencion/atencion_14129.jpg|dataset/train/atencion/atencion_14129.jpg
d328d5405b2a8ba4cd743ad9e30379f4cba86b4fad97896105b11e9cbba7be38,2,raw|validation,sano,dataset/raw/sano/sano_11865.jpg|dataset/validation/sano/sano_11865.jpg
d3418e897db5f474d13eca0918ee05c492b56536f5d7ca828423dd55e45ecb4a,2,raw|train,peligro,dataset/raw/peligro/peligro_08050.jpg|dataset/train/peligro/peligro_08050.jpg
d382a7adf37f29d3dfbd8325f5c7ac6e3f5a3e1e99be28f50ebac7bee6c358ff,2,raw|train,atencion,dataset/raw/atencion/atencion_14076.jpg|dataset/train/atencion/atencion_14076.jpg
d3abad4d15bcbadc9b07688d8dd885e2b0aebc5a07188552af34a4b6fe3e4c17,2,raw|test,atencion,dataset/raw/atencion/atencion_05457.jpg|dataset/test/atencion/atencion_05457.jpg
d3b67fd4b2e4de686ab941a03b98b2587fb3ae79293d337c77cbc4aacea3dd25,2,raw|validation,peligro,dataset/raw/peligro/peligro_00795.jpg|dataset/validation/peligro/peligro_00795.jpg
d3bc2777f01c7aca70312cb564c7f714c293391b68424873a7717e798a1a13ec,2,raw|validation,peligro,dataset/raw/peligro/peligro_06508.jpg|dataset/validation/peligro/peligro_06508.jpg
d3c45f7cdd2adfd2a1e3ee3e552e677051cd84a72c5fefc4a349a05421543672,2,raw|test,atencion,dataset/raw/atencion/atencion_00597.jpg|dataset/test/atencion/atencion_00597.jpg
d4514756ae237f5c45fa2646cfda0f0b849f58f4b7024c00b919711926d1fc54,2,raw|train,sano,dataset/raw/sano/sano_12458.jpg|dataset/train/sano/sano_12458.jpg
d45e35f50cf9b978cb45ab71a44ad7d03117930b236583aa63fe37309aac9e8a,2,raw|train,peligro,dataset/raw/peligro/peligro_05360.jpg|dataset/train/peligro/peligro_05360.jpg
d4983515f6d625af082c034eba69e8b1cddbf27b6e39c169519ae418cf8e09ae,2,raw|train,peligro,dataset/raw/peligro/peligro_15027.jpg|dataset/train/peligro/peligro_15027.jpg
d4a1f432fcfa9a8d944090b6f18c49942853a52debe524cfeada45c8af7e5ec1,2,raw|train,sano,dataset/raw/sano/sano_06327.jpg|dataset/train/sano/sano_06327.jpg
d4a894db8419c58ce732cd8e22a639680b285b3fa79ef8af6e503a3f7935518a,2,raw|train,atencion,dataset/raw/atencion/atencion_05404.jpg|dataset/train/atencion/atencion_05404.jpg
d4fd2befed388ad9824bda1311f36087d81412743ffc727f0fcfd183e78fad8b,2,raw|train,peligro,dataset/raw/peligro/peligro_00266.jpg|dataset/train/peligro/peligro_00266.jpg
d5006928bb80d610e586fb62d88326df00665f67afc620ec8f04759e328d0ac6,2,raw|train,sano,dataset/raw/sano/sano_12376.jpg|dataset/train/sano/sano_12376.jpg
d530388a6e352bb5b0598ea9503442d304640f119f1ac2a1e21dc612f4007266,2,raw|train,sano,dataset/raw/sano/sano_11715.jpg|dataset/train/sano/sano_11715.jpg
d58519c1cf4cfcb7cd9c86f1f2e9e086cdd6bf24f9ad1614803609c1672a0f9f,2,train,atencion|sano,dataset/train/atencion/atencion_02375.jpg|dataset/train/sano/sano_02854.jpg
d59541b6f8b7f65a8f778fe7ae896f7120c58bf22664be63f790213579aca747,2,raw|train,sano,dataset/raw/sano/sano_03298.jpg|dataset/train/sano/sano_03298.jpg
d5a0c2a397789205ee7219152498194781e77f21d8d9952d2c3bf06c4e2ca12d,2,raw|train,peligro,dataset/raw/peligro/peligro_03310.jpg|dataset/train/peligro/peligro_03310.jpg
d5ae25036f1362953e721defaafc4c18d7665d9736ac2614269358f61c7902f2,2,raw|validation,sano,dataset/raw/sano/sano_03771.jpg|dataset/validation/sano/sano_03771.jpg
d612e61716d1c38b6c6ffd37d95f4cc19c3cc66c42f84c50789ad1fcc5412e29,2,raw|train,peligro,dataset/raw/peligro/peligro_00572.jpg|dataset/train/peligro/peligro_00572.jpg
d6132ff4879ac8c1d4eeb97b0d4e190ee0572ef52caaec4db4ee2bf873ca7769,2,raw|train,atencion,dataset/raw/atencion/atencion_07608.jpg|dataset/train/atencion/atencion_07608.jpg
d61a919a0cbb22d4ae4b2967a08b89a9fa92b99a359ab809a0b6844a3cb833c5,2,raw|train,atencion,dataset/raw/atencion/atencion_03458.jpg|dataset/train/atencion/atencion_03458.jpg
d63a6b18ac05b374a48bd93578c010d32888a2d288776d37b8e191e6e468a5da,2,raw|train,peligro,dataset/raw/peligro/peligro_07474.jpg|dataset/train/peligro/peligro_07474.jpg
d66a3c4ae3b82977c499df6b9f42b4992612bbbdb9944de7273e31d67e0d4e38,2,raw|train,sano,dataset/raw/sano/sano_03105.jpg|dataset/train/sano/sano_03105.jpg
d66f338cae270d99e21b9746752877943b95add614f362467ba1ce99bd67a07c,2,raw|train,sano,dataset/raw/sano/sano_12411.jpg|dataset/train/sano/sano_12411.jpg
d67a97fff3745c4f03ee174be90c88ab5945da4adcca449590864a8c2209e1db,2,raw|test,peligro,dataset/raw/peligro/peligro_01180.jpg|dataset/test/peligro/peligro_01180.jpg
d6c313ae43889858754d7669afe129be93fc4547863eeaf7da8cfadc41ee29be,2,raw|validation,sano,dataset/raw/sano/sano_06118.jpg|dataset/validation/sano/sano_06118.jpg
d6e068a9c63a54d314f2ec44dd8d07b98957ec147863aa8172c9595dce12dd23,2,raw|train,sano,dataset/raw/sano/sano_08801.jpg|dataset/train/sano/sano_08801.jpg
d6e0fea4f2aeed000ced43128f8b523a93b67fb93390ef28ae619b0d87dfe313,2,raw|train,sano,dataset/raw/sano/sano_05916.jpg|dataset/train/sano/sano_05916.jpg
d6e50cb4ddf56aaf9765f35f51d8902325b0ee4a3999a92f3e18ccf7fe34576f,2,raw|train,peligro,dataset/raw/peligro/peligro_11360.jpg|dataset/train/peligro/peligro_11360.jpg
d6f72aea839a23d967d0b77efd8f784a6f7cd13ee7e9698046fe37831a4b3e22,2,raw|train,peligro,dataset/raw/peligro/peligro_08697.jpg|dataset/train/peligro/peligro_08697.jpg
d6fd866d2816a7e2c31f70c0af24739391ae0208ab98857452163e14cce35d26,2,raw|train,sano,dataset/raw/sano/sano_01197.jpg|dataset/train/sano/sano_01197.jpg
d73907241f7c906f9a3b9ca62dc8f73bb0f263028600b339f79038157d163c3f,2,raw|train,atencion,dataset/raw/atencion/atencion_07150.jpg|dataset/train/atencion/atencion_07150.jpg
d7649a103deb0b764d18c3a7fb58dc2cfb8e2c924df2661313b98642118f6af5,2,raw|train,sano,dataset/raw/sano/sano_00638.jpg|dataset/train/sano/sano_00638.jpg
d77a2d8ba41d9449b42e4ac60658bc2c64b8c77dd81f3bc6a97af7780a09abe1,2,raw|test,atencion,dataset/raw/atencion/atencion_02304.jpg|dataset/test/atencion/atencion_02304.jpg
d792eb03e82c9d7e07e06b8845205e25fb2816b80f492ff03e797aa3bfc692a7,2,raw|train,peligro,dataset/raw/peligro/peligro_14517.jpg|dataset/train/peligro/peligro_14517.jpg
d7f97777846c83a7b17ef62882698587b1454de7a6d6076472beb54f643d4ddc,2,raw|train,sano,dataset/raw/sano/sano_07063.jpg|dataset/train/sano/sano_07063.jpg
d816aeb988a7a339f23fc3a9e0298f367ce648a92e1964cb086c47caa603237a,2,raw|train,peligro,dataset/raw/peligro/peligro_00955.jpg|dataset/train/peligro/peligro_00955.jpg
d81d93acacd82da62b964bbe1a37003500ec8134e339f22a7ff028e612da233a,2,raw|train,atencion,dataset/raw/atencion/atencion_00652.jpg|dataset/train/atencion/atencion_00652.jpg
d820289e5e9c12b02e7266d61c2e4b7edb9b9eb98adf074584411cef7b10f7bd,2,raw|train,sano,dataset/raw/sano/sano_12483.jpg|dataset/train/sano/sano_12483.jpg
d84559cce71e8db4de2281d0707313cf51782fa529e6200743730f12a01ef21b,2,raw|train,peligro,dataset/raw/peligro/peligro_00566.jpg|dataset/train/peligro/peligro_00566.jpg
d84b5b97fd0fc6618a5a7318b9a3fb839ac36e24f92e8d5d167bb00261b22f0c,2,raw|test,peligro,dataset/raw/peligro/peligro_03058.jpg|dataset/test/peligro/peligro_03058.jpg
d8872eb17ca388bef6728d814859094202464cfd595e2e364ff6a85256495db4,2,raw|train,sano,dataset/raw/sano/sano_12388.jpg|dataset/train/sano/sano_12388.jpg
d8a0d475215f36e7149c4a4de776c5d9f1ae1957a070235a9a3e55d865718e7c,2,raw|train,sano,dataset/raw/sano/sano_01080.jpg|dataset/train/sano/sano_01080.jpg
d8a512785c9605b9cb249208ccbe6ab093467f21bc619b70168a0296c324be9b,2,raw|train,sano,dataset/raw/sano/sano_00911.jpg|dataset/train/sano/sano_00911.jpg
d8b6971760d606b9dbaf3121033e40d65e5186dfdec8094e2bbabd9dc148590f,2,raw|train,peligro,dataset/raw/peligro/peligro_05339.jpg|dataset/train/peligro/peligro_05339.jpg
d8c75c0d1fb99d4df9b2f79e8801f7a11e0583e4bfe2040cf727fc1d4902ad26,2,raw|train,peligro,dataset/raw/peligro/peligro_03583.jpg|dataset/train/peligro/peligro_03583.jpg
d8fb16f251a66a306edc589e388b214059faf78d3f6a5185c40ca5cb453f6d44,2,raw|train,peligro,dataset/raw/peligro/peligro_00889.jpg|dataset/train/peligro/peligro_00889.jpg
d91f89632a52fd43c6c0f232814775680405f4132b316bf8cefc7cb76bd97692,2,raw|train,sano,dataset/raw/sano/sano_01099.jpg|dataset/train/sano/sano_01099.jpg
d94d8fba18fc795b6c572a6d6b62570b5733e2eb0c0a547239aaae0f18851467,2,raw|train,sano,dataset/raw/sano/sano_08720.jpg|dataset/train/sano/sano_08720.jpg
d966f66efaa281809acbe7377926f1e7d9ec536eab80aab066e79b347746fac0,2,raw|train,sano,dataset/raw/sano/sano_12460.jpg|dataset/train/sano/sano_12460.jpg
d99d80f37e0037b523c3aa6eb663349cbf8a4e754b07f0a085922f863ef8748a,2,raw|train,peligro,dataset/raw/peligro/peligro_08290.jpg|dataset/train/peligro/peligro_08290.jpg
d9b15b9b490402a63468931ff1612b84cfa1ec67f976ca7f04a82d955a2c829a,2,raw|train,sano,dataset/raw/sano/sano_00962.jpg|dataset/train/sano/sano_00962.jpg
d9e3a0fdb43f6dbcce19c111aa7b20dc30db9a4fd3087e31b589e6c8e536aea7,2,raw|validation,peligro,dataset/raw/peligro/peligro_01128.jpg|dataset/validation/peligro/peligro_01128.jpg
d9e7d9ee49aa83214386177aefa84ef9ad60712919179c4a0addbd720c5fb188,2,train,atencion|peligro,dataset/train/atencion/atencion_03354.jpg|dataset/train/peligro/peligro_03461.jpg
da14ba300cf1772cc280fae6e31fe13a5537b422b6d4ef6efcf274cfe42cbcc9,2,raw|validation,peligro,dataset/raw/peligro/peligro_14423.jpg|dataset/validation/peligro/peligro_14423.jpg
da30bf75329ed3fc4cf1dbb2a2e539a316c61da1f511f0444758541c55ebaef7,2,raw|train,peligro,dataset/raw/peligro/peligro_02891.jpg|dataset/train/peligro/peligro_02891.jpg
da33ef5ce5c08f37a34fe962b38c97226af4b710855ec20f59aecad671bec443,2,raw|validation,atencion,dataset/raw/atencion/atencion_00302.jpg|dataset/validation/atencion/atencion_00302.jpg
da3498397584ebc9c6b4d0fd20ae2464381bb4b197385b40b91da76dd1ec92e0,2,raw|test,peligro,dataset/raw/peligro/peligro_05776.jpg|dataset/test/peligro/peligro_05776.jpg
da43104356d93d21d9e66a5f2c466d4a6a8869fb2ccabcf6e43ea866b9454089,2,raw|train,sano,dataset/raw/sano/sano_12450.jpg|dataset/train/sano/sano_12450.jpg
da797ee3463db95833a1b1ccf32cdec06451fb8b8ddd93d2d8898e6b38ca2f8b,2,raw|train,sano,dataset/raw/sano/sano_04082.jpg|dataset/train/sano/sano_04082.jpg
da83b746d25db1ef5c0aa7ef5d4864ebc64ce9b28579d90d80564e6f8d2935d2,2,raw|validation,atencion,dataset/raw/atencion/atencion_03761.jpg|dataset/validation/atencion/atencion_03761.jpg
dace5d70416ee3a5dde573db8f9af5d3169e1aecbe04079b3f51c8a688b215f9,2,raw|train,sano,dataset/raw/sano/sano_12528.jpg|dataset/train/sano/sano_12528.jpg
daf0b54d8002ad68e3f918b1f07ffcda299c95645222da7947e89c8a2b52bcb7,2,raw|train,atencion,dataset/raw/atencion/atencion_00453.jpg|dataset/train/atencion/atencion_00453.jpg
db0d41d4f51c6a355c755ee920dc78942d23a82901ffb6d9714da37536bd1e14,2,raw|train,peligro,dataset/raw/peligro/peligro_13885.jpg|dataset/train/peligro/peligro_13885.jpg
db1b2e5a68be8281134071e745ed2e50e166c0c1c3ed73d5f305fcaec18192ed,2,raw|test,atencion,dataset/raw/atencion/atencion_14168.jpg|dataset/test/atencion/atencion_14168.jpg
db32fa3ee8bf89d311ed3ec04a6d055f3ae2d62a1e1ea84aa6736bd622bf2930,2,raw|train,peligro,dataset/raw/peligro/peligro_01080.jpg|dataset/train/peligro/peligro_01080.jpg
db49b31b9c32b6c637fee7bfcf66791e8e5d12bb7f2e4537c4ce41a09395bff4,2,raw|validation,peligro,dataset/raw/peligro/peligro_10494.jpg|dataset/validation/peligro/peligro_10494.jpg
db5b5b3b37d8728bcba42ce55eccfc0c98f22a1e3fc1b49bfb86b4eb08afc816,2,raw|train,sano,dataset/raw/sano/sano_00264.jpg|dataset/train/sano/sano_00264.jpg
dbbb4e79c51836a058601d34028629cedf16e11f2aeac7301de87e6affab8f88,2,raw|train,sano,dataset/raw/sano/sano_03096.jpg|dataset/train/sano/sano_03096.jpg
dbd180425507d6e772245eaff6cecb2660600910520e561b8cb88977388e7bf0,2,raw|train,sano,dataset/raw/sano/sano_10351.jpg|dataset/train/sano/sano_10351.jpg
dc16539bcc4759596b3f941b11fe5a8ab156c9d96eb00ed9dcefac727662736a,2,raw|train,peligro,dataset/raw/peligro/peligro_02847.jpg|dataset/train/peligro/peligro_02847.jpg
dc25c50c6310cac9a4e4b95caae4bac015d84114a28108ee7e98f0f4a8928f97,2,raw|train,sano,dataset/raw/sano/sano_04242.jpg|dataset/train/sano/sano_04242.jpg
dc5e20815f36911d7fedad38f7db3e64abcc2c5721bfec6ea6f0ff6ce5590c62,2,raw|validation,peligro,dataset/raw/peligro/peligro_11946.jpg|dataset/validation/peligro/peligro_11946.jpg
dc902998f784d849bf2e802439cc1f810be1120ccd14115fc0b923e4fdfe0e79,2,raw|train,peligro,dataset/raw/peligro/peligro_11415.jpg|dataset/train/peligro/peligro_11415.jpg
dca3bde010d3a12885149e83686f659e871ec5f399e9b4b39d30c570f3ec1eea,2,raw|train,peligro,dataset/raw/peligro/peligro_02696.jpg|dataset/train/peligro/peligro_02696.jpg
dcda0992a2423732429a3fd5bec4c22a67dfcccb0386065e05301ea3788b2388,2,raw|train,atencion,dataset/raw/atencion/atencion_14100.jpg|dataset/train/atencion/atencion_14100.jpg
dd09dbaf3a4a3b383f980941820323833e0dd5cb089f94de7a67d3aa488fad22,2,raw|test,atencion,dataset/raw/atencion/atencion_02510.jpg|dataset/test/atencion/atencion_02510.jpg
dd2749478e8e7b1c3f6c4a064514d7552b998265786b59ceeae16c903af7afe9,2,raw|validation,peligro,dataset/raw/peligro/peligro_06359.jpg|dataset/validation/peligro/peligro_06359.jpg
dd31966022dbd3fd768a3012f05eb922e8a37d4c29dac130610442700157a51e,2,raw|train,peligro,dataset/raw/peligro/peligro_02826.jpg|dataset/train/peligro/peligro_02826.jpg
dd43b8d7ed0a316e940329441e42b1d8b0e5fead787e87b1e053f2999469267c,2,raw|train,peligro,dataset/raw/peligro/peligro_14729.jpg|dataset/train/peligro/peligro_14729.jpg
dd43d9b176d1d2b9f8633057acccca413b1ad1b93a038b6f564aa952a318fbed,2,raw|train,sano,dataset/raw/sano/sano_09602.jpg|dataset/train/sano/sano_09602.jpg
dd4fdae3dd73b8b051fd9e6a9de52c8a43879a3164053c2eb88ee87343c1f226,2,raw|train,peligro,dataset/raw/peligro/peligro_09761.jpg|dataset/train/peligro/peligro_09761.jpg
dd5eaed4feb22f2209f0af6b53100700342263dc3187a5b5bcca092772a1b450,2,raw|train,peligro,dataset/raw/peligro/peligro_00448.jpg|dataset/train/peligro/peligro_00448.jpg
dd9693d5e745f0b56d6ad176132244ed394332ffc40c04b37849a40aba133b18,2,raw|validation,peligro,dataset/raw/peligro/peligro_04916.jpg|dataset/validation/peligro/peligro_04916.jpg
dd9bc20e52b55f6bd77c2cb423da1655efc3310af7a74e04cdb7b17769d4da6f,2,raw|train,peligro,dataset/raw/peligro/peligro_03139.jpg|dataset/train/peligro/peligro_03139.jpg
dda282d3a2de5c170983e513bdce2d8edad0b6ceefab80b9e544d07dbe311c35,2,raw|validation,sano,dataset/raw/sano/sano_01085.jpg|dataset/validation/sano/sano_01085.jpg
ddc3c5d879b24a2462cfafe3e02a1cf595f06b02025f39abd25d3042e4061769,2,raw|train,sano,dataset/raw/sano/sano_04763.jpg|dataset/train/sano/sano_04763.jpg
ddd7099b2965481c64e1d0b6b5e98866ce725e74fb73533fc18698b27085f132,2,raw|train,sano,dataset/raw/sano/sano_00292.jpg|dataset/train/sano/sano_00292.jpg
de3ce52267f84e718af79066b97375908f0a69c9b4f442aadaaa9c83ef038af4,2,raw|validation,atencion,dataset/raw/atencion/atencion_09264.jpg|dataset/validation/atencion/atencion_09264.jpg
de438ea5784323bb5d44fac375d68fed9f78b50aa92c43d8f161abc992df9952,2,raw|validation,atencion,dataset/raw/atencion/atencion_11863.jpg|dataset/validation/atencion/atencion_11863.jpg
de61c33faad40afbe907db3bdd12b540d8538829705795fd1958c925e038f3d1,2,raw|train,peligro,dataset/raw/peligro/peligro_02857.jpg|dataset/train/peligro/peligro_02857.jpg
de6b450bd46cefa284167701087c0e9cf400292bb66d1586971bf3bdc62b9b08,2,raw|train,sano,dataset/raw/sano/sano_00706.jpg|dataset/train/sano/sano_00706.jpg
de80181d4b0a53d1c87fd6991b6eccb49525bf8b412df9e7236f0ef33aaad0db,2,raw|test,sano,dataset/raw/sano/sano_00874.jpg|dataset/test/sano/sano_00874.jpg
de94179579786e34ecce7a11f9d6774ca8651c78977203aee9e87b32a00def8b,2,raw|train,atencion,dataset/raw/atencion/atencion_00272.jpg|dataset/train/atencion/atencion_00272.jpg
deb9a06c879381730ac555f089af183fc456bf391e6f969525649c3fc84cb05c,2,raw|train,peligro,dataset/raw/peligro/peligro_00989.jpg|dataset/train/peligro/peligro_00989.jpg
dec7ebdb0255230d803420b648a6475ace13328ffe88b40caf464851f0ff9754,2,raw|test,sano,dataset/raw/sano/sano_02838.jpg|dataset/test/sano/sano_02838.jpg
df0dbe6c33b5f970a4ae0e9de782a890be664e1ad47b1837258e633b355e1799,2,raw|train,atencion,dataset/raw/atencion/atencion_02396.jpg|dataset/train/atencion/atencion_02396.jpg
df1abf6f4565f3950b5e16715e1251e6077b9c2f763d48dfd95fa8d62d849991,2,raw|train,atencion,dataset/raw/atencion/atencion_03394.jpg|dataset/train/atencion/atencion_03394.jpg
df259a92a153699a15d3ef5d32f74841e5abc1620d70b222bf5141c339c20bca,2,raw|train,sano,dataset/raw/sano/sano_04250.jpg|dataset/train/sano/sano_04250.jpg
df7e08f7ad8526c4cf035c81eae8b8a5a2b682362716cbbb2c2a51b918ebcd97,2,raw|train,peligro,dataset/raw/peligro/peligro_07894.jpg|dataset/train/peligro/peligro_07894.jpg
dfb9a08cffac540379dbd390dfa01aa3019e7440111aa1e525a1edbc26c8d512,2,raw|validation,peligro,dataset/raw/peligro/peligro_07930.jpg|dataset/validation/peligro/peligro_07930.jpg
e00490d35f2c821d73557920d7927c8e62de0a4fe41fc1ce4e92388db387894f,2,raw|test,peligro,dataset/raw/peligro/peligro_03688.jpg|dataset/test/peligro/peligro_03688.jpg
e068d38015aa125d366a2138045bbd765b3526ec720721a0160d417e152fac62,2,raw|test,sano,dataset/raw/sano/sano_02876.jpg|dataset/test/sano/sano_02876.jpg
e07b4f7821de312aac0e1fb424865c9aa257348b30c326abc3bf09d0ab8dcf89,2,raw|train,atencion,dataset/raw/atencion/atencion_00223.jpg|dataset/train/atencion/atencion_00223.jpg
e0861bcd71445f2a9adb903789abd310584bc5d2677f72cdf0a093820428a6f6,2,raw|train,sano,dataset/raw/sano/sano_05488.jpg|dataset/train/sano/sano_05488.jpg
e0a44af59272cca8d6d2d68e64ddc3ff5f5c940ce30c0b6a9b04b986b7995bc2,2,raw|train,sano,dataset/raw/sano/sano_03847.jpg|dataset/train/sano/sano_03847.jpg
e0afe1c776e02c96c15e7086c89dfbd8a70770006cc800f81041848879ca817e,2,raw|train,sano,dataset/raw/sano/sano_05124.jpg|dataset/train/sano/sano_05124.jpg
e0d6c39382aa7a9a9207de5ea0f59ec72ffe8fae87d81b3aa0e38629f030b15b,2,raw|validation,sano,dataset/raw/sano/sano_07078.jpg|dataset/validation/sano/sano_07078.jpg
e0edd6b24c0623a629f3351ca678f4545c4bdb20b3853bc2e20e09ec0b7aa9df,2,raw|train,sano,dataset/raw/sano/sano_00089.jpg|dataset/train/sano/sano_00089.jpg
e12a73bbec332a68f3c0b542dbbff886b96fe0fdfc44336326b7bd2ed5d4078c,2,raw|train,peligro,dataset/raw/peligro/peligro_02871.jpg|dataset/train/peligro/peligro_02871.jpg
e13adc2c4ab87e83f2a9c8c8c9d4d9b5b8b5ea2d09bf9eb65f84eca5027846a8,2,raw|train,atencion,dataset/raw/atencion/atencion_09533.jpg|dataset/train/atencion/atencion_09533.jpg
e13d5d8fafe7f1e10673c883a708af64fbafe1b63ebb202e16613f5562d35894,2,raw|train,atencion,dataset/raw/atencion/atencion_14095.jpg|dataset/train/atencion/atencion_14095.jpg
e170c94471cc6672417845d17a00b1624b2d62f80d140b21d9d696adacb95658,2,raw|test,atencion,dataset/raw/atencion/atencion_08134.jpg|dataset/test/atencion/atencion_08134.jpg
e17ef938fef70ec51832f02327550ed3d10d2ac02fa6c662344efc41fae0f065,2,raw|train,peligro,dataset/raw/peligro/peligro_11386.jpg|dataset/train/peligro/peligro_11386.jpg
e1899818aeccbd39f3b2ad5b19135781c57cfcaaec9849d75761253956296f37,2,raw|test,atencion,dataset/raw/atencion/atencion_14198.jpg|dataset/test/atencion/atencion_14198.jpg
e18d9fc1b65aa71bf8a1338f29f58614127f76939a5d8d8d5661874446e8e369,2,raw|train,sano,dataset/raw/sano/sano_01270.jpg|dataset/train/sano/sano_01270.jpg
e1907ead7ebc0cf1d58e39c243298e1f3307a2286faec6042cb1119e95b2c756,2,train,atencion|peligro,dataset/train/atencion/atencion_07914.jpg|dataset/train/peligro/peligro_08886.jpg
e1a0c053969fb82e98869de98f724d45a2c53ca7f5d639cfe88fe4065f60a60d,2,raw|train,atencion,dataset/raw/atencion/atencion_03361.jpg|dataset/train/atencion/atencion_03361.jpg
e1b39c11cd49c84e1f415af23971eb9f28f1bf5f6f308dae6db8b44a27e37c50,2,raw|train,peligro,dataset/raw/peligro/peligro_06021.jpg|dataset/train/peligro/peligro_06021.jpg
e1f155b0e21604439a703d8001e4970996117ca78cb60b20d74f2807f4f93dbd,2,raw|train,atencion,dataset/raw/atencion/atencion_14178.jpg|dataset/train/atencion/atencion_14178.jpg
e203e591913dc05c31f41968068023aeb28739848afaa9a0d97d3e8851dc35f3,2,raw|validation,sano,dataset/raw/sano/sano_12369.jpg|dataset/validation/sano/sano_12369.jpg
e21afbd30a4703a01ab8399cd0183901f240e3b2980fc1516bbaa1d6459df92d,2,raw|train,sano,dataset/raw/sano/sano_00179.jpg|dataset/train/sano/sano_00179.jpg
e227da2975287c891b1d59891b2861c1f1ec331d78bc78d97561a1e6b72bf04a,2,raw|train,peligro,dataset/raw/peligro/peligro_13437.jpg|dataset/train/peligro/peligro_13437.jpg
e27b1586cf693df6abd9215e808c5d00d150119375f8fc3cbed2063cbdd5f243,2,raw|train,peligro,dataset/raw/peligro/peligro_08153.jpg|dataset/train/peligro/peligro_08153.jpg
e2870bc104e47c158eda6bb29fe7192e75cc01219a5774480f018d2c3ba129ad,2,raw|validation,peligro,dataset/raw/peligro/peligro_03608.jpg|dataset/validation/peligro/peligro_03608.jpg
e2998a06453a0750b6176daab4e36b77b9921aad542d52fb9c40a2bea6c8d2fe,2,raw|validation,peligro,dataset/raw/peligro/peligro_00930.jpg|dataset/validation/peligro/peligro_00930.jpg
e29adebba907d60438521b423fc61a8aa381d65bbf7228f1ee15b7c1c5d7797c,2,raw|train,sano,dataset/raw/sano/sano_03987.jpg|dataset/train/sano/sano_03987.jpg
e2aa69d75cf1e72fa64d12609daf838afa69579db8d59f1254e72147e2fc297a,2,raw|validation,peligro,dataset/raw/peligro/peligro_00783.jpg|dataset/validation/peligro/peligro_00783.jpg
e2bbaf3c82d006a7b18d7822b57ff9fd131920f73d372f1a38ec36c435368d61,2,raw|train,atencion,dataset/raw/atencion/atencion_14149.jpg|dataset/train/atencion/atencion_14149.jpg
e2bf2cf425217c653d5d036bb50afbff9aa7e9fc7ba9cf12ac98ecfa3babfc9c,2,raw|train,peligro,dataset/raw/peligro/peligro_00324.jpg|dataset/train/peligro/peligro_00324.jpg
e2c5a0da043aad6f08d5ff6a683046cdc172140e8c59cf14fd984fd968f4cc96,2,raw|train,sano,dataset/raw/sano/sano_12474.jpg|dataset/train/sano/sano_12474.jpg
e2e0adb5a0bab89f680c68f7a01344e933fc5d28a270ff310caf66ccda604b25,2,raw|train,atencion,dataset/raw/atencion/atencion_14201.jpg|dataset/train/atencion/atencion_14201.jpg
e2ea2b6406bf8981bc066e497e708ad1306df47da73b2b4e807c4ce52b50e915,2,raw|train,atencion,dataset/raw/atencion/atencion_04073.jpg|dataset/train/atencion/atencion_04073.jpg
e2f41757fce841b8ed6ac32467c22fa51431998e309c10681f5f223526f310f7,2,raw|train,peligro,dataset/raw/peligro/peligro_00749.jpg|dataset/train/peligro/peligro_00749.jpg
e2fc328243ec936f2f7ebd0b6d7ec7c090c952bb8f2ff60d1d6d36d392cfc16a,2,raw|train,sano,dataset/raw/sano/sano_01190.jpg|dataset/train/sano/sano_01190.jpg
e333754e5786cb2262f207bb20ddc746c988af975349b38fff5738aab457292a,2,raw|test,sano,dataset/raw/sano/sano_12382.jpg|dataset/test/sano/sano_12382.jpg
e3389d22d1dacf8397f6870c458dcabb17ff511940eda3e9a665128e7fb0ccc9,2,raw|train,sano,dataset/raw/sano/sano_00628.jpg|dataset/train/sano/sano_00628.jpg
e34b9c539bac69484bf444846af3067477b4f1b02b4faafa52e58a9601eec342,2,raw|train,sano,dataset/raw/sano/sano_12521.jpg|dataset/train/sano/sano_12521.jpg
e37910d0776da4b17202f31b961ef412493961bd5520effeb31c7baf341e6ebc,2,raw|train,peligro,dataset/raw/peligro/peligro_12104.jpg|dataset/train/peligro/peligro_12104.jpg
e398330e6b90769ec84f4149485787a0512caec0b9d7882b4876cfefa97c3234,2,raw|train,sano,dataset/raw/sano/sano_01044.jpg|dataset/train/sano/sano_01044.jpg
e3be76addfb0a010cbfeeedb6cedae7f801a28ded23083bba37133bbaab1b87a,2,raw|validation,sano,dataset/raw/sano/sano_00596.jpg|dataset/validation/sano/sano_00596.jpg
e3c3fdc3415418d807bb7d81d826a39b0bb8f7cdfbedf95f5644bac5c200badb,2,raw|test,sano,dataset/raw/sano/sano_12433.jpg|dataset/test/sano/sano_12433.jpg
e3c4f895631733398fcdf78a1a3075ab29223577672eb8e60dee0bfb08fed230,2,raw|train,atencion,dataset/raw/atencion/atencion_14179.jpg|dataset/train/atencion/atencion_14179.jpg
e3c5a5fd884617d0cdb1139c0d9ff35b578bd36952648f37316e429aea04c1ca,2,raw|train,peligro,dataset/raw/peligro/peligro_13593.jpg|dataset/train/peligro/peligro_13593.jpg
e3d43f6c3b54dafba212f65817b14440d3e3b47f397e985922d73d836b9e45d4,2,raw|validation,sano,dataset/raw/sano/sano_12394.jpg|dataset/validation/sano/sano_12394.jpg
e3d56a1dc556eafd5e7ed59869a752fe2dc1c684c89bb8828ad25017bd122a8d,2,raw|train,sano,dataset/raw/sano/sano_08744.jpg|dataset/train/sano/sano_08744.jpg
e44ed50f577d60cd438ff97bb740eba87e6bc16ddcf18c5c271140b2ecdfdd20,2,raw|train,atencion,dataset/raw/atencion/atencion_14078.jpg|dataset/train/atencion/atencion_14078.jpg
e455328da3f7b8822954043b728d40be0ca14998693c44c36729446c94ca432d,2,raw|train,atencion,dataset/raw/atencion/atencion_05094.jpg|dataset/train/atencion/atencion_05094.jpg
e45879d06f9c4251b38f9eba53bdf13acd4dbf06546200a2a53583df556ab510,2,raw|train,sano,dataset/raw/sano/sano_03198.jpg|dataset/train/sano/sano_03198.jpg
e483f8a0ff8ba7befc55075f6237ce536fbd74ff3c146e1d797129ed725e3176,2,raw|train,peligro,dataset/raw/peligro/peligro_00670.jpg|dataset/train/peligro/peligro_00670.jpg
e496f025c208ca1dbd3de75b9e7aa1d5b122d34df9af6ff119d4604a1e04338d,2,raw|train,atencion,dataset/raw/atencion/atencion_04601.jpg|dataset/train/atencion/atencion_04601.jpg
e4b9308f8209334fb72588e93752a4e6b7314bc94ee0d623b6b8df5f7f1bfaea,2,raw|train,atencion,dataset/raw/atencion/atencion_09685.jpg|dataset/train/atencion/atencion_09685.jpg
e4c290bcccab13aa4236f8fe174fe0abd16c28236c35856b7a88be974e85ac37,2,raw|train,peligro,dataset/raw/peligro/peligro_01040.jpg|dataset/train/peligro/peligro_01040.jpg
e50ce8d7eaf6ba1034183e9aef8063397ae1c6fe7ea681a8c69d8597d24587d0,2,raw|train,peligro,dataset/raw/peligro/peligro_12229.jpg|dataset/train/peligro/peligro_12229.jpg
e53263858c8e747e7ff44f9fca98197e711f5e1863f5b51c8748f0a51b365480,2,raw|validation,peligro,dataset/raw/peligro/peligro_07700.jpg|dataset/validation/peligro/peligro_07700.jpg
e544063f83c9054cdee140c05ca27b8479072efab130bd39ce488677eb9a3124,2,raw|train,sano,dataset/raw/sano/sano_10763.jpg|dataset/train/sano/sano_10763.jpg
e5580e7d37c524c94561356b4b703b9d0aa8bd0cf1fa6d960476bb96fb7d2f60,2,raw|train,sano,dataset/raw/sano/sano_12487.jpg|dataset/train/sano/sano_12487.jpg
e579b32d729937fbac69510830567062b321d150b6497148659bbf1f8af1bc9c,2,raw|train,atencion,dataset/raw/atencion/atencion_03487.jpg|dataset/train/atencion/atencion_03487.jpg
e57f8832d834349b478c775bafa8be85877f9a6fe398302e81fa1129a71dfefd,2,raw|train,peligro,dataset/raw/peligro/peligro_00834.jpg|dataset/train/peligro/peligro_00834.jpg
e5b7e632987fffeafeb31ded92f01bd2cec366dc4b93e3013bc89a1fd5b7268e,2,raw|train,atencion,dataset/raw/atencion/atencion_00708.jpg|dataset/train/atencion/atencion_00708.jpg
e5d8cb3d9ffe9dd55df92c1ca55b5320720c104ebdeda3782db38a397e65615e,2,raw|validation,atencion,dataset/raw/atencion/atencion_14191.jpg|dataset/validation/atencion/atencion_14191.jpg
e60219120d1efb7e54cfbc7b4a29b5691c85fcdf1edb0eead7d8118411e36504,2,raw|validation,sano,dataset/raw/sano/sano_12456.jpg|dataset/validation/sano/sano_12456.jpg
e6367ce83152a446fecd137b524595d3fe6648827a20bfe45035005bbe856f8a,2,raw|train,atencion,dataset/raw/atencion/atencion_14115.jpg|dataset/train/atencion/atencion_14115.jpg
e67eb2f4be76c1f38e653da6bf2eafcfd2efed80676cadaad581c43c44c83ee5,2,raw|train,sano,dataset/raw/sano/sano_06134.jpg|dataset/train/sano/sano_06134.jpg
e68844dbe35c0fd969d3e4662145524c762e589fc3653c8a3d821e3a23ca23cf,2,raw|train,peligro,dataset/raw/peligro/peligro_02864.jpg|dataset/train/peligro/peligro_02864.jpg
e68d99822b52831eb026557ea33a7302121b342e235f1584a3c395f11c101d42,2,raw|train,sano,dataset/raw/sano/sano_08986.jpg|dataset/train/sano/sano_08986.jpg
e695979a76d4841f5653229c0822e63586893dbc65beeaf87d38d0ef29b90cd4,2,raw|train,sano,dataset/raw/sano/sano_00128.jpg|dataset/train/sano/sano_00128.jpg
e69c60e30514173cd6386e2183f5ce6df3173bb3bf26dd01d177c85318032497,2,raw|test,atencion,dataset/raw/atencion/atencion_06502.jpg|dataset/test/atencion/atencion_06502.jpg
e6c8da88d1e7beeb093df6e363fed51766f4463f536ad998b1266d070d766e71,2,raw|validation,sano,dataset/raw/sano/sano_00918.jpg|dataset/validation/sano/sano_00918.jpg
e6d024a78672707a2369bd1f6724263a46c1d7c1e623ed70f644ebc4de5f2b38,2,raw|train,peligro,dataset/raw/peligro/peligro_14638.jpg|dataset/train/peligro/peligro_14638.jpg
e6e41b78c522de8d339e5e1ac1db9cc8ed6fd3b42dde54b3c49cc23dad8c1a67,2,raw|validation,peligro,dataset/raw/peligro/peligro_00820.jpg|dataset/validation/peligro/peligro_00820.jpg
e6e87e137b6b0f2011bfbe2660294a94f372e833c96f07b4a6d28e2f7742c79a,2,raw|train,sano,dataset/raw/sano/sano_03999.jpg|dataset/train/sano/sano_03999.jpg
e7069c27ad785fd175ce3840d9f7a5bf1a782b3cfb7c99e1f8fc62a3e813d12c,2,raw|train,sano,dataset/raw/sano/sano_00192.jpg|dataset/train/sano/sano_00192.jpg
e721193bfa3371fddc60342a2f1dc9447bd6e309a0846b738f634f9fe8d4403b,2,raw|train,sano,dataset/raw/sano/sano_02748.jpg|dataset/train/sano/sano_02748.jpg
e747d20f01d569c3fdd657e224a5a5762b57459544f98b7d5b6d4d29e7548955,2,raw|validation,sano,dataset/raw/sano/sano_00912.jpg|dataset/validation/sano/sano_00912.jpg
e75b66749fd2ee0972fa6222a664f5b9f820223be7ed9576200d97578af8038f,2,raw|train,sano,dataset/raw/sano/sano_03718.jpg|dataset/train/sano/sano_03718.jpg
e79305ff3266632284e142a74b51c5c99de18244a63367cedb7dadb11615437b,2,raw|train,peligro,dataset/raw/peligro/peligro_08118.jpg|dataset/train/peligro/peligro_08118.jpg
e7ab20d597074af74f46f5163e22373bd3b041275fad878b43af30c8e501c1fc,2,raw|validation,peligro,dataset/raw/peligro/peligro_07831.jpg|dataset/validation/peligro/peligro_07831.jpg
e7cc6b48750074ce3321c2ecd7d2ef0c6e9e2add1ace6d2ef3a34aef8f0ff331,2,raw|train,peligro,dataset/raw/peligro/peligro_00531.jpg|dataset/train/peligro/peligro_00531.jpg
e8062ad41dabaad561f223409ef05f8701e17383d0bd0b44a052ae16bc4933e7,2,raw|train,peligro,dataset/raw/peligro/peligro_00741.jpg|dataset/train/peligro/peligro_00741.jpg
e8221b6377159888eb1ac0c41a73aa0e4d0ef9d96ccfd7c2fca2a6dec5238bd6,2,raw|train,peligro,dataset/raw/peligro/peligro_12145.jpg|dataset/train/peligro/peligro_12145.jpg
e84b3902c07922077ca260d2d8914627495b4ab912f4916a87c9bda8aaf8890e,2,raw|test,peligro,dataset/raw/peligro/peligro_07137.jpg|dataset/test/peligro/peligro_07137.jpg
e86af8b97669c56801b42f00252781ae81f4359d28e95a25db5a0602c57029f7,2,raw|train,sano,dataset/raw/sano/sano_12402.jpg|dataset/train/sano/sano_12402.jpg
e8a144515327620f113ff4122273709694ac73aa760f408d29f68a4c88458aca,2,raw|train,atencion,dataset/raw/atencion/atencion_05153.jpg|dataset/train/atencion/atencion_05153.jpg
e8b35231b996028c996d08d405a91fef0dd2503419be3bb39ea4e86643177136,2,raw|train,sano,dataset/raw/sano/sano_00384.jpg|dataset/train/sano/sano_00384.jpg
e8b57f0c1841e52bbdbe6d660456079ec15ef6d6d974a503dcdc522edf8cef1c,2,raw|train,atencion,dataset/raw/atencion/atencion_05788.jpg|dataset/train/atencion/atencion_05788.jpg
e8c219ccc8f1efaf77ec7fa490740f6794557ca44acd62ef036fe38dd8ecb565,2,raw|validation,atencion,dataset/raw/atencion/atencion_14107.jpg|dataset/validation/atencion/atencion_14107.jpg
e8c4196842ef6c6a3b6ebd20d665076d220f88b37a909fb98d09681c820d3fc3,2,raw|train,atencion,dataset/raw/atencion/atencion_00418.jpg|dataset/train/atencion/atencion_00418.jpg
e8c48f91f2f9dbdda5fe25d72122bb5fd8e18e016821a20d736399690c1e02e8,2,raw|train,sano,dataset/raw/sano/sano_09478.jpg|dataset/train/sano/sano_09478.jpg
e8ddea217cb1217910e15e562b51759505608beb06c2bfda41f1bd401cadce5b,2,raw|train,peligro,dataset/raw/peligro/peligro_03376.jpg|dataset/train/peligro/peligro_03376.jpg
e8ffd62f21b185e6dca01041dd03d28b46f84243fa9abd1742284d09cd10a545,2,raw|train,peligro,dataset/raw/peligro/peligro_10977.jpg|dataset/train/peligro/peligro_10977.jpg
e927b8f3f6d9cce6512b08c24efcecf53dc98c08d432b624995aef234b0bad4b,2,raw|train,sano,dataset/raw/sano/sano_00824.jpg|dataset/train/sano/sano_00824.jpg
e93664b086e7acb7b7e343761f7558b0f9c075ac76eea885e35f7d1191a9ea91,2,raw|validation,peligro,dataset/raw/peligro/peligro_07954.jpg|dataset/validation/peligro/peligro_07954.jpg
e94cc6e74f9f0ff40aefce3abdf8fe32974e4877e30a575722a8470f16455f55,2,raw|train,sano,dataset/raw/sano/sano_00363.jpg|dataset/train/sano/sano_00363.jpg
e9679e0858895754b06944716a634255feb66821cd676c497806cb6bf945fad6,2,raw|train,sano,dataset/raw/sano/sano_00732.jpg|dataset/train/sano/sano_00732.jpg
e96f60c453070bf091bbfb7d8746a6a7df85cad1754562e5e808683e18569aeb,2,raw|train,peligro,dataset/raw/peligro/peligro_00627.jpg|dataset/train/peligro/peligro_00627.jpg
e97c44a3a2472297e1d5b937ed18f6d42a20b19f277b65eff5d2fc628890bfa8,2,raw|train,peligro,dataset/raw/peligro/peligro_00516.jpg|dataset/train/peligro/peligro_00516.jpg
e98f2fb121a7852baa1f08242e9bbc96e55e8bc036deaa5eeca1ca70f9e06ae4,2,raw|train,sano,dataset/raw/sano/sano_04298.jpg|dataset/train/sano/sano_04298.jpg
e999f3c7ddd9bdc812e2869444da6606ec557fde94cd931e8f94fb9cd5fb181b,2,raw|train,sano,dataset/raw/sano/sano_12400.jpg|dataset/train/sano/sano_12400.jpg
e99dc4120aa55033f423b598d007c3267b7dd1b93706491f5937fe26047f5704,2,raw|train,peligro,dataset/raw/peligro/peligro_03296.jpg|dataset/train/peligro/peligro_03296.jpg
e9b41a4adb498f2a74f94190868abf664d81a3fd3ab2c73b63f7ef857034c159,2,raw|train,sano,dataset/raw/sano/sano_03432.jpg|dataset/train/sano/sano_03432.jpg
ea557b22f08222ab30eb6073b5d763fa5d69a9f49cf166824e2e088d7e8017c6,2,raw|train,sano,dataset/raw/sano/sano_03748.jpg|dataset/train/sano/sano_03748.jpg
ea59525e126191958b285cd04774ab0a1bed6003b8274cbf1dd26164ede72082,2,raw|train,sano,dataset/raw/sano/sano_12482.jpg|dataset/train/sano/sano_12482.jpg
ea7b80cece852f509e2d974e11e79fe1a0ab5794a3bc01a404c227c55defaf79,2,raw|train,peligro,dataset/raw/peligro/peligro_00635.jpg|dataset/train/peligro/peligro_00635.jpg
eaae6f3b4b0b07695c5d608187cd69c88acb98b363a9bde05eb4de9b4105fd68,2,raw|train,sano,dataset/raw/sano/sano_00002.jpg|dataset/train/sano/sano_00002.jpg
eb0296faa538c4e752d72bb7eda7dfd610fca68b7490a75a2d7ecfd34e6f91ca,2,raw|test,peligro,dataset/raw/peligro/peligro_00698.jpg|dataset/test/peligro/peligro_00698.jpg
eb17cdb503b0410981d28ce973a306518c6e80e3c001ca7d2505b80ea2488f35,2,raw|test,peligro,dataset/raw/peligro/peligro_03572.jpg|dataset/test/peligro/peligro_03572.jpg
eb1b15ff93f2e02ec383a40f5bf609b60f323df09521a85aa717680bd7660a5d,2,raw|validation,sano,dataset/raw/sano/sano_04911.jpg|dataset/validation/sano/sano_04911.jpg
eb4c2d0145d4f1821573c9d1f0787ac529806be2098dca9402346fc02c29e320,2,raw|train,peligro,dataset/raw/peligro/peligro_07348.jpg|dataset/train/peligro/peligro_07348.jpg
eb5dda6dbde38ba7b0161d726e97097c2a6328f32b4154e7694ff8206034b6b0,2,raw|train,atencion,dataset/raw/atencion/atencion_02329.jpg|dataset/train/atencion/atencion_02329.jpg
eb797cce7ec680afb0d7497df3aa40da0935cecf7d7f843745ddd3e9d2787147,2,raw|test,peligro,dataset/raw/peligro/peligro_01036.jpg|dataset/test/peligro/peligro_01036.jpg
eb87b8045a7e5413ab9b30105d3203039648238bb6ab367f7eeb9c51d3af2e9f,2,raw|train,peligro,dataset/raw/peligro/peligro_02909.jpg|dataset/train/peligro/peligro_02909.jpg
ebd9253a6fefb06a52c68ef6248335f060ac9c45809aef2fb346378df81be3fe,2,raw|train,sano,dataset/raw/sano/sano_03141.jpg|dataset/train/sano/sano_03141.jpg
ebdaff7139e65deb54bbeaba75efad597717676066d3978b66e58b6fe212b092,2,raw|train,sano,dataset/raw/sano/sano_12437.jpg|dataset/train/sano/sano_12437.jpg
ec3d0a0dcbc395d5ce33fad250da42fc5ed3af38a785c8a119e9b1e1d51d1ccb,2,raw|validation,atencion,dataset/raw/atencion/atencion_02486.jpg|dataset/validation/atencion/atencion_02486.jpg
ec5b564bdbd5d3c5d2bb1a2eab5a38269556f4fc401a7e5a1bb93a0d82f25e67,2,raw|train,sano,dataset/raw/sano/sano_04991.jpg|dataset/train/sano/sano_04991.jpg
ec5ecf260ebc62fd90ba0e0c67849a500e58e2a37d26d0786d01fcd4f0e4b5b5,2,raw|train,peligro,dataset/raw/peligro/peligro_01008.jpg|dataset/train/peligro/peligro_01008.jpg
ec6467c3d16350c23c6c17f655b67d0aa65121c3c09231bb81a9c26a3596fed9,2,raw|train,atencion,dataset/raw/atencion/atencion_02217.jpg|dataset/train/atencion/atencion_02217.jpg
ec853e893a0aa4d4db1682993588ef4e02668b9498ba20a75dd055dfa9a7288f,2,raw|train,atencion,dataset/raw/atencion/atencion_05764.jpg|dataset/train/atencion/atencion_05764.jpg
ec8768c47017066d86d53c72595084c4daae237332e0dd563f75bcaa1d49174d,2,raw|train,peligro,dataset/raw/peligro/peligro_00644.jpg|dataset/train/peligro/peligro_00644.jpg
ec88ee5c649715a1c9e5128cc0bb7fb25c17c6d49d6f0b10b29ec9762293a000,2,raw|train,peligro,dataset/raw/peligro/peligro_03717.jpg|dataset/train/peligro/peligro_03717.jpg
ecdbb153d5d777ce23f19eeb3e729a848fa0ddecac8214ecd70d325c064f715c,2,raw|train,atencion,dataset/raw/atencion/atencion_03480.jpg|dataset/train/atencion/atencion_03480.jpg
ece34a9362c03cbdaabe02e980aed06e5066e2fa681e8e26b60a39f7c04d7f66,2,raw|validation,peligro,dataset/raw/peligro/peligro_11344.jpg|dataset/validation/peligro/peligro_11344.jpg
eceee520cf68bf25e7edc5ad313c0b2d969f67f44084b9ad23506ffd2e649968,2,raw|train,sano,dataset/raw/sano/sano_04638.jpg|dataset/train/sano/sano_04638.jpg
ed115f351c4ccadd705daafa66cbcda3839b0eb66cb774ce55525ac8f4125529,2,raw|test,atencion,dataset/raw/atencion/atencion_06629.jpg|dataset/test/atencion/atencion_06629.jpg
ed21bce6995d2fdfa6fff3c80daa041a41684f1247927ae2f762e94a72c31309,2,raw|train,sano,dataset/raw/sano/sano_00332.jpg|dataset/train/sano/sano_00332.jpg
ed36aec3f6723ff639228235924627eba95eede0c0bb6abd4275c32a9f8c3e6b,2,raw|validation,sano,dataset/raw/sano/sano_05453.jpg|dataset/validation/sano/sano_05453.jpg
ed48d41822c3634b0bbf601f6cc0a37f2f4d8da27370aeb5332611261eb2ab48,2,raw|train,sano,dataset/raw/sano/sano_00329.jpg|dataset/train/sano/sano_00329.jpg
edc887bff74f9bd82b9ee4275930013da23731b37e537e28d791c4b4ad025195,2,raw|validation,sano,dataset/raw/sano/sano_08770.jpg|dataset/validation/sano/sano_08770.jpg
eddaa15696ba729523f5616d5474598d7eaad6405cc960c4bc175aa40b9510a5,2,raw,peligro|sano,dataset/raw/peligro/peligro_02499.jpg|dataset/raw/sano/sano_01905.jpg
eddd25bbfd6e01a2a2be79f088c1f81a9a5752389107f8bf0bc95829665e4063,2,raw|train,peligro,dataset/raw/peligro/peligro_00894.jpg|dataset/train/peligro/peligro_00894.jpg
ee06a09e7b26415de7e80ddbbaa17e652a3d8b70b1c2bb2f077e8bfb866a4b07,2,raw|train,sano,dataset/raw/sano/sano_05794.jpg|dataset/train/sano/sano_05794.jpg
ee13ca6fddb839427b0d66009781ce1e485238dfcc7abf36af1281b80a11afbe,2,raw|train,sano,dataset/raw/sano/sano_00578.jpg|dataset/train/sano/sano_00578.jpg
ee1b97879147c8d04b11ad4122e37d50b2cb6ec9099c57a4dd0bd614ea5704b7,2,raw|train,atencion,dataset/raw/atencion/atencion_05497.jpg|dataset/train/atencion/atencion_05497.jpg
ee9018b583f5bd276634a678a4b8099581bd4fc0b9ed5b42fa151e4d37f69c54,2,raw|train,peligro,dataset/raw/peligro/peligro_10584.jpg|dataset/train/peligro/peligro_10584.jpg
ee9ff7d83ca2a9461cfee7706b1cd39c108cc57d6e911a35c1ff83c94046abee,2,raw|train,peligro,dataset/raw/peligro/peligro_00823.jpg|dataset/train/peligro/peligro_00823.jpg
eea813ddd43d9ff0061076ba086a5b453db3eaefab918e338e9a652bcede1931,2,raw|train,sano,dataset/raw/sano/sano_05345.jpg|dataset/train/sano/sano_05345.jpg
eeac1614e962b563578ee929f131ec27d3e7d83e923c31c05320ccc6f238d0e2,2,raw|train,peligro,dataset/raw/peligro/peligro_10208.jpg|dataset/train/peligro/peligro_10208.jpg
eead6b1ce219516a8ae04d615094758c1b6be1f83785d261c61ecff56e402046,2,raw|train,sano,dataset/raw/sano/sano_03838.jpg|dataset/train/sano/sano_03838.jpg
eecdd73edff9583983cc8965ffd5ac49a6c523a7a2a4dade6a8f2a959e47020b,2,raw|train,sano,dataset/raw/sano/sano_08072.jpg|dataset/train/sano/sano_08072.jpg
eed2355f3b9e50d641e1d19c138e26560c430ebe385da50523394667ef36dca8,2,raw|validation,peligro,dataset/raw/peligro/peligro_05696.jpg|dataset/validation/peligro/peligro_05696.jpg
eedc27887d7f4ceb71db3d299529268d7ce6f1045eaa43a262fceb7003134643,2,raw|train,sano,dataset/raw/sano/sano_12475.jpg|dataset/train/sano/sano_12475.jpg
eef1996c7c00b6ed1b65318cd584185addeea4a240e551fedba8133171a12724,2,raw|test,atencion,dataset/raw/atencion/atencion_14116.jpg|dataset/test/atencion/atencion_14116.jpg
eef415ba116533d95223c30e764d14d1131f570d0d6f7024ccf44b0e1befce2a,2,raw|train,sano,dataset/raw/sano/sano_00060.jpg|dataset/train/sano/sano_00060.jpg
eefbc36cc0954546f8b404e91bb0928675275010213904d633d1ba0ac3d0ebf0,2,raw|train,atencion,dataset/raw/atencion/atencion_00746.jpg|dataset/train/atencion/atencion_00746.jpg
ef20e12f9aeebe20f395902b3231f61e12dd29a8f5eff3629402d0ce2ff1fd88,2,raw|validation,peligro,dataset/raw/peligro/peligro_03052.jpg|dataset/validation/peligro/peligro_03052.jpg
ef5f0d755c0b48dba72f27bea7de6ade54b9746723acc3266cfdafd72e3f6494,2,raw|train,atencion,dataset/raw/atencion/atencion_05833.jpg|dataset/train/atencion/atencion_05833.jpg
ef8a36b04967588d63eeec51635d39fb9c75c42229803f8d171266daf4594042,2,raw|train,peligro,dataset/raw/peligro/peligro_09634.jpg|dataset/train/peligro/peligro_09634.jpg
efbc28bd24814dbf8463d55b055a0500f8efee17061eb2851e047e8811456e76,2,raw|train,sano,dataset/raw/sano/sano_04294.jpg|dataset/train/sano/sano_04294.jpg
efc6be4ea3577456d7915721c8760b14595dfb8c96519cedc6e5feda2b0a8f84,2,raw|train,atencion,dataset/raw/atencion/atencion_00617.jpg|dataset/train/atencion/atencion_00617.jpg
f048091ef8c5339f896319388edee46d8b60bc21fdf3a14bbe544cbc802e456d,2,raw|train,atencion,dataset/raw/atencion/atencion_04130.jpg|dataset/train/atencion/atencion_04130.jpg
f04c61567d9bfe520eab7e44f1fd1c2811250f6b295f4af50d523b7bc0089086,2,raw|validation,atencion,dataset/raw/atencion/atencion_00005.jpg|dataset/validation/atencion/atencion_00005.jpg
f04ffc24e91df86b70694e42d7170f06bf1d0ac1cacf9591551f36a64b912dc5,2,raw|test,peligro,dataset/raw/peligro/peligro_04922.jpg|dataset/test/peligro/peligro_04922.jpg
f0837934af5aeee197d669a97c500c2f0fcef4830ae0ef5a4fd49298b99963b8,2,raw|train,atencion,dataset/raw/atencion/atencion_14070.jpg|dataset/train/atencion/atencion_14070.jpg
f0b1d714cb3dcba919f2cf8a97d23a646b536ce269ae7c7046b04959e392ee18,2,raw|train,sano,dataset/raw/sano/sano_01283.jpg|dataset/train/sano/sano_01283.jpg
f0d361df461b32cc7092037d6d975029adef0272535bf388ee11104ec7066129,2,raw|train,atencion,dataset/raw/atencion/atencion_02500.jpg|dataset/train/atencion/atencion_02500.jpg
f0e15ad31fd1c31b0aa2a1ee5cf9fdad58644fa3d93b2c175ebbd2ac14d81d86,2,raw|train,sano,dataset/raw/sano/sano_03584.jpg|dataset/train/sano/sano_03584.jpg
f0ed9e7c4752c95e417a6a38406f2956b01e4db7fa10c5dd39da6c8b19acc0fc,2,raw|train,sano,dataset/raw/sano/sano_12500.jpg|dataset/train/sano/sano_12500.jpg
f1086599d58d9ff19d9c485464ae5ac8d02bd37d6aa063d64c54f3a06f6008a0,2,raw|train,sano,dataset/raw/sano/sano_05127.jpg|dataset/train/sano/sano_05127.jpg
f146e4a0a95ff25f856db71e3c02474b248aae73b0a11625786af61384259038,2,raw|test,peligro,dataset/raw/peligro/peligro_11136.jpg|dataset/test/peligro/peligro_11136.jpg
f16d99bf659b5073228393c930b7aa1cf58fd72cfdfbeccc6c7bbedf6c330049,2,raw,atencion|peligro,dataset/raw/atencion/atencion_01813.jpg|dataset/raw/peligro/peligro_01805.jpg
f1929b31819eb1a3918a67b4aa9a18860faee2b4a108ac15c0c421ab74c36b22,2,raw|train,sano,dataset/raw/sano/sano_10220.jpg|dataset/train/sano/sano_10220.jpg
f198441d2f509af290a3e7e4afee4a47415666640bbc796cfcc5e0f176cce535,2,raw|train,peligro,dataset/raw/peligro/peligro_00489.jpg|dataset/train/peligro/peligro_00489.jpg
f1996885df6d058966fbb8b617b581208f4442db175924117cc4904f6b1493e3,2,raw|train,sano,dataset/raw/sano/sano_04150.jpg|dataset/train/sano/sano_04150.jpg
f19bcd81ad8aebafcf23650973fb4f84429bda83b4a94bdb9b88594dba7d65dd,2,raw|train,sano,dataset/raw/sano/sano_03855.jpg|dataset/train/sano/sano_03855.jpg
f1a9bb18f0be52a990f5f622738769e290d8837baab5c78e1963e2dcd46d84a0,2,raw|train,sano,dataset/raw/sano/sano_00501.jpg|dataset/train/sano/sano_00501.jpg
f1b25cb2dcdd5ad161624e62707000834baed93cf41a0d541f52292842215422,2,raw|train,sano,dataset/raw/sano/sano_04816.jpg|dataset/train/sano/sano_04816.jpg
f1c6cfc88f717a665585858e7ce25ec29d734c48bc7224053146d1b92a7ba585,2,raw|train,peligro,dataset/raw/peligro/peligro_11128.jpg|dataset/train/peligro/peligro_11128.jpg
f1df90bc61f0ec190beda3448272cdc60bb9f5ba4707c73b5f616cfa41f48f13,2,raw|validation,sano,dataset/raw/sano/sano_06768.jpg|dataset/validation/sano/sano_06768.jpg
f1e2c45914e8ccd32290fa13ed04c4ac2ed2748c796212a90b14cfbc1969a87f,2,raw|train,sano,dataset/raw/sano/sano_12544.jpg|dataset/train/sano/sano_12544.jpg
f1fb3a15b4153db3d13a43ec743778c95c9d2ed0c45ba82fab4d08f0a3d2491c,2,raw|train,atencion,dataset/raw/atencion/atencion_11881.jpg|dataset/train/atencion/atencion_11881.jpg
f209508f96aa3feb80041458bb1ae01395f25bfeed03993d3dc31c694948ec76,2,raw|train,atencion,dataset/raw/atencion/atencion_10193.jpg|dataset/train/atencion/atencion_10193.jpg
f22ebd9c428307b55f4875e4af52ce06a7fe9d2db8608efb2e6a428bc5581e36,2,raw|train,peligro,dataset/raw/peligro/peligro_00006.jpg|dataset/train/peligro/peligro_00006.jpg
f2562963e125d7be5f7367fa5e761ab23088f9bb752530cdafc1997d96064332,2,raw|train,peligro,dataset/raw/peligro/peligro_00932.jpg|dataset/train/peligro/peligro_00932.jpg
f27218aee2ddadf460537a9aeff0d0250b44443001e566977ae2cf2cc0ad1da9,2,raw|validation,sano,dataset/raw/sano/sano_12442.jpg|dataset/validation/sano/sano_12442.jpg
f27c3cce30ee36be41d1f635e2521a87ebc3037f1fcd739757f20114205179af,2,raw|train,sano,dataset/raw/sano/sano_12554.jpg|dataset/train/sano/sano_12554.jpg
f2836bacc628f5d8185ea20cad0dddfad1b45d90025000bc53ce4c6f986e1fe7,2,raw|train,peligro,dataset/raw/peligro/peligro_07669.jpg|dataset/train/peligro/peligro_07669.jpg
f2bcc5448c2a85c0a95d6db0116e51bdfceb39811d7d28085355a51821b21db8,2,raw|train,peligro,dataset/raw/peligro/peligro_13457.jpg|dataset/train/peligro/peligro_13457.jpg
f2d4957e57f5415f8b9f8de287a5848736ddba0a24ab05cf41ac49529d1bbdf2,2,raw|train,peligro,dataset/raw/peligro/peligro_10521.jpg|dataset/train/peligro/peligro_10521.jpg
f2e8307b248d57c434dcb2326809b89e541ab332f7c3b7e3e216ce210f753086,2,raw|test,atencion,dataset/raw/atencion/atencion_03753.jpg|dataset/test/atencion/atencion_03753.jpg
f30a6a4fbb5f101345bd1da3c48ad010da500e27606676c30cb1afa6360890e9,2,raw|validation,sano,dataset/raw/sano/sano_06430.jpg|dataset/validation/sano/sano_06430.jpg
f31cc1de272c6d396a28710a6be30e9ef3c4323a8d57468ed0fce5202b834bcc,2,raw|train,peligro,dataset/raw/peligro/peligro_05850.jpg|dataset/train/peligro/peligro_05850.jpg
f32044dad5329c73613854c023e1f108cc388418f8250be2ebf4d1a3284dbd78,2,raw|validation,peligro,dataset/raw/peligro/peligro_02745.jpg|dataset/validation/peligro/peligro_02745.jpg
f344fffd5891555dc7e6b3e5379f2d4fd036d2abd617a4e0a65be6d6b25605a8,2,raw|train,sano,dataset/raw/sano/sano_03971.jpg|dataset/train/sano/sano_03971.jpg
f34a3e8382bad1991d22908ba3766e882653d602e3771f1fbb6bd631b78c6d58,2,raw|train,peligro,dataset/raw/peligro/peligro_00029.jpg|dataset/train/peligro/peligro_00029.jpg
f3754446b31f4c8a7918302fbac11640fab7f94a71b8e221a9d10644395aeb0a,2,raw|train,peligro,dataset/raw/peligro/peligro_07436.jpg|dataset/train/peligro/peligro_07436.jpg
f37bbea22db0de57dd346446f79cc47632c6ace450525c1b620e1d112a2c4a3a,2,raw|train,atencion,dataset/raw/atencion/atencion_08093.jpg|dataset/train/atencion/atencion_08093.jpg
f37fcfa9c7101db801263b94df11a8f758f9ad414f56a5a67e503ba97a5f1dc3,2,raw|train,sano,dataset/raw/sano/sano_00083.jpg|dataset/train/sano/sano_00083.jpg
f38deaffb98b27695a272fbac3bf0be6c8f2d8329b4b3e0e2f0642a6ae9f9ab2,2,raw|train,atencion,dataset/raw/atencion/atencion_02698.jpg|dataset/train/atencion/atencion_02698.jpg
f3965b935d7862de9f0ae2252eadc50b619760079ef781417cf64e501d87bac1,2,raw|validation,sano,dataset/raw/sano/sano_00805.jpg|dataset/validation/sano/sano_00805.jpg
f39dd6b1d0e5a479ace9dd77fa88a9732116096de2d4190be1a20621bd1d87c8,2,raw|train,sano,dataset/raw/sano/sano_12493.jpg|dataset/train/sano/sano_12493.jpg
f3bf5b99c6e2434e2bbda1c5cc1b3a08485f4e097d9aa8a2f10eaa889330bf3b,2,raw|train,peligro,dataset/raw/peligro/peligro_13343.jpg|dataset/train/peligro/peligro_13343.jpg
f3c7d1188ccf4767043c4e036085eff1a85d75d97fb64bb038c44d431dc21379,2,raw|train,sano,dataset/raw/sano/sano_06302.jpg|dataset/train/sano/sano_06302.jpg
f3db635bf2b4849e2cc03e6c3031b947be33cd0ae8fa37e47e86925d011fcd8a,2,raw|validation,sano,dataset/raw/sano/sano_12476.jpg|dataset/validation/sano/sano_12476.jpg
f3ffa94045f074d7b53df960d8b426a1ef2ce5427dcf25701f7f369b0e518ceb,2,raw|train,atencion,dataset/raw/atencion/atencion_05296.jpg|dataset/train/atencion/atencion_05296.jpg
f45e2584790df762cdf809e6f4f42c3bb02d34e87ed7cdfcdabaed79118e14ea,2,raw|train,sano,dataset/raw/sano/sano_00123.jpg|dataset/train/sano/sano_00123.jpg
f46bb853a0f6ffa256fa403ad25e3718361415a827ace9ed12113b2c61c595e8,2,raw|train,sano,dataset/raw/sano/sano_02920.jpg|dataset/train/sano/sano_02920.jpg
f4a05ca511e27dd11bb76065c923cca98281b050ca63cd1db3d2258344f496a6,2,raw|train,peligro,dataset/raw/peligro/peligro_03160.jpg|dataset/train/peligro/peligro_03160.jpg
f4b023a6ef030630310d023d24eecb664de5af4860ccc46298de3abfd193c66f,2,raw|train,peligro,dataset/raw/peligro/peligro_04525.jpg|dataset/train/peligro/peligro_04525.jpg
f4da308029e4573414c4bad4ad72136c81d9c585cfd43abd0b99d96274552696,2,raw|validation,peligro,dataset/raw/peligro/peligro_01028.jpg|dataset/validation/peligro/peligro_01028.jpg
f5633923c4b9fe396fab3b67acc2becd38e9d0dee7f3e71183c4cfda9cefff87,2,raw|train,sano,dataset/raw/sano/sano_01143.jpg|dataset/train/sano/sano_01143.jpg
f5653fd51a63703a36c07d4936af7d6583427332709b8bb601d583a1d577201e,2,raw|test,peligro,dataset/raw/peligro/peligro_08045.jpg|dataset/test/peligro/peligro_08045.jpg
f56ce97584a68f8c05ad7d5bff4a9461b8ba40b729c5ecc48c14c16ec8dacdcb,2,raw|train,sano,dataset/raw/sano/sano_12504.jpg|dataset/train/sano/sano_12504.jpg
f58934142e02de482001178df053cebcd0d86bccaa48276b7bd16564fda955bc,2,raw|train,peligro,dataset/raw/peligro/peligro_02853.jpg|dataset/train/peligro/peligro_02853.jpg
f5ba9bf7e349d4f48682f9be0aa6dcd4c1f236f1e195220d6a8b0a46eb99f53d,2,raw|train,sano,dataset/raw/sano/sano_12512.jpg|dataset/train/sano/sano_12512.jpg
f5bee19be7098bcd460c4433137d367efd30997fe439921c2335940ac41792ef,2,raw|train,sano,dataset/raw/sano/sano_04040.jpg|dataset/train/sano/sano_04040.jpg
f5e385ec6f3346ea743aafb63f0523a37de4a44ef23a6316cc9b97879938507a,2,raw|train,peligro,dataset/raw/peligro/peligro_00782.jpg|dataset/train/peligro/peligro_00782.jpg
f614afbda67a3af2c1a045b2aa97cf4ac925b9ae982bd5e77eddf9001f13ec61,2,raw|train,peligro,dataset/raw/peligro/peligro_06515.jpg|dataset/train/peligro/peligro_06515.jpg
f6287f6c62947a713d07205f5588de0a0a0d68033c7d88bb846b15376fc75f29,2,raw|train,atencion,dataset/raw/atencion/atencion_12327.jpg|dataset/train/atencion/atencion_12327.jpg
f63dd8820041521f7c39c4d9481a6c4e93821b2b8afd9089844845738e646af8,2,raw|train,atencion,dataset/raw/atencion/atencion_10281.jpg|dataset/train/atencion/atencion_10281.jpg
f645df8ff7eed3adcb14cd06c6249094fdac36829f913d2d4efa95d1540c568a,2,raw|train,sano,dataset/raw/sano/sano_00308.jpg|dataset/train/sano/sano_00308.jpg
f65bfe198cdd6b8632dbd5f92922d826ef1ba9c4bad8ab49547eef0bcee6367b,2,raw|train,atencion,dataset/raw/atencion/atencion_00202.jpg|dataset/train/atencion/atencion_00202.jpg
f6a5a6e2dffed78d337f2fe7a31f968528263c8bf7ff549d7f3861e2d8a9a6c3,2,raw|validation,sano,dataset/raw/sano/sano_04534.jpg|dataset/validation/sano/sano_04534.jpg
f6eaa5e14f59c352abd3e0bca2cc69eea2707c78edf20ef4a9809daec95542be,2,raw|train,peligro,dataset/raw/peligro/peligro_00860.jpg|dataset/train/peligro/peligro_00860.jpg
f6eaae8e146a64a52189539afedc3327132494e58b4ce047fc62cda2d36dd5fd,2,raw|train,peligro,dataset/raw/peligro/peligro_00946.jpg|dataset/train/peligro/peligro_00946.jpg
f7153dbd891d1dedba3eb515a460b35d6983d1330cea81ba0d9ef078fda18b03,2,raw|train,atencion,dataset/raw/atencion/atencion_08188.jpg|dataset/train/atencion/atencion_08188.jpg
f71efdcefedd889fbf1723b2fcbffc44bd22556f6d37f379e395e7e1175b2257,2,raw|validation,peligro,dataset/raw/peligro/peligro_00838.jpg|dataset/validation/peligro/peligro_00838.jpg
f747e0cef4681e37e3da70b6c78bf7e7c012c23110acb7fb113de24b8466fbb8,2,raw|train,peligro,dataset/raw/peligro/peligro_14431.jpg|dataset/train/peligro/peligro_14431.jpg
f793a4ebc56ac4cf5ea303e5880c0ab4550d3649c3e640566cc655aa8248512b,2,raw|validation,atencion,dataset/raw/atencion/atencion_00587.jpg|dataset/validation/atencion/atencion_00587.jpg
f794b425c449f58e1f6d237b3529042ad5794770e15ed80c340757b78e3e1e40,2,raw|train,sano,dataset/raw/sano/sano_01046.jpg|dataset/train/sano/sano_01046.jpg
f7a6d5ca207dd89af91c4bde0769b13cd3ddc2e05cdccebd6078611fe28a1b61,2,raw|train,peligro,dataset/raw/peligro/peligro_00679.jpg|dataset/train/peligro/peligro_00679.jpg
f7b5af38020717585b567e9f86618badfb4dc34756638773657b57b0bebc8a5d,2,raw|train,atencion,dataset/raw/atencion/atencion_03699.jpg|dataset/train/atencion/atencion_03699.jpg
f7e7f5d0efd81d5b047380b4fb760aa5b9cf020794ac841e19284923473b9a08,2,raw|validation,peligro,dataset/raw/peligro/peligro_14401.jpg|dataset/validation/peligro/peligro_14401.jpg
f815f649830e3ebb69c933be8cb2a2abcbe987baea5b303a2fc71a43e53818a5,2,raw|train,atencion,dataset/raw/atencion/atencion_08739.jpg|dataset/train/atencion/atencion_08739.jpg
f82cf7e2a225321dfe03751a8a2eb19b44e742fdf3200255a1a5f851c1ce1f07,2,raw|train,sano,dataset/raw/sano/sano_05668.jpg|dataset/train/sano/sano_05668.jpg
f83969b8d0bee01657a8efe6a43360d41c893da792472ff28a4f1e6a4066978a,2,raw|test,sano,dataset/raw/sano/sano_12489.jpg|dataset/test/sano/sano_12489.jpg
f89deeb1058668389fe1a6f35ca8f95e3bd29df4e1fe709501fc90bd01d1b282,2,raw|validation,peligro,dataset/raw/peligro/peligro_00806.jpg|dataset/validation/peligro/peligro_00806.jpg
f8bdcc03501ba36dd92486ec9433e6c47875e13088066c453a7dc0488a82c560,2,raw|train,peligro,dataset/raw/peligro/peligro_03235.jpg|dataset/train/peligro/peligro_03235.jpg
f8c15b0005d30a05e1789df3544de747bd81b7dbe1eeaf585d46a301e40bcf68,2,raw|train,atencion,dataset/raw/atencion/atencion_08523.jpg|dataset/train/atencion/atencion_08523.jpg
f8dce8d3ff207859bfe3c320affbff2a1dea3123a2f15767620fa082f0215e70,2,raw|train,peligro,dataset/raw/peligro/peligro_03777.jpg|dataset/train/peligro/peligro_03777.jpg
f903fc283f346de82f86a22ee6819df74e2f26b61eb87480521b6978dece6acc,2,raw|train,atencion,dataset/raw/atencion/atencion_04016.jpg|dataset/train/atencion/atencion_04016.jpg
f942d8c7f39009610b145c4cde11aca2c3eb9636b5d1eb81c4bc027962d6bc1f,2,raw|validation,atencion,dataset/raw/atencion/atencion_08218.jpg|dataset/validation/atencion/atencion_08218.jpg
f9539756e50ba82b8095e1ec2f23ed156909049e842d0fbf07e6542f58104cdd,2,raw|train,atencion,dataset/raw/atencion/atencion_11706.jpg|dataset/train/atencion/atencion_11706.jpg
f95f42676630d388fcdd19ff384c51412b345f257c56461174cf9ebad965a6e8,2,raw|train,peligro,dataset/raw/peligro/peligro_05166.jpg|dataset/train/peligro/peligro_05166.jpg
f97122f75b38dcd6603576e8282aa3b8a8bd70ac2801a15c95c99316ea151df6,2,raw|test,atencion,dataset/raw/atencion/atencion_03591.jpg|dataset/test/atencion/atencion_03591.jpg
f9812368268cdc995ff97397e706c2dd6a5f66bee0c5dc865ddbee5c2ea52238,2,raw|validation,peligro,dataset/raw/peligro/peligro_03327.jpg|dataset/validation/peligro/peligro_03327.jpg
f9925b7a2f42d7a15001b9960b09d30ecad2049a327bed2d6e8640139546302d,2,raw|validation,sano,dataset/raw/sano/sano_05631.jpg|dataset/validation/sano/sano_05631.jpg
f9a69c4e1029e2e7985f68e506dce45c01509e593ac6c2f58875bbfc445a72cf,2,raw|train,peligro,dataset/raw/peligro/peligro_12478.jpg|dataset/train/peligro/peligro_12478.jpg
f9ac8b57419c033ceaf2b69712ecdef8ed35b0fe4f97634310ffc614c18dbd12,2,raw|train,atencion,dataset/raw/atencion/atencion_02212.jpg|dataset/train/atencion/atencion_02212.jpg
f9be32c49e25ba90a71e7b6fdbff98645387db69942e84f55f2a1c225cb5f7b9,2,raw|train,sano,dataset/raw/sano/sano_12464.jpg|dataset/train/sano/sano_12464.jpg
f9cd90ec5bb0bae0c033411bca3382d335b4d9e6fc9e08b8844c2a3ffcc3de0a,2,raw|train,atencion,dataset/raw/atencion/atencion_14089.jpg|dataset/train/atencion/atencion_14089.jpg
fa00bc70f285d8499718e18e5ed2a8e0aa9f59566cecabc796c4aee29cef216a,2,raw|validation,sano,dataset/raw/sano/sano_06495.jpg|dataset/validation/sano/sano_06495.jpg
fa04888f8fb245a41868c56097973d0dea9c3845c51602e7a73361531c8ed5ba,2,raw|validation,peligro,dataset/raw/peligro/peligro_00837.jpg|dataset/validation/peligro/peligro_00837.jpg
fa0ebce9573d7cc46f0946577e480561e748fa8d121d9d65d34467bdb7ea12f1,2,raw|test,peligro,dataset/raw/peligro/peligro_07188.jpg|dataset/test/peligro/peligro_07188.jpg
fa214856b90d47efd418fbc52f0daa6a9d50337358e2f067e1bcadee119f447b,2,raw|test,peligro,dataset/raw/peligro/peligro_10142.jpg|dataset/test/peligro/peligro_10142.jpg
fa982f6a440b622dc33fc8318d6bc9e4f9bbdbaacfcfc6f60093b1be16b3b844,2,raw|train,peligro,dataset/raw/peligro/peligro_03218.jpg|dataset/train/peligro/peligro_03218.jpg
faa2f30ea4a104f7179bbd3e929153694f7fc57189cf8e6254e2bd166f00b895,2,raw|train,peligro,dataset/raw/peligro/peligro_04018.jpg|dataset/train/peligro/peligro_04018.jpg
fab0a3f209ad59750e839726635645f70d2ca5d9212fec144902d23e8d942bfe,2,raw|train,peligro,dataset/raw/peligro/peligro_05279.jpg|dataset/train/peligro/peligro_05279.jpg
faca3121d3c93b2049d63f5045f60d07844b6dbc19298c2345327fff812efa5b,2,raw|train,atencion,dataset/raw/atencion/atencion_07549.jpg|dataset/train/atencion/atencion_07549.jpg
fad8ea72e8f2421e8e1a14d30b02a00c9e97ee2b95b56c464104d7c7df66f89f,2,raw|validation,sano,dataset/raw/sano/sano_00468.jpg|dataset/validation/sano/sano_00468.jpg
fafc9cedac08419666d176383c13b7f38c400af21febc31c88e9df6fdbbc94fe,2,raw|validation,atencion,dataset/raw/atencion/atencion_03812.jpg|dataset/validation/atencion/atencion_03812.jpg
fb435b152f1af6a7c2a2785acba0daa1609989eeef197b281c1a53652bb29b47,2,raw|train,sano,dataset/raw/sano/sano_07819.jpg|dataset/train/sano/sano_07819.jpg
fb5cc8698735584bfbf7d21666cfa3566457948e32e21d27ee097eddf5628e39,2,raw|train,peligro,dataset/raw/peligro/peligro_00377.jpg|dataset/train/peligro/peligro_00377.jpg
fb61829cca6de1d680f1a848b5f56164f981a41cb3be39630206fbd6f81f1a8a,2,raw|train,atencion,dataset/raw/atencion/atencion_08361.jpg|dataset/train/atencion/atencion_08361.jpg
fb6ef1557ec5ec5fb921d7f8485c109d04f462140e6f490167f3fde2b45d6789,2,raw|train,atencion,dataset/raw/atencion/atencion_03810.jpg|dataset/train/atencion/atencion_03810.jpg
fbc513df5ffade7c45e55e7c6fd0969b51dc787a7a632235d93a4151dc516cc6,2,raw|test,peligro,dataset/raw/peligro/peligro_10248.jpg|dataset/test/peligro/peligro_10248.jpg
fbec950b034a3604fc131a54df1d17e260391b621ded05fb655a69e6de334732,2,raw|train,sano,dataset/raw/sano/sano_05698.jpg|dataset/train/sano/sano_05698.jpg
fc0cbde908dbd3c075a40d87dbd944e6117ffd19ef5b9983c55bdd92882ecf74,2,raw|train,sano,dataset/raw/sano/sano_12454.jpg|dataset/train/sano/sano_12454.jpg
fc1ebda7d648141e7bd8357e967cd6dd1990718ce35ade2aa26afb17f5c814d3,2,raw,atencion|peligro,dataset/raw/atencion/atencion_01591.jpg|dataset/raw/peligro/peligro_01866.jpg
fc21beffebdf4b14b41be177f99416f56d1fe8e46316ac7ba7f6e125e651067e,2,raw|train,peligro,dataset/raw/peligro/peligro_13862.jpg|dataset/train/peligro/peligro_13862.jpg
fc4e688ece82ecced9e55d119211a6cf418a3252e47694c3afbded86c30a8094,2,raw|train,peligro,dataset/raw/peligro/peligro_09538.jpg|dataset/train/peligro/peligro_09538.jpg
fc7c2a0418541ecd86f4311d2f9e75bcdbeb494691860227a6d8ee1d61847e76,2,raw|train,atencion,dataset/raw/atencion/atencion_04709.jpg|dataset/train/atencion/atencion_04709.jpg
fc9d65fb4d9732d835b20cc19a86bf78134550c6474b3daa0124d91e11b468b6,2,raw|test,atencion,dataset/raw/atencion/atencion_14203.jpg|dataset/test/atencion/atencion_14203.jpg
fcd5211e1fcbb4df87c3a432bb54571e624937079e3620f1f221c6bd8faf4c80,2,raw|validation,sano,dataset/raw/sano/sano_12410.jpg|dataset/validation/sano/sano_12410.jpg
fce3daf671ded89911d332d4e32346dfc71f9c0df8ae42ffab17bb13d0d2f168,2,raw|train,sano,dataset/raw/sano/sano_05231.jpg|dataset/train/sano/sano_05231.jpg
fd12c16dde21dd8f3620fe3117c0f5cedb6bcc6d479e073e5b007fc8e9d39faa,2,raw|train,peligro,dataset/raw/peligro/peligro_03189.jpg|dataset/train/peligro/peligro_03189.jpg
fd352b3deeb421b71419089b136095229d0d939937e343d926513f1024692801,2,raw|train,sano,dataset/raw/sano/sano_06095.jpg|dataset/train/sano/sano_06095.jpg
fd7f1b6694dd9b7d746433b05a2e5573ec880cef544ffbd039a8bdb695577ad0,2,raw|train,atencion,dataset/raw/atencion/atencion_14072.jpg|dataset/train/atencion/atencion_14072.jpg
fdb16cb179cd09a48e589b53f53f0b3fcb2b21718e53099d43ff334d8ec00ef7,2,raw|validation,atencion,dataset/raw/atencion/atencion_10561.jpg|dataset/validation/atencion/atencion_10561.jpg
fdb9497d2aacd636c31bf00da420cea795c1a7ff2a79b0b5201044b26bf69e91,2,raw|train,atencion,dataset/raw/atencion/atencion_00457.jpg|dataset/train/atencion/atencion_00457.jpg
fdbe06e1e08e79d83e39eee988ba085b61107cf82c20649bb4e80f3f7e0f0a4d,2,train|validation,atencion|peligro,dataset/train/atencion/atencion_01120.jpg|dataset/validation/peligro/peligro_00189.jpg
fdcf2381f2e44b558c1d3bb33fad6d76dd283d9f18d869d55f7254ea6ce4b372,2,raw|train,sano,dataset/raw/sano/sano_00113.jpg|dataset/train/sano/sano_00113.jpg
fddd746bc03877bc080286c00f149a31de64d7dd820d285781f6ae04b05cfc49,2,raw|test,atencion,dataset/raw/atencion/atencion_02638.jpg|dataset/test/atencion/atencion_02638.jpg
fe1afa56c9ebef0f362c160d3be0af7e8b1d08d37af808a7c6713bf24e13f17d,2,raw|train,peligro,dataset/raw/peligro/peligro_07976.jpg|dataset/train/peligro/peligro_07976.jpg
fe46af224b9102815cfd48e6d8a17a060302e33665f3f521f0935c06257a8dad,2,raw|train,peligro,dataset/raw/peligro/peligro_06637.jpg|dataset/train/peligro/peligro_06637.jpg
fe4b6c87693622018e72475fa855688e3d408ae9bda45010589d790b504613a1,2,raw|validation,peligro,dataset/raw/peligro/peligro_00308.jpg|dataset/validation/peligro/peligro_00308.jpg
fe83f33dd6a01b007a5d69d075bbc1273f32f2dc84fab3c37a37e6e21609276c,2,raw|train,atencion,dataset/raw/atencion/atencion_05182.jpg|dataset/train/atencion/atencion_05182.jpg
fe8d51c9e9a3f7b751ce5b4387564b91e98e4bf81deb2782215bd6065275be5b,2,raw|train,peligro,dataset/raw/peligro/peligro_00423.jpg|dataset/train/peligro/peligro_00423.jpg
fea49e38ac0a973ff7c5f2fc315e1bcd7c348a18bb9ab407a2b83426ce74cc00,2,raw|train,atencion,dataset/raw/atencion/atencion_14167.jpg|dataset/train/atencion/atencion_14167.jpg
fefb0450984bbf9ae7a56c2f59256e4779530581cf1df5f5976bf2464eab6f5c,2,raw|validation,atencion,dataset/raw/atencion/atencion_00001.jpg|dataset/validation/atencion/atencion_00001.jpg
ff108ab38d07ac45b3d67a084f1b6e49e4d0cf7b80e16c370c4c75df10fd3c06,2,raw|test,peligro,dataset/raw/peligro/peligro_12624.jpg|dataset/test/peligro/peligro_12624.jpg
ff8120a16a386498132b83e879dcda4e0a5613dcb9a6ac6b0276423c3f2a1330,2,raw|train,peligro,dataset/raw/peligro/peligro_13922.jpg|dataset/train/peligro/peligro_13922.jpg
ffd831794e31fd8bf16fe57b46ab1d0a13d5aa9fcac66de0f97cec649d1519d0,2,raw|train,sano,dataset/raw/sano/sano_12551.jpg|dataset/train/sano/sano_12551.jpg
ffdab8054e2a6429b602ade67472df7b60ef9ae8caf374e38057bc9444354b8e,2,raw|train,peligro,dataset/raw/peligro/peligro_00933.jpg|dataset/train/peligro/peligro_00933.jpg
ffe74d12b2d85fff53726e606821d5a681148c4823afd29a0c3230c6b248bb30,2,raw|train,sano,dataset/raw/sano/sano_08928.jpg|dataset/train/sano/sano_08928.jpg
ffea9834d375f7ce343540e6f2171d7f56efdb71fdc69830d16c330d346fdf7b,2,raw|train,peligro,dataset/raw/peligro/peligro_03367.jpg|dataset/train/peligro/peligro_03367.jpg
fff6d5568502fcccc4f5b4899574bffd37377cb91f320f53cbbf5cb181ebc989,2,raw|validation,sano,dataset/raw/sano/sano_00121.jpg|dataset/validation/sano/sano_00121.jpg
fff84a6d7f405db3a5282a473e49ac7a98fb83049d1a501a6d1c162ad47f29dc,2,raw|validation,sano,dataset/raw/sano/sano_01014.jpg|dataset/validation/sano/sano_01014.jpg
fff8e48c10aa47dd77a73f8732e62f336c99293fe201e72ca6cb64e13a996440,2,raw|validation,sano,dataset/raw/sano/sano_10939.jpg|dataset/validation/sano/sano_10939.jpg
