distance,split_a,class_a,path_a,split_b,class_b,path_b,cross_split,cross_class
0,raw,atencion,dataset/raw/atencion/atencion_00001.jpg,validation,atencion,dataset/validation/atencion/atencion_00001.jpg,True,False
0,raw,atencion,dataset/raw/atencion/atencion_00004.jpg,train,atencion,dataset/train/atencion/atencion_00004.jpg,True,False
0,raw,atencion,dataset/raw/atencion/atencion_00004.jpg,train,peligro,dataset/train/peligro/peligro_00179.jpg,True,True
0,raw,atencion,dataset/raw/atencion/atencion_00005.jpg,validation,atencion,dataset/validation/atencion/atencion_00005.jpg,True,False
0,raw,atencion,dataset/raw/atencion/atencion_00012.jpg,train,atencion,dataset/train/atencion/atencion_00012.jpg,True,False
0,raw,atencion,dataset/raw/atencion/atencion_00012.jpg,train,sano,dataset/train/sano/sano_00139.jpg,True,True
0,raw,atencion,dataset/raw/atencion/atencion_00034.jpg,train,atencion,dataset/train/atencion/atencion_00034.jpg,True,False
0,raw,atencion,dataset/raw/atencion/atencion_00034.jpg,train,peligro,dataset/train/peligro/peligro_00101.jpg,True,True
0,raw,atencion,dataset/raw/atencion/atencion_00043.jpg,train,atencion,dataset/train/atencion/atencion_00043.jpg,True,False
0,raw,atencion,dataset/raw/atencion/atencion_00044.jpg,validation,atencion,dataset/validation/atencion/atencion_00044.jpg,True,False
0,raw,atencion,dataset/raw/atencion/atencion_00049.jpg,validation,atencion,dataset/validation/atencion/atencion_00049.jpg,True,False
0,raw,atencion,dataset/raw/atencion/atencion_00057.jpg,train,atencion,dataset/train/atencion/atencion_00057.jpg,True,False
0,raw,atencion,dataset/raw/atencion/atencion_00068.jpg,test,atencion,dataset/test/atencion/atencion_00068.jpg,True,False
0,raw,atencion,dataset/raw/atencion/atencion_00077.jpg,validation,atencion,dataset/validation/atencion/atencion_00077.jpg,True,False
0,raw,atencion,dataset/raw/atencion/atencion_00098.jpg,validation,atencion,dataset/validation/atencion/atencion_00098.jpg,True,False
0,raw,atencion,dataset/raw/atencion/atencion_00148.jpg,train,atencion,dataset/train/atencion/atencion_00148.jpg,True,False
0,raw,atencion,dataset/raw/atencion/atencion_00151.jpg,train,atencion,dataset/train/atencion/atencion_00151.jpg,True,False
0,raw,atencion,dataset/raw/atencion/atencion_00167.jpg,train,atencion,dataset/train/atencion/atencion_00167.jpg,True,False
0,raw,atencion,dataset/raw/atencion/atencion_00177.jpg,train,atencion,dataset/train/atencion/atencion_00177.jpg,True,False
0,raw,atencion,dataset/raw/atencion/atencion_00177.jpg,train,sano,dataset/train/sano/sano_05769.jpg,True,True
0,raw,atencion,dataset/raw/atencion/atencion_00179.jpg,train,atencion,dataset/train/atencion/atencion_00179.jpg,True,False
0,raw,atencion,dataset/raw/atencion/atencion_00197.jpg,train,atencion,dataset/train/atencion/atencion_00197.jpg,True,False
0,raw,atencion,dataset/raw/atencion/atencion_00202.jpg,train,atencion,dataset/train/atencion/atencion_00202.jpg,True,False
0,raw,atencion,dataset/raw/atencion/atencion_00202.jpg,train,sano,dataset/train/sano/sano_01813.jpg,True,True
0,raw,atencion,dataset/raw/atencion/atencion_00205.jpg,train,atencion,dataset/train/atencion/atencion_00205.jpg,True,False
0,raw,atencion,dataset/raw/atencion/atencion_00209.jpg,train,atencion,dataset/train/atencion/atencion_00209.jpg,True,False
0,raw,atencion,dataset/raw/atencion/atencion_00223.jpg,train,atencion,dataset/train/atencion/atencion_00223.jpg,True,False
0,raw,atencion,dataset/raw/atencion/atencion_00225.jpg,train,atencion,dataset/train/atencion/atencion_00225.jpg,True,False
0,raw,atencion,dataset/raw/atencion/atencion_00225.jpg,train,sano,dataset/train/sano/sano_04875.jpg,True,True
0,raw,atencion,dataset/raw/atencion/atencion_00233.jpg,train,atencion,dataset/train/atencion/atencion_00233.jpg,True,False
0,raw,atencion,dataset/raw/atencion/atencion_00233.jpg,validation,sano,dataset/validation/sano/sano_09702.jpg,True,True
0,raw,atencion,dataset/raw/atencion/atencion_00234.jpg,train,atencion,dataset/train/atencion/atencion_00234.jpg,True,False
0,raw,atencion,dataset/raw/atencion/atencion_00239.jpg,train,atencion,dataset/train/atencion/atencion_00239.jpg,True,False
0,raw,atencion,dataset/raw/atencion/atencion_00254.jpg,train,atencion,dataset/train/atencion/atencion_00254.jpg,True,False
0,raw,atencion,dataset/raw/atencion/atencion_00272.jpg,train,atencion,dataset/train/atencion/atencion_00272.jpg,True,False
0,raw,atencion,dataset/raw/atencion/atencion_00280.jpg,test,atencion,dataset/test/atencion/atencion_00280.jpg,True,False
0,raw,atencion,dataset/raw/atencion/atencion_00287.jpg,validation,atencion,dataset/validation/atencion/atencion_00287.jpg,True,False
0,raw,atencion,dataset/raw/atencion/atencion_00289.jpg,train,atencion,dataset/train/atencion/atencion_00289.jpg,True,False
0,raw,atencion,dataset/raw/atencion/atencion_00301.jpg,train,atencion,dataset/train/atencion/atencion_00301.jpg,True,False
0,raw,atencion,dataset/raw/atencion/atencion_00302.jpg,validation,atencion,dataset/validation/atencion/atencion_00302.jpg,True,False
0,raw,atencion,dataset/raw/atencion/atencion_00310.jpg,validation,atencion,dataset/validation/atencion/atencion_00310.jpg,True,False
0,raw,atencion,dataset/raw/atencion/atencion_00311.jpg,validation,atencion,dataset/validation/atencion/atencion_00311.jpg,True,False
0,raw,atencion,dataset/raw/atencion/atencion_00319.jpg,test,atencion,dataset/test/atencion/atencion_00319.jpg,True,False
0,raw,atencion,dataset/raw/atencion/atencion_00336.jpg,train,atencion,dataset/train/atencion/atencion_00336.jpg,True,False
0,raw,atencion,dataset/raw/atencion/atencion_00343.jpg,train,atencion,dataset/train/atencion/atencion_00343.jpg,True,False
0,raw,atencion,dataset/raw/atencion/atencion_00345.jpg,test,atencion,dataset/test/atencion/atencion_00345.jpg,True,False
0,raw,atencion,dataset/raw/atencion/atencion_00349.jpg,train,atencion,dataset/train/atencion/atencion_00349.jpg,True,False
0,raw,atencion,dataset/raw/atencion/atencion_00349.jpg,train,sano,dataset/train/sano/sano_03246.jpg,True,True
0,raw,atencion,dataset/raw/atencion/atencion_00358.jpg,train,atencion,dataset/train/atencion/atencion_00358.jpg,True,False
0,raw,atencion,dataset/raw/atencion/atencion_00373.jpg,train,atencion,dataset/train/atencion/atencion_00373.jpg,True,False
0,raw,atencion,dataset/raw/atencion/atencion_00375.jpg,validation,atencion,dataset/validation/atencion/atencion_00375.jpg,True,False
0,raw,atencion,dataset/raw/atencion/atencion_00393.jpg,validation,atencion,dataset/validation/atencion/atencion_00393.jpg,True,False
0,raw,atencion,dataset/raw/atencion/atencion_00394.jpg,train,atencion,dataset/train/atencion/atencion_00394.jpg,True,False
0,raw,atencion,dataset/raw/atencion/atencion_00409.jpg,validation,atencion,dataset/validation/atencion/atencion_00409.jpg,True,False
0,raw,atencion,dataset/raw/atencion/atencion_00418.jpg,train,atencion,dataset/train/atencion/atencion_00418.jpg,True,False
0,raw,atencion,dataset/raw/atencion/atencion_00433.jpg,train,atencion,dataset/train/atencion/atencion_00433.jpg,True,False
0,raw,atencion,dataset/raw/atencion/atencion_00453.jpg,train,atencion,dataset/train/atencion/atencion_00453.jpg,True,False
0,raw,atencion,dataset/raw/atencion/atencion_00457.jpg,train,atencion,dataset/train/atencion/atencion_00457.jpg,True,False
0,raw,atencion,dataset/raw/atencion/atencion_00461.jpg,validation,atencion,dataset/validation/atencion/atencion_00461.jpg,True,False
0,raw,atencion,dataset/raw/atencion/atencion_00462.jpg,train,atencion,dataset/train/atencion/atencion_00462.jpg,True,False
0,raw,atencion,dataset/raw/atencion/atencion_00466.jpg,train,atencion,dataset/train/atencion/atencion_00466.jpg,True,False
0,raw,atencion,dataset/raw/atencion/atencion_00480.jpg,validation,atencion,dataset/validation/atencion/atencion_00480.jpg,True,False
0,raw,atencion,dataset/raw/atencion/atencion_00481.jpg,train,atencion,dataset/train/atencion/atencion_00481.jpg,True,False
0,raw,atencion,dataset/raw/atencion/atencion_00484.jpg,validation,atencion,dataset/validation/atencion/atencion_00484.jpg,True,False
0,raw,atencion,dataset/raw/atencion/atencion_00529.jpg,train,atencion,dataset/train/atencion/atencion_00529.jpg,True,False
0,raw,atencion,dataset/raw/atencion/atencion_00534.jpg,train,atencion,dataset/train/atencion/atencion_00534.jpg,True,False
0,raw,atencion,dataset/raw/atencion/atencion_00540.jpg,validation,atencion,dataset/validation/atencion/atencion_00540.jpg,True,False
0,raw,atencion,dataset/raw/atencion/atencion_00555.jpg,test,atencion,dataset/test/atencion/atencion_00555.jpg,True,False
0,raw,atencion,dataset/raw/atencion/atencion_00555.jpg,train,peligro,dataset/train/peligro/peligro_01347.jpg,True,True
0,raw,atencion,dataset/raw/atencion/atencion_00563.jpg,train,atencion,dataset/train/atencion/atencion_00563.jpg,True,False
0,raw,atencion,dataset/raw/atencion/atencion_00565.jpg,train,atencion,dataset/train/atencion/atencion_00565.jpg,True,False
0,raw,atencion,dataset/raw/atencion/atencion_00574.jpg,train,atencion,dataset/train/atencion/atencion_00574.jpg,True,False
0,raw,atencion,dataset/raw/atencion/atencion_00574.jpg,train,peligro,dataset/train/peligro/peligro_00765.jpg,True,True
0,raw,atencion,dataset/raw/atencion/atencion_00580.jpg,train,atencion,dataset/train/atencion/atencion_00580.jpg,True,False
0,raw,atencion,dataset/raw/atencion/atencion_00587.jpg,validation,atencion,dataset/validation/atencion/atencion_00587.jpg,True,False
0,raw,atencion,dataset/raw/atencion/atencion_00597.jpg,test,atencion,dataset/test/atencion/atencion_00597.jpg,True,False
0,raw,atencion,dataset/raw/atencion/atencion_00600.jpg,test,peligro,dataset/test/peligro/peligro_07727.jpg,True,True
0,raw,atencion,dataset/raw/atencion/atencion_00600.jpg,train,atencion,dataset/train/atencion/atencion_00600.jpg,True,False
0,raw,atencion,dataset/raw/atencion/atencion_00606.jpg,train,atencion,dataset/train/atencion/atencion_00606.jpg,True,False
0,raw,atencion,dataset/raw/atencion/atencion_00607.jpg,validation,atencion,dataset/validation/atencion/atencion_00607.jpg,True,False
0,raw,atencion,dataset/raw/atencion/atencion_00612.jpg,train,atencion,dataset/train/atencion/atencion_00612.jpg,True,False
0,raw,atencion,dataset/raw/atencion/atencion_00617.jpg,train,atencion,dataset/train/atencion/atencion_00617.jpg,True,False
0,raw,atencion,dataset/raw/atencion/atencion_00619.jpg,train,atencion,dataset/train/atencion/atencion_00619.jpg,True,False
0,raw,atencion,dataset/raw/atencion/atencion_00619.jpg,validation,peligro,dataset/validation/peligro/peligro_01671.jpg,True,True
0,raw,atencion,dataset/raw/atencion/atencion_00630.jpg,train,atencion,dataset/train/atencion/atencion_00630.jpg,True,False
0,raw,atencion,dataset/raw/atencion/atencion_00630.jpg,validation,peligro,dataset/validation/peligro/peligro_00070.jpg,True,True
0,raw,atencion,dataset/raw/atencion/atencion_00636.jpg,train,atencion,dataset/train/atencion/atencion_00636.jpg,True,False
0,raw,atencion,dataset/raw/atencion/atencion_00636.jpg,train,peligro,dataset/train/peligro/peligro_00300.jpg,True,True
0,raw,atencion,dataset/raw/atencion/atencion_00644.jpg,train,atencion,dataset/train/atencion/atencion_00644.jpg,True,False
0,raw,atencion,dataset/raw/atencion/atencion_00649.jpg,train,atencion,dataset/train/atencion/atencion_00649.jpg,True,False
0,raw,atencion,dataset/raw/atencion/atencion_00652.jpg,train,atencion,dataset/train/atencion/atencion_00652.jpg,True,False
0,raw,atencion,dataset/raw/atencion/atencion_00654.jpg,train,atencion,dataset/train/atencion/atencion_00654.jpg,True,False
0,raw,atencion,dataset/raw/atencion/atencion_00655.jpg,validation,atencion,dataset/validation/atencion/atencion_00655.jpg,True,False
0,raw,atencion,dataset/raw/atencion/atencion_00656.jpg,train,atencion,dataset/train/atencion/atencion_00656.jpg,True,False
0,raw,atencion,dataset/raw/atencion/atencion_00658.jpg,train,atencion,dataset/train/atencion/atencion_00658.jpg,True,False
0,raw,atencion,dataset/raw/atencion/atencion_00658.jpg,validation,peligro,dataset/validation/peligro/peligro_00694.jpg,True,True
0,raw,atencion,dataset/raw/atencion/atencion_00661.jpg,test,atencion,dataset/test/atencion/atencion_00661.jpg,True,False
0,raw,atencion,dataset/raw/atencion/atencion_00661.jpg,train,peligro,dataset/train/peligro/peligro_00010.jpg,True,True
0,raw,atencion,dataset/raw/atencion/atencion_00665.jpg,train,atencion,dataset/train/atencion/atencion_00665.jpg,True,False
0,raw,atencion,dataset/raw/atencion/atencion_00665.jpg,train,peligro,dataset/train/peligro/peligro_00111.jpg,True,True
0,raw,atencion,dataset/raw/atencion/atencion_00666.jpg,train,atencion,dataset/train/atencion/atencion_00666.jpg,True,False
0,raw,atencion,dataset/raw/atencion/atencion_00666.jpg,train,peligro,dataset/train/peligro/peligro_00277.jpg,True,True
0,raw,atencion,dataset/raw/atencion/atencion_00669.jpg,train,atencion,dataset/train/atencion/atencion_00669.jpg,True,False
0,raw,atencion,dataset/raw/atencion/atencion_00675.jpg,train,atencion,dataset/train/atencion/atencion_00675.jpg,True,False
0,raw,atencion,dataset/raw/atencion/atencion_00676.jpg,train,atencion,dataset/train/atencion/atencion_00676.jpg,True,False
0,raw,atencion,dataset/raw/atencion/atencion_00679.jpg,train,atencion,dataset/train/atencion/atencion_00679.jpg,True,False
0,raw,atencion,dataset/raw/atencion/atencion_00684.jpg,train,atencion,dataset/train/atencion/atencion_00684.jpg,True,False
0,raw,atencion,dataset/raw/atencion/atencion_00690.jpg,validation,atencion,dataset/validation/atencion/atencion_00690.jpg,True,False
0,raw,atencion,dataset/raw/atencion/atencion_00691.jpg,validation,atencion,dataset/validation/atencion/atencion_00691.jpg,True,False
0,raw,atencion,dataset/raw/atencion/atencion_00693.jpg,test,peligro,dataset/test/peligro/peligro_00113.jpg,True,True
0,raw,atencion,dataset/raw/atencion/atencion_00693.jpg,train,atencion,dataset/train/atencion/atencion_00693.jpg,True,False
0,raw,atencion,dataset/raw/atencion/atencion_00695.jpg,train,atencion,dataset/train/atencion/atencion_00695.jpg,True,False
0,raw,atencion,dataset/raw/atencion/atencion_00700.jpg,train,peligro,dataset/train/peligro/peligro_00100.jpg,True,True
0,raw,atencion,dataset/raw/atencion/atencion_00700.jpg,validation,atencion,dataset/validation/atencion/atencion_00700.jpg,True,False
0,raw,atencion,dataset/raw/atencion/atencion_00708.jpg,train,atencion,dataset/train/atencion/atencion_00708.jpg,True,False
0,raw,atencion,dataset/raw/atencion/atencion_00722.jpg,validation,atencion,dataset/validation/atencion/atencion_00722.jpg,True,False
0,raw,atencion,dataset/raw/atencion/atencion_00727.jpg,train,atencion,dataset/train/atencion/atencion_00727.jpg,True,False
0,raw,atencion,dataset/raw/atencion/atencion_00728.jpg,train,atencion,dataset/train/atencion/atencion_00728.jpg,True,False
0,raw,atencion,dataset/raw/atencion/atencion_00732.jpg,train,atencion,dataset/train/atencion/atencion_00732.jpg,True,False
0,raw,atencion,dataset/raw/atencion/atencion_00732.jpg,train,peligro,dataset/train/peligro/peligro_01489.jpg,True,True
0,raw,atencion,dataset/raw/atencion/atencion_00738.jpg,test,atencion,dataset/test/atencion/atencion_00738.jpg,True,False
0,raw,atencion,dataset/raw/atencion/atencion_00739.jpg,train,atencion,dataset/train/atencion/atencion_00739.jpg,True,False
0,raw,atencion,dataset/raw/atencion/atencion_00746.jpg,train,atencion,dataset/train/atencion/atencion_00746.jpg,True,False
0,raw,atencion,dataset/raw/atencion/atencion_00748.jpg,train,atencion,dataset/train/atencion/atencion_00748.jpg,True,False
0,raw,atencion,dataset/raw/atencion/atencion_00760.jpg,train,atencion,dataset/train/atencion/atencion_00760.jpg,True,False
0,raw,atencion,dataset/raw/atencion/atencion_00763.jpg,train,atencion,dataset/train/atencion/atencion_00763.jpg,True,False
0,raw,atencion,dataset/raw/atencion/atencion_00763.jpg,train,peligro,dataset/train/peligro/peligro_00118.jpg,True,True
0,raw,atencion,dataset/raw/atencion/atencion_00763.jpg,train,sano,dataset/train/sano/sano_04371.jpg,True,True
0,raw,atencion,dataset/raw/atencion/atencion_00768.jpg,test,atencion,dataset/test/atencion/atencion_00768.jpg,True,False
0,raw,atencion,dataset/raw/atencion/atencion_00774.jpg,train,atencion,dataset/train/atencion/atencion_00774.jpg,True,False
0,raw,atencion,dataset/raw/atencion/atencion_00782.jpg,train,atencion,dataset/train/atencion/atencion_00782.jpg,True,False
0,raw,atencion,dataset/raw/atencion/atencion_00782.jpg,train,peligro,dataset/train/peligro/peligro_05562.jpg,True,True
0,raw,atencion,dataset/raw/atencion/atencion_00807.jpg,train,atencion,dataset/train/atencion/atencion_00807.jpg,True,False
0,raw,atencion,dataset/raw/atencion/atencion_00854.jpg,train,atencion,dataset/train/atencion/atencion_00854.jpg,True,False
0,raw,atencion,dataset/raw/atencion/atencion_00860.jpg,train,atencion,dataset/train/atencion/atencion_00860.jpg,True,False
0,raw,atencion,dataset/raw/atencion/atencion_00860.jpg,validation,sano,dataset/validation/sano/sano_04696.jpg,True,True
0,raw,atencion,dataset/raw/atencion/atencion_00979.jpg,train,atencion,dataset/train/atencion/atencion_00979.jpg,True,False
0,raw,atencion,dataset/raw/atencion/atencion_01072.jpg,train,atencion,dataset/train/atencion/atencion_01072.jpg,True,False
0,raw,atencion,dataset/raw/atencion/atencion_01077.jpg,train,atencion,dataset/train/atencion/atencion_01077.jpg,True,False
0,raw,atencion,dataset/raw/atencion/atencion_01099.jpg,train,atencion,dataset/train/atencion/atencion_01099.jpg,True,False
0,raw,atencion,dataset/raw/atencion/atencion_01107.jpg,test,atencion,dataset/test/atencion/atencion_01107.jpg,True,False
0,raw,atencion,dataset/raw/atencion/atencion_01138.jpg,train,atencion,dataset/train/atencion/atencion_01138.jpg,True,False
0,raw,atencion,dataset/raw/atencion/atencion_01155.jpg,train,peligro,dataset/train/peligro/peligro_01169.jpg,True,True
0,raw,atencion,dataset/raw/atencion/atencion_01155.jpg,validation,atencion,dataset/validation/atencion/atencion_01412.jpg,True,False
0,raw,atencion,dataset/raw/atencion/atencion_01168.jpg,validation,atencion,dataset/validation/atencion/atencion_01419.jpg,True,False
0,raw,atencion,dataset/raw/atencion/atencion_01180.jpg,train,peligro,dataset/train/peligro/peligro_00030.jpg,True,True
0,raw,atencion,dataset/raw/atencion/atencion_01208.jpg,test,atencion,dataset/test/atencion/atencion_00716.jpg,True,False
0,raw,atencion,dataset/raw/atencion/atencion_01214.jpg,train,peligro,dataset/train/peligro/peligro_00064.jpg,True,True
0,raw,atencion,dataset/raw/atencion/atencion_01246.jpg,train,atencion,dataset/train/atencion/atencion_01367.jpg,True,False
0,raw,atencion,dataset/raw/atencion/atencion_01248.jpg,train,peligro,dataset/train/peligro/peligro_00093.jpg,True,True
0,raw,atencion,dataset/raw/atencion/atencion_01248.jpg,validation,atencion,dataset/validation/atencion/atencion_01398.jpg,True,False
0,raw,atencion,dataset/raw/atencion/atencion_01260.jpg,test,atencion,dataset/test/atencion/atencion_07007.jpg,True,False
0,raw,atencion,dataset/raw/atencion/atencion_01260.jpg,test,peligro,dataset/test/peligro/peligro_01895.jpg,True,True
0,raw,atencion,dataset/raw/atencion/atencion_01269.jpg,validation,peligro,dataset/validation/peligro/peligro_06664.jpg,True,True
0,raw,atencion,dataset/raw/atencion/atencion_01278.jpg,train,atencion,dataset/train/atencion/atencion_05257.jpg,True,False
0,raw,atencion,dataset/raw/atencion/atencion_01293.jpg,train,atencion,dataset/train/atencion/atencion_01405.jpg,True,False
0,raw,atencion,dataset/raw/atencion/atencion_01293.jpg,train,peligro,dataset/train/peligro/peligro_00017.jpg,True,True
0,raw,atencion,dataset/raw/atencion/atencion_01327.jpg,train,atencion,dataset/train/atencion/atencion_03667.jpg,True,False
0,raw,atencion,dataset/raw/atencion/atencion_01372.jpg,test,atencion,dataset/test/atencion/atencion_00776.jpg,True,False
0,raw,atencion,dataset/raw/atencion/atencion_01377.jpg,test,sano,dataset/test/sano/sano_00027.jpg,True,True
0,raw,atencion,dataset/raw/atencion/atencion_01422.jpg,train,peligro,dataset/train/peligro/peligro_00119.jpg,True,True
0,raw,atencion,dataset/raw/atencion/atencion_01422.jpg,validation,atencion,dataset/validation/atencion/atencion_00771.jpg,True,False
0,raw,atencion,dataset/raw/atencion/atencion_01427.jpg,train,sano,dataset/train/sano/sano_02970.jpg,True,True
0,raw,atencion,dataset/raw/atencion/atencion_01433.jpg,train,atencion,dataset/train/atencion/atencion_01614.jpg,True,False
0,raw,atencion,dataset/raw/atencion/atencion_01439.jpg,train,atencion,dataset/train/atencion/atencion_01631.jpg,True,False
0,raw,atencion,dataset/raw/atencion/atencion_01465.jpg,train,atencion,dataset/train/atencion/atencion_01120.jpg,True,False
0,raw,atencion,dataset/raw/atencion/atencion_01465.jpg,validation,peligro,dataset/validation/peligro/peligro_00189.jpg,True,True
0,raw,atencion,dataset/raw/atencion/atencion_01519.jpg,validation,peligro,dataset/validation/peligro/peligro_00840.jpg,True,True
0,raw,atencion,dataset/raw/atencion/atencion_01535.jpg,train,peligro,dataset/train/peligro/peligro_06855.jpg,True,True
0,raw,atencion,dataset/raw/atencion/atencion_01535.jpg,validation,atencion,dataset/validation/atencion/atencion_03541.jpg,True,False
0,raw,atencion,dataset/raw/atencion/atencion_01543.jpg,train,peligro,dataset/train/peligro/peligro_04578.jpg,True,True
0,raw,atencion,dataset/raw/atencion/atencion_01544.jpg,train,atencion,dataset/train/atencion/atencion_02208.jpg,True,False
0,raw,atencion,dataset/raw/atencion/atencion_01560.jpg,train,atencion,dataset/train/atencion/atencion_02063.jpg,True,False
0,raw,atencion,dataset/raw/atencion/atencion_01560.jpg,train,peligro,dataset/train/peligro/peligro_01348.jpg,True,True
0,raw,atencion,dataset/raw/atencion/atencion_01585.jpg,validation,peligro,dataset/validation/peligro/peligro_00704.jpg,True,True
0,raw,atencion,dataset/raw/atencion/atencion_01587.jpg,validation,peligro,dataset/validation/peligro/peligro_00445.jpg,True,True
0,raw,atencion,dataset/raw/atencion/atencion_01594.jpg,train,peligro,dataset/train/peligro/peligro_07692.jpg,True,True
0,raw,atencion,dataset/raw/atencion/atencion_01606.jpg,train,peligro,dataset/train/peligro/peligro_00638.jpg,True,True
0,raw,atencion,dataset/raw/atencion/atencion_01613.jpg,train,peligro,dataset/train/peligro/peligro_01491.jpg,True,True
0,raw,atencion,dataset/raw/atencion/atencion_01630.jpg,train,atencion,dataset/train/atencion/atencion_01427.jpg,True,False
0,raw,atencion,dataset/raw/atencion/atencion_01630.jpg,train,peligro,dataset/train/peligro/peligro_01274.jpg,True,True
0,raw,atencion,dataset/raw/atencion/atencion_01682.jpg,train,atencion,dataset/train/atencion/atencion_12440.jpg,True,False
0,raw,atencion,dataset/raw/atencion/atencion_01747.jpg,train,atencion,dataset/train/atencion/atencion_04738.jpg,True,False
0,raw,atencion,dataset/raw/atencion/atencion_01747.jpg,train,peligro,dataset/train/peligro/peligro_04383.jpg,True,True
0,raw,atencion,dataset/raw/atencion/atencion_01753.jpg,train,peligro,dataset/train/peligro/peligro_02985.jpg,True,True
0,raw,atencion,dataset/raw/atencion/atencion_01765.jpg,train,peligro,dataset/train/peligro/peligro_00557.jpg,True,True
0,raw,atencion,dataset/raw/atencion/atencion_01813.jpg,validation,atencion,dataset/validation/atencion/atencion_13255.jpg,True,False
0,raw,atencion,dataset/raw/atencion/atencion_01842.jpg,validation,peligro,dataset/validation/peligro/peligro_00310.jpg,True,True
0,raw,atencion,dataset/raw/atencion/atencion_01865.jpg,test,atencion,dataset/test/atencion/atencion_10576.jpg,True,False
0,raw,atencion,dataset/raw/atencion/atencion_02005.jpg,train,atencion,dataset/train/atencion/atencion_08200.jpg,True,False
0,raw,atencion,dataset/raw/atencion/atencion_02013.jpg,train,peligro,dataset/train/peligro/peligro_03235.jpg,True,True
0,raw,atencion,dataset/raw/atencion/atencion_02031.jpg,test,peligro,dataset/test/peligro/peligro_02142.jpg,True,True
0,raw,atencion,dataset/raw/atencion/atencion_02094.jpg,train,peligro,dataset/train/peligro/peligro_03481.jpg,True,True
0,raw,atencion,dataset/raw/atencion/atencion_02094.jpg,train,sano,dataset/train/sano/sano_04522.jpg,True,True
0,raw,atencion,dataset/raw/atencion/atencion_02180.jpg,train,atencion,dataset/train/atencion/atencion_12677.jpg,True,False
0,raw,atencion,dataset/raw/atencion/atencion_02185 - copia.jpg,validation,atencion,dataset/validation/atencion/atencion_02185.jpg,True,False
0,raw,atencion,dataset/raw/atencion/atencion_02194.jpg,test,atencion,dataset/test/atencion/atencion_02194.jpg,True,False
0,raw,atencion,dataset/raw/atencion/atencion_02194.jpg,test,sano,dataset/test/sano/sano_03206.jpg,True,True
0,raw,atencion,dataset/raw/atencion/atencion_02195.jpg,train,atencion,dataset/train/atencion/atencion_02195.jpg,True,False
0,raw,atencion,dataset/raw/atencion/atencion_02199.jpg,train,atencion,dataset/train/atencion/atencion_02199.jpg,True,False
0,raw,atencion,dataset/raw/atencion/atencion_02202.jpg,train,atencion,dataset/train/atencion/atencion_02202.jpg,True,False
0,raw,atencion,dataset/raw/atencion/atencion_02203.jpg,train,atencion,dataset/train/atencion/atencion_02203.jpg,True,False
0,raw,atencion,dataset/raw/atencion/atencion_02212.jpg,train,atencion,dataset/train/atencion/atencion_02212.jpg,True,False
0,raw,atencion,dataset/raw/atencion/atencion_02216.jpg,validation,atencion,dataset/validation/atencion/atencion_02216.jpg,True,False
0,raw,atencion,dataset/raw/atencion/atencion_02217.jpg,train,atencion,dataset/train/atencion/atencion_02217.jpg,True,False
0,raw,atencion,dataset/raw/atencion/atencion_02218.jpg,validation,atencion,dataset/validation/atencion/atencion_02218.jpg,True,False
0,raw,atencion,dataset/raw/atencion/atencion_02220.jpg,train,atencion,dataset/train/atencion/atencion_02220.jpg,True,False
0,raw,atencion,dataset/raw/atencion/atencion_02238.jpg,train,atencion,dataset/train/atencion/atencion_02238.jpg,True,False
0,raw,atencion,dataset/raw/atencion/atencion_02249.jpg,train,atencion,dataset/train/atencion/atencion_02249.jpg,True,False
0,raw,atencion,dataset/raw/atencion/atencion_02257.jpg,train,atencion,dataset/train/atencion/atencion_02257.jpg,True,False
0,raw,atencion,dataset/raw/atencion/atencion_02270.jpg,validation,atencion,dataset/validation/atencion/atencion_02270.jpg,True,False
0,raw,atencion,dataset/raw/atencion/atencion_02276.jpg,train,atencion,dataset/train/atencion/atencion_02276.jpg,True,False
0,raw,atencion,dataset/raw/atencion/atencion_02281.jpg,train,atencion,dataset/train/atencion/atencion_02281.jpg,True,False
0,raw,atencion,dataset/raw/atencion/atencion_02285.jpg,train,atencion,dataset/train/atencion/atencion_02285.jpg,True,False
0,raw,atencion,dataset/raw/atencion/atencion_02286.jpg,validation,atencion,dataset/validation/atencion/atencion_02286.jpg,True,False
0,raw,atencion,dataset/raw/atencion/atencion_02292.jpg,validation,atencion,dataset/validation/atencion/atencion_02292.jpg,True,False
0,raw,atencion,dataset/raw/atencion/atencion_02297.jpg,train,atencion,dataset/train/atencion/atencion_02297.jpg,True,False
0,raw,atencion,dataset/raw/atencion/atencion_02302.jpg,validation,atencion,dataset/validation/atencion/atencion_02302.jpg,True,False
0,raw,atencion,dataset/raw/atencion/atencion_02304.jpg,test,atencion,dataset/test/atencion/atencion_02304.jpg,True,False
0,raw,atencion,dataset/raw/atencion/atencion_02305.jpg,train,atencion,dataset/train/atencion/atencion_02305.jpg,True,False
0,raw,atencion,dataset/raw/atencion/atencion_02307.jpg,train,atencion,dataset/train/atencion/atencion_02307.jpg,True,False
0,raw,atencion,dataset/raw/atencion/atencion_02316.jpg,test,atencion,dataset/test/atencion/atencion_02316.jpg,True,False
0,raw,atencion,dataset/raw/atencion/atencion_02316.jpg,train,peligro,dataset/train/peligro/peligro_01500.jpg,True,True
0,raw,atencion,dataset/raw/atencion/atencion_02319.jpg,train,atencion,dataset/train/atencion/atencion_02319.jpg,True,False
0,raw,atencion,dataset/raw/atencion/atencion_02329.jpg,train,atencion,dataset/train/atencion/atencion_02329.jpg,True,False
0,raw,atencion,dataset/raw/atencion/atencion_02330.jpg,train,atencion,dataset/train/atencion/atencion_02330.jpg,True,False
0,raw,atencion,dataset/raw/atencion/atencion_02336.jpg,train,atencion,dataset/train/atencion/atencion_02336.jpg,True,False
0,raw,atencion,dataset/raw/atencion/atencion_02337.jpg,train,atencion,dataset/train/atencion/atencion_02337.jpg,True,False
0,raw,atencion,dataset/raw/atencion/atencion_02350.jpg,train,atencion,dataset/train/atencion/atencion_02350.jpg,True,False
0,raw,atencion,dataset/raw/atencion/atencion_02367.jpg,train,atencion,dataset/train/atencion/atencion_02367.jpg,True,False
0,raw,atencion,dataset/raw/atencion/atencion_02380.jpg,test,atencion,dataset/test/atencion/atencion_02380.jpg,True,False
0,raw,atencion,dataset/raw/atencion/atencion_02383.jpg,train,atencion,dataset/train/atencion/atencion_02383.jpg,True,False
0,raw,atencion,dataset/raw/atencion/atencion_02384.jpg,train,atencion,dataset/train/atencion/atencion_02384.jpg,True,False
0,raw,atencion,dataset/raw/atencion/atencion_02388.jpg,train,atencion,dataset/train/atencion/atencion_02388.jpg,True,False
0,raw,atencion,dataset/raw/atencion/atencion_02388.jpg,train,sano,dataset/train/sano/sano_01174.jpg,True,True
0,raw,atencion,dataset/raw/atencion/atencion_02396.jpg,train,atencion,dataset/train/atencion/atencion_02396.jpg,True,False
0,raw,atencion,dataset/raw/atencion/atencion_02400.jpg,train,atencion,dataset/train/atencion/atencion_02400.jpg,True,False
0,raw,atencion,dataset/raw/atencion/atencion_02402.jpg,validation,atencion,dataset/validation/atencion/atencion_02402.jpg,True,False
0,raw,atencion,dataset/raw/atencion/atencion_02415.jpg,train,atencion,dataset/train/atencion/atencion_02415.jpg,True,False
0,raw,atencion,dataset/raw/atencion/atencion_02427.jpg,train,atencion,dataset/train/atencion/atencion_02427.jpg,True,False
0,raw,atencion,dataset/raw/atencion/atencion_02430.jpg,validation,atencion,dataset/validation/atencion/atencion_02430.jpg,True,False
0,raw,atencion,dataset/raw/atencion/atencion_02443.jpg,validation,atencion,dataset/validation/atencion/atencion_02443.jpg,True,False
0,raw,atencion,dataset/raw/atencion/atencion_02446.jpg,train,atencion,dataset/train/atencion/atencion_02446.jpg,True,False
0,raw,atencion,dataset/raw/atencion/atencion_02462.jpg,train,atencion,dataset/train/atencion/atencion_02462.jpg,True,False
0,raw,atencion,dataset/raw/atencion/atencion_02462.jpg,train,sano,dataset/train/sano/sano_01896.jpg,True,True
0,raw,atencion,dataset/raw/atencion/atencion_02470.jpg,train,atencion,dataset/train/atencion/atencion_02470.jpg,True,False
0,raw,atencion,dataset/raw/atencion/atencion_02486.jpg,validation,atencion,dataset/validation/atencion/atencion_02486.jpg,True,False
0,raw,atencion,dataset/raw/atencion/atencion_02493.jpg,train,atencion,dataset/train/atencion/atencion_02493.jpg,True,False
0,raw,atencion,dataset/raw/atencion/atencion_02500.jpg,train,atencion,dataset/train/atencion/atencion_02500.jpg,True,False
0,raw,atencion,dataset/raw/atencion/atencion_02501.jpg,test,atencion,dataset/test/atencion/atencion_02501.jpg,True,False
0,raw,atencion,dataset/raw/atencion/atencion_02508.jpg,validation,atencion,dataset/validation/atencion/atencion_02508.jpg,True,False
0,raw,atencion,dataset/raw/atencion/atencion_02510.jpg,test,atencion,dataset/test/atencion/atencion_02510.jpg,True,False
0,raw,atencion,dataset/raw/atencion/atencion_02519.jpg,train,atencion,dataset/train/atencion/atencion_02519.jpg,True,False
0,raw,atencion,dataset/raw/atencion/atencion_02520.jpg,validation,atencion,dataset/validation/atencion/atencion_02520.jpg,True,False
0,raw,atencion,dataset/raw/atencion/atencion_02524.jpg,train,atencion,dataset/train/atencion/atencion_02524.jpg,True,False
0,raw,atencion,dataset/raw/atencion/atencion_02525.jpg,test,atencion,dataset/test/atencion/atencion_02525.jpg,True,False
0,raw,atencion,dataset/raw/atencion/atencion_02528.jpg,validation,atencion,dataset/validation/atencion/atencion_02528.jpg,True,False
0,raw,atencion,dataset/raw/atencion/atencion_02541.jpg,train,atencion,dataset/train/atencion/atencion_02541.jpg,True,False
0,raw,atencion,dataset/raw/atencion/atencion_02541.jpg,train,peligro,dataset/train/peligro/peligro_03136.jpg,True,True
0,raw,atencion,dataset/raw/atencion/atencion_02541.jpg,train,sano,dataset/train/sano/sano_01982.jpg,True,True
0,raw,atencion,dataset/raw/atencion/atencion_02547.jpg,test,atencion,dataset/test/atencion/atencion_02547.jpg,True,False
0,raw,atencion,dataset/raw/atencion/atencion_02566.jpg,validation,atencion,dataset/validation/atencion/atencion_02566.jpg,True,False
0,raw,atencion,dataset/raw/atencion/atencion_02590.jpg,train,atencion,dataset/train/atencion/atencion_02590.jpg,True,False
0,raw,atencion,dataset/raw/atencion/atencion_02593.jpg,train,atencion,dataset/train/atencion/atencion_02593.jpg,True,False
0,raw,atencion,dataset/raw/atencion/atencion_02626.jpg,train,peligro,dataset/train/peligro/peligro_03240.jpg,True,True
0,raw,atencion,dataset/raw/atencion/atencion_02626.jpg,validation,atencion,dataset/validation/atencion/atencion_02626.jpg,True,False
0,raw,atencion,dataset/raw/atencion/atencion_02638.jpg,test,atencion,dataset/test/atencion/atencion_02638.jpg,True,False
0,raw,atencion,dataset/raw/atencion/atencion_02640.jpg,train,atencion,dataset/train/atencion/atencion_02640.jpg,True,False
0,raw,atencion,dataset/raw/atencion/atencion_02640.jpg,train,peligro,dataset/train/peligro/peligro_01144.jpg,True,True
0,raw,atencion,dataset/raw/atencion/atencion_02644.jpg,train,atencion,dataset/train/atencion/atencion_02644.jpg,True,False
0,raw,atencion,dataset/raw/atencion/atencion_02656.jpg,train,atencion,dataset/train/atencion/atencion_02656.jpg,True,False
0,raw,atencion,dataset/raw/atencion/atencion_02698.jpg,train,atencion,dataset/train/atencion/atencion_02698.jpg,True,False
0,raw,atencion,dataset/raw/atencion/atencion_02859.jpg,test,atencion,dataset/test/atencion/atencion_02859.jpg,True,False
0,raw,atencion,dataset/raw/atencion/atencion_02872.jpg,train,atencion,dataset/train/atencion/atencion_02872.jpg,True,False
0,raw,atencion,dataset/raw/atencion/atencion_02872.jpg,train,peligro,dataset/train/peligro/peligro_14811.jpg,True,True
0,raw,atencion,dataset/raw/atencion/atencion_02900.jpg,train,atencion,dataset/train/atencion/atencion_02900.jpg,True,False
0,raw,atencion,dataset/raw/atencion/atencion_02906.jpg,train,atencion,dataset/train/atencion/atencion_02906.jpg,True,False
0,raw,atencion,dataset/raw/atencion/atencion_02906.jpg,validation,sano,dataset/validation/sano/sano_04292.jpg,True,True
0,raw,atencion,dataset/raw/atencion/atencion_02919.jpg,test,sano,dataset/test/sano/sano_08833.jpg,True,True
0,raw,atencion,dataset/raw/atencion/atencion_02919.jpg,train,atencion,dataset/train/atencion/atencion_02919.jpg,True,False
0,raw,atencion,dataset/raw/atencion/atencion_02920.jpg,train,atencion,dataset/train/atencion/atencion_02920.jpg,True,False
0,raw,atencion,dataset/raw/atencion/atencion_02929.jpg,train,atencion,dataset/train/atencion/atencion_02929.jpg,True,False
0,raw,atencion,dataset/raw/atencion/atencion_02950.jpg,train,atencion,dataset/train/atencion/atencion_02950.jpg,True,False
0,raw,atencion,dataset/raw/atencion/atencion_02955.jpg,train,atencion,dataset/train/atencion/atencion_02955.jpg,True,False
0,raw,atencion,dataset/raw/atencion/atencion_02991.jpg,validation,atencion,dataset/validation/atencion/atencion_02991.jpg,True,False
0,raw,atencion,dataset/raw/atencion/atencion_02991.jpg,validation,sano,dataset/validation/sano/sano_02070.jpg,True,True
0,raw,atencion,dataset/raw/atencion/atencion_03006.jpg,train,atencion,dataset/train/atencion/atencion_03006.jpg,True,False
0,raw,atencion,dataset/raw/atencion/atencion_03016.jpg,validation,atencion,dataset/validation/atencion/atencion_03016.jpg,True,False
0,raw,atencion,dataset/raw/atencion/atencion_03022.jpg,train,atencion,dataset/train/atencion/atencion_03022.jpg,True,False
0,raw,atencion,dataset/raw/atencion/atencion_03031.jpg,train,atencion,dataset/train/atencion/atencion_03031.jpg,True,False
0,raw,atencion,dataset/raw/atencion/atencion_03031.jpg,train,peligro,dataset/train/peligro/peligro_14444.jpg,True,True
0,raw,atencion,dataset/raw/atencion/atencion_03035.jpg,validation,atencion,dataset/validation/atencion/atencion_03035.jpg,True,False
0,raw,atencion,dataset/raw/atencion/atencion_03049.jpg,validation,atencion,dataset/validation/atencion/atencion_03049.jpg,True,False
0,raw,atencion,dataset/raw/atencion/atencion_03051.jpg,train,atencion,dataset/train/atencion/atencion_03051.jpg,True,False
0,raw,atencion,dataset/raw/atencion/atencion_03085.jpg,train,atencion,dataset/train/atencion/atencion_03085.jpg,True,False
0,raw,atencion,dataset/raw/atencion/atencion_03116.jpg,train,atencion,dataset/train/atencion/atencion_03116.jpg,True,False
0,raw,atencion,dataset/raw/atencion/atencion_03120.jpg,train,atencion,dataset/train/atencion/atencion_03120.jpg,True,False
0,raw,atencion,dataset/raw/atencion/atencion_03163.jpg,validation,atencion,dataset/validation/atencion/atencion_03163.jpg,True,False
0,raw,atencion,dataset/raw/atencion/atencion_03194.jpg,train,atencion,dataset/train/atencion/atencion_03194.jpg,True,False
0,raw,atencion,dataset/raw/atencion/atencion_03242.jpg,test,atencion,dataset/test/atencion/atencion_03242.jpg,True,False
0,raw,atencion,dataset/raw/atencion/atencion_03246.jpg,train,sano,dataset/train/sano/sano_01945.jpg,True,True
0,raw,atencion,dataset/raw/atencion/atencion_03246.jpg,validation,atencion,dataset/validation/atencion/atencion_03246.jpg,True,False
0,raw,atencion,dataset/raw/atencion/atencion_03275.jpg,train,atencion,dataset/train/atencion/atencion_03275.jpg,True,False
0,raw,atencion,dataset/raw/atencion/atencion_03300.jpg,train,atencion,dataset/train/atencion/atencion_03300.jpg,True,False
0,raw,atencion,dataset/raw/atencion/atencion_03300.jpg,validation,sano,dataset/validation/sano/sano_02922.jpg,True,True
0,raw,atencion,dataset/raw/atencion/atencion_03319.jpg,train,atencion,dataset/train/atencion/atencion_03319.jpg,True,False
0,raw,atencion,dataset/raw/atencion/atencion_03320.jpg,validation,atencion,dataset/validation/atencion/atencion_03320.jpg,True,False
0,raw,atencion,dataset/raw/atencion/atencion_03321.jpg,validation,atencion,dataset/validation/atencion/atencion_03321.jpg,True,False
0,raw,atencion,dataset/raw/atencion/atencion_03326.jpg,train,atencion,dataset/train/atencion/atencion_03326.jpg,True,False
0,raw,atencion,dataset/raw/atencion/atencion_03329.jpg,test,atencion,dataset/test/atencion/atencion_03329.jpg,True,False
0,raw,atencion,dataset/raw/atencion/atencion_03329.jpg,train,peligro,dataset/train/peligro/peligro_03440.jpg,True,True
0,raw,atencion,dataset/raw/atencion/atencion_03338.jpg,test,atencion,dataset/test/atencion/atencion_03338.jpg,True,False
0,raw,atencion,dataset/raw/atencion/atencion_03340.jpg,validation,atencion,dataset/validation/atencion/atencion_03340.jpg,True,False
0,raw,atencion,dataset/raw/atencion/atencion_03340.jpg,validation,peligro,dataset/validation/peligro/peligro_03449.jpg,True,True
0,raw,atencion,dataset/raw/atencion/atencion_03347.jpg,train,atencion,dataset/train/atencion/atencion_03347.jpg,True,False
0,raw,atencion,dataset/raw/atencion/atencion_03350.jpg,test,peligro,dataset/test/peligro/peligro_04467.jpg,True,True
0,raw,atencion,dataset/raw/atencion/atencion_03350.jpg,train,atencion,dataset/train/atencion/atencion_03350.jpg,True,False
0,raw,atencion,dataset/raw/atencion/atencion_03356.jpg,train,atencion,dataset/train/atencion/atencion_03356.jpg,True,False
0,raw,atencion,dataset/raw/atencion/atencion_03357.jpg,validation,atencion,dataset/validation/atencion/atencion_03357.jpg,True,False
0,raw,atencion,dataset/raw/atencion/atencion_03360.jpg,train,peligro,dataset/train/peligro/peligro_03462.jpg,True,True
0,raw,atencion,dataset/raw/atencion/atencion_03360.jpg,validation,atencion,dataset/validation/atencion/atencion_03360.jpg,True,False
0,raw,atencion,dataset/raw/atencion/atencion_03361.jpg,train,atencion,dataset/train/atencion/atencion_03361.jpg,True,False
0,raw,atencion,dataset/raw/atencion/atencion_03365.jpg,validation,atencion,dataset/validation/atencion/atencion_03365.jpg,True,False
0,raw,atencion,dataset/raw/atencion/atencion_03368.jpg,train,atencion,dataset/train/atencion/atencion_03368.jpg,True,False
0,raw,atencion,dataset/raw/atencion/atencion_03372.jpg,validation,atencion,dataset/validation/atencion/atencion_03372.jpg,True,False
0,raw,atencion,dataset/raw/atencion/atencion_03384.jpg,train,atencion,dataset/train/atencion/atencion_03384.jpg,True,False
0,raw,atencion,dataset/raw/atencion/atencion_03394.jpg,train,atencion,dataset/train/atencion/atencion_03394.jpg,True,False
0,raw,atencion,dataset/raw/atencion/atencion_03405.jpg,train,atencion,dataset/train/atencion/atencion_03405.jpg,True,False
0,raw,atencion,dataset/raw/atencion/atencion_03420.jpg,train,atencion,dataset/train/atencion/atencion_03420.jpg,True,False
0,raw,atencion,dataset/raw/atencion/atencion_03432.jpg,train,atencion,dataset/train/atencion/atencion_03432.jpg,True,False
0,raw,atencion,dataset/raw/atencion/atencion_03458.jpg,train,atencion,dataset/train/atencion/atencion_03458.jpg,True,False
0,raw,atencion,dataset/raw/atencion/atencion_03467.jpg,validation,atencion,dataset/validation/atencion/atencion_03467.jpg,True,False
0,raw,atencion,dataset/raw/atencion/atencion_03478.jpg,train,atencion,dataset/train/atencion/atencion_03478.jpg,True,False
0,raw,atencion,dataset/raw/atencion/atencion_03480.jpg,train,atencion,dataset/train/atencion/atencion_03480.jpg,True,False
0,raw,atencion,dataset/raw/atencion/atencion_03484.jpg,train,atencion,dataset/train/atencion/atencion_03484.jpg,True,False
0,raw,atencion,dataset/raw/atencion/atencion_03487.jpg,train,atencion,dataset/train/atencion/atencion_03487.jpg,True,False
0,raw,atencion,dataset/raw/atencion/atencion_03493.jpg,train,atencion,dataset/train/atencion/atencion_03493.jpg,True,False
0,raw,atencion,dataset/raw/atencion/atencion_03502.jpg,train,atencion,dataset/train/atencion/atencion_03502.jpg,True,False
0,raw,atencion,dataset/raw/atencion/atencion_03509.jpg,train,atencion,dataset/train/atencion/atencion_03509.jpg,True,False
0,raw,atencion,dataset/raw/atencion/atencion_03518.jpg,train,atencion,dataset/train/atencion/atencion_03518.jpg,True,False
0,raw,atencion,dataset/raw/atencion/atencion_03529.jpg,train,atencion,dataset/train/atencion/atencion_03529.jpg,True,False
0,raw,atencion,dataset/raw/atencion/atencion_03543.jpg,train,atencion,dataset/train/atencion/atencion_03543.jpg,True,False
0,raw,atencion,dataset/raw/atencion/atencion_03555.jpg,train,atencion,dataset/train/atencion/atencion_03555.jpg,True,False
0,raw,atencion,dataset/raw/atencion/atencion_03564.jpg,train,atencion,dataset/train/atencion/atencion_03564.jpg,True,False
0,raw,atencion,dataset/raw/atencion/atencion_03575.jpg,train,atencion,dataset/train/atencion/atencion_03575.jpg,True,False
0,raw,atencion,dataset/raw/atencion/atencion_03576.jpg,train,atencion,dataset/train/atencion/atencion_03576.jpg,True,False
0,raw,atencion,dataset/raw/atencion/atencion_03591.jpg,test,atencion,dataset/test/atencion/atencion_03591.jpg,True,False
0,raw,atencion,dataset/raw/atencion/atencion_03594.jpg,train,atencion,dataset/train/atencion/atencion_03594.jpg,True,False
0,raw,atencion,dataset/raw/atencion/atencion_03610.jpg,train,atencion,dataset/train/atencion/atencion_03610.jpg,True,False
0,raw,atencion,dataset/raw/atencion/atencion_03616.jpg,train,atencion,dataset/train/atencion/atencion_03616.jpg,True,False
0,raw,atencion,dataset/raw/atencion/atencion_03640.jpg,train,atencion,dataset/train/atencion/atencion_03640.jpg,True,False
0,raw,atencion,dataset/raw/atencion/atencion_03640.jpg,train,peligro,dataset/train/peligro/peligro_00431.jpg,True,True
0,raw,atencion,dataset/raw/atencion/atencion_03673.jpg,train,atencion,dataset/train/atencion/atencion_03673.jpg,True,False
0,raw,atencion,dataset/raw/atencion/atencion_03685.jpg,train,atencion,dataset/train/atencion/atencion_03685.jpg,True,False
0,raw,atencion,dataset/raw/atencion/atencion_03687.jpg,train,atencion,dataset/train/atencion/atencion_03687.jpg,True,False
0,raw,atencion,dataset/raw/atencion/atencion_03687.jpg,train,peligro,dataset/train/peligro/peligro_00271.jpg,True,True
0,raw,atencion,dataset/raw/atencion/atencion_03695.jpg,train,atencion,dataset/train/atencion/atencion_03695.jpg,True,False
0,raw,atencion,dataset/raw/atencion/atencion_03699.jpg,train,atencion,dataset/train/atencion/atencion_03699.jpg,True,False
0,raw,atencion,dataset/raw/atencion/atencion_03723.jpg,train,atencion,dataset/train/atencion/atencion_03723.jpg,True,False
0,raw,atencion,dataset/raw/atencion/atencion_03736.jpg,validation,atencion,dataset/validation/atencion/atencion_03736.jpg,True,False
0,raw,atencion,dataset/raw/atencion/atencion_03752.jpg,train,atencion,dataset/train/atencion/atencion_03752.jpg,True,False
0,raw,atencion,dataset/raw/atencion/atencion_03753.jpg,test,atencion,dataset/test/atencion/atencion_03753.jpg,True,False
0,raw,atencion,dataset/raw/atencion/atencion_03761.jpg,validation,atencion,dataset/validation/atencion/atencion_03761.jpg,True,False
0,raw,atencion,dataset/raw/atencion/atencion_03788.jpg,train,atencion,dataset/train/atencion/atencion_03788.jpg,True,False
0,raw,atencion,dataset/raw/atencion/atencion_03792.jpg,validation,atencion,dataset/validation/atencion/atencion_03792.jpg,True,False
0,raw,atencion,dataset/raw/atencion/atencion_03810.jpg,train,atencion,dataset/train/atencion/atencion_03810.jpg,True,False
0,raw,atencion,dataset/raw/atencion/atencion_03812.jpg,validation,atencion,dataset/validation/atencion/atencion_03812.jpg,True,False
0,raw,atencion,dataset/raw/atencion/atencion_03825.jpg,train,atencion,dataset/train/atencion/atencion_03825.jpg,True,False
0,raw,atencion,dataset/raw/atencion/atencion_03882.jpg,train,atencion,dataset/train/atencion/atencion_03882.jpg,True,False
0,raw,atencion,dataset/raw/atencion/atencion_03885.jpg,validation,atencion,dataset/validation/atencion/atencion_03885.jpg,True,False
0,raw,atencion,dataset/raw/atencion/atencion_03916.jpg,train,atencion,dataset/train/atencion/atencion_03916.jpg,True,False
0,raw,atencion,dataset/raw/atencion/atencion_03928.jpg,train,atencion,dataset/train/atencion/atencion_03928.jpg,True,False
0,raw,atencion,dataset/raw/atencion/atencion_03936.jpg,train,atencion,dataset/train/atencion/atencion_03936.jpg,True,False
0,raw,atencion,dataset/raw/atencion/atencion_03936.jpg,train,peligro,dataset/train/peligro/peligro_03198.jpg,True,True
0,raw,atencion,dataset/raw/atencion/atencion_03958.jpg,train,atencion,dataset/train/atencion/atencion_03958.jpg,True,False
0,raw,atencion,dataset/raw/atencion/atencion_03959.jpg,train,atencion,dataset/train/atencion/atencion_03959.jpg,True,False
0,raw,atencion,dataset/raw/atencion/atencion_03986.jpg,train,atencion,dataset/train/atencion/atencion_03986.jpg,True,False
0,raw,atencion,dataset/raw/atencion/atencion_03999.jpg,validation,atencion,dataset/validation/atencion/atencion_03999.jpg,True,False
0,raw,atencion,dataset/raw/atencion/atencion_04016.jpg,train,atencion,dataset/train/atencion/atencion_04016.jpg,True,False
0,raw,atencion,dataset/raw/atencion/atencion_04016.jpg,train,sano,dataset/train/sano/sano_02022.jpg,True,True
0,raw,atencion,dataset/raw/atencion/atencion_04060.jpg,train,atencion,dataset/train/atencion/atencion_04060.jpg,True,False
0,raw,atencion,dataset/raw/atencion/atencion_04063.jpg,test,atencion,dataset/test/atencion/atencion_04063.jpg,True,False
0,raw,atencion,dataset/raw/atencion/atencion_04073.jpg,train,atencion,dataset/train/atencion/atencion_04073.jpg,True,False
0,raw,atencion,dataset/raw/atencion/atencion_04081.jpg,validation,atencion,dataset/validation/atencion/atencion_04081.jpg,True,False
0,raw,atencion,dataset/raw/atencion/atencion_04104.jpg,train,atencion,dataset/train/atencion/atencion_04104.jpg,True,False
0,raw,atencion,dataset/raw/atencion/atencion_04115.jpg,train,atencion,dataset/train/atencion/atencion_04115.jpg,True,False
0,raw,atencion,dataset/raw/atencion/atencion_04129.jpg,train,atencion,dataset/train/atencion/atencion_04129.jpg,True,False
0,raw,atencion,dataset/raw/atencion/atencion_04130.jpg,train,atencion,dataset/train/atencion/atencion_04130.jpg,True,False
0,raw,atencion,dataset/raw/atencion/atencion_04139.jpg,test,atencion,dataset/test/atencion/atencion_04139.jpg,True,False
0,raw,atencion,dataset/raw/atencion/atencion_04202.jpg,train,atencion,dataset/train/atencion/atencion_04202.jpg,True,False
0,raw,atencion,dataset/raw/atencion/atencion_04299.jpg,train,atencion,dataset/train/atencion/atencion_04299.jpg,True,False
0,raw,atencion,dataset/raw/atencion/atencion_04601.jpg,train,atencion,dataset/train/atencion/atencion_04601.jpg,True,False
0,raw,atencion,dataset/raw/atencion/atencion_04687.jpg,train,atencion,dataset/train/atencion/atencion_04687.jpg,True,False
0,raw,atencion,dataset/raw/atencion/atencion_04687.jpg,train,peligro,dataset/train/peligro/peligro_00272.jpg,True,True
0,raw,atencion,dataset/raw/atencion/atencion_04709.jpg,train,atencion,dataset/train/atencion/atencion_04709.jpg,True,False
0,raw,atencion,dataset/raw/atencion/atencion_04737.jpg,train,atencion,dataset/train/atencion/atencion_04737.jpg,True,False
0,raw,atencion,dataset/raw/atencion/atencion_04737.jpg,train,peligro,dataset/train/peligro/peligro_12494.jpg,True,True
0,raw,atencion,dataset/raw/atencion/atencion_04744.jpg,train,atencion,dataset/train/atencion/atencion_04744.jpg,True,False
0,raw,atencion,dataset/raw/atencion/atencion_04792.jpg,train,atencion,dataset/train/atencion/atencion_04792.jpg,True,False
0,raw,atencion,dataset/raw/atencion/atencion_04792.jpg,train,peligro,dataset/train/peligro/peligro_11476.jpg,True,True
0,raw,atencion,dataset/raw/atencion/atencion_04805.jpg,train,atencion,dataset/train/atencion/atencion_04805.jpg,True,False
0,raw,atencion,dataset/raw/atencion/atencion_04853.jpg,train,atencion,dataset/train/atencion/atencion_04853.jpg,True,False
0,raw,atencion,dataset/raw/atencion/atencion_04855.jpg,validation,atencion,dataset/validation/atencion/atencion_04855.jpg,True,False
0,raw,atencion,dataset/raw/atencion/atencion_04880.jpg,train,atencion,dataset/train/atencion/atencion_04880.jpg,True,False
0,raw,atencion,dataset/raw/atencion/atencion_04914.jpg,test,atencion,dataset/test/atencion/atencion_04914.jpg,True,False
0,raw,atencion,dataset/raw/atencion/atencion_04924.jpg,train,atencion,dataset/train/atencion/atencion_04924.jpg,True,False
0,raw,atencion,dataset/raw/atencion/atencion_04970.jpg,train,atencion,dataset/train/atencion/atencion_04970.jpg,True,False
0,raw,atencion,dataset/raw/atencion/atencion_04993.jpg,validation,atencion,dataset/validation/atencion/atencion_04993.jpg,True,False
0,raw,atencion,dataset/raw/atencion/atencion_05005.jpg,train,atencion,dataset/train/atencion/atencion_05005.jpg,True,False
0,raw,atencion,dataset/raw/atencion/atencion_05005.jpg,train,peligro,dataset/train/peligro/peligro_00247.jpg,True,True
0,raw,atencion,dataset/raw/atencion/atencion_05045.jpg,train,atencion,dataset/train/atencion/atencion_05045.jpg,True,False
0,raw,atencion,dataset/raw/atencion/atencion_05045.jpg,train,peligro,dataset/train/peligro/peligro_06486.jpg,True,True
0,raw,atencion,dataset/raw/atencion/atencion_05062.jpg,train,atencion,dataset/train/atencion/atencion_05062.jpg,True,False
0,raw,atencion,dataset/raw/atencion/atencion_05067.jpg,train,atencion,dataset/train/atencion/atencion_05067.jpg,True,False
0,raw,atencion,dataset/raw/atencion/atencion_05075.jpg,train,atencion,dataset/train/atencion/atencion_05075.jpg,True,False
0,raw,atencion,dataset/raw/atencion/atencion_05084.jpg,test,atencion,dataset/test/atencion/atencion_05084.jpg,True,False
0,raw,atencion,dataset/raw/atencion/atencion_05085.jpg,test,atencion,dataset/test/atencion/atencion_05085.jpg,True,False
0,raw,atencion,dataset/raw/atencion/atencion_05090.jpg,train,atencion,dataset/train/atencion/atencion_05090.jpg,True,False
0,raw,atencion,dataset/raw/atencion/atencion_05094.jpg,train,atencion,dataset/train/atencion/atencion_05094.jpg,True,False
0,raw,atencion,dataset/raw/atencion/atencion_05101.jpg,train,atencion,dataset/train/atencion/atencion_05101.jpg,True,False
0,raw,atencion,dataset/raw/atencion/atencion_05117.jpg,validation,atencion,dataset/validation/atencion/atencion_05117.jpg,True,False
0,raw,atencion,dataset/raw/atencion/atencion_05135.jpg,train,peligro,dataset/train/peligro/peligro_00157.jpg,True,True
0,raw,atencion,dataset/raw/atencion/atencion_05135.jpg,validation,atencion,dataset/validation/atencion/atencion_05135.jpg,True,False
0,raw,atencion,dataset/raw/atencion/atencion_05136.jpg,test,atencion,dataset/test/atencion/atencion_05136.jpg,True,False
0,raw,atencion,dataset/raw/atencion/atencion_05141.jpg,validation,atencion,dataset/validation/atencion/atencion_05141.jpg,True,False
0,raw,atencion,dataset/raw/atencion/atencion_05148.jpg,validation,atencion,dataset/validation/atencion/atencion_05148.jpg,True,False
0,raw,atencion,dataset/raw/atencion/atencion_05151.jpg,train,atencion,dataset/train/atencion/atencion_05151.jpg,True,False
0,raw,atencion,dataset/raw/atencion/atencion_05153.jpg,train,atencion,dataset/train/atencion/atencion_05153.jpg,True,False
0,raw,atencion,dataset/raw/atencion/atencion_05164.jpg,train,atencion,dataset/train/atencion/atencion_05164.jpg,True,False
0,raw,atencion,dataset/raw/atencion/atencion_05171.jpg,train,sano,dataset/train/sano/sano_00211.jpg,True,True
0,raw,atencion,dataset/raw/atencion/atencion_05171.jpg,validation,atencion,dataset/validation/atencion/atencion_05171.jpg,True,False
0,raw,atencion,dataset/raw/atencion/atencion_05177.jpg,train,atencion,dataset/train/atencion/atencion_05177.jpg,True,False
0,raw,atencion,dataset/raw/atencion/atencion_05178.jpg,train,atencion,dataset/train/atencion/atencion_05178.jpg,True,False
0,raw,atencion,dataset/raw/atencion/atencion_05182.jpg,train,atencion,dataset/train/atencion/atencion_05182.jpg,True,False
0,raw,atencion,dataset/raw/atencion/atencion_05187.jpg,test,atencion,dataset/test/atencion/atencion_05187.jpg,True,False
0,raw,atencion,dataset/raw/atencion/atencion_05195.jpg,train,atencion,dataset/train/atencion/atencion_05195.jpg,True,False
0,raw,atencion,dataset/raw/atencion/atencion_05296.jpg,train,atencion,dataset/train/atencion/atencion_05296.jpg,True,False
0,raw,atencion,dataset/raw/atencion/atencion_05329.jpg,train,atencion,dataset/train/atencion/atencion_05329.jpg,True,False
0,raw,atencion,dataset/raw/atencion/atencion_05383.jpg,validation,atencion,dataset/validation/atencion/atencion_05383.jpg,True,False
0,raw,atencion,dataset/raw/atencion/atencion_05397.jpg,train,atencion,dataset/train/atencion/atencion_05397.jpg,True,False
0,raw,atencion,dataset/raw/atencion/atencion_05400.jpg,train,atencion,dataset/train/atencion/atencion_05400.jpg,True,False
0,raw,atencion,dataset/raw/atencion/atencion_05400.jpg,train,peligro,dataset/train/peligro/peligro_03981.jpg,True,True
0,raw,atencion,dataset/raw/atencion/atencion_05404.jpg,train,atencion,dataset/train/atencion/atencion_05404.jpg,True,False
0,raw,atencion,dataset/raw/atencion/atencion_05416.jpg,validation,atencion,dataset/validation/atencion/atencion_05416.jpg,True,False
0,raw,atencion,dataset/raw/atencion/atencion_05422.jpg,train,atencion,dataset/train/atencion/atencion_05422.jpg,True,False
0,raw,atencion,dataset/raw/atencion/atencion_05444.jpg,train,atencion,dataset/train/atencion/atencion_05444.jpg,True,False
0,raw,atencion,dataset/raw/atencion/atencion_05457.jpg,test,atencion,dataset/test/atencion/atencion_05457.jpg,True,False
0,raw,atencion,dataset/raw/atencion/atencion_05497.jpg,train,atencion,dataset/train/atencion/atencion_05497.jpg,True,False
0,raw,atencion,dataset/raw/atencion/atencion_05747.jpg,train,atencion,dataset/train/atencion/atencion_05747.jpg,True,False
0,raw,atencion,dataset/raw/atencion/atencion_05749.jpg,train,atencion,dataset/train/atencion/atencion_05749.jpg,True,False
0,raw,atencion,dataset/raw/atencion/atencion_05751.jpg,train,peligro,dataset/train/peligro/peligro_04745.jpg,True,True
0,raw,atencion,dataset/raw/atencion/atencion_05751.jpg,validation,atencion,dataset/validation/atencion/atencion_05751.jpg,True,False
0,raw,atencion,dataset/raw/atencion/atencion_05755.jpg,train,atencion,dataset/train/atencion/atencion_05755.jpg,True,False
0,raw,atencion,dataset/raw/atencion/atencion_05755.jpg,train,peligro,dataset/train/peligro/peligro_00677.jpg,True,True
0,raw,atencion,dataset/raw/atencion/atencion_05758.jpg,train,atencion,dataset/train/atencion/atencion_05758.jpg,True,False
0,raw,atencion,dataset/raw/atencion/atencion_05758.jpg,train,peligro,dataset/train/peligro/peligro_01522.jpg,True,True
0,raw,atencion,dataset/raw/atencion/atencion_05764.jpg,train,atencion,dataset/train/atencion/atencion_05764.jpg,True,False
0,raw,atencion,dataset/raw/atencion/atencion_05764.jpg,train,peligro,dataset/train/peligro/peligro_00042.jpg,True,True
0,raw,atencion,dataset/raw/atencion/atencion_05781.jpg,test,atencion,dataset/test/atencion/atencion_05781.jpg,True,False
0,raw,atencion,dataset/raw/atencion/atencion_05786.jpg,train,atencion,dataset/train/atencion/atencion_05786.jpg,True,False
0,raw,atencion,dataset/raw/atencion/atencion_05788.jpg,train,atencion,dataset/train/atencion/atencion_05788.jpg,True,False
0,raw,atencion,dataset/raw/atencion/atencion_05807.jpg,test,peligro,dataset/test/peligro/peligro_03041.jpg,True,True
0,raw,atencion,dataset/raw/atencion/atencion_05807.jpg,train,atencion,dataset/train/atencion/atencion_05807.jpg,True,False
0,raw,atencion,dataset/raw/atencion/atencion_05823.jpg,train,atencion,dataset/train/atencion/atencion_05823.jpg,True,False
0,raw,atencion,dataset/raw/atencion/atencion_05830.jpg,train,atencion,dataset/train/atencion/atencion_05830.jpg,True,False
0,raw,atencion,dataset/raw/atencion/atencion_05833.jpg,train,atencion,dataset/train/atencion/atencion_05833.jpg,True,False
0,raw,atencion,dataset/raw/atencion/atencion_05852.jpg,train,atencion,dataset/train/atencion/atencion_05852.jpg,True,False
0,raw,atencion,dataset/raw/atencion/atencion_05941.jpg,train,atencion,dataset/train/atencion/atencion_05941.jpg,True,False
0,raw,atencion,dataset/raw/atencion/atencion_05960.jpg,validation,atencion,dataset/validation/atencion/atencion_05960.jpg,True,False
0,raw,atencion,dataset/raw/atencion/atencion_05978.jpg,train,atencion,dataset/train/atencion/atencion_05978.jpg,True,False
0,raw,atencion,dataset/raw/atencion/atencion_06136.jpg,train,atencion,dataset/train/atencion/atencion_06136.jpg,True,False
0,raw,atencion,dataset/raw/atencion/atencion_06200.jpg,train,atencion,dataset/train/atencion/atencion_06200.jpg,True,False
0,raw,atencion,dataset/raw/atencion/atencion_06284.jpg,train,peligro,dataset/train/peligro/peligro_01963.jpg,True,True
0,raw,atencion,dataset/raw/atencion/atencion_06284.jpg,validation,atencion,dataset/validation/atencion/atencion_06284.jpg,True,False
0,raw,atencion,dataset/raw/atencion/atencion_06341.jpg,train,atencion,dataset/train/atencion/atencion_06341.jpg,True,False
0,raw,atencion,dataset/raw/atencion/atencion_06364.jpg,train,atencion,dataset/train/atencion/atencion_06364.jpg,True,False
0,raw,atencion,dataset/raw/atencion/atencion_06385.jpg,train,atencion,dataset/train/atencion/atencion_06385.jpg,True,False
0,raw,atencion,dataset/raw/atencion/atencion_06502.jpg,test,atencion,dataset/test/atencion/atencion_06502.jpg,True,False
0,raw,atencion,dataset/raw/atencion/atencion_06507.jpg,train,atencion,dataset/train/atencion/atencion_06507.jpg,True,False
0,raw,atencion,dataset/raw/atencion/atencion_06510.jpg,train,atencion,dataset/train/atencion/atencion_06510.jpg,True,False
0,raw,atencion,dataset/raw/atencion/atencion_06519.jpg,train,atencion,dataset/train/atencion/atencion_06519.jpg,True,False
0,raw,atencion,dataset/raw/atencion/atencion_06619.jpg,train,atencion,dataset/train/atencion/atencion_06619.jpg,True,False
0,raw,atencion,dataset/raw/atencion/atencion_06624.jpg,train,atencion,dataset/train/atencion/atencion_06624.jpg,True,False
0,raw,atencion,dataset/raw/atencion/atencion_06629.jpg,test,atencion,dataset/test/atencion/atencion_06629.jpg,True,False
0,raw,atencion,dataset/raw/atencion/atencion_06647.jpg,train,atencion,dataset/train/atencion/atencion_06647.jpg,True,False
0,raw,atencion,dataset/raw/atencion/atencion_06647.jpg,train,sano,dataset/train/sano/sano_00809.jpg,True,True
0,raw,atencion,dataset/raw/atencion/atencion_06846.jpg,validation,atencion,dataset/validation/atencion/atencion_06846.jpg,True,False
0,raw,atencion,dataset/raw/atencion/atencion_07034.jpg,train,atencion,dataset/train/atencion/atencion_07034.jpg,True,False
0,raw,atencion,dataset/raw/atencion/atencion_07034.jpg,train,peligro,dataset/train/peligro/peligro_05577.jpg,True,True
0,raw,atencion,dataset/raw/atencion/atencion_07150.jpg,train,atencion,dataset/train/atencion/atencion_07150.jpg,True,False
0,raw,atencion,dataset/raw/atencion/atencion_07152.jpg,train,atencion,dataset/train/atencion/atencion_07152.jpg,True,False
0,raw,atencion,dataset/raw/atencion/atencion_07223.jpg,validation,atencion,dataset/validation/atencion/atencion_07223.jpg,True,False
0,raw,atencion,dataset/raw/atencion/atencion_07330.jpg,train,atencion,dataset/train/atencion/atencion_07330.jpg,True,False
0,raw,atencion,dataset/raw/atencion/atencion_07378.jpg,train,atencion,dataset/train/atencion/atencion_07378.jpg,True,False
0,raw,atencion,dataset/raw/atencion/atencion_07407.jpg,train,atencion,dataset/train/atencion/atencion_07407.jpg,True,False
0,raw,atencion,dataset/raw/atencion/atencion_07413.jpg,train,atencion,dataset/train/atencion/atencion_07413.jpg,True,False
0,raw,atencion,dataset/raw/atencion/atencion_07420.jpg,validation,atencion,dataset/validation/atencion/atencion_07420.jpg,True,False
0,raw,atencion,dataset/raw/atencion/atencion_07452.jpg,train,atencion,dataset/train/atencion/atencion_07452.jpg,True,False
0,raw,atencion,dataset/raw/atencion/atencion_07477.jpg,train,atencion,dataset/train/atencion/atencion_07477.jpg,True,False
0,raw,atencion,dataset/raw/atencion/atencion_07549.jpg,train,atencion,dataset/train/atencion/atencion_07549.jpg,True,False
0,raw,atencion,dataset/raw/atencion/atencion_07549.jpg,train,peligro,dataset/train/peligro/peligro_02227.jpg,True,True
0,raw,atencion,dataset/raw/atencion/atencion_07583.jpg,train,atencion,dataset/train/atencion/atencion_07583.jpg,True,False
0,raw,atencion,dataset/raw/atencion/atencion_07599.jpg,train,atencion,dataset/train/atencion/atencion_07599.jpg,True,False
0,raw,atencion,dataset/raw/atencion/atencion_07605.jpg,train,atencion,dataset/train/atencion/atencion_07605.jpg,True,False
0,raw,atencion,dataset/raw/atencion/atencion_07608.jpg,train,atencion,dataset/train/atencion/atencion_07608.jpg,True,False
0,raw,atencion,dataset/raw/atencion/atencion_07610.jpg,train,atencion,dataset/train/atencion/atencion_07610.jpg,True,False
0,raw,atencion,dataset/raw/atencion/atencion_07620.jpg,train,atencion,dataset/train/atencion/atencion_07620.jpg,True,False
0,raw,atencion,dataset/raw/atencion/atencion_07621.jpg,train,atencion,dataset/train/atencion/atencion_07621.jpg,True,False
0,raw,atencion,dataset/raw/atencion/atencion_07733.jpg,train,atencion,dataset/train/atencion/atencion_07733.jpg,True,False
0,raw,atencion,dataset/raw/atencion/atencion_07746.jpg,train,atencion,dataset/train/atencion/atencion_07746.jpg,True,False
0,raw,atencion,dataset/raw/atencion/atencion_07781.jpg,validation,atencion,dataset/validation/atencion/atencion_07781.jpg,True,False
0,raw,atencion,dataset/raw/atencion/atencion_07781.jpg,validation,peligro,dataset/validation/peligro/peligro_00378.jpg,True,True
0,raw,atencion,dataset/raw/atencion/atencion_07787.jpg,train,atencion,dataset/train/atencion/atencion_07787.jpg,True,False
0,raw,atencion,dataset/raw/atencion/atencion_07789.jpg,train,atencion,dataset/train/atencion/atencion_07789.jpg,True,False
0,raw,atencion,dataset/raw/atencion/atencion_07791.jpg,train,atencion,dataset/train/atencion/atencion_07791.jpg,True,False
0,raw,atencion,dataset/raw/atencion/atencion_07878.jpg,validation,atencion,dataset/validation/atencion/atencion_07878.jpg,True,False
0,raw,atencion,dataset/raw/atencion/atencion_08059.jpg,train,atencion,dataset/train/atencion/atencion_08059.jpg,True,False
0,raw,atencion,dataset/raw/atencion/atencion_08092.jpg,train,atencion,dataset/train/atencion/atencion_08092.jpg,True,False
0,raw,atencion,dataset/raw/atencion/atencion_08093.jpg,train,atencion,dataset/train/atencion/atencion_08093.jpg,True,False
0,raw,atencion,dataset/raw/atencion/atencion_08107.jpg,train,atencion,dataset/train/atencion/atencion_08107.jpg,True,False
0,raw,atencion,dataset/raw/atencion/atencion_08131.jpg,test,atencion,dataset/test/atencion/atencion_08131.jpg,True,False
0,raw,atencion,dataset/raw/atencion/atencion_08131.jpg,train,sano,dataset/train/sano/sano_00818.jpg,True,True
0,raw,atencion,dataset/raw/atencion/atencion_08134.jpg,test,atencion,dataset/test/atencion/atencion_08134.jpg,True,False
0,raw,atencion,dataset/raw/atencion/atencion_08150.jpg,train,atencion,dataset/train/atencion/atencion_08150.jpg,True,False
0,raw,atencion,dataset/raw/atencion/atencion_08188.jpg,train,atencion,dataset/train/atencion/atencion_08188.jpg,True,False
0,raw,atencion,dataset/raw/atencion/atencion_08218.jpg,validation,atencion,dataset/validation/atencion/atencion_08218.jpg,True,False
0,raw,atencion,dataset/raw/atencion/atencion_08223.jpg,train,atencion,dataset/train/atencion/atencion_08223.jpg,True,False
0,raw,atencion,dataset/raw/atencion/atencion_08223.jpg,validation,sano,dataset/validation/sano/sano_00782.jpg,True,True
0,raw,atencion,dataset/raw/atencion/atencion_08265.jpg,train,atencion,dataset/train/atencion/atencion_08265.jpg,True,False
0,raw,atencion,dataset/raw/atencion/atencion_08361.jpg,train,atencion,dataset/train/atencion/atencion_08361.jpg,True,False
0,raw,atencion,dataset/raw/atencion/atencion_08405.jpg,train,atencion,dataset/train/atencion/atencion_08405.jpg,True,False
0,raw,atencion,dataset/raw/atencion/atencion_08508.jpg,validation,atencion,dataset/validation/atencion/atencion_08508.jpg,True,False
0,raw,atencion,dataset/raw/atencion/atencion_08523.jpg,train,atencion,dataset/train/atencion/atencion_08523.jpg,True,False
0,raw,atencion,dataset/raw/atencion/atencion_08569.jpg,validation,atencion,dataset/validation/atencion/atencion_08569.jpg,True,False
0,raw,atencion,dataset/raw/atencion/atencion_08681.jpg,test,atencion,dataset/test/atencion/atencion_08681.jpg,True,False
0,raw,atencion,dataset/raw/atencion/atencion_08739.jpg,train,atencion,dataset/train/atencion/atencion_08739.jpg,True,False
0,raw,atencion,dataset/raw/atencion/atencion_08823.jpg,train,atencion,dataset/train/atencion/atencion_08823.jpg,True,False
0,raw,atencion,dataset/raw/atencion/atencion_08848.jpg,validation,atencion,dataset/validation/atencion/atencion_08848.jpg,True,False
0,raw,atencion,dataset/raw/atencion/atencion_08863.jpg,train,atencion,dataset/train/atencion/atencion_08863.jpg,True,False
0,raw,atencion,dataset/raw/atencion/atencion_08896.jpg,validation,atencion,dataset/validation/atencion/atencion_08896.jpg,True,False
0,raw,atencion,dataset/raw/atencion/atencion_08923.jpg,train,atencion,dataset/train/atencion/atencion_08923.jpg,True,False
0,raw,atencion,dataset/raw/atencion/atencion_09264.jpg,validation,atencion,dataset/validation/atencion/atencion_09264.jpg,True,False
0,raw,atencion,dataset/raw/atencion/atencion_09282.jpg,train,atencion,dataset/train/atencion/atencion_09282.jpg,True,False
0,raw,atencion,dataset/raw/atencion/atencion_09466.jpg,train,atencion,dataset/train/atencion/atencion_09466.jpg,True,False
0,raw,atencion,dataset/raw/atencion/atencion_09514.jpg,train,atencion,dataset/train/atencion/atencion_09514.jpg,True,False
0,raw,atencion,dataset/raw/atencion/atencion_09529.jpg,train,atencion,dataset/train/atencion/atencion_09529.jpg,True,False
0,raw,atencion,dataset/raw/atencion/atencion_09533.jpg,train,atencion,dataset/train/atencion/atencion_09533.jpg,True,False
0,raw,atencion,dataset/raw/atencion/atencion_09547.jpg,test,atencion,dataset/test/atencion/atencion_09547.jpg,True,False
0,raw,atencion,dataset/raw/atencion/atencion_09606.jpg,train,atencion,dataset/train/atencion/atencion_09606.jpg,True,False
0,raw,atencion,dataset/raw/atencion/atencion_09628.jpg,validation,atencion,dataset/validation/atencion/atencion_09628.jpg,True,False
0,raw,atencion,dataset/raw/atencion/atencion_09665.jpg,test,peligro,dataset/test/peligro/peligro_00936.jpg,True,True
0,raw,atencion,dataset/raw/atencion/atencion_09665.jpg,validation,atencion,dataset/validation/atencion/atencion_09665.jpg,True,False
0,raw,atencion,dataset/raw/atencion/atencion_09685.jpg,train,atencion,dataset/train/atencion/atencion_09685.jpg,True,False
0,raw,atencion,dataset/raw/atencion/atencion_09686.jpg,train,atencion,dataset/train/atencion/atencion_09686.jpg,True,False
0,raw,atencion,dataset/raw/atencion/atencion_09760.jpg,validation,atencion,dataset/validation/atencion/atencion_09760.jpg,True,False
0,raw,atencion,dataset/raw/atencion/atencion_09764.jpg,train,atencion,dataset/train/atencion/atencion_09764.jpg,True,False
0,raw,atencion,dataset/raw/atencion/atencion_09800.jpg,validation,atencion,dataset/validation/atencion/atencion_09800.jpg,True,False
0,raw,atencion,dataset/raw/atencion/atencion_09807.jpg,validation,atencion,dataset/validation/atencion/atencion_09807.jpg,True,False
0,raw,atencion,dataset/raw/atencion/atencion_09808.jpg,validation,atencion,dataset/validation/atencion/atencion_09808.jpg,True,False
0,raw,atencion,dataset/raw/atencion/atencion_09836.jpg,train,atencion,dataset/train/atencion/atencion_09836.jpg,True,False
0,raw,atencion,dataset/raw/atencion/atencion_09857.jpg,train,atencion,dataset/train/atencion/atencion_09857.jpg,True,False
0,raw,atencion,dataset/raw/atencion/atencion_09857.jpg,train,peligro,dataset/train/peligro/peligro_00104.jpg,True,True
0,raw,atencion,dataset/raw/atencion/atencion_09862.jpg,train,atencion,dataset/train/atencion/atencion_09862.jpg,True,False
0,raw,atencion,dataset/raw/atencion/atencion_09918.jpg,train,atencion,dataset/train/atencion/atencion_09918.jpg,True,False
0,raw,atencion,dataset/raw/atencion/atencion_09924.jpg,train,atencion,dataset/train/atencion/atencion_09924.jpg,True,False
0,raw,atencion,dataset/raw/atencion/atencion_10030.jpg,validation,atencion,dataset/validation/atencion/atencion_10030.jpg,True,False
0,raw,atencion,dataset/raw/atencion/atencion_10137.jpg,train,atencion,dataset/train/atencion/atencion_10137.jpg,True,False
0,raw,atencion,dataset/raw/atencion/atencion_10193.jpg,train,atencion,dataset/train/atencion/atencion_10193.jpg,True,False
0,raw,atencion,dataset/raw/atencion/atencion_10281.jpg,train,atencion,dataset/train/atencion/atencion_10281.jpg,True,False
0,raw,atencion,dataset/raw/atencion/atencion_10354.jpg,train,atencion,dataset/train/atencion/atencion_10354.jpg,True,False
0,raw,atencion,dataset/raw/atencion/atencion_10354.jpg,validation,peligro,dataset/validation/peligro/peligro_01403.jpg,True,True
0,raw,atencion,dataset/raw/atencion/atencion_10526.jpg,train,atencion,dataset/train/atencion/atencion_10526.jpg,True,False
0,raw,atencion,dataset/raw/atencion/atencion_10543.jpg,train,atencion,dataset/train/atencion/atencion_10543.jpg,True,False
0,raw,atencion,dataset/raw/atencion/atencion_10561.jpg,validation,atencion,dataset/validation/atencion/atencion_10561.jpg,True,False
0,raw,atencion,dataset/raw/atencion/atencion_10884.jpg,train,atencion,dataset/train/atencion/atencion_10884.jpg,True,False
0,raw,atencion,dataset/raw/atencion/atencion_11115.jpg,validation,atencion,dataset/validation/atencion/atencion_11115.jpg,True,False
0,raw,atencion,dataset/raw/atencion/atencion_11144.jpg,train,atencion,dataset/train/atencion/atencion_11144.jpg,True,False
0,raw,atencion,dataset/raw/atencion/atencion_11276.jpg,train,atencion,dataset/train/atencion/atencion_11276.jpg,True,False
0,raw,atencion,dataset/raw/atencion/atencion_11370.jpg,train,atencion,dataset/train/atencion/atencion_11370.jpg,True,False
0,raw,atencion,dataset/raw/atencion/atencion_11473.jpg,test,atencion,dataset/test/atencion/atencion_11473.jpg,True,False
0,raw,atencion,dataset/raw/atencion/atencion_11486.jpg,test,atencion,dataset/test/atencion/atencion_11486.jpg,True,False
0,raw,atencion,dataset/raw/atencion/atencion_11488.jpg,validation,atencion,dataset/validation/atencion/atencion_11488.jpg,True,False
0,raw,atencion,dataset/raw/atencion/atencion_11489.jpg,train,atencion,dataset/train/atencion/atencion_11489.jpg,True,False
0,raw,atencion,dataset/raw/atencion/atencion_11512.jpg,validation,atencion,dataset/validation/atencion/atencion_11512.jpg,True,False
0,raw,atencion,dataset/raw/atencion/atencion_11541.jpg,train,atencion,dataset/train/atencion/atencion_11541.jpg,True,False
0,raw,atencion,dataset/raw/atencion/atencion_11672.jpg,test,atencion,dataset/test/atencion/atencion_11672.jpg,True,False
0,raw,atencion,dataset/raw/atencion/atencion_11679.jpg,train,atencion,dataset/train/atencion/atencion_11679.jpg,True,False
0,raw,atencion,dataset/raw/atencion/atencion_11706.jpg,train,atencion,dataset/train/atencion/atencion_11706.jpg,True,False
0,raw,atencion,dataset/raw/atencion/atencion_11798.jpg,train,atencion,dataset/train/atencion/atencion_11798.jpg,True,False
0,raw,atencion,dataset/raw/atencion/atencion_11863.jpg,validation,atencion,dataset/validation/atencion/atencion_11863.jpg,True,False
0,raw,atencion,dataset/raw/atencion/atencion_11881.jpg,train,atencion,dataset/train/atencion/atencion_11881.jpg,True,False
0,raw,atencion,dataset/raw/atencion/atencion_11953.jpg,train,atencion,dataset/train/atencion/atencion_11953.jpg,True,False
0,raw,atencion,dataset/raw/atencion/atencion_11964.jpg,train,atencion,dataset/train/atencion/atencion_11964.jpg,True,False
0,raw,atencion,dataset/raw/atencion/atencion_11964.jpg,train,sano,dataset/train/sano/sano_02893.jpg,True,True
0,raw,atencion,dataset/raw/atencion/atencion_11977.jpg,train,atencion,dataset/train/atencion/atencion_11977.jpg,True,False
0,raw,atencion,dataset/raw/atencion/atencion_12027.jpg,test,atencion,dataset/test/atencion/atencion_12027.jpg,True,False
0,raw,atencion,dataset/raw/atencion/atencion_12035.jpg,train,atencion,dataset/train/atencion/atencion_12035.jpg,True,False
0,raw,atencion,dataset/raw/atencion/atencion_12047.jpg,train,atencion,dataset/train/atencion/atencion_12047.jpg,True,False
0,raw,atencion,dataset/raw/atencion/atencion_12055.jpg,validation,atencion,dataset/validation/atencion/atencion_12055.jpg,True,False
0,raw,atencion,dataset/raw/atencion/atencion_12193.jpg,train,atencion,dataset/train/atencion/atencion_12193.jpg,True,False
0,raw,atencion,dataset/raw/atencion/atencion_12313.jpg,train,atencion,dataset/train/atencion/atencion_12313.jpg,True,False
0,raw,atencion,dataset/raw/atencion/atencion_12327.jpg,train,atencion,dataset/train/atencion/atencion_12327.jpg,True,False
0,raw,atencion,dataset/raw/atencion/atencion_12339.jpg,train,atencion,dataset/train/atencion/atencion_12339.jpg,True,False
0,raw,atencion,dataset/raw/atencion/atencion_12357.jpg,train,atencion,dataset/train/atencion/atencion_12357.jpg,True,False
0,raw,atencion,dataset/raw/atencion/atencion_12441.jpg,validation,atencion,dataset/validation/atencion/atencion_12441.jpg,True,False
0,raw,atencion,dataset/raw/atencion/atencion_12447.jpg,train,atencion,dataset/train/atencion/atencion_12447.jpg,True,False
0,raw,atencion,dataset/raw/atencion/atencion_12475.jpg,train,atencion,dataset/train/atencion/atencion_12475.jpg,True,False
0,raw,atencion,dataset/raw/atencion/atencion_12528.jpg,train,peligro,dataset/train/peligro/peligro_13697.jpg,True,True
0,raw,atencion,dataset/raw/atencion/atencion_12528.jpg,validation,atencion,dataset/validation/atencion/atencion_12528.jpg,True,False
0,raw,atencion,dataset/raw/atencion/atencion_12766.jpg,validation,atencion,dataset/validation/atencion/atencion_12766.jpg,True,False
0,raw,atencion,dataset/raw/atencion/atencion_12984.jpg,train,atencion,dataset/train/atencion/atencion_12984.jpg,True,False
0,raw,atencion,dataset/raw/atencion/atencion_12999.jpg,train,atencion,dataset/train/atencion/atencion_12999.jpg,True,False
0,raw,atencion,dataset/raw/atencion/atencion_13277.jpg,train,atencion,dataset/train/atencion/atencion_13277.jpg,True,False
0,raw,atencion,dataset/raw/atencion/atencion_13712.jpg,train,atencion,dataset/train/atencion/atencion_13712.jpg,True,False
0,raw,atencion,dataset/raw/atencion/atencion_14019.jpg,train,atencion,dataset/train/atencion/atencion_14019.jpg,True,False
0,raw,atencion,dataset/raw/atencion/atencion_14045.jpg,train,atencion,dataset/train/atencion/atencion_14045.jpg,True,False
0,raw,atencion,dataset/raw/atencion/atencion_14068.jpg,train,atencion,dataset/train/atencion/atencion_14068.jpg,True,False
0,raw,atencion,dataset/raw/atencion/atencion_14069.jpg,train,atencion,dataset/train/atencion/atencion_14069.jpg,True,False
0,raw,atencion,dataset/raw/atencion/atencion_14070.jpg,train,atencion,dataset/train/atencion/atencion_14070.jpg,True,False
0,raw,atencion,dataset/raw/atencion/atencion_14071.jpg,train,atencion,dataset/train/atencion/atencion_14071.jpg,True,False
0,raw,atencion,dataset/raw/atencion/atencion_14072.jpg,train,atencion,dataset/train/atencion/atencion_14072.jpg,True,False
0,raw,atencion,dataset/raw/atencion/atencion_14073.jpg,validation,atencion,dataset/validation/atencion/atencion_14073.jpg,True,False
0,raw,atencion,dataset/raw/atencion/atencion_14074.jpg,train,atencion,dataset/train/atencion/atencion_14074.jpg,True,False
0,raw,atencion,dataset/raw/atencion/atencion_14075.jpg,validation,atencion,dataset/validation/atencion/atencion_14075.jpg,True,False
0,raw,atencion,dataset/raw/atencion/atencion_14076.jpg,train,atencion,dataset/train/atencion/atencion_14076.jpg,True,False
0,raw,atencion,dataset/raw/atencion/atencion_14077.jpg,train,atencion,dataset/train/atencion/atencion_14077.jpg,True,False
0,raw,atencion,dataset/raw/atencion/atencion_14078.jpg,train,atencion,dataset/train/atencion/atencion_14078.jpg,True,False
0,raw,atencion,dataset/raw/atencion/atencion_14079.jpg,validation,atencion,dataset/validation/atencion/atencion_14079.jpg,True,False
0,raw,atencion,dataset/raw/atencion/atencion_14080.jpg,train,atencion,dataset/train/atencion/atencion_14080.jpg,True,False
0,raw,atencion,dataset/raw/atencion/atencion_14081.jpg,train,atencion,dataset/train/atencion/atencion_14081.jpg,True,False
0,raw,atencion,dataset/raw/atencion/atencion_14082.jpg,train,atencion,dataset/train/atencion/atencion_14082.jpg,True,False
0,raw,atencion,dataset/raw/atencion/atencion_14084.jpg,train,atencion,dataset/train/atencion/atencion_14084.jpg,True,False
0,raw,atencion,dataset/raw/atencion/atencion_14085.jpg,train,atencion,dataset/train/atencion/atencion_14085.jpg,True,False
0,raw,atencion,dataset/raw/atencion/atencion_14086.jpg,validation,atencion,dataset/validation/atencion/atencion_14086.jpg,True,False
0,raw,atencion,dataset/raw/atencion/atencion_14087.jpg,train,atencion,dataset/train/atencion/atencion_14087.jpg,True,False
0,raw,atencion,dataset/raw/atencion/atencion_14089.jpg,train,atencion,dataset/train/atencion/atencion_14089.jpg,True,False
0,raw,atencion,dataset/raw/atencion/atencion_14090.jpg,validation,atencion,dataset/validation/atencion/atencion_14090.jpg,True,False
0,raw,atencion,dataset/raw/atencion/atencion_14091.jpg,train,atencion,dataset/train/atencion/atencion_14091.jpg,True,False
0,raw,atencion,dataset/raw/atencion/atencion_14092.jpg,test,atencion,dataset/test/atencion/atencion_14092.jpg,True,False
0,raw,atencion,dataset/raw/atencion/atencion_14093.jpg,train,atencion,dataset/train/atencion/atencion_14093.jpg,True,False
0,raw,atencion,dataset/raw/atencion/atencion_14094.jpg,train,atencion,dataset/train/atencion/atencion_14094.jpg,True,False
0,raw,atencion,dataset/raw/atencion/atencion_14095.jpg,train,atencion,dataset/train/atencion/atencion_14095.jpg,True,False
0,raw,atencion,dataset/raw/atencion/atencion_14096.jpg,train,atencion,dataset/train/atencion/atencion_14096.jpg,True,False
0,raw,atencion,dataset/raw/atencion/atencion_14097.jpg,train,atencion,dataset/train/atencion/atencion_14097.jpg,True,False
0,raw,atencion,dataset/raw/atencion/atencion_14098.jpg,validation,atencion,dataset/validation/atencion/atencion_14098.jpg,True,False
0,raw,atencion,dataset/raw/atencion/atencion_14099.jpg,train,atencion,dataset/train/atencion/atencion_14099.jpg,True,False
0,raw,atencion,dataset/raw/atencion/atencion_14100.jpg,train,atencion,dataset/train/atencion/atencion_14100.jpg,True,False
0,raw,atencion,dataset/raw/atencion/atencion_14101.jpg,validation,atencion,dataset/validation/atencion/atencion_14101.jpg,True,False
0,raw,atencion,dataset/raw/atencion/atencion_14102.jpg,validation,atencion,dataset/validation/atencion/atencion_14102.jpg,True,False
0,raw,atencion,dataset/raw/atencion/atencion_14103.jpg,train,atencion,dataset/train/atencion/atencion_14103.jpg,True,False
0,raw,atencion,dataset/raw/atencion/atencion_14104.jpg,test,atencion,dataset/test/atencion/atencion_14104.jpg,True,False
0,raw,atencion,dataset/raw/atencion/atencion_14105.jpg,validation,atencion,dataset/validation/atencion/atencion_14105.jpg,True,False
0,raw,atencion,dataset/raw/atencion/atencion_14106.jpg,train,atencion,dataset/train/atencion/atencion_14106.jpg,True,False
0,raw,atencion,dataset/raw/atencion/atencion_14107.jpg,validation,atencion,dataset/validation/atencion/atencion_14107.jpg,True,False
0,raw,atencion,dataset/raw/atencion/atencion_14108.jpg,train,atencion,dataset/train/atencion/atencion_14108.jpg,True,False
0,raw,atencion,dataset/raw/atencion/atencion_14109.jpg,train,atencion,dataset/train/atencion/atencion_14109.jpg,True,False
0,raw,atencion,dataset/raw/atencion/atencion_14110.jpg,train,atencion,dataset/train/atencion/atencion_14110.jpg,True,False
0,raw,atencion,dataset/raw/atencion/atencion_14111.jpg,train,atencion,dataset/train/atencion/atencion_14111.jpg,True,False
0,raw,atencion,dataset/raw/atencion/atencion_14112.jpg,train,atencion,dataset/train/atencion/atencion_14112.jpg,True,False
0,raw,atencion,dataset/raw/atencion/atencion_14113.jpg,train,atencion,dataset/train/atencion/atencion_14113.jpg,True,False
0,raw,atencion,dataset/raw/atencion/atencion_14114.jpg,train,atencion,dataset/train/atencion/atencion_14114.jpg,True,False
0,raw,atencion,dataset/raw/atencion/atencion_14115.jpg,train,atencion,dataset/train/atencion/atencion_14115.jpg,True,False
0,raw,atencion,dataset/raw/atencion/atencion_14116.jpg,test,atencion,dataset/test/atencion/atencion_14116.jpg,True,False
0,raw,atencion,dataset/raw/atencion/atencion_14117.jpg,train,atencion,dataset/train/atencion/atencion_14117.jpg,True,False
0,raw,atencion,dataset/raw/atencion/atencion_14118.jpg,train,atencion,dataset/train/atencion/atencion_14118.jpg,True,False
0,raw,atencion,dataset/raw/atencion/atencion_14119.jpg,train,atencion,dataset/train/atencion/atencion_14119.jpg,True,False
0,raw,atencion,dataset/raw/atencion/atencion_14120.jpg,train,atencion,dataset/train/atencion/atencion_14120.jpg,True,False
0,raw,atencion,dataset/raw/atencion/atencion_14122.jpg,train,atencion,dataset/train/atencion/atencion_14122.jpg,True,False
0,raw,atencion,dataset/raw/atencion/atencion_14125.jpg,test,atencion,dataset/test/atencion/atencion_14125.jpg,True,False
0,raw,atencion,dataset/raw/atencion/atencion_14126.jpg,train,atencion,dataset/train/atencion/atencion_14126.jpg,True,False
0,raw,atencion,dataset/raw/atencion/atencion_14127.jpg,train,atencion,dataset/train/atencion/atencion_14127.jpg,True,False
0,raw,atencion,dataset/raw/atencion/atencion_14128.jpg,train,atencion,dataset/train/atencion/atencion_14128.jpg,True,False
0,raw,atencion,dataset/raw/atencion/atencion_14129.jpg,train,atencion,dataset/train/atencion/atencion_14129.jpg,True,False
0,raw,atencion,dataset/raw/atencion/atencion_14130.jpg,validation,atencion,dataset/validation/atencion/atencion_14130.jpg,True,False
0,raw,atencion,dataset/raw/atencion/atencion_14131.jpg,train,atencion,dataset/train/atencion/atencion_14131.jpg,True,False
0,raw,atencion,dataset/raw/atencion/atencion_14132.jpg,validation,atencion,dataset/validation/atencion/atencion_14132.jpg,True,False
0,raw,atencion,dataset/raw/atencion/atencion_14134.jpg,train,atencion,dataset/train/atencion/atencion_14134.jpg,True,False
0,raw,atencion,dataset/raw/atencion/atencion_14135.jpg,train,atencion,dataset/train/atencion/atencion_14135.jpg,True,False
0,raw,atencion,dataset/raw/atencion/atencion_14136.jpg,train,atencion,dataset/train/atencion/atencion_14136.jpg,True,False
0,raw,atencion,dataset/raw/atencion/atencion_14137.jpg,train,atencion,dataset/train/atencion/atencion_14137.jpg,True,False
0,raw,atencion,dataset/raw/atencion/atencion_14138.jpg,train,atencion,dataset/train/atencion/atencion_14138.jpg,True,False
0,raw,atencion,dataset/raw/atencion/atencion_14139.jpg,train,atencion,dataset/train/atencion/atencion_14139.jpg,True,False
0,raw,atencion,dataset/raw/atencion/atencion_14140.jpg,validation,atencion,dataset/validation/atencion/atencion_14140.jpg,True,False
0,raw,atencion,dataset/raw/atencion/atencion_14141.jpg,train,atencion,dataset/train/atencion/atencion_14141.jpg,True,False
0,raw,atencion,dataset/raw/atencion/atencion_14142.jpg,train,atencion,dataset/train/atencion/atencion_14142.jpg,True,False
0,raw,atencion,dataset/raw/atencion/atencion_14143.jpg,validation,atencion,dataset/validation/atencion/atencion_14143.jpg,True,False
0,raw,atencion,dataset/raw/atencion/atencion_14144.jpg,train,atencion,dataset/train/atencion/atencion_14144.jpg,True,False
0,raw,atencion,dataset/raw/atencion/atencion_14145.jpg,validation,atencion,dataset/validation/atencion/atencion_14145.jpg,True,False
0,raw,atencion,dataset/raw/atencion/atencion_14146.jpg,train,atencion,dataset/train/atencion/atencion_14146.jpg,True,False
0,raw,atencion,dataset/raw/atencion/atencion_14147.jpg,train,atencion,dataset/train/atencion/atencion_14147.jpg,True,False
0,raw,atencion,dataset/raw/atencion/atencion_14148.jpg,train,atencion,dataset/train/atencion/atencion_14148.jpg,True,False
0,raw,atencion,dataset/raw/atencion/atencion_14149.jpg,train,atencion,dataset/train/atencion/atencion_14149.jpg,True,False
0,raw,atencion,dataset/raw/atencion/atencion_14150.jpg,train,atencion,dataset/train/atencion/atencion_14150.jpg,True,False
0,raw,atencion,dataset/raw/atencion/atencion_14151.jpg,validation,atencion,dataset/validation/atencion/atencion_14151.jpg,True,False
0,raw,atencion,dataset/raw/atencion/atencion_14152.jpg,validation,atencion,dataset/validation/atencion/atencion_14152.jpg,True,False
0,raw,atencion,dataset/raw/atencion/atencion_14153.jpg,train,atencion,dataset/train/atencion/atencion_14153.jpg,True,False
0,raw,atencion,dataset/raw/atencion/atencion_14154.jpg,train,atencion,dataset/train/atencion/atencion_14154.jpg,True,False
0,raw,atencion,dataset/raw/atencion/atencion_14155.jpg,validation,atencion,dataset/validation/atencion/atencion_14155.jpg,True,False
0,raw,atencion,dataset/raw/atencion/atencion_14156.jpg,validation,atencion,dataset/validation/atencion/atencion_14156.jpg,True,False
0,raw,atencion,dataset/raw/atencion/atencion_14157.jpg,train,atencion,dataset/train/atencion/atencion_14157.jpg,True,False
0,raw,atencion,dataset/raw/atencion/atencion_14158.jpg,validation,atencion,dataset/validation/atencion/atencion_14158.jpg,True,False
0,raw,atencion,dataset/raw/atencion/atencion_14159.jpg,train,atencion,dataset/train/atencion/atencion_14159.jpg,True,False
0,raw,atencion,dataset/raw/atencion/atencion_14161.jpg,validation,atencion,dataset/validation/atencion/atencion_14161.jpg,True,False
0,raw,atencion,dataset/raw/atencion/atencion_14162.jpg,train,atencion,dataset/train/atencion/atencion_14162.jpg,True,False
0,raw,atencion,dataset/raw/atencion/atencion_14163.jpg,validation,atencion,dataset/validation/atencion/atencion_14163.jpg,True,False
0,raw,atencion,dataset/raw/atencion/atencion_14165.jpg,train,atencion,dataset/train/atencion/atencion_14165.jpg,True,False
0,raw,atencion,dataset/raw/atencion/atencion_14167.jpg,train,atencion,dataset/train/atencion/atencion_14167.jpg,True,False
0,raw,atencion,dataset/raw/atencion/atencion_14168.jpg,test,atencion,dataset/test/atencion/atencion_14168.jpg,True,False
0,raw,atencion,dataset/raw/atencion/atencion_14169.jpg,validation,atencion,dataset/validation/atencion/atencion_14169.jpg,True,False
0,raw,atencion,dataset/raw/atencion/atencion_14170.jpg,train,atencion,dataset/train/atencion/atencion_14170.jpg,True,False
0,raw,atencion,dataset/raw/atencion/atencion_14172.jpg,train,atencion,dataset/train/atencion/atencion_14172.jpg,True,False
0,raw,atencion,dataset/raw/atencion/atencion_14173.jpg,validation,atencion,dataset/validation/atencion/atencion_14173.jpg,True,False
0,raw,atencion,dataset/raw/atencion/atencion_14174.jpg,train,atencion,dataset/train/atencion/atencion_14174.jpg,True,False
0,raw,atencion,dataset/raw/atencion/atencion_14175.jpg,validation,atencion,dataset/validation/atencion/atencion_14175.jpg,True,False
0,raw,atencion,dataset/raw/atencion/atencion_14176.jpg,validation,atencion,dataset/validation/atencion/atencion_14176.jpg,True,False
0,raw,atencion,dataset/raw/atencion/atencion_14177.jpg,train,atencion,dataset/train/atencion/atencion_14177.jpg,True,False
0,raw,atencion,dataset/raw/atencion/atencion_14178.jpg,train,atencion,dataset/train/atencion/atencion_14178.jpg,True,False
0,raw,atencion,dataset/raw/atencion/atencion_14179.jpg,train,atencion,dataset/train/atencion/atencion_14179.jpg,True,False
0,raw,atencion,dataset/raw/atencion/atencion_14180.jpg,test,atencion,dataset/test/atencion/atencion_14180.jpg,True,False
0,raw,atencion,dataset/raw/atencion/atencion_14182.jpg,train,atencion,dataset/train/atencion/atencion_14182.jpg,True,False
0,raw,atencion,dataset/raw/atencion/atencion_14183.jpg,train,atencion,dataset/train/atencion/atencion_14183.jpg,True,False
0,raw,atencion,dataset/raw/atencion/atencion_14184.jpg,train,atencion,dataset/train/atencion/atencion_14184.jpg,True,False
0,raw,atencion,dataset/raw/atencion/atencion_14190.jpg,validation,atencion,dataset/validation/atencion/atencion_14190.jpg,True,False
0,raw,atencion,dataset/raw/atencion/atencion_14191.jpg,validation,atencion,dataset/validation/atencion/atencion_14191.jpg,True,False
0,raw,atencion,dataset/raw/atencion/atencion_14192.jpg,train,atencion,dataset/train/atencion/atencion_14192.jpg,True,False
0,raw,atencion,dataset/raw/atencion/atencion_14193.jpg,train,atencion,dataset/train/atencion/atencion_14193.jpg,True,False
0,raw,atencion,dataset/raw/atencion/atencion_14194.jpg,train,atencion,dataset/train/atencion/atencion_14194.jpg,True,False
0,raw,atencion,dataset/raw/atencion/atencion_14195.jpg,validation,atencion,dataset/validation/atencion/atencion_14195.jpg,True,False
0,raw,atencion,dataset/raw/atencion/atencion_14196.jpg,train,atencion,dataset/train/atencion/atencion_14196.jpg,True,False
0,raw,atencion,dataset/raw/atencion/atencion_14197.jpg,test,atencion,dataset/test/atencion/atencion_14197.jpg,True,False
0,raw,atencion,dataset/raw/atencion/atencion_14198.jpg,test,atencion,dataset/test/atencion/atencion_14198.jpg,True,False
0,raw,atencion,dataset/raw/atencion/atencion_14199.jpg,train,atencion,dataset/train/atencion/atencion_14199.jpg,True,False
0,raw,atencion,dataset/raw/atencion/atencion_14201.jpg,train,atencion,dataset/train/atencion/atencion_14201.jpg,True,False
0,raw,atencion,dataset/raw/atencion/atencion_14202.jpg,train,atencion,dataset/train/atencion/atencion_14202.jpg,True,False
0,raw,atencion,dataset/raw/atencion/atencion_14203.jpg,test,atencion,dataset/test/atencion/atencion_14203.jpg,True,False
0,raw,atencion,dataset/raw/atencion/atencion_14204.jpg,test,atencion,dataset/test/atencion/atencion_14204.jpg,True,False
0,raw,atencion,dataset/raw/atencion/atencion_14205.jpg,train,atencion,dataset/train/atencion/atencion_14205.jpg,True,False
0,raw,atencion,dataset/raw/atencion/atencion_14206.jpg,train,atencion,dataset/train/atencion/atencion_14206.jpg,True,False
0,raw,atencion,dataset/raw/atencion/atencion_14207.jpg,train,atencion,dataset/train/atencion/atencion_14207.jpg,True,False
0,raw,atencion,dataset/raw/atencion/atencion_14208.jpg,test,atencion,dataset/test/atencion/atencion_14208.jpg,True,False
0,raw,atencion,dataset/raw/atencion/atencion_14209.jpg,train,atencion,dataset/train/atencion/atencion_14209.jpg,True,False
0,raw,atencion,dataset/raw/atencion/atencion_14210.jpg,train,atencion,dataset/train/atencion/atencion_14210.jpg,True,False
0,raw,atencion,dataset/raw/atencion/atencion_14211.jpg,train,atencion,dataset/train/atencion/atencion_14211.jpg,True,False
0,raw,atencion,dataset/raw/atencion/atencion_14212.jpg,train,atencion,dataset/train/atencion/atencion_14212.jpg,True,False
0,raw,atencion,dataset/raw/atencion/atencion_14213.jpg,validation,atencion,dataset/validation/atencion/atencion_14213.jpg,True,False
0,raw,atencion,dataset/raw/atencion/atencion_14214.jpg,train,atencion,dataset/train/atencion/atencion_14214.jpg,True,False
0,raw,atencion,dataset/raw/atencion/atencion_14215.jpg,train,atencion,dataset/train/atencion/atencion_14215.jpg,True,False
0,raw,atencion,dataset/raw/atencion/atencion_14216.jpg,test,atencion,dataset/test/atencion/atencion_14216.jpg,True,False
0,raw,atencion,dataset/raw/atencion/atencion_14217.jpg,train,atencion,dataset/train/atencion/atencion_14217.jpg,True,False
0,raw,atencion,dataset/raw/atencion/atencion_14218.jpg,train,atencion,dataset/train/atencion/atencion_14218.jpg,True,False
0,raw,atencion,dataset/raw/atencion/atencion_14219.jpg,train,atencion,dataset/train/atencion/atencion_14219.jpg,True,False
0,raw,atencion,dataset/raw/atencion/atencion_14220.jpg,test,atencion,dataset/test/atencion/atencion_14220.jpg,True,False
0,raw,atencion,dataset/raw/atencion/atencion_14221.jpg,test,atencion,dataset/test/atencion/atencion_14221.jpg,True,False
0,raw,atencion,dataset/raw/atencion/atencion_14222.jpg,train,atencion,dataset/train/atencion/atencion_14222.jpg,True,False
0,raw,atencion,dataset/raw/atencion/atencion_14223.jpg,test,atencion,dataset/test/atencion/atencion_14223.jpg,True,False
0,raw,atencion,dataset/raw/atencion/atencion_14224.jpg,test,atencion,dataset/test/atencion/atencion_14224.jpg,True,False
0,raw,atencion,dataset/raw/atencion/atencion_14225.jpg,test,atencion,dataset/test/atencion/atencion_14225.jpg,True,False
0,raw,atencion,dataset/raw/atencion/atencion_14226.jpg,train,atencion,dataset/train/atencion/atencion_14226.jpg,True,False
0,raw,atencion,dataset/raw/atencion/atencion_14227.jpg,test,atencion,dataset/test/atencion/atencion_14227.jpg,True,False
0,raw,atencion,dataset/raw/atencion/atencion_14228.jpg,validation,atencion,dataset/validation/atencion/atencion_14228.jpg,True,False
0,raw,atencion,dataset/raw/atencion/atencion_14229.jpg,validation,atencion,dataset/validation/atencion/atencion_14229.jpg,True,False
0,raw,atencion,dataset/raw/atencion/atencion_14230.jpg,test,atencion,dataset/test/atencion/atencion_14230.jpg,True,False
0,raw,peligro,dataset/raw/peligro/peligro_00006.jpg,train,peligro,dataset/train/peligro/peligro_00006.jpg,True,False
0,raw,peligro,dataset/raw/peligro/peligro_00007.jpg,train,peligro,dataset/train/peligro/peligro_00007.jpg,True,False
0,raw,peligro,dataset/raw/peligro/peligro_00010.jpg,test,atencion,dataset/test/atencion/atencion_00661.jpg,True,True
0,raw,peligro,dataset/raw/peligro/peligro_00010.jpg,train,peligro,dataset/train/peligro/peligro_00010.jpg,True,False
0,raw,peligro,dataset/raw/peligro/peligro_00013.jpg,train,peligro,dataset/train/peligro/peligro_00013.jpg,True,False
0,raw,peligro,dataset/raw/peligro/peligro_00017.jpg,train,atencion,dataset/train/atencion/atencion_01405.jpg,True,True
0,raw,peligro,dataset/raw/peligro/peligro_00017.jpg,train,peligro,dataset/train/peligro/peligro_00017.jpg,True,False
0,raw,peligro,dataset/raw/peligro/peligro_00020.jpg,validation,peligro,dataset/validation/peligro/peligro_00020.jpg,True,False
0,raw,peligro,dataset/raw/peligro/peligro_00022.jpg,train,atencion,dataset/train/atencion/atencion_01550.jpg,True,True
0,raw,peligro,dataset/raw/peligro/peligro_00022.jpg,validation,peligro,dataset/validation/peligro/peligro_00022.jpg,True,False
0,raw,peligro,dataset/raw/peligro/peligro_00024.jpg,train,peligro,dataset/train/peligro/peligro_00024.jpg,True,False
0,raw,peligro,dataset/raw/peligro/peligro_00026.jpg,train,peligro,dataset/train/peligro/peligro_00026.jpg,True,False
0,raw,peligro,dataset/raw/peligro/peligro_00028.jpg,train,peligro,dataset/train/peligro/peligro_00028.jpg,True,False
0,raw,peligro,dataset/raw/peligro/peligro_00029.jpg,train,peligro,dataset/train/peligro/peligro_00029.jpg,True,False
0,raw,peligro,dataset/raw/peligro/peligro_00030.jpg,train,peligro,dataset/train/peligro/peligro_00030.jpg,True,False
0,raw,peligro,dataset/raw/peligro/peligro_00031.jpg,train,peligro,dataset/train/peligro/peligro_00031.jpg,True,False
0,raw,peligro,dataset/raw/peligro/peligro_00034.jpg,train,peligro,dataset/train/peligro/peligro_00034.jpg,True,False
0,raw,peligro,dataset/raw/peligro/peligro_00037.jpg,train,peligro,dataset/train/peligro/peligro_00037.jpg,True,False
0,raw,peligro,dataset/raw/peligro/peligro_00042.jpg,train,atencion,dataset/train/atencion/atencion_05764.jpg,True,True
0,raw,peligro,dataset/raw/peligro/peligro_00042.jpg,train,peligro,dataset/train/peligro/peligro_00042.jpg,True,False
0,raw,peligro,dataset/raw/peligro/peligro_00043.jpg,test,peligro,dataset/test/peligro/peligro_00043.jpg,True,False
0,raw,peligro,dataset/raw/peligro/peligro_00048.jpg,train,peligro,dataset/train/peligro/peligro_00048.jpg,True,False
0,raw,peligro,dataset/raw/peligro/peligro_00051.jpg,train,peligro,dataset/train/peligro/peligro_00051.jpg,True,False
0,raw,peligro,dataset/raw/peligro/peligro_00054.jpg,test,peligro,dataset/test/peligro/peligro_00054.jpg,True,False
0,raw,peligro,dataset/raw/peligro/peligro_00061.jpg,train,atencion,dataset/train/atencion/atencion_01524.jpg,True,True
0,raw,peligro,dataset/raw/peligro/peligro_00061.jpg,train,peligro,dataset/train/peligro/peligro_00061.jpg,True,False
0,raw,peligro,dataset/raw/peligro/peligro_00064.jpg,train,peligro,dataset/train/peligro/peligro_00064.jpg,True,False
0,raw,peligro,dataset/raw/peligro/peligro_00066.jpg,train,peligro,dataset/train/peligro/peligro_00066.jpg,True,False
0,raw,peligro,dataset/raw/peligro/peligro_00067.jpg,train,atencion,dataset/train/atencion/atencion_01486.jpg,True,True
0,raw,peligro,dataset/raw/peligro/peligro_00067.jpg,train,peligro,dataset/train/peligro/peligro_00067.jpg,True,False
0,raw,peligro,dataset/raw/peligro/peligro_00068.jpg,train,atencion,dataset/train/atencion/atencion_01521.jpg,True,True
0,raw,peligro,dataset/raw/peligro/peligro_00068.jpg,train,peligro,dataset/train/peligro/peligro_00068.jpg,True,False
0,raw,peligro,dataset/raw/peligro/peligro_00070.jpg,train,atencion,dataset/train/atencion/atencion_00630.jpg,True,True
0,raw,peligro,dataset/raw/peligro/peligro_00070.jpg,validation,peligro,dataset/validation/peligro/peligro_00070.jpg,True,False
0,raw,peligro,dataset/raw/peligro/peligro_00071.jpg,train,peligro,dataset/train/peligro/peligro_00071.jpg,True,False
0,raw,peligro,dataset/raw/peligro/peligro_00073.jpg,validation,peligro,dataset/validation/peligro/peligro_00073.jpg,True,False
0,raw,peligro,dataset/raw/peligro/peligro_00076.jpg,validation,peligro,dataset/validation/peligro/peligro_00076.jpg,True,False
0,raw,peligro,dataset/raw/peligro/peligro_00077.jpg,validation,peligro,dataset/validation/peligro/peligro_00077.jpg,True,False
0,raw,peligro,dataset/raw/peligro/peligro_00085.jpg,test,peligro,dataset/test/peligro/peligro_00085.jpg,True,False
0,raw,peligro,dataset/raw/peligro/peligro_00087.jpg,validation,peligro,dataset/validation/peligro/peligro_00087.jpg,True,False
0,raw,peligro,dataset/raw/peligro/peligro_00093.jpg,train,peligro,dataset/train/peligro/peligro_00093.jpg,True,False
0,raw,peligro,dataset/raw/peligro/peligro_00093.jpg,validation,atencion,dataset/validation/atencion/atencion_01398.jpg,True,True
0,raw,peligro,dataset/raw/peligro/peligro_00094.jpg,train,peligro,dataset/train/peligro/peligro_00094.jpg,True,False
0,raw,peligro,dataset/raw/peligro/peligro_00098.jpg,train,peligro,dataset/train/peligro/peligro_00098.jpg,True,False
0,raw,peligro,dataset/raw/peligro/peligro_00100.jpg,train,peligro,dataset/train/peligro/peligro_00100.jpg,True,False
0,raw,peligro,dataset/raw/peligro/peligro_00100.jpg,validation,atencion,dataset/validation/atencion/atencion_00700.jpg,True,True
0,raw,peligro,dataset/raw/peligro/peligro_00101.jpg,train,atencion,dataset/train/atencion/atencion_00034.jpg,True,True
0,raw,peligro,dataset/raw/peligro/peligro_00101.jpg,train,peligro,dataset/train/peligro/peligro_00101.jpg,True,False
0,raw,peligro,dataset/raw/peligro/peligro_00103.jpg,train,peligro,dataset/train/peligro/peligro_00103.jpg,True,False
0,raw,peligro,dataset/raw/peligro/peligro_00104.jpg,train,atencion,dataset/train/atencion/atencion_09857.jpg,True,True
0,raw,peligro,dataset/raw/peligro/peligro_00104.jpg,train,peligro,dataset/train/peligro/peligro_00104.jpg,True,False
0,raw,peligro,dataset/raw/peligro/peligro_00106.jpg,train,peligro,dataset/train/peligro/peligro_00106.jpg,True,False
0,raw,peligro,dataset/raw/peligro/peligro_00111.jpg,train,atencion,dataset/train/atencion/atencion_00665.jpg,True,True
0,raw,peligro,dataset/raw/peligro/peligro_00111.jpg,train,peligro,dataset/train/peligro/peligro_00111.jpg,True,False
0,raw,peligro,dataset/raw/peligro/peligro_00113.jpg,test,peligro,dataset/test/peligro/peligro_00113.jpg,True,False
0,raw,peligro,dataset/raw/peligro/peligro_00113.jpg,train,atencion,dataset/train/atencion/atencion_00693.jpg,True,True
0,raw,peligro,dataset/raw/peligro/peligro_00118.jpg,train,atencion,dataset/train/atencion/atencion_00763.jpg,True,True
0,raw,peligro,dataset/raw/peligro/peligro_00118.jpg,train,peligro,dataset/train/peligro/peligro_00118.jpg,True,False
0,raw,peligro,dataset/raw/peligro/peligro_00118.jpg,train,sano,dataset/train/sano/sano_04371.jpg,True,True
0,raw,peligro,dataset/raw/peligro/peligro_00123.jpg,train,peligro,dataset/train/peligro/peligro_00123.jpg,True,False
0,raw,peligro,dataset/raw/peligro/peligro_00126.jpg,train,peligro,dataset/train/peligro/peligro_00126.jpg,True,False
0,raw,peligro,dataset/raw/peligro/peligro_00135.jpg,train,peligro,dataset/train/peligro/peligro_00135.jpg,True,False
0,raw,peligro,dataset/raw/peligro/peligro_00136.jpg,train,peligro,dataset/train/peligro/peligro_00136.jpg,True,False
0,raw,peligro,dataset/raw/peligro/peligro_00137.jpg,validation,peligro,dataset/validation/peligro/peligro_00137.jpg,True,False
0,raw,peligro,dataset/raw/peligro/peligro_00139.jpg,validation,peligro,dataset/validation/peligro/peligro_00139.jpg,True,False
0,raw,peligro,dataset/raw/peligro/peligro_00143.jpg,train,peligro,dataset/train/peligro/peligro_00143.jpg,True,False
0,raw,peligro,dataset/raw/peligro/peligro_00145.jpg,train,peligro,dataset/train/peligro/peligro_00145.jpg,True,False
0,raw,peligro,dataset/raw/peligro/peligro_00157.jpg,train,peligro,dataset/train/peligro/peligro_00157.jpg,True,False
0,raw,peligro,dataset/raw/peligro/peligro_00157.jpg,validation,atencion,dataset/validation/atencion/atencion_05135.jpg,True,True
0,raw,peligro,dataset/raw/peligro/peligro_00158.jpg,train,peligro,dataset/train/peligro/peligro_00158.jpg,True,False
0,raw,peligro,dataset/raw/peligro/peligro_00165.jpg,train,peligro,dataset/train/peligro/peligro_00165.jpg,True,False
0,raw,peligro,dataset/raw/peligro/peligro_00171.jpg,train,peligro,dataset/train/peligro/peligro_00171.jpg,True,False
0,raw,peligro,dataset/raw/peligro/peligro_00176.jpg,test,peligro,dataset/test/peligro/peligro_00176.jpg,True,False
0,raw,peligro,dataset/raw/peligro/peligro_00179.jpg,train,atencion,dataset/train/atencion/atencion_00004.jpg,True,True
0,raw,peligro,dataset/raw/peligro/peligro_00179.jpg,train,peligro,dataset/train/peligro/peligro_00179.jpg,True,False
0,raw,peligro,dataset/raw/peligro/peligro_00180.jpg,validation,peligro,dataset/validation/peligro/peligro_00180.jpg,True,False
0,raw,peligro,dataset/raw/peligro/peligro_00188.jpg,train,peligro,dataset/train/peligro/peligro_00188.jpg,True,False
0,raw,peligro,dataset/raw/peligro/peligro_00196.jpg,train,peligro,dataset/train/peligro/peligro_00196.jpg,True,False
0,raw,peligro,dataset/raw/peligro/peligro_00199.jpg,test,sano,dataset/test/sano/sano_02864.jpg,True,True
0,raw,peligro,dataset/raw/peligro/peligro_00199.jpg,train,peligro,dataset/train/peligro/peligro_00199.jpg,True,False
0,raw,peligro,dataset/raw/peligro/peligro_00202.jpg,train,peligro,dataset/train/peligro/peligro_00202.jpg,True,False
0,raw,peligro,dataset/raw/peligro/peligro_00218.jpg,validation,peligro,dataset/validation/peligro/peligro_00218.jpg,True,False
0,raw,peligro,dataset/raw/peligro/peligro_00226.jpg,test,peligro,dataset/test/peligro/peligro_00226.jpg,True,False
0,raw,peligro,dataset/raw/peligro/peligro_00227.jpg,train,peligro,dataset/train/peligro/peligro_00227.jpg,True,False
0,raw,peligro,dataset/raw/peligro/peligro_00228.jpg,train,peligro,dataset/train/peligro/peligro_00228.jpg,True,False
0,raw,peligro,dataset/raw/peligro/peligro_00230.jpg,test,sano,dataset/test/sano/sano_02935.jpg,True,True
0,raw,peligro,dataset/raw/peligro/peligro_00230.jpg,validation,peligro,dataset/validation/peligro/peligro_00230.jpg,True,False
0,raw,peligro,dataset/raw/peligro/peligro_00231.jpg,train,peligro,dataset/train/peligro/peligro_00231.jpg,True,False
0,raw,peligro,dataset/raw/peligro/peligro_00243.jpg,test,peligro,dataset/test/peligro/peligro_00243.jpg,True,False
0,raw,peligro,dataset/raw/peligro/peligro_00246.jpg,train,peligro,dataset/train/peligro/peligro_00246.jpg,True,False
0,raw,peligro,dataset/raw/peligro/peligro_00247.jpg,train,atencion,dataset/train/atencion/atencion_05005.jpg,True,True
0,raw,peligro,dataset/raw/peligro/peligro_00247.jpg,train,peligro,dataset/train/peligro/peligro_00247.jpg,True,False
0,raw,peligro,dataset/raw/peligro/peligro_00248.jpg,validation,peligro,dataset/validation/peligro/peligro_00248.jpg,True,False
0,raw,peligro,dataset/raw/peligro/peligro_00251.jpg,train,peligro,dataset/train/peligro/peligro_00251.jpg,True,False
0,raw,peligro,dataset/raw/peligro/peligro_00255.jpg,train,peligro,dataset/train/peligro/peligro_00255.jpg,True,False
0,raw,peligro,dataset/raw/peligro/peligro_00259.jpg,train,peligro,dataset/train/peligro/peligro_00259.jpg,True,False
0,raw,peligro,dataset/raw/peligro/peligro_00265.jpg,test,peligro,dataset/test/peligro/peligro_00265.jpg,True,False
0,raw,peligro,dataset/raw/peligro/peligro_00266.jpg,train,peligro,dataset/train/peligro/peligro_00266.jpg,True,False
0,raw,peligro,dataset/raw/peligro/peligro_00271.jpg,train,atencion,dataset/train/atencion/atencion_03687.jpg,True,True
0,raw,peligro,dataset/raw/peligro/peligro_00271.jpg,train,peligro,dataset/train/peligro/peligro_00271.jpg,True,False
0,raw,peligro,dataset/raw/peligro/peligro_00272.jpg,train,atencion,dataset/train/atencion/atencion_04687.jpg,True,True
0,raw,peligro,dataset/raw/peligro/peligro_00272.jpg,train,peligro,dataset/train/peligro/peligro_00272.jpg,True,False
0,raw,peligro,dataset/raw/peligro/peligro_00277.jpg,train,atencion,dataset/train/atencion/atencion_00666.jpg,True,True
0,raw,peligro,dataset/raw/peligro/peligro_00277.jpg,train,peligro,dataset/train/peligro/peligro_00277.jpg,True,False
0,raw,peligro,dataset/raw/peligro/peligro_00289.jpg,train,peligro,dataset/train/peligro/peligro_00289.jpg,True,False
0,raw,peligro,dataset/raw/peligro/peligro_00292.jpg,train,peligro,dataset/train/peligro/peligro_00292.jpg,True,False
0,raw,peligro,dataset/raw/peligro/peligro_00297.jpg,validation,peligro,dataset/validation/peligro/peligro_00297.jpg,True,False
0,raw,peligro,dataset/raw/peligro/peligro_00298.jpg,validation,peligro,dataset/validation/peligro/peligro_00298.jpg,True,False
0,raw,peligro,dataset/raw/peligro/peligro_00300.jpg,train,atencion,dataset/train/atencion/atencion_00636.jpg,True,True
0,raw,peligro,dataset/raw/peligro/peligro_00300.jpg,train,peligro,dataset/train/peligro/peligro_00300.jpg,True,False
0,raw,peligro,dataset/raw/peligro/peligro_00301.jpg,train,peligro,dataset/train/peligro/peligro_00301.jpg,True,False
0,raw,peligro,dataset/raw/peligro/peligro_00305.jpg,train,peligro,dataset/train/peligro/peligro_00305.jpg,True,False
0,raw,peligro,dataset/raw/peligro/peligro_00308.jpg,validation,peligro,dataset/validation/peligro/peligro_00308.jpg,True,False
0,raw,peligro,dataset/raw/peligro/peligro_00310.jpg,validation,peligro,dataset/validation/peligro/peligro_00310.jpg,True,False
0,raw,peligro,dataset/raw/peligro/peligro_00313.jpg,test,peligro,dataset/test/peligro/peligro_00313.jpg,True,False
0,raw,peligro,dataset/raw/peligro/peligro_00324.jpg,train,peligro,dataset/train/peligro/peligro_00324.jpg,True,False
0,raw,peligro,dataset/raw/peligro/peligro_00325.jpg,validation,peligro,dataset/validation/peligro/peligro_00325.jpg,True,False
0,raw,peligro,dataset/raw/peligro/peligro_00337.jpg,validation,peligro,dataset/validation/peligro/peligro_00337.jpg,True,False
0,raw,peligro,dataset/raw/peligro/peligro_00338.jpg,train,peligro,dataset/train/peligro/peligro_00338.jpg,True,False
0,raw,peligro,dataset/raw/peligro/peligro_00340.jpg,test,peligro,dataset/test/peligro/peligro_00340.jpg,True,False
0,raw,peligro,dataset/raw/peligro/peligro_00349.jpg,validation,peligro,dataset/validation/peligro/peligro_00349.jpg,True,False
0,raw,peligro,dataset/raw/peligro/peligro_00353.jpg,train,peligro,dataset/train/peligro/peligro_00353.jpg,True,False
0,raw,peligro,dataset/raw/peligro/peligro_00356.jpg,validation,peligro,dataset/validation/peligro/peligro_00356.jpg,True,False
0,raw,peligro,dataset/raw/peligro/peligro_00358.jpg,train,peligro,dataset/train/peligro/peligro_00358.jpg,True,False
0,raw,peligro,dataset/raw/peligro/peligro_00367.jpg,train,peligro,dataset/train/peligro/peligro_00367.jpg,True,False
0,raw,peligro,dataset/raw/peligro/peligro_00370.jpg,validation,peligro,dataset/validation/peligro/peligro_00370.jpg,True,False
0,raw,peligro,dataset/raw/peligro/peligro_00371.jpg,validation,peligro,dataset/validation/peligro/peligro_00371.jpg,True,False
0,raw,peligro,dataset/raw/peligro/peligro_00372.jpg,train,peligro,dataset/train/peligro/peligro_00372.jpg,True,False
0,raw,peligro,dataset/raw/peligro/peligro_00377.jpg,train,peligro,dataset/train/peligro/peligro_00377.jpg,True,False
0,raw,peligro,dataset/raw/peligro/peligro_00378.jpg,validation,atencion,dataset/validation/atencion/atencion_07781.jpg,True,True
0,raw,peligro,dataset/raw/peligro/peligro_00378.jpg,validation,peligro,dataset/validation/peligro/peligro_00378.jpg,True,False
0,raw,peligro,dataset/raw/peligro/peligro_00379.jpg,train,peligro,dataset/train/peligro/peligro_00379.jpg,True,False
0,raw,peligro,dataset/raw/peligro/peligro_00382.jpg,train,peligro,dataset/train/peligro/peligro_00382.jpg,True,False
0,raw,peligro,dataset/raw/peligro/peligro_00383.jpg,train,peligro,dataset/train/peligro/peligro_00383.jpg,True,False
0,raw,peligro,dataset/raw/peligro/peligro_00385.jpg,test,peligro,dataset/test/peligro/peligro_00385.jpg,True,False
0,raw,peligro,dataset/raw/peligro/peligro_00396.jpg,train,peligro,dataset/train/peligro/peligro_00396.jpg,True,False
0,raw,peligro,dataset/raw/peligro/peligro_00398.jpg,train,peligro,dataset/train/peligro/peligro_00398.jpg,True,False
0,raw,peligro,dataset/raw/peligro/peligro_00402.jpg,validation,peligro,dataset/validation/peligro/peligro_00402.jpg,True,False
0,raw,peligro,dataset/raw/peligro/peligro_00420.jpg,train,peligro,dataset/train/peligro/peligro_00420.jpg,True,False
0,raw,peligro,dataset/raw/peligro/peligro_00423.jpg,train,peligro,dataset/train/peligro/peligro_00423.jpg,True,False
0,raw,peligro,dataset/raw/peligro/peligro_00425.jpg,train,peligro,dataset/train/peligro/peligro_00425.jpg,True,False
0,raw,peligro,dataset/raw/peligro/peligro_00431.jpg,train,atencion,dataset/train/atencion/atencion_03640.jpg,True,True
0,raw,peligro,dataset/raw/peligro/peligro_00431.jpg,train,peligro,dataset/train/peligro/peligro_00431.jpg,True,False
0,raw,peligro,dataset/raw/peligro/peligro_00439.jpg,train,peligro,dataset/train/peligro/peligro_00439.jpg,True,False
0,raw,peligro,dataset/raw/peligro/peligro_00440.jpg,train,peligro,dataset/train/peligro/peligro_00440.jpg,True,False
0,raw,peligro,dataset/raw/peligro/peligro_00443.jpg,validation,peligro,dataset/validation/peligro/peligro_00443.jpg,True,False
0,raw,peligro,dataset/raw/peligro/peligro_00445.jpg,validation,peligro,dataset/validation/peligro/peligro_00445.jpg,True,False
0,raw,peligro,dataset/raw/peligro/peligro_00448.jpg,train,peligro,dataset/train/peligro/peligro_00448.jpg,True,False
0,raw,peligro,dataset/raw/peligro/peligro_00451.jpg,train,peligro,dataset/train/peligro/peligro_00451.jpg,True,False
0,raw,peligro,dataset/raw/peligro/peligro_00456.jpg,train,peligro,dataset/train/peligro/peligro_00456.jpg,True,False
0,raw,peligro,dataset/raw/peligro/peligro_00458.jpg,validation,peligro,dataset/validation/peligro/peligro_00458.jpg,True,False
0,raw,peligro,dataset/raw/peligro/peligro_00459.jpg,validation,peligro,dataset/validation/peligro/peligro_00459.jpg,True,False
0,raw,peligro,dataset/raw/peligro/peligro_00460.jpg,train,peligro,dataset/train/peligro/peligro_00460.jpg,True,False
0,raw,peligro,dataset/raw/peligro/peligro_00463.jpg,train,peligro,dataset/train/peligro/peligro_00463.jpg,True,False
0,raw,peligro,dataset/raw/peligro/peligro_00465.jpg,validation,peligro,dataset/validation/peligro/peligro_00465.jpg,True,False
0,raw,peligro,dataset/raw/peligro/peligro_00466.jpg,validation,peligro,dataset/validation/peligro/peligro_00466.jpg,True,False
0,raw,peligro,dataset/raw/peligro/peligro_00467.jpg,train,peligro,dataset/train/peligro/peligro_00467.jpg,True,False
0,raw,peligro,dataset/raw/peligro/peligro_00470.jpg,train,peligro,dataset/train/peligro/peligro_00470.jpg,True,False
0,raw,peligro,dataset/raw/peligro/peligro_00472.jpg,train,peligro,dataset/train/peligro/peligro_00472.jpg,True,False
0,raw,peligro,dataset/raw/peligro/peligro_00480.jpg,train,peligro,dataset/train/peligro/peligro_00480.jpg,True,False
0,raw,peligro,dataset/raw/peligro/peligro_00489.jpg,train,peligro,dataset/train/peligro/peligro_00489.jpg,True,False
0,raw,peligro,dataset/raw/peligro/peligro_00498.jpg,test,peligro,dataset/test/peligro/peligro_00498.jpg,True,False
0,raw,peligro,dataset/raw/peligro/peligro_00502.jpg,train,peligro,dataset/train/peligro/peligro_00502.jpg,True,False
0,raw,peligro,dataset/raw/peligro/peligro_00506.jpg,train,peligro,dataset/train/peligro/peligro_00506.jpg,True,False
0,raw,peligro,dataset/raw/peligro/peligro_00510.jpg,train,peligro,dataset/train/peligro/peligro_00510.jpg,True,False
0,raw,peligro,dataset/raw/peligro/peligro_00516.jpg,train,peligro,dataset/train/peligro/peligro_00516.jpg,True,False
0,raw,peligro,dataset/raw/peligro/peligro_00527.jpg,validation,peligro,dataset/validation/peligro/peligro_00527.jpg,True,False
0,raw,peligro,dataset/raw/peligro/peligro_00531.jpg,train,peligro,dataset/train/peligro/peligro_00531.jpg,True,False
0,raw,peligro,dataset/raw/peligro/peligro_00532.jpg,train,peligro,dataset/train/peligro/peligro_00532.jpg,True,False
0,raw,peligro,dataset/raw/peligro/peligro_00535.jpg,train,peligro,dataset/train/peligro/peligro_00535.jpg,True,False
0,raw,peligro,dataset/raw/peligro/peligro_00536.jpg,validation,peligro,dataset/validation/peligro/peligro_00536.jpg,True,False
0,raw,peligro,dataset/raw/peligro/peligro_00539.jpg,test,peligro,dataset/test/peligro/peligro_00539.jpg,True,False
0,raw,peligro,dataset/raw/peligro/peligro_00543.jpg,train,peligro,dataset/train/peligro/peligro_00543.jpg,True,False
0,raw,peligro,dataset/raw/peligro/peligro_00544.jpg,test,peligro,dataset/test/peligro/peligro_00544.jpg,True,False
0,raw,peligro,dataset/raw/peligro/peligro_00552.jpg,test,peligro,dataset/test/peligro/peligro_00552.jpg,True,False
0,raw,peligro,dataset/raw/peligro/peligro_00557.jpg,train,peligro,dataset/train/peligro/peligro_00557.jpg,True,False
0,raw,peligro,dataset/raw/peligro/peligro_00559.jpg,validation,peligro,dataset/validation/peligro/peligro_00559.jpg,True,False
0,raw,peligro,dataset/raw/peligro/peligro_00560.jpg,train,peligro,dataset/train/peligro/peligro_00560.jpg,True,False
0,raw,peligro,dataset/raw/peligro/peligro_00562.jpg,validation,peligro,dataset/validation/peligro/peligro_00562.jpg,True,False
0,raw,peligro,dataset/raw/peligro/peligro_00566.jpg,train,peligro,dataset/train/peligro/peligro_00566.jpg,True,False
0,raw,peligro,dataset/raw/peligro/peligro_00572.jpg,train,peligro,dataset/train/peligro/peligro_00572.jpg,True,False
0,raw,peligro,dataset/raw/peligro/peligro_00575.jpg,test,peligro,dataset/test/peligro/peligro_00575.jpg,True,False
0,raw,peligro,dataset/raw/peligro/peligro_00578.jpg,validation,peligro,dataset/validation/peligro/peligro_00578.jpg,True,False
0,raw,peligro,dataset/raw/peligro/peligro_00584.jpg,train,peligro,dataset/train/peligro/peligro_00584.jpg,True,False
0,raw,peligro,dataset/raw/peligro/peligro_00593.jpg,train,peligro,dataset/train/peligro/peligro_00593.jpg,True,False
0,raw,peligro,dataset/raw/peligro/peligro_00596.jpg,train,peligro,dataset/train/peligro/peligro_00596.jpg,True,False
0,raw,peligro,dataset/raw/peligro/peligro_00598.jpg,train,peligro,dataset/train/peligro/peligro_00598.jpg,True,False
0,raw,peligro,dataset/raw/peligro/peligro_00599.jpg,train,peligro,dataset/train/peligro/peligro_00599.jpg,True,False
0,raw,peligro,dataset/raw/peligro/peligro_00600.jpg,train,peligro,dataset/train/peligro/peligro_00600.jpg,True,False
0,raw,peligro,dataset/raw/peligro/peligro_00607.jpg,train,peligro,dataset/train/peligro/peligro_00607.jpg,True,False
0,raw,peligro,dataset/raw/peligro/peligro_00608.jpg,train,peligro,dataset/train/peligro/peligro_00608.jpg,True,False
0,raw,peligro,dataset/raw/peligro/peligro_00609.jpg,train,peligro,dataset/train/peligro/peligro_00609.jpg,True,False
0,raw,peligro,dataset/raw/peligro/peligro_00614.jpg,train,peligro,dataset/train/peligro/peligro_00614.jpg,True,False
0,raw,peligro,dataset/raw/peligro/peligro_00627.jpg,train,peligro,dataset/train/peligro/peligro_00627.jpg,True,False
0,raw,peligro,dataset/raw/peligro/peligro_00635.jpg,train,peligro,dataset/train/peligro/peligro_00635.jpg,True,False
0,raw,peligro,dataset/raw/peligro/peligro_00638.jpg,train,peligro,dataset/train/peligro/peligro_00638.jpg,True,False
0,raw,peligro,dataset/raw/peligro/peligro_00640.jpg,train,peligro,dataset/train/peligro/peligro_00640.jpg,True,False
0,raw,peligro,dataset/raw/peligro/peligro_00642.jpg,train,peligro,dataset/train/peligro/peligro_00642.jpg,True,False
0,raw,peligro,dataset/raw/peligro/peligro_00644.jpg,train,peligro,dataset/train/peligro/peligro_00644.jpg,True,False
0,raw,peligro,dataset/raw/peligro/peligro_00663.jpg,test,peligro,dataset/test/peligro/peligro_00663.jpg,True,False
0,raw,peligro,dataset/raw/peligro/peligro_00664.jpg,test,peligro,dataset/test/peligro/peligro_00664.jpg,True,False
0,raw,peligro,dataset/raw/peligro/peligro_00666.jpg,train,peligro,dataset/train/peligro/peligro_00666.jpg,True,False
0,raw,peligro,dataset/raw/peligro/peligro_00667.jpg,validation,peligro,dataset/validation/peligro/peligro_00667.jpg,True,False
0,raw,peligro,dataset/raw/peligro/peligro_00670.jpg,train,peligro,dataset/train/peligro/peligro_00670.jpg,True,False
0,raw,peligro,dataset/raw/peligro/peligro_00672.jpg,train,peligro,dataset/train/peligro/peligro_00672.jpg,True,False
0,raw,peligro,dataset/raw/peligro/peligro_00675.jpg,train,peligro,dataset/train/peligro/peligro_00675.jpg,True,False
0,raw,peligro,dataset/raw/peligro/peligro_00677.jpg,train,atencion,dataset/train/atencion/atencion_05755.jpg,True,True
0,raw,peligro,dataset/raw/peligro/peligro_00677.jpg,train,peligro,dataset/train/peligro/peligro_00677.jpg,True,False
0,raw,peligro,dataset/raw/peligro/peligro_00678.jpg,train,peligro,dataset/train/peligro/peligro_00678.jpg,True,False
0,raw,peligro,dataset/raw/peligro/peligro_00679.jpg,train,peligro,dataset/train/peligro/peligro_00679.jpg,True,False
0,raw,peligro,dataset/raw/peligro/peligro_00683.jpg,train,peligro,dataset/train/peligro/peligro_00683.jpg,True,False
0,raw,peligro,dataset/raw/peligro/peligro_00689.jpg,train,peligro,dataset/train/peligro/peligro_00689.jpg,True,False
0,raw,peligro,dataset/raw/peligro/peligro_00690.jpg,train,peligro,dataset/train/peligro/peligro_00690.jpg,True,False
0,raw,peligro,dataset/raw/peligro/peligro_00692.jpg,train,peligro,dataset/train/peligro/peligro_00692.jpg,True,False
0,raw,peligro,dataset/raw/peligro/peligro_00693.jpg,test,peligro,dataset/test/peligro/peligro_00693.jpg,True,False
0,raw,peligro,dataset/raw/peligro/peligro_00694.jpg,train,atencion,dataset/train/atencion/atencion_00658.jpg,True,True
0,raw,peligro,dataset/raw/peligro/peligro_00694.jpg,validation,peligro,dataset/validation/peligro/peligro_00694.jpg,True,False
0,raw,peligro,dataset/raw/peligro/peligro_00696.jpg,train,peligro,dataset/train/peligro/peligro_00696.jpg,True,False
0,raw,peligro,dataset/raw/peligro/peligro_00698.jpg,test,peligro,dataset/test/peligro/peligro_00698.jpg,True,False
0,raw,peligro,dataset/raw/peligro/peligro_00701.jpg,validation,peligro,dataset/validation/peligro/peligro_00701.jpg,True,False
0,raw,peligro,dataset/raw/peligro/peligro_00704.jpg,validation,peligro,dataset/validation/peligro/peligro_00704.jpg,True,False
0,raw,peligro,dataset/raw/peligro/peligro_00718.jpg,train,peligro,dataset/train/peligro/peligro_00718.jpg,True,False
0,raw,peligro,dataset/raw/peligro/peligro_00720.jpg,test,peligro,dataset/test/peligro/peligro_00720.jpg,True,False
0,raw,peligro,dataset/raw/peligro/peligro_00731.jpg,train,peligro,dataset/train/peligro/peligro_00731.jpg,True,False
0,raw,peligro,dataset/raw/peligro/peligro_00741.jpg,train,peligro,dataset/train/peligro/peligro_00741.jpg,True,False
0,raw,peligro,dataset/raw/peligro/peligro_00742.jpg,train,peligro,dataset/train/peligro/peligro_00742.jpg,True,False
0,raw,peligro,dataset/raw/peligro/peligro_00746.jpg,train,peligro,dataset/train/peligro/peligro_00746.jpg,True,False
0,raw,peligro,dataset/raw/peligro/peligro_00748.jpg,train,peligro,dataset/train/peligro/peligro_00748.jpg,True,False
0,raw,peligro,dataset/raw/peligro/peligro_00749.jpg,train,peligro,dataset/train/peligro/peligro_00749.jpg,True,False
0,raw,peligro,dataset/raw/peligro/peligro_00751.jpg,train,peligro,dataset/train/peligro/peligro_00751.jpg,True,False
0,raw,peligro,dataset/raw/peligro/peligro_00757.jpg,train,peligro,dataset/train/peligro/peligro_00757.jpg,True,False
0,raw,peligro,dataset/raw/peligro/peligro_00765.jpg,train,atencion,dataset/train/atencion/atencion_00574.jpg,True,True
0,raw,peligro,dataset/raw/peligro/peligro_00765.jpg,train,peligro,dataset/train/peligro/peligro_00765.jpg,True,False
0,raw,peligro,dataset/raw/peligro/peligro_00780.jpg,train,peligro,dataset/train/peligro/peligro_00780.jpg,True,False
0,raw,peligro,dataset/raw/peligro/peligro_00782.jpg,train,peligro,dataset/train/peligro/peligro_00782.jpg,True,False
0,raw,peligro,dataset/raw/peligro/peligro_00783.jpg,validation,peligro,dataset/validation/peligro/peligro_00783.jpg,True,False
0,raw,peligro,dataset/raw/peligro/peligro_00787.jpg,test,peligro,dataset/test/peligro/peligro_00787.jpg,True,False
0,raw,peligro,dataset/raw/peligro/peligro_00788.jpg,train,peligro,dataset/train/peligro/peligro_00788.jpg,True,False
0,raw,peligro,dataset/raw/peligro/peligro_00795.jpg,validation,peligro,dataset/validation/peligro/peligro_00795.jpg,True,False
0,raw,peligro,dataset/raw/peligro/peligro_00798.jpg,validation,peligro,dataset/validation/peligro/peligro_00798.jpg,True,False
0,raw,peligro,dataset/raw/peligro/peligro_00806.jpg,validation,peligro,dataset/validation/peligro/peligro_00806.jpg,True,False
0,raw,peligro,dataset/raw/peligro/peligro_00816.jpg,train,peligro,dataset/train/peligro/peligro_00816.jpg,True,False
0,raw,peligro,dataset/raw/peligro/peligro_00820.jpg,validation,peligro,dataset/validation/peligro/peligro_00820.jpg,True,False
0,raw,peligro,dataset/raw/peligro/peligro_00821.jpg,train,peligro,dataset/train/peligro/peligro_00821.jpg,True,False
0,raw,peligro,dataset/raw/peligro/peligro_00823.jpg,train,peligro,dataset/train/peligro/peligro_00823.jpg,True,False
0,raw,peligro,dataset/raw/peligro/peligro_00824.jpg,train,peligro,dataset/train/peligro/peligro_00824.jpg,True,False
0,raw,peligro,dataset/raw/peligro/peligro_00830.jpg,validation,peligro,dataset/validation/peligro/peligro_00830.jpg,True,False
0,raw,peligro,dataset/raw/peligro/peligro_00834.jpg,train,peligro,dataset/train/peligro/peligro_00834.jpg,True,False
0,raw,peligro,dataset/raw/peligro/peligro_00837.jpg,validation,peligro,dataset/validation/peligro/peligro_00837.jpg,True,False
0,raw,peligro,dataset/raw/peligro/peligro_00838.jpg,validation,peligro,dataset/validation/peligro/peligro_00838.jpg,True,False
0,raw,peligro,dataset/raw/peligro/peligro_00840.jpg,validation,peligro,dataset/validation/peligro/peligro_00840.jpg,True,False
0,raw,peligro,dataset/raw/peligro/peligro_00846.jpg,train,peligro,dataset/train/peligro/peligro_00846.jpg,True,False
0,raw,peligro,dataset/raw/peligro/peligro_00847.jpg,test,peligro,dataset/test/peligro/peligro_00847.jpg,True,False
0,raw,peligro,dataset/raw/peligro/peligro_00850.jpg,train,peligro,dataset/train/peligro/peligro_00850.jpg,True,False
0,raw,peligro,dataset/raw/peligro/peligro_00851.jpg,validation,peligro,dataset/validation/peligro/peligro_00851.jpg,True,False
0,raw,peligro,dataset/raw/peligro/peligro_00852.jpg,validation,peligro,dataset/validation/peligro/peligro_00852.jpg,True,False
0,raw,peligro,dataset/raw/peligro/peligro_00853.jpg,train,peligro,dataset/train/peligro/peligro_00853.jpg,True,False
0,raw,peligro,dataset/raw/peligro/peligro_00856.jpg,train,peligro,dataset/train/peligro/peligro_00856.jpg,True,False
0,raw,peligro,dataset/raw/peligro/peligro_00857.jpg,train,peligro,dataset/train/peligro/peligro_00857.jpg,True,False
0,raw,peligro,dataset/raw/peligro/peligro_00860.jpg,train,peligro,dataset/train/peligro/peligro_00860.jpg,True,False
0,raw,peligro,dataset/raw/peligro/peligro_00877.jpg,train,peligro,dataset/train/peligro/peligro_00877.jpg,True,False
0,raw,peligro,dataset/raw/peligro/peligro_00878.jpg,train,peligro,dataset/train/peligro/peligro_00878.jpg,True,False
0,raw,peligro,dataset/raw/peligro/peligro_00882.jpg,train,peligro,dataset/train/peligro/peligro_00882.jpg,True,False
0,raw,peligro,dataset/raw/peligro/peligro_00884.jpg,train,peligro,dataset/train/peligro/peligro_00884.jpg,True,False
0,raw,peligro,dataset/raw/peligro/peligro_00886.jpg,train,peligro,dataset/train/peligro/peligro_00886.jpg,True,False
0,raw,peligro,dataset/raw/peligro/peligro_00889.jpg,train,peligro,dataset/train/peligro/peligro_00889.jpg,True,False
0,raw,peligro,dataset/raw/peligro/peligro_00890.jpg,validation,peligro,dataset/validation/peligro/peligro_00890.jpg,True,False
0,raw,peligro,dataset/raw/peligro/peligro_00894.jpg,train,peligro,dataset/train/peligro/peligro_00894.jpg,True,False
0,raw,peligro,dataset/raw/peligro/peligro_00897.jpg,train,peligro,dataset/train/peligro/peligro_00897.jpg,True,False
0,raw,peligro,dataset/raw/peligro/peligro_00898.jpg,validation,peligro,dataset/validation/peligro/peligro_00898.jpg,True,False
0,raw,peligro,dataset/raw/peligro/peligro_00900.jpg,train,peligro,dataset/train/peligro/peligro_00900.jpg,True,False
0,raw,peligro,dataset/raw/peligro/peligro_00903.jpg,train,peligro,dataset/train/peligro/peligro_00903.jpg,True,False
0,raw,peligro,dataset/raw/peligro/peligro_00905.jpg,train,peligro,dataset/train/peligro/peligro_00905.jpg,True,False
0,raw,peligro,dataset/raw/peligro/peligro_00906.jpg,validation,peligro,dataset/validation/peligro/peligro_00906.jpg,True,False
0,raw,peligro,dataset/raw/peligro/peligro_00910.jpg,validation,peligro,dataset/validation/peligro/peligro_00910.jpg,True,False
0,raw,peligro,dataset/raw/peligro/peligro_00919.jpg,train,peligro,dataset/train/peligro/peligro_00919.jpg,True,False
0,raw,peligro,dataset/raw/peligro/peligro_00921.jpg,validation,peligro,dataset/validation/peligro/peligro_00921.jpg,True,False
0,raw,peligro,dataset/raw/peligro/peligro_00923.jpg,train,peligro,dataset/train/peligro/peligro_00923.jpg,True,False
0,raw,peligro,dataset/raw/peligro/peligro_00924.jpg,train,peligro,dataset/train/peligro/peligro_00924.jpg,True,False
0,raw,peligro,dataset/raw/peligro/peligro_00927.jpg,train,peligro,dataset/train/peligro/peligro_00927.jpg,True,False
0,raw,peligro,dataset/raw/peligro/peligro_00929.jpg,train,peligro,dataset/train/peligro/peligro_00929.jpg,True,False
0,raw,peligro,dataset/raw/peligro/peligro_00930.jpg,validation,peligro,dataset/validation/peligro/peligro_00930.jpg,True,False
0,raw,peligro,dataset/raw/peligro/peligro_00932.jpg,train,peligro,dataset/train/peligro/peligro_00932.jpg,True,False
0,raw,peligro,dataset/raw/peligro/peligro_00933.jpg,train,peligro,dataset/train/peligro/peligro_00933.jpg,True,False
0,raw,peligro,dataset/raw/peligro/peligro_00934.jpg,test,peligro,dataset/test/peligro/peligro_00934.jpg,True,False
0,raw,peligro,dataset/raw/peligro/peligro_00936.jpg,test,peligro,dataset/test/peligro/peligro_00936.jpg,True,False
0,raw,peligro,dataset/raw/peligro/peligro_00936.jpg,validation,atencion,dataset/validation/atencion/atencion_09665.jpg,True,True
0,raw,peligro,dataset/raw/peligro/peligro_00945.jpg,train,peligro,dataset/train/peligro/peligro_00945.jpg,True,False
0,raw,peligro,dataset/raw/peligro/peligro_00946.jpg,train,peligro,dataset/train/peligro/peligro_00946.jpg,True,False
0,raw,peligro,dataset/raw/peligro/peligro_00947.jpg,validation,peligro,dataset/validation/peligro/peligro_00947.jpg,True,False
0,raw,peligro,dataset/raw/peligro/peligro_00950.jpg,train,peligro,dataset/train/peligro/peligro_00950.jpg,True,False
0,raw,peligro,dataset/raw/peligro/peligro_00955.jpg,train,peligro,dataset/train/peligro/peligro_00955.jpg,True,False
0,raw,peligro,dataset/raw/peligro/peligro_00956.jpg,train,peligro,dataset/train/peligro/peligro_00956.jpg,True,False
0,raw,peligro,dataset/raw/peligro/peligro_00960.jpg,validation,peligro,dataset/validation/peligro/peligro_00960.jpg,True,False
0,raw,peligro,dataset/raw/peligro/peligro_00972.jpg,validation,peligro,dataset/validation/peligro/peligro_00972.jpg,True,False
0,raw,peligro,dataset/raw/peligro/peligro_00976.jpg,test,peligro,dataset/test/peligro/peligro_00976.jpg,True,False
0,raw,peligro,dataset/raw/peligro/peligro_00980.jpg,train,peligro,dataset/train/peligro/peligro_00980.jpg,True,False
0,raw,peligro,dataset/raw/peligro/peligro_00989.jpg,train,peligro,dataset/train/peligro/peligro_00989.jpg,True,False
0,raw,peligro,dataset/raw/peligro/peligro_00994.jpg,train,peligro,dataset/train/peligro/peligro_00994.jpg,True,False
0,raw,peligro,dataset/raw/peligro/peligro_00995.jpg,train,peligro,dataset/train/peligro/peligro_00995.jpg,True,False
0,raw,peligro,dataset/raw/peligro/peligro_00997.jpg,validation,peligro,dataset/validation/peligro/peligro_00997.jpg,True,False
0,raw,peligro,dataset/raw/peligro/peligro_01000.jpg,validation,peligro,dataset/validation/peligro/peligro_01000.jpg,True,False
0,raw,peligro,dataset/raw/peligro/peligro_01001.jpg,train,peligro,dataset/train/peligro/peligro_01001.jpg,True,False
0,raw,peligro,dataset/raw/peligro/peligro_01003.jpg,test,peligro,dataset/test/peligro/peligro_01003.jpg,True,False
0,raw,peligro,dataset/raw/peligro/peligro_01005.jpg,train,peligro,dataset/train/peligro/peligro_01005.jpg,True,False
0,raw,peligro,dataset/raw/peligro/peligro_01007.jpg,train,peligro,dataset/train/peligro/peligro_01007.jpg,True,False
0,raw,peligro,dataset/raw/peligro/peligro_01008.jpg,train,peligro,dataset/train/peligro/peligro_01008.jpg,True,False
0,raw,peligro,dataset/raw/peligro/peligro_01010.jpg,train,peligro,dataset/train/peligro/peligro_01010.jpg,True,False
0,raw,peligro,dataset/raw/peligro/peligro_01011.jpg,test,peligro,dataset/test/peligro/peligro_01011.jpg,True,False
0,raw,peligro,dataset/raw/peligro/peligro_01019.jpg,test,peligro,dataset/test/peligro/peligro_01019.jpg,True,False
0,raw,peligro,dataset/raw/peligro/peligro_01028.jpg,validation,peligro,dataset/validation/peligro/peligro_01028.jpg,True,False
0,raw,peligro,dataset/raw/peligro/peligro_01033.jpg,train,peligro,dataset/train/peligro/peligro_01033.jpg,True,False
0,raw,peligro,dataset/raw/peligro/peligro_01036.jpg,test,peligro,dataset/test/peligro/peligro_01036.jpg,True,False
0,raw,peligro,dataset/raw/peligro/peligro_01040.jpg,train,peligro,dataset/train/peligro/peligro_01040.jpg,True,False
0,raw,peligro,dataset/raw/peligro/peligro_01041.jpg,validation,peligro,dataset/validation/peligro/peligro_01041.jpg,True,False
0,raw,peligro,dataset/raw/peligro/peligro_01044.jpg,validation,peligro,dataset/validation/peligro/peligro_01044.jpg,True,False
0,raw,peligro,dataset/raw/peligro/peligro_01056.jpg,train,peligro,dataset/train/peligro/peligro_01056.jpg,True,False
0,raw,peligro,dataset/raw/peligro/peligro_01063.jpg,train,peligro,dataset/train/peligro/peligro_01063.jpg,True,False
0,raw,peligro,dataset/raw/peligro/peligro_01074.jpg,train,peligro,dataset/train/peligro/peligro_01074.jpg,True,False
0,raw,peligro,dataset/raw/peligro/peligro_01075.jpg,train,peligro,dataset/train/peligro/peligro_01075.jpg,True,False
0,raw,peligro,dataset/raw/peligro/peligro_01080.jpg,train,peligro,dataset/train/peligro/peligro_01080.jpg,True,False
0,raw,peligro,dataset/raw/peligro/peligro_01083.jpg,train,peligro,dataset/train/peligro/peligro_01083.jpg,True,False
0,raw,peligro,dataset/raw/peligro/peligro_01084.jpg,train,peligro,dataset/train/peligro/peligro_01084.jpg,True,False
0,raw,peligro,dataset/raw/peligro/peligro_01085.jpg,train,peligro,dataset/train/peligro/peligro_01085.jpg,True,False
0,raw,peligro,dataset/raw/peligro/peligro_01086.jpg,train,peligro,dataset/train/peligro/peligro_01086.jpg,True,False
0,raw,peligro,dataset/raw/peligro/peligro_01090.jpg,train,peligro,dataset/train/peligro/peligro_01090.jpg,True,False
0,raw,peligro,dataset/raw/peligro/peligro_01092.jpg,train,peligro,dataset/train/peligro/peligro_01092.jpg,True,False
0,raw,peligro,dataset/raw/peligro/peligro_01111.jpg,train,peligro,dataset/train/peligro/peligro_01111.jpg,True,False
0,raw,peligro,dataset/raw/peligro/peligro_01128.jpg,validation,peligro,dataset/validation/peligro/peligro_01128.jpg,True,False
0,raw,peligro,dataset/raw/peligro/peligro_01131.jpg,train,peligro,dataset/train/peligro/peligro_01131.jpg,True,False
0,raw,peligro,dataset/raw/peligro/peligro_01134.jpg,test,peligro,dataset/test/peligro/peligro_01134.jpg,True,False
0,raw,peligro,dataset/raw/peligro/peligro_01137.jpg,train,peligro,dataset/train/peligro/peligro_01137.jpg,True,False
0,raw,peligro,dataset/raw/peligro/peligro_01138.jpg,train,peligro,dataset/train/peligro/peligro_01138.jpg,True,False
0,raw,peligro,dataset/raw/peligro/peligro_01139.jpg,train,peligro,dataset/train/peligro/peligro_01139.jpg,True,False
0,raw,peligro,dataset/raw/peligro/peligro_01144.jpg,train,atencion,dataset/train/atencion/atencion_02640.jpg,True,True
0,raw,peligro,dataset/raw/peligro/peligro_01144.jpg,train,peligro,dataset/train/peligro/peligro_01144.jpg,True,False
0,raw,peligro,dataset/raw/peligro/peligro_01146.jpg,train,peligro,dataset/train/peligro/peligro_01146.jpg,True,False
0,raw,peligro,dataset/raw/peligro/peligro_01150.jpg,train,peligro,dataset/train/peligro/peligro_01150.jpg,True,False
0,raw,peligro,dataset/raw/peligro/peligro_01161.jpg,train,peligro,dataset/train/peligro/peligro_01161.jpg,True,False
0,raw,peligro,dataset/raw/peligro/peligro_01167.jpg,validation,peligro,dataset/validation/peligro/peligro_01167.jpg,True,False
0,raw,peligro,dataset/raw/peligro/peligro_01169.jpg,train,peligro,dataset/train/peligro/peligro_01169.jpg,True,False
0,raw,peligro,dataset/raw/peligro/peligro_01169.jpg,validation,atencion,dataset/validation/atencion/atencion_01412.jpg,True,True
0,raw,peligro,dataset/raw/peligro/peligro_01172.jpg,train,peligro,dataset/train/peligro/peligro_01172.jpg,True,False
0,raw,peligro,dataset/raw/peligro/peligro_01179.jpg,train,peligro,dataset/train/peligro/peligro_01179.jpg,True,False
0,raw,peligro,dataset/raw/peligro/peligro_01180.jpg,test,peligro,dataset/test/peligro/peligro_01180.jpg,True,False
0,raw,peligro,dataset/raw/peligro/peligro_01195.jpg,train,peligro,dataset/train/peligro/peligro_01195.jpg,True,False
0,raw,peligro,dataset/raw/peligro/peligro_01212.jpg,test,peligro,dataset/test/peligro/peligro_01212.jpg,True,False
0,raw,peligro,dataset/raw/peligro/peligro_01213.jpg,train,peligro,dataset/train/peligro/peligro_01213.jpg,True,False
0,raw,peligro,dataset/raw/peligro/peligro_01222.jpg,train,peligro,dataset/train/peligro/peligro_01222.jpg,True,False
0,raw,peligro,dataset/raw/peligro/peligro_01224.jpg,train,peligro,dataset/train/peligro/peligro_01224.jpg,True,False
0,raw,peligro,dataset/raw/peligro/peligro_01238.jpg,train,peligro,dataset/train/peligro/peligro_01238.jpg,True,False
0,raw,peligro,dataset/raw/peligro/peligro_01241.jpg,train,peligro,dataset/train/peligro/peligro_01241.jpg,True,False
0,raw,peligro,dataset/raw/peligro/peligro_01242.jpg,validation,peligro,dataset/validation/peligro/peligro_01242.jpg,True,False
0,raw,peligro,dataset/raw/peligro/peligro_01243.jpg,test,peligro,dataset/test/peligro/peligro_01243.jpg,True,False
0,raw,peligro,dataset/raw/peligro/peligro_01247.jpg,train,peligro,dataset/train/peligro/peligro_01247.jpg,True,False
0,raw,peligro,dataset/raw/peligro/peligro_01257.jpg,train,peligro,dataset/train/peligro/peligro_01257.jpg,True,False
0,raw,peligro,dataset/raw/peligro/peligro_01263.jpg,train,peligro,dataset/train/peligro/peligro_01263.jpg,True,False
0,raw,peligro,dataset/raw/peligro/peligro_01274.jpg,train,atencion,dataset/train/atencion/atencion_01399.jpg,True,True
0,raw,peligro,dataset/raw/peligro/peligro_01282.jpg,test,peligro,dataset/test/peligro/peligro_04467.jpg,True,False
0,raw,peligro,dataset/raw/peligro/peligro_01282.jpg,train,atencion,dataset/train/atencion/atencion_03350.jpg,True,True
0,raw,peligro,dataset/raw/peligro/peligro_01301.jpg,validation,peligro,dataset/validation/peligro/peligro_01301.jpg,True,False
0,raw,peligro,dataset/raw/peligro/peligro_01307.jpg,test,peligro,dataset/test/peligro/peligro_01307.jpg,True,False
0,raw,peligro,dataset/raw/peligro/peligro_01328.jpg,train,peligro,dataset/train/peligro/peligro_01328.jpg,True,False
0,raw,peligro,dataset/raw/peligro/peligro_01329.jpg,train,atencion,dataset/train/atencion/atencion_04737.jpg,True,True
0,raw,peligro,dataset/raw/peligro/peligro_01329.jpg,train,peligro,dataset/train/peligro/peligro_12494.jpg,True,False
0,raw,peligro,dataset/raw/peligro/peligro_01339.jpg,test,atencion,dataset/test/atencion/atencion_00716.jpg,True,True
0,raw,peligro,dataset/raw/peligro/peligro_01342.jpg,train,peligro,dataset/train/peligro/peligro_01342.jpg,True,False
0,raw,peligro,dataset/raw/peligro/peligro_01347.jpg,test,atencion,dataset/test/atencion/atencion_00555.jpg,True,True
0,raw,peligro,dataset/raw/peligro/peligro_01347.jpg,train,peligro,dataset/train/peligro/peligro_01347.jpg,True,False
0,raw,peligro,dataset/raw/peligro/peligro_01366.jpg,train,peligro,dataset/train/peligro/peligro_01366.jpg,True,False
0,raw,peligro,dataset/raw/peligro/peligro_01389.jpg,validation,peligro,dataset/validation/peligro/peligro_03975.jpg,True,False
0,raw,peligro,dataset/raw/peligro/peligro_01409.jpg,train,atencion,dataset/train/atencion/atencion_01120.jpg,True,True
0,raw,peligro,dataset/raw/peligro/peligro_01409.jpg,validation,peligro,dataset/validation/peligro/peligro_00189.jpg,True,False
0,raw,peligro,dataset/raw/peligro/peligro_01513.jpg,train,atencion,dataset/train/atencion/atencion_00656.jpg,True,True
0,raw,peligro,dataset/raw/peligro/peligro_01536.jpg,train,peligro,dataset/train/peligro/peligro_01356.jpg,True,False
0,raw,peligro,dataset/raw/peligro/peligro_01552.jpg,test,atencion,dataset/test/atencion/atencion_02510.jpg,True,True
0,raw,peligro,dataset/raw/peligro/peligro_01649.jpg,train,atencion,dataset/train/atencion/atencion_00782.jpg,True,True
0,raw,peligro,dataset/raw/peligro/peligro_01649.jpg,train,peligro,dataset/train/peligro/peligro_05562.jpg,True,False
0,raw,peligro,dataset/raw/peligro/peligro_01672.jpg,train,peligro,dataset/train/peligro/peligro_00119.jpg,True,False
0,raw,peligro,dataset/raw/peligro/peligro_01672.jpg,validation,atencion,dataset/validation/atencion/atencion_00771.jpg,True,True
0,raw,peligro,dataset/raw/peligro/peligro_01717.jpg,train,atencion,dataset/train/atencion/atencion_01427.jpg,True,True
0,raw,peligro,dataset/raw/peligro/peligro_01717.jpg,train,peligro,dataset/train/peligro/peligro_01274.jpg,True,False
0,raw,peligro,dataset/raw/peligro/peligro_01731.jpg,validation,peligro,dataset/validation/peligro/peligro_04622.jpg,True,False
0,raw,peligro,dataset/raw/peligro/peligro_01743.jpg,train,peligro,dataset/train/peligro/peligro_04617.jpg,True,False
0,raw,peligro,dataset/raw/peligro/peligro_01746.jpg,train,peligro,dataset/train/peligro/peligro_05213.jpg,True,False
0,raw,peligro,dataset/raw/peligro/peligro_01756.jpg,validation,peligro,dataset/validation/peligro/peligro_01014.jpg,True,False
0,raw,peligro,dataset/raw/peligro/peligro_01765.jpg,validation,peligro,dataset/validation/peligro/peligro_04505.jpg,True,False
0,raw,peligro,dataset/raw/peligro/peligro_01775.jpg,train,atencion,dataset/train/atencion/atencion_01478.jpg,True,True
0,raw,peligro,dataset/raw/peligro/peligro_01775.jpg,train,peligro,dataset/train/peligro/peligro_01699.jpg,True,False
0,raw,peligro,dataset/raw/peligro/peligro_01781.jpg,train,peligro,dataset/train/peligro/peligro_01037.jpg,True,False
0,raw,peligro,dataset/raw/peligro/peligro_01785.jpg,test,peligro,dataset/test/peligro/peligro_04500.jpg,True,False
0,raw,peligro,dataset/raw/peligro/peligro_01787.jpg,train,peligro,dataset/train/peligro/peligro_04669.jpg,True,False
0,raw,peligro,dataset/raw/peligro/peligro_01805.jpg,validation,atencion,dataset/validation/atencion/atencion_13255.jpg,True,True
0,raw,peligro,dataset/raw/peligro/peligro_01878.jpg,train,atencion,dataset/train/atencion/atencion_01543.jpg,True,True
0,raw,peligro,dataset/raw/peligro/peligro_01916.jpg,train,peligro,dataset/train/peligro/peligro_07344.jpg,True,False
0,raw,peligro,dataset/raw/peligro/peligro_01927.jpg,train,peligro,dataset/train/peligro/peligro_05347.jpg,True,False
0,raw,peligro,dataset/raw/peligro/peligro_01942.jpg,validation,peligro,dataset/validation/peligro/peligro_07433.jpg,True,False
0,raw,peligro,dataset/raw/peligro/peligro_01954.jpg,validation,peligro,dataset/validation/peligro/peligro_07421.jpg,True,False
0,raw,peligro,dataset/raw/peligro/peligro_01963.jpg,train,peligro,dataset/train/peligro/peligro_02457.jpg,True,False
0,raw,peligro,dataset/raw/peligro/peligro_01966.jpg,test,peligro,dataset/test/peligro/peligro_07440.jpg,True,False
0,raw,peligro,dataset/raw/peligro/peligro_01970.jpg,train,peligro,dataset/train/peligro/peligro_07533.jpg,True,False
0,raw,peligro,dataset/raw/peligro/peligro_01981.jpg,validation,peligro,dataset/validation/peligro/peligro_01423.jpg,True,False
0,raw,peligro,dataset/raw/peligro/peligro_01986.jpg,train,peligro,dataset/train/peligro/peligro_01491.jpg,True,False
0,raw,peligro,dataset/raw/peligro/peligro_01995.jpg,test,atencion,dataset/test/atencion/atencion_00776.jpg,True,True
0,raw,peligro,dataset/raw/peligro/peligro_02016.jpg,train,peligro,dataset/train/peligro/peligro_05503.jpg,True,False
0,raw,peligro,dataset/raw/peligro/peligro_02020.jpg,train,peligro,dataset/train/peligro/peligro_01932.jpg,True,False
0,raw,peligro,dataset/raw/peligro/peligro_02028.jpg,train,peligro,dataset/train/peligro/peligro_10092.jpg,True,False
0,raw,peligro,dataset/raw/peligro/peligro_02039.jpg,train,atencion,dataset/train/atencion/atencion_01371.jpg,True,True
0,raw,peligro,dataset/raw/peligro/peligro_02050.jpg,train,atencion,dataset/train/atencion/atencion_07034.jpg,True,True
0,raw,peligro,dataset/raw/peligro/peligro_02050.jpg,train,peligro,dataset/train/peligro/peligro_05577.jpg,True,False
0,raw,peligro,dataset/raw/peligro/peligro_02053.jpg,train,peligro,dataset/train/peligro/peligro_02007.jpg,True,False
0,raw,peligro,dataset/raw/peligro/peligro_02075.jpg,train,peligro,dataset/train/peligro/peligro_01571.jpg,True,False
0,raw,peligro,dataset/raw/peligro/peligro_02082.jpg,validation,peligro,dataset/validation/peligro/peligro_04921.jpg,True,False
0,raw,peligro,dataset/raw/peligro/peligro_02104.jpg,train,peligro,dataset/train/peligro/peligro_01225.jpg,True,False
0,raw,peligro,dataset/raw/peligro/peligro_02133.jpg,train,peligro,dataset/train/peligro/peligro_00569.jpg,True,False
0,raw,peligro,dataset/raw/peligro/peligro_02145.jpg,train,atencion,dataset/train/atencion/atencion_05296.jpg,True,True
0,raw,peligro,dataset/raw/peligro/peligro_02152.jpg,validation,peligro,dataset/validation/peligro/peligro_14487.jpg,True,False
0,raw,peligro,dataset/raw/peligro/peligro_02162.jpg,validation,atencion,dataset/validation/atencion/atencion_01373.jpg,True,True
0,raw,peligro,dataset/raw/peligro/peligro_02191.jpg,train,peligro,dataset/train/peligro/peligro_01566.jpg,True,False
0,raw,peligro,dataset/raw/peligro/peligro_02206.jpg,train,peligro,dataset/train/peligro/peligro_01450.jpg,True,False
0,raw,peligro,dataset/raw/peligro/peligro_02328.jpg,train,peligro,dataset/train/peligro/peligro_03443.jpg,True,False
0,raw,peligro,dataset/raw/peligro/peligro_02372.jpg,train,sano,dataset/train/sano/sano_00540.jpg,True,True
0,raw,peligro,dataset/raw/peligro/peligro_02395.jpg,train,peligro,dataset/train/peligro/peligro_03520.jpg,True,False
0,raw,peligro,dataset/raw/peligro/peligro_02422.jpg,train,peligro,dataset/train/peligro/peligro_06371.jpg,True,False
0,raw,peligro,dataset/raw/peligro/peligro_02432.jpg,train,sano,dataset/train/sano/sano_00568.jpg,True,True
0,raw,peligro,dataset/raw/peligro/peligro_02499.jpg,train,peligro,dataset/train/peligro/peligro_01963.jpg,True,False
0,raw,peligro,dataset/raw/peligro/peligro_02499.jpg,validation,atencion,dataset/validation/atencion/atencion_06284.jpg,True,True
0,raw,peligro,dataset/raw/peligro/peligro_02535.jpg,test,atencion,dataset/test/atencion/atencion_05745.jpg,True,True
0,raw,peligro,dataset/raw/peligro/peligro_02606.jpg,train,peligro,dataset/train/peligro/peligro_03481.jpg,True,False
0,raw,peligro,dataset/raw/peligro/peligro_02606.jpg,train,sano,dataset/train/sano/sano_04522.jpg,True,True
0,raw,peligro,dataset/raw/peligro/peligro_02645.jpg,test,peligro,dataset/test/peligro/peligro_02645.jpg,True,False
0,raw,peligro,dataset/raw/peligro/peligro_02646.jpg,train,peligro,dataset/train/peligro/peligro_02646.jpg,True,False
0,raw,peligro,dataset/raw/peligro/peligro_02648.jpg,train,peligro,dataset/train/peligro/peligro_02648.jpg,True,False
0,raw,peligro,dataset/raw/peligro/peligro_02677.jpg,train,peligro,dataset/train/peligro/peligro_02677.jpg,True,False
0,raw,peligro,dataset/raw/peligro/peligro_02696.jpg,train,peligro,dataset/train/peligro/peligro_02696.jpg,True,False
0,raw,peligro,dataset/raw/peligro/peligro_02697.jpg,validation,peligro,dataset/validation/peligro/peligro_02697.jpg,True,False
0,raw,peligro,dataset/raw/peligro/peligro_02702.jpg,test,peligro,dataset/test/peligro/peligro_02702.jpg,True,False
0,raw,peligro,dataset/raw/peligro/peligro_02706.jpg,validation,peligro,dataset/validation/peligro/peligro_02706.jpg,True,False
0,raw,peligro,dataset/raw/peligro/peligro_02721.jpg,train,peligro,dataset/train/peligro/peligro_02721.jpg,True,False
0,raw,peligro,dataset/raw/peligro/peligro_02727.jpg,train,peligro,dataset/train/peligro/peligro_02727.jpg,True,False
0,raw,peligro,dataset/raw/peligro/peligro_02745.jpg,validation,peligro,dataset/validation/peligro/peligro_02745.jpg,True,False
0,raw,peligro,dataset/raw/peligro/peligro_02758.jpg,test,peligro,dataset/test/peligro/peligro_02758.jpg,True,False
0,raw,peligro,dataset/raw/peligro/peligro_02759.jpg,validation,peligro,dataset/validation/peligro/peligro_02759.jpg,True,False
0,raw,peligro,dataset/raw/peligro/peligro_02760.jpg,train,peligro,dataset/train/peligro/peligro_02760.jpg,True,False
0,raw,peligro,dataset/raw/peligro/peligro_02768.jpg,train,peligro,dataset/train/peligro/peligro_02768.jpg,True,False
0,raw,peligro,dataset/raw/peligro/peligro_02781.jpg,train,peligro,dataset/train/peligro/peligro_02781.jpg,True,False
0,raw,peligro,dataset/raw/peligro/peligro_02784.jpg,validation,peligro,dataset/validation/peligro/peligro_02784.jpg,True,False
0,raw,peligro,dataset/raw/peligro/peligro_02806.jpg,train,peligro,dataset/train/peligro/peligro_02806.jpg,True,False
0,raw,peligro,dataset/raw/peligro/peligro_02809.jpg,train,peligro,dataset/train/peligro/peligro_02809.jpg,True,False
0,raw,peligro,dataset/raw/peligro/peligro_02817.jpg,train,peligro,dataset/train/peligro/peligro_02817.jpg,True,False
0,raw,peligro,dataset/raw/peligro/peligro_02820.jpg,train,peligro,dataset/train/peligro/peligro_02820.jpg,True,False
0,raw,peligro,dataset/raw/peligro/peligro_02823.jpg,validation,peligro,dataset/validation/peligro/peligro_02823.jpg,True,False
0,raw,peligro,dataset/raw/peligro/peligro_02825.jpg,train,peligro,dataset/train/peligro/peligro_02825.jpg,True,False
0,raw,peligro,dataset/raw/peligro/peligro_02826.jpg,train,peligro,dataset/train/peligro/peligro_02826.jpg,True,False
0,raw,peligro,dataset/raw/peligro/peligro_02828.jpg,train,peligro,dataset/train/peligro/peligro_02828.jpg,True,False
0,raw,peligro,dataset/raw/peligro/peligro_02833.jpg,test,peligro,dataset/test/peligro/peligro_02833.jpg,True,False
0,raw,peligro,dataset/raw/peligro/peligro_02838.jpg,train,peligro,dataset/train/peligro/peligro_02838.jpg,True,False
0,raw,peligro,dataset/raw/peligro/peligro_02844.jpg,train,peligro,dataset/train/peligro/peligro_02844.jpg,True,False
0,raw,peligro,dataset/raw/peligro/peligro_02847.jpg,train,peligro,dataset/train/peligro/peligro_02847.jpg,True,False
0,raw,peligro,dataset/raw/peligro/peligro_02853.jpg,train,peligro,dataset/train/peligro/peligro_02853.jpg,True,False
0,raw,peligro,dataset/raw/peligro/peligro_02854.jpg,validation,peligro,dataset/validation/peligro/peligro_02854.jpg,True,False
0,raw,peligro,dataset/raw/peligro/peligro_02857.jpg,train,peligro,dataset/train/peligro/peligro_02857.jpg,True,False
0,raw,peligro,dataset/raw/peligro/peligro_02864.jpg,train,peligro,dataset/train/peligro/peligro_02864.jpg,True,False
0,raw,peligro,dataset/raw/peligro/peligro_02867.jpg,train,peligro,dataset/train/peligro/peligro_02867.jpg,True,False
0,raw,peligro,dataset/raw/peligro/peligro_02870.jpg,train,peligro,dataset/train/peligro/peligro_02870.jpg,True,False
0,raw,peligro,dataset/raw/peligro/peligro_02871.jpg,train,peligro,dataset/train/peligro/peligro_02871.jpg,True,False
0,raw,peligro,dataset/raw/peligro/peligro_02872.jpg,train,peligro,dataset/train/peligro/peligro_02872.jpg,True,False
0,raw,peligro,dataset/raw/peligro/peligro_02873.jpg,train,peligro,dataset/train/peligro/peligro_02873.jpg,True,False
0,raw,peligro,dataset/raw/peligro/peligro_02879.jpg,train,peligro,dataset/train/peligro/peligro_02879.jpg,True,False
0,raw,peligro,dataset/raw/peligro/peligro_02888.jpg,test,peligro,dataset/test/peligro/peligro_02888.jpg,True,False
0,raw,peligro,dataset/raw/peligro/peligro_02891.jpg,train,peligro,dataset/train/peligro/peligro_02891.jpg,True,False
0,raw,peligro,dataset/raw/peligro/peligro_02900.jpg,train,peligro,dataset/train/peligro/peligro_02900.jpg,True,False
0,raw,peligro,dataset/raw/peligro/peligro_02904.jpg,train,peligro,dataset/train/peligro/peligro_02904.jpg,True,False
0,raw,peligro,dataset/raw/peligro/peligro_02906.jpg,train,peligro,dataset/train/peligro/peligro_02906.jpg,True,False
0,raw,peligro,dataset/raw/peligro/peligro_02909.jpg,train,peligro,dataset/train/peligro/peligro_02909.jpg,True,False
0,raw,peligro,dataset/raw/peligro/peligro_02919.jpg,train,peligro,dataset/train/peligro/peligro_02919.jpg,True,False
0,raw,peligro,dataset/raw/peligro/peligro_02941.jpg,train,peligro,dataset/train/peligro/peligro_02941.jpg,True,False
0,raw,peligro,dataset/raw/peligro/peligro_02969.jpg,validation,peligro,dataset/validation/peligro/peligro_02969.jpg,True,False
0,raw,peligro,dataset/raw/peligro/peligro_02972.jpg,validation,peligro,dataset/validation/peligro/peligro_02972.jpg,True,False
0,raw,peligro,dataset/raw/peligro/peligro_02985.jpg,train,peligro,dataset/train/peligro/peligro_02985.jpg,True,False
0,raw,peligro,dataset/raw/peligro/peligro_02986.jpg,train,peligro,dataset/train/peligro/peligro_02986.jpg,True,False
0,raw,peligro,dataset/raw/peligro/peligro_02998.jpg,train,peligro,dataset/train/peligro/peligro_02998.jpg,True,False
0,raw,peligro,dataset/raw/peligro/peligro_03000.jpg,validation,peligro,dataset/validation/peligro/peligro_03000.jpg,True,False
0,raw,peligro,dataset/raw/peligro/peligro_03012.jpg,test,peligro,dataset/test/peligro/peligro_03012.jpg,True,False
0,raw,peligro,dataset/raw/peligro/peligro_03017.jpg,train,peligro,dataset/train/peligro/peligro_03017.jpg,True,False
0,raw,peligro,dataset/raw/peligro/peligro_03029.jpg,train,peligro,dataset/train/peligro/peligro_03029.jpg,True,False
0,raw,peligro,dataset/raw/peligro/peligro_03036.jpg,train,peligro,dataset/train/peligro/peligro_03036.jpg,True,False
0,raw,peligro,dataset/raw/peligro/peligro_03041.jpg,test,peligro,dataset/test/peligro/peligro_03041.jpg,True,False
0,raw,peligro,dataset/raw/peligro/peligro_03041.jpg,train,atencion,dataset/train/atencion/atencion_05807.jpg,True,True
0,raw,peligro,dataset/raw/peligro/peligro_03049.jpg,validation,peligro,dataset/validation/peligro/peligro_03049.jpg,True,False
0,raw,peligro,dataset/raw/peligro/peligro_03052.jpg,validation,peligro,dataset/validation/peligro/peligro_03052.jpg,True,False
0,raw,peligro,dataset/raw/peligro/peligro_03058.jpg,test,peligro,dataset/test/peligro/peligro_03058.jpg,True,False
0,raw,peligro,dataset/raw/peligro/peligro_03070.jpg,train,atencion,dataset/train/atencion/atencion_01937.jpg,True,True
0,raw,peligro,dataset/raw/peligro/peligro_03070.jpg,validation,peligro,dataset/validation/peligro/peligro_03070.jpg,True,False
0,raw,peligro,dataset/raw/peligro/peligro_03071.jpg,train,peligro,dataset/train/peligro/peligro_03071.jpg,True,False
0,raw,peligro,dataset/raw/peligro/peligro_03077.jpg,train,peligro,dataset/train/peligro/peligro_03077.jpg,True,False
0,raw,peligro,dataset/raw/peligro/peligro_03079.jpg,train,peligro,dataset/train/peligro/peligro_03079.jpg,True,False
0,raw,peligro,dataset/raw/peligro/peligro_03081.jpg,train,peligro,dataset/train/peligro/peligro_03081.jpg,True,False
0,raw,peligro,dataset/raw/peligro/peligro_03096.jpg,train,peligro,dataset/train/peligro/peligro_03096.jpg,True,False
0,raw,peligro,dataset/raw/peligro/peligro_03098.jpg,train,peligro,dataset/train/peligro/peligro_03098.jpg,True,False
0,raw,peligro,dataset/raw/peligro/peligro_03113.jpg,validation,peligro,dataset/validation/peligro/peligro_03113.jpg,True,False
0,raw,peligro,dataset/raw/peligro/peligro_03114.jpg,train,peligro,dataset/train/peligro/peligro_03114.jpg,True,False
0,raw,peligro,dataset/raw/peligro/peligro_03118.jpg,validation,peligro,dataset/validation/peligro/peligro_03118.jpg,True,False
0,raw,peligro,dataset/raw/peligro/peligro_03119.jpg,train,peligro,dataset/train/peligro/peligro_03119.jpg,True,False
0,raw,peligro,dataset/raw/peligro/peligro_03136.jpg,train,atencion,dataset/train/atencion/atencion_02541.jpg,True,True
0,raw,peligro,dataset/raw/peligro/peligro_03136.jpg,train,peligro,dataset/train/peligro/peligro_03136.jpg,True,False
0,raw,peligro,dataset/raw/peligro/peligro_03136.jpg,train,sano,dataset/train/sano/sano_01982.jpg,True,True
0,raw,peligro,dataset/raw/peligro/peligro_03138.jpg,validation,peligro,dataset/validation/peligro/peligro_03138.jpg,True,False
0,raw,peligro,dataset/raw/peligro/peligro_03139.jpg,train,peligro,dataset/train/peligro/peligro_03139.jpg,True,False
0,raw,peligro,dataset/raw/peligro/peligro_03143.jpg,train,peligro,dataset/train/peligro/peligro_03143.jpg,True,False
0,raw,peligro,dataset/raw/peligro/peligro_03145.jpg,train,peligro,dataset/train/peligro/peligro_03145.jpg,True,False
0,raw,peligro,dataset/raw/peligro/peligro_03148.jpg,train,peligro,dataset/train/peligro/peligro_03148.jpg,True,False
0,raw,peligro,dataset/raw/peligro/peligro_03152.jpg,validation,peligro,dataset/validation/peligro/peligro_03152.jpg,True,False
0,raw,peligro,dataset/raw/peligro/peligro_03155.jpg,train,peligro,dataset/train/peligro/peligro_03155.jpg,True,False
0,raw,peligro,dataset/raw/peligro/peligro_03158.jpg,test,peligro,dataset/test/peligro/peligro_03158.jpg,True,False
0,raw,peligro,dataset/raw/peligro/peligro_03160.jpg,train,peligro,dataset/train/peligro/peligro_03160.jpg,True,False
0,raw,peligro,dataset/raw/peligro/peligro_03171.jpg,train,peligro,dataset/train/peligro/peligro_03171.jpg,True,False
0,raw,peligro,dataset/raw/peligro/peligro_03189.jpg,train,peligro,dataset/train/peligro/peligro_03189.jpg,True,False
0,raw,peligro,dataset/raw/peligro/peligro_03198.jpg,train,atencion,dataset/train/atencion/atencion_03936.jpg,True,True
0,raw,peligro,dataset/raw/peligro/peligro_03198.jpg,train,peligro,dataset/train/peligro/peligro_03198.jpg,True,False
0,raw,peligro,dataset/raw/peligro/peligro_03200.jpg,train,peligro,dataset/train/peligro/peligro_03200.jpg,True,False
0,raw,peligro,dataset/raw/peligro/peligro_03200.jpg,train,sano,dataset/train/sano/sano_04269.jpg,True,True
0,raw,peligro,dataset/raw/peligro/peligro_03200.jpg,validation,atencion,dataset/validation/atencion/atencion_01863.jpg,True,True
0,raw,peligro,dataset/raw/peligro/peligro_03203.jpg,train,peligro,dataset/train/peligro/peligro_03203.jpg,True,False
0,raw,peligro,dataset/raw/peligro/peligro_03218.jpg,train,peligro,dataset/train/peligro/peligro_03218.jpg,True,False
0,raw,peligro,dataset/raw/peligro/peligro_03226.jpg,train,peligro,dataset/train/peligro/peligro_03226.jpg,True,False
0,raw,peligro,dataset/raw/peligro/peligro_03229.jpg,train,peligro,dataset/train/peligro/peligro_03229.jpg,True,False
0,raw,peligro,dataset/raw/peligro/peligro_03233.jpg,train,sano,dataset/train/sano/sano_04313.jpg,True,True
0,raw,peligro,dataset/raw/peligro/peligro_03233.jpg,validation,peligro,dataset/validation/peligro/peligro_03233.jpg,True,False
0,raw,peligro,dataset/raw/peligro/peligro_03235.jpg,train,peligro,dataset/train/peligro/peligro_03235.jpg,True,False
0,raw,peligro,dataset/raw/peligro/peligro_03236.jpg,train,peligro,dataset/train/peligro/peligro_03236.jpg,True,False
0,raw,peligro,dataset/raw/peligro/peligro_03240.jpg,train,peligro,dataset/train/peligro/peligro_03240.jpg,True,False
0,raw,peligro,dataset/raw/peligro/peligro_03240.jpg,validation,atencion,dataset/validation/atencion/atencion_02626.jpg,True,True
0,raw,peligro,dataset/raw/peligro/peligro_03256.jpg,test,peligro,dataset/test/peligro/peligro_03256.jpg,True,False
0,raw,peligro,dataset/raw/peligro/peligro_03277.jpg,train,peligro,dataset/train/peligro/peligro_03277.jpg,True,False
0,raw,peligro,dataset/raw/peligro/peligro_03282.jpg,train,peligro,dataset/train/peligro/peligro_03282.jpg,True,False
0,raw,peligro,dataset/raw/peligro/peligro_03290.jpg,validation,peligro,dataset/validation/peligro/peligro_03290.jpg,True,False
0,raw,peligro,dataset/raw/peligro/peligro_03296.jpg,train,peligro,dataset/train/peligro/peligro_03296.jpg,True,False
0,raw,peligro,dataset/raw/peligro/peligro_03297.jpg,train,peligro,dataset/train/peligro/peligro_03297.jpg,True,False
0,raw,peligro,dataset/raw/peligro/peligro_03301.jpg,train,peligro,dataset/train/peligro/peligro_03301.jpg,True,False
0,raw,peligro,dataset/raw/peligro/peligro_03304.jpg,train,peligro,dataset/train/peligro/peligro_03304.jpg,True,False
0,raw,peligro,dataset/raw/peligro/peligro_03306.jpg,train,peligro,dataset/train/peligro/peligro_03306.jpg,True,False
0,raw,peligro,dataset/raw/peligro/peligro_03307.jpg,train,peligro,dataset/train/peligro/peligro_03307.jpg,True,False
0,raw,peligro,dataset/raw/peligro/peligro_03310.jpg,train,peligro,dataset/train/peligro/peligro_03310.jpg,True,False
0,raw,peligro,dataset/raw/peligro/peligro_03326.jpg,validation,peligro,dataset/validation/peligro/peligro_03326.jpg,True,False
0,raw,peligro,dataset/raw/peligro/peligro_03327.jpg,validation,peligro,dataset/validation/peligro/peligro_03327.jpg,True,False
0,raw,peligro,dataset/raw/peligro/peligro_03329.jpg,train,peligro,dataset/train/peligro/peligro_03329.jpg,True,False
0,raw,peligro,dataset/raw/peligro/peligro_03337.jpg,test,peligro,dataset/test/peligro/peligro_03337.jpg,True,False
0,raw,peligro,dataset/raw/peligro/peligro_03339.jpg,train,peligro,dataset/train/peligro/peligro_03339.jpg,True,False
0,raw,peligro,dataset/raw/peligro/peligro_03343.jpg,train,peligro,dataset/train/peligro/peligro_03343.jpg,True,False
0,raw,peligro,dataset/raw/peligro/peligro_03344.jpg,train,peligro,dataset/train/peligro/peligro_03344.jpg,True,False
0,raw,peligro,dataset/raw/peligro/peligro_03355.jpg,train,peligro,dataset/train/peligro/peligro_03355.jpg,True,False
0,raw,peligro,dataset/raw/peligro/peligro_03367.jpg,train,peligro,dataset/train/peligro/peligro_03367.jpg,True,False
0,raw,peligro,dataset/raw/peligro/peligro_03376.jpg,train,peligro,dataset/train/peligro/peligro_03376.jpg,True,False
0,raw,peligro,dataset/raw/peligro/peligro_03414.jpg,train,peligro,dataset/train/peligro/peligro_03414.jpg,True,False
0,raw,peligro,dataset/raw/peligro/peligro_03436.jpg,validation,peligro,dataset/validation/peligro/peligro_03436.jpg,True,False
0,raw,peligro,dataset/raw/peligro/peligro_03438.jpg,train,peligro,dataset/train/peligro/peligro_03438.jpg,True,False
0,raw,peligro,dataset/raw/peligro/peligro_03440.jpg,test,atencion,dataset/test/atencion/atencion_03329.jpg,True,True
0,raw,peligro,dataset/raw/peligro/peligro_03440.jpg,train,peligro,dataset/train/peligro/peligro_03440.jpg,True,False
0,raw,peligro,dataset/raw/peligro/peligro_03449.jpg,validation,atencion,dataset/validation/atencion/atencion_03340.jpg,True,True
0,raw,peligro,dataset/raw/peligro/peligro_03449.jpg,validation,peligro,dataset/validation/peligro/peligro_03449.jpg,True,False
0,raw,peligro,dataset/raw/peligro/peligro_03451.jpg,test,peligro,dataset/test/peligro/peligro_03451.jpg,True,False
0,raw,peligro,dataset/raw/peligro/peligro_03452.jpg,test,peligro,dataset/test/peligro/peligro_03452.jpg,True,False
0,raw,peligro,dataset/raw/peligro/peligro_03462.jpg,train,peligro,dataset/train/peligro/peligro_03462.jpg,True,False
0,raw,peligro,dataset/raw/peligro/peligro_03462.jpg,validation,atencion,dataset/validation/atencion/atencion_03360.jpg,True,True
0,raw,peligro,dataset/raw/peligro/peligro_03482.jpg,train,peligro,dataset/train/peligro/peligro_03482.jpg,True,False
0,raw,peligro,dataset/raw/peligro/peligro_03487.jpg,validation,peligro,dataset/validation/peligro/peligro_03487.jpg,True,False
0,raw,peligro,dataset/raw/peligro/peligro_03493.jpg,validation,peligro,dataset/validation/peligro/peligro_03493.jpg,True,False
0,raw,peligro,dataset/raw/peligro/peligro_03494.jpg,train,peligro,dataset/train/peligro/peligro_03494.jpg,True,False
0,raw,peligro,dataset/raw/peligro/peligro_03515.jpg,train,peligro,dataset/train/peligro/peligro_03515.jpg,True,False
0,raw,peligro,dataset/raw/peligro/peligro_03515.jpg,validation,atencion,dataset/validation/atencion/atencion_01977.jpg,True,True
0,raw,peligro,dataset/raw/peligro/peligro_03526.jpg,train,peligro,dataset/train/peligro/peligro_03526.jpg,True,False
0,raw,peligro,dataset/raw/peligro/peligro_03562.jpg,test,peligro,dataset/test/peligro/peligro_03562.jpg,True,False
0,raw,peligro,dataset/raw/peligro/peligro_03566.jpg,train,peligro,dataset/train/peligro/peligro_03566.jpg,True,False
0,raw,peligro,dataset/raw/peligro/peligro_03572.jpg,test,peligro,dataset/test/peligro/peligro_03572.jpg,True,False
0,raw,peligro,dataset/raw/peligro/peligro_03583.jpg,train,peligro,dataset/train/peligro/peligro_03583.jpg,True,False
0,raw,peligro,dataset/raw/peligro/peligro_03585.jpg,validation,peligro,dataset/validation/peligro/peligro_03585.jpg,True,False
0,raw,peligro,dataset/raw/peligro/peligro_03608.jpg,validation,peligro,dataset/validation/peligro/peligro_03608.jpg,True,False
0,raw,peligro,dataset/raw/peligro/peligro_03617.jpg,train,peligro,dataset/train/peligro/peligro_03617.jpg,True,False
0,raw,peligro,dataset/raw/peligro/peligro_03619.jpg,validation,peligro,dataset/validation/peligro/peligro_03619.jpg,True,False
0,raw,peligro,dataset/raw/peligro/peligro_03631.jpg,train,peligro,dataset/train/peligro/peligro_03631.jpg,True,False
0,raw,peligro,dataset/raw/peligro/peligro_03632.jpg,validation,peligro,dataset/validation/peligro/peligro_03632.jpg,True,False
0,raw,peligro,dataset/raw/peligro/peligro_03643.jpg,validation,peligro,dataset/validation/peligro/peligro_03643.jpg,True,False
0,raw,peligro,dataset/raw/peligro/peligro_03657.jpg,train,peligro,dataset/train/peligro/peligro_03657.jpg,True,False
0,raw,peligro,dataset/raw/peligro/peligro_03660.jpg,validation,peligro,dataset/validation/peligro/peligro_03660.jpg,True,False
0,raw,peligro,dataset/raw/peligro/peligro_03663.jpg,train,peligro,dataset/train/peligro/peligro_03663.jpg,True,False
0,raw,peligro,dataset/raw/peligro/peligro_03681.jpg,train,peligro,dataset/train/peligro/peligro_03681.jpg,True,False
0,raw,peligro,dataset/raw/peligro/peligro_03683.jpg,train,peligro,dataset/train/peligro/peligro_03683.jpg,True,False
0,raw,peligro,dataset/raw/peligro/peligro_03688.jpg,test,peligro,dataset/test/peligro/peligro_03688.jpg,True,False
0,raw,peligro,dataset/raw/peligro/peligro_03717.jpg,train,peligro,dataset/train/peligro/peligro_03717.jpg,True,False
0,raw,peligro,dataset/raw/peligro/peligro_03761.jpg,train,peligro,dataset/train/peligro/peligro_03761.jpg,True,False
0,raw,peligro,dataset/raw/peligro/peligro_03766.jpg,train,peligro,dataset/train/peligro/peligro_03766.jpg,True,False
0,raw,peligro,dataset/raw/peligro/peligro_03777.jpg,train,peligro,dataset/train/peligro/peligro_03777.jpg,True,False
0,raw,peligro,dataset/raw/peligro/peligro_03779.jpg,train,peligro,dataset/train/peligro/peligro_03779.jpg,True,False
0,raw,peligro,dataset/raw/peligro/peligro_03792.jpg,train,peligro,dataset/train/peligro/peligro_03792.jpg,True,False
0,raw,peligro,dataset/raw/peligro/peligro_03808.jpg,train,peligro,dataset/train/peligro/peligro_03808.jpg,True,False
0,raw,peligro,dataset/raw/peligro/peligro_03810.jpg,train,peligro,dataset/train/peligro/peligro_03810.jpg,True,False
0,raw,peligro,dataset/raw/peligro/peligro_03817.jpg,test,peligro,dataset/test/peligro/peligro_03817.jpg,True,False
0,raw,peligro,dataset/raw/peligro/peligro_03828.jpg,train,peligro,dataset/train/peligro/peligro_03828.jpg,True,False
0,raw,peligro,dataset/raw/peligro/peligro_03835.jpg,validation,peligro,dataset/validation/peligro/peligro_03835.jpg,True,False
0,raw,peligro,dataset/raw/peligro/peligro_03861.jpg,test,peligro,dataset/test/peligro/peligro_03861.jpg,True,False
0,raw,peligro,dataset/raw/peligro/peligro_03862.jpg,train,peligro,dataset/train/peligro/peligro_03862.jpg,True,False
0,raw,peligro,dataset/raw/peligro/peligro_03864.jpg,test,peligro,dataset/test/peligro/peligro_03864.jpg,True,False
0,raw,peligro,dataset/raw/peligro/peligro_03899.jpg,train,peligro,dataset/train/peligro/peligro_03899.jpg,True,False
0,raw,peligro,dataset/raw/peligro/peligro_03907.jpg,validation,peligro,dataset/validation/peligro/peligro_03907.jpg,True,False
0,raw,peligro,dataset/raw/peligro/peligro_03912.jpg,test,peligro,dataset/test/peligro/peligro_03912.jpg,True,False
0,raw,peligro,dataset/raw/peligro/peligro_03920.jpg,train,peligro,dataset/train/peligro/peligro_03920.jpg,True,False
0,raw,peligro,dataset/raw/peligro/peligro_03924.jpg,train,peligro,dataset/train/peligro/peligro_03924.jpg,True,False
0,raw,peligro,dataset/raw/peligro/peligro_03926.jpg,train,peligro,dataset/train/peligro/peligro_03926.jpg,True,False
0,raw,peligro,dataset/raw/peligro/peligro_03929.jpg,train,atencion,dataset/train/atencion/atencion_02180.jpg,True,True
0,raw,peligro,dataset/raw/peligro/peligro_03929.jpg,train,peligro,dataset/train/peligro/peligro_03929.jpg,True,False
0,raw,peligro,dataset/raw/peligro/peligro_03932.jpg,train,peligro,dataset/train/peligro/peligro_03932.jpg,True,False
0,raw,peligro,dataset/raw/peligro/peligro_03981.jpg,train,atencion,dataset/train/atencion/atencion_05400.jpg,True,True
0,raw,peligro,dataset/raw/peligro/peligro_03981.jpg,train,peligro,dataset/train/peligro/peligro_03981.jpg,True,False
0,raw,peligro,dataset/raw/peligro/peligro_04018.jpg,train,peligro,dataset/train/peligro/peligro_04018.jpg,True,False
0,raw,peligro,dataset/raw/peligro/peligro_04061.jpg,train,peligro,dataset/train/peligro/peligro_04061.jpg,True,False
0,raw,peligro,dataset/raw/peligro/peligro_04073.jpg,train,peligro,dataset/train/peligro/peligro_04073.jpg,True,False
0,raw,peligro,dataset/raw/peligro/peligro_04076.jpg,train,peligro,dataset/train/peligro/peligro_04076.jpg,True,False
0,raw,peligro,dataset/raw/peligro/peligro_04165.jpg,train,peligro,dataset/train/peligro/peligro_04165.jpg,True,False
0,raw,peligro,dataset/raw/peligro/peligro_04195.jpg,train,peligro,dataset/train/peligro/peligro_04195.jpg,True,False
0,raw,peligro,dataset/raw/peligro/peligro_04289.jpg,train,peligro,dataset/train/peligro/peligro_04289.jpg,True,False
0,raw,peligro,dataset/raw/peligro/peligro_04365.jpg,train,peligro,dataset/train/peligro/peligro_04365.jpg,True,False
0,raw,peligro,dataset/raw/peligro/peligro_04383.jpg,train,atencion,dataset/train/atencion/atencion_04738.jpg,True,True
0,raw,peligro,dataset/raw/peligro/peligro_04383.jpg,train,peligro,dataset/train/peligro/peligro_04383.jpg,True,False
0,raw,peligro,dataset/raw/peligro/peligro_04423.jpg,test,peligro,dataset/test/peligro/peligro_04423.jpg,True,False
0,raw,peligro,dataset/raw/peligro/peligro_04427.jpg,train,peligro,dataset/train/peligro/peligro_04427.jpg,True,False
0,raw,peligro,dataset/raw/peligro/peligro_04497.jpg,validation,peligro,dataset/validation/peligro/peligro_04497.jpg,True,False
0,raw,peligro,dataset/raw/peligro/peligro_04501.jpg,test,peligro,dataset/test/peligro/peligro_04501.jpg,True,False
0,raw,peligro,dataset/raw/peligro/peligro_04515.jpg,train,peligro,dataset/train/peligro/peligro_04515.jpg,True,False
0,raw,peligro,dataset/raw/peligro/peligro_04519.jpg,train,peligro,dataset/train/peligro/peligro_04519.jpg,True,False
0,raw,peligro,dataset/raw/peligro/peligro_04521.jpg,train,peligro,dataset/train/peligro/peligro_04521.jpg,True,False
0,raw,peligro,dataset/raw/peligro/peligro_04525.jpg,train,peligro,dataset/train/peligro/peligro_04525.jpg,True,False
0,raw,peligro,dataset/raw/peligro/peligro_04532.jpg,train,peligro,dataset/train/peligro/peligro_04532.jpg,True,False
0,raw,peligro,dataset/raw/peligro/peligro_04533.jpg,train,peligro,dataset/train/peligro/peligro_04533.jpg,True,False
0,raw,peligro,dataset/raw/peligro/peligro_04560.jpg,validation,peligro,dataset/validation/peligro/peligro_04560.jpg,True,False
0,raw,peligro,dataset/raw/peligro/peligro_04578.jpg,train,peligro,dataset/train/peligro/peligro_04578.jpg,True,False
0,raw,peligro,dataset/raw/peligro/peligro_04580.jpg,train,peligro,dataset/train/peligro/peligro_04580.jpg,True,False
0,raw,peligro,dataset/raw/peligro/peligro_04583.jpg,train,peligro,dataset/train/peligro/peligro_04583.jpg,True,False
0,raw,peligro,dataset/raw/peligro/peligro_04586.jpg,validation,peligro,dataset/validation/peligro/peligro_04586.jpg,True,False
0,raw,peligro,dataset/raw/peligro/peligro_04595.jpg,train,peligro,dataset/train/peligro/peligro_04595.jpg,True,False
0,raw,peligro,dataset/raw/peligro/peligro_04596.jpg,train,peligro,dataset/train/peligro/peligro_04596.jpg,True,False
0,raw,peligro,dataset/raw/peligro/peligro_04607.jpg,train,peligro,dataset/train/peligro/peligro_04607.jpg,True,False
0,raw,peligro,dataset/raw/peligro/peligro_04633.jpg,train,peligro,dataset/train/peligro/peligro_04633.jpg,True,False
0,raw,peligro,dataset/raw/peligro/peligro_04648.jpg,train,peligro,dataset/train/peligro/peligro_04648.jpg,True,False
0,raw,peligro,dataset/raw/peligro/peligro_04652.jpg,train,peligro,dataset/train/peligro/peligro_04652.jpg,True,False
0,raw,peligro,dataset/raw/peligro/peligro_04657.jpg,validation,peligro,dataset/validation/peligro/peligro_04657.jpg,True,False
0,raw,peligro,dataset/raw/peligro/peligro_04659.jpg,validation,peligro,dataset/validation/peligro/peligro_04659.jpg,True,False
0,raw,peligro,dataset/raw/peligro/peligro_04679.jpg,validation,peligro,dataset/validation/peligro/peligro_04679.jpg,True,False
0,raw,peligro,dataset/raw/peligro/peligro_04732.jpg,test,peligro,dataset/test/peligro/peligro_04732.jpg,True,False
0,raw,peligro,dataset/raw/peligro/peligro_04733.jpg,train,peligro,dataset/train/peligro/peligro_04733.jpg,True,False
0,raw,peligro,dataset/raw/peligro/peligro_04741.jpg,train,peligro,dataset/train/peligro/peligro_04741.jpg,True,False
0,raw,peligro,dataset/raw/peligro/peligro_04745.jpg,train,peligro,dataset/train/peligro/peligro_04745.jpg,True,False
0,raw,peligro,dataset/raw/peligro/peligro_04745.jpg,validation,atencion,dataset/validation/atencion/atencion_05751.jpg,True,True
0,raw,peligro,dataset/raw/peligro/peligro_04886.jpg,test,peligro,dataset/test/peligro/peligro_04886.jpg,True,False
0,raw,peligro,dataset/raw/peligro/peligro_04897.jpg,train,peligro,dataset/train/peligro/peligro_04897.jpg,True,False
0,raw,peligro,dataset/raw/peligro/peligro_04901.jpg,train,peligro,dataset/train/peligro/peligro_04901.jpg,True,False
0,raw,peligro,dataset/raw/peligro/peligro_04911.jpg,train,peligro,dataset/train/peligro/peligro_04911.jpg,True,False
0,raw,peligro,dataset/raw/peligro/peligro_04916.jpg,validation,peligro,dataset/validation/peligro/peligro_04916.jpg,True,False
0,raw,peligro,dataset/raw/peligro/peligro_04922.jpg,test,peligro,dataset/test/peligro/peligro_04922.jpg,True,False
0,raw,peligro,dataset/raw/peligro/peligro_04924.jpg,validation,peligro,dataset/validation/peligro/peligro_04924.jpg,True,False
0,raw,peligro,dataset/raw/peligro/peligro_05017.jpg,train,peligro,dataset/train/peligro/peligro_05017.jpg,True,False
0,raw,peligro,dataset/raw/peligro/peligro_05031.jpg,train,peligro,dataset/train/peligro/peligro_05031.jpg,True,False
0,raw,peligro,dataset/raw/peligro/peligro_05047.jpg,train,peligro,dataset/train/peligro/peligro_05047.jpg,True,False
0,raw,peligro,dataset/raw/peligro/peligro_05127.jpg,train,peligro,dataset/train/peligro/peligro_05127.jpg,True,False
0,raw,peligro,dataset/raw/peligro/peligro_05137.jpg,train,peligro,dataset/train/peligro/peligro_05137.jpg,True,False
0,raw,peligro,dataset/raw/peligro/peligro_05145.jpg,validation,peligro,dataset/validation/peligro/peligro_05145.jpg,True,False
0,raw,peligro,dataset/raw/peligro/peligro_05146.jpg,train,peligro,dataset/train/peligro/peligro_05146.jpg,True,False
0,raw,peligro,dataset/raw/peligro/peligro_05166.jpg,train,peligro,dataset/train/peligro/peligro_05166.jpg,True,False
0,raw,peligro,dataset/raw/peligro/peligro_05181.jpg,train,peligro,dataset/train/peligro/peligro_05181.jpg,True,False
0,raw,peligro,dataset/raw/peligro/peligro_05195.jpg,validation,peligro,dataset/validation/peligro/peligro_05195.jpg,True,False
0,raw,peligro,dataset/raw/peligro/peligro_05207.jpg,train,peligro,dataset/train/peligro/peligro_05207.jpg,True,False
0,raw,peligro,dataset/raw/peligro/peligro_05229.jpg,validation,peligro,dataset/validation/peligro/peligro_05229.jpg,True,False
0,raw,peligro,dataset/raw/peligro/peligro_05249.jpg,train,peligro,dataset/train/peligro/peligro_05249.jpg,True,False
0,raw,peligro,dataset/raw/peligro/peligro_05250.jpg,validation,peligro,dataset/validation/peligro/peligro_05250.jpg,True,False
0,raw,peligro,dataset/raw/peligro/peligro_05252.jpg,test,peligro,dataset/test/peligro/peligro_05252.jpg,True,False
0,raw,peligro,dataset/raw/peligro/peligro_05258.jpg,train,peligro,dataset/train/peligro/peligro_05258.jpg,True,False
0,raw,peligro,dataset/raw/peligro/peligro_05275.jpg,train,peligro,dataset/train/peligro/peligro_05275.jpg,True,False
0,raw,peligro,dataset/raw/peligro/peligro_05276.jpg,train,peligro,dataset/train/peligro/peligro_05276.jpg,True,False
0,raw,peligro,dataset/raw/peligro/peligro_05279.jpg,train,peligro,dataset/train/peligro/peligro_05279.jpg,True,False
0,raw,peligro,dataset/raw/peligro/peligro_05294.jpg,validation,peligro,dataset/validation/peligro/peligro_05294.jpg,True,False
0,raw,peligro,dataset/raw/peligro/peligro_05321.jpg,train,peligro,dataset/train/peligro/peligro_05321.jpg,True,False
0,raw,peligro,dataset/raw/peligro/peligro_05339.jpg,train,peligro,dataset/train/peligro/peligro_05339.jpg,True,False
0,raw,peligro,dataset/raw/peligro/peligro_05346.jpg,train,peligro,dataset/train/peligro/peligro_05346.jpg,True,False
0,raw,peligro,dataset/raw/peligro/peligro_05360.jpg,train,peligro,dataset/train/peligro/peligro_05360.jpg,True,False
0,raw,peligro,dataset/raw/peligro/peligro_05368.jpg,train,peligro,dataset/train/peligro/peligro_05368.jpg,True,False
0,raw,peligro,dataset/raw/peligro/peligro_05373.jpg,train,peligro,dataset/train/peligro/peligro_05373.jpg,True,False
0,raw,peligro,dataset/raw/peligro/peligro_05378.jpg,test,peligro,dataset/test/peligro/peligro_05378.jpg,True,False
0,raw,peligro,dataset/raw/peligro/peligro_05388.jpg,train,peligro,dataset/train/peligro/peligro_05388.jpg,True,False
0,raw,peligro,dataset/raw/peligro/peligro_05394.jpg,train,peligro,dataset/train/peligro/peligro_05394.jpg,True,False
0,raw,peligro,dataset/raw/peligro/peligro_05403.jpg,train,peligro,dataset/train/peligro/peligro_05403.jpg,True,False
0,raw,peligro,dataset/raw/peligro/peligro_05410.jpg,validation,peligro,dataset/validation/peligro/peligro_05410.jpg,True,False
0,raw,peligro,dataset/raw/peligro/peligro_05559.jpg,test,peligro,dataset/test/peligro/peligro_05559.jpg,True,False
0,raw,peligro,dataset/raw/peligro/peligro_05567.jpg,validation,peligro,dataset/validation/peligro/peligro_05567.jpg,True,False
0,raw,peligro,dataset/raw/peligro/peligro_05662.jpg,train,peligro,dataset/train/peligro/peligro_05662.jpg,True,False
0,raw,peligro,dataset/raw/peligro/peligro_05679.jpg,train,peligro,dataset/train/peligro/peligro_05679.jpg,True,False
0,raw,peligro,dataset/raw/peligro/peligro_05696.jpg,validation,peligro,dataset/validation/peligro/peligro_05696.jpg,True,False
0,raw,peligro,dataset/raw/peligro/peligro_05704.jpg,train,peligro,dataset/train/peligro/peligro_05704.jpg,True,False
0,raw,peligro,dataset/raw/peligro/peligro_05714.jpg,train,peligro,dataset/train/peligro/peligro_05714.jpg,True,False
0,raw,peligro,dataset/raw/peligro/peligro_05717.jpg,train,peligro,dataset/train/peligro/peligro_05717.jpg,True,False
0,raw,peligro,dataset/raw/peligro/peligro_05721.jpg,train,sano,dataset/train/sano/sano_09610.jpg,True,True
0,raw,peligro,dataset/raw/peligro/peligro_05721.jpg,validation,peligro,dataset/validation/peligro/peligro_05721.jpg,True,False
0,raw,peligro,dataset/raw/peligro/peligro_05739.jpg,train,peligro,dataset/train/peligro/peligro_05739.jpg,True,False
0,raw,peligro,dataset/raw/peligro/peligro_05754.jpg,train,peligro,dataset/train/peligro/peligro_05754.jpg,True,False
0,raw,peligro,dataset/raw/peligro/peligro_05776.jpg,test,peligro,dataset/test/peligro/peligro_05776.jpg,True,False
0,raw,peligro,dataset/raw/peligro/peligro_05807.jpg,train,peligro,dataset/train/peligro/peligro_05807.jpg,True,False
0,raw,peligro,dataset/raw/peligro/peligro_05830.jpg,test,peligro,dataset/test/peligro/peligro_05830.jpg,True,False
0,raw,peligro,dataset/raw/peligro/peligro_05850.jpg,train,peligro,dataset/train/peligro/peligro_05850.jpg,True,False
0,raw,peligro,dataset/raw/peligro/peligro_05854.jpg,validation,peligro,dataset/validation/peligro/peligro_05854.jpg,True,False
0,raw,peligro,dataset/raw/peligro/peligro_05879.jpg,train,peligro,dataset/train/peligro/peligro_05879.jpg,True,False
0,raw,peligro,dataset/raw/peligro/peligro_05897.jpg,test,peligro,dataset/test/peligro/peligro_05897.jpg,True,False
0,raw,peligro,dataset/raw/peligro/peligro_05907.jpg,validation,peligro,dataset/validation/peligro/peligro_05907.jpg,True,False
0,raw,peligro,dataset/raw/peligro/peligro_05913.jpg,validation,peligro,dataset/validation/peligro/peligro_05913.jpg,True,False
0,raw,peligro,dataset/raw/peligro/peligro_05921.jpg,train,peligro,dataset/train/peligro/peligro_05921.jpg,True,False
0,raw,peligro,dataset/raw/peligro/peligro_05922.jpg,train,peligro,dataset/train/peligro/peligro_05922.jpg,True,False
0,raw,peligro,dataset/raw/peligro/peligro_05932.jpg,train,peligro,dataset/train/peligro/peligro_05932.jpg,True,False
0,raw,peligro,dataset/raw/peligro/peligro_05954.jpg,train,atencion,dataset/train/atencion/atencion_01047.jpg,True,True
0,raw,peligro,dataset/raw/peligro/peligro_05954.jpg,train,peligro,dataset/train/peligro/peligro_05954.jpg,True,False
0,raw,peligro,dataset/raw/peligro/peligro_06015.jpg,train,peligro,dataset/train/peligro/peligro_06015.jpg,True,False
0,raw,peligro,dataset/raw/peligro/peligro_06021.jpg,train,peligro,dataset/train/peligro/peligro_06021.jpg,True,False
0,raw,peligro,dataset/raw/peligro/peligro_06023.jpg,validation,peligro,dataset/validation/peligro/peligro_06023.jpg,True,False
0,raw,peligro,dataset/raw/peligro/peligro_06097.jpg,train,peligro,dataset/train/peligro/peligro_06097.jpg,True,False
0,raw,peligro,dataset/raw/peligro/peligro_06101.jpg,train,peligro,dataset/train/peligro/peligro_06101.jpg,True,False
0,raw,peligro,dataset/raw/peligro/peligro_06111.jpg,train,peligro,dataset/train/peligro/peligro_06111.jpg,True,False
0,raw,peligro,dataset/raw/peligro/peligro_06150.jpg,train,peligro,dataset/train/peligro/peligro_06150.jpg,True,False
0,raw,peligro,dataset/raw/peligro/peligro_06151.jpg,train,sano,dataset/train/sano/sano_07045.jpg,True,True
0,raw,peligro,dataset/raw/peligro/peligro_06151.jpg,validation,peligro,dataset/validation/peligro/peligro_06151.jpg,True,False
0,raw,peligro,dataset/raw/peligro/peligro_06162.jpg,train,peligro,dataset/train/peligro/peligro_06162.jpg,True,False
0,raw,peligro,dataset/raw/peligro/peligro_06305.jpg,validation,peligro,dataset/validation/peligro/peligro_06305.jpg,True,False
0,raw,peligro,dataset/raw/peligro/peligro_06317.jpg,train,peligro,dataset/train/peligro/peligro_06317.jpg,True,False
0,raw,peligro,dataset/raw/peligro/peligro_06319.jpg,validation,peligro,dataset/validation/peligro/peligro_06319.jpg,True,False
0,raw,peligro,dataset/raw/peligro/peligro_06346.jpg,train,peligro,dataset/train/peligro/peligro_06346.jpg,True,False
0,raw,peligro,dataset/raw/peligro/peligro_06359.jpg,validation,peligro,dataset/validation/peligro/peligro_06359.jpg,True,False
0,raw,peligro,dataset/raw/peligro/peligro_06385.jpg,validation,peligro,dataset/validation/peligro/peligro_06385.jpg,True,False
0,raw,peligro,dataset/raw/peligro/peligro_06416.jpg,train,peligro,dataset/train/peligro/peligro_06416.jpg,True,False
0,raw,peligro,dataset/raw/peligro/peligro_06437.jpg,train,peligro,dataset/train/peligro/peligro_06437.jpg,True,False
0,raw,peligro,dataset/raw/peligro/peligro_06446.jpg,test,peligro,dataset/test/peligro/peligro_06446.jpg,True,False
0,raw,peligro,dataset/raw/peligro/peligro_06469.jpg,train,peligro,dataset/train/peligro/peligro_06469.jpg,True,False
0,raw,peligro,dataset/raw/peligro/peligro_06471.jpg,validation,peligro,dataset/validation/peligro/peligro_06471.jpg,True,False
0,raw,peligro,dataset/raw/peligro/peligro_06475.jpg,validation,peligro,dataset/validation/peligro/peligro_06475.jpg,True,False
0,raw,peligro,dataset/raw/peligro/peligro_06478.jpg,train,peligro,dataset/train/peligro/peligro_06478.jpg,True,False
0,raw,peligro,dataset/raw/peligro/peligro_06480.jpg,train,peligro,dataset/train/peligro/peligro_06480.jpg,True,False
0,raw,peligro,dataset/raw/peligro/peligro_06482.jpg,test,peligro,dataset/test/peligro/peligro_06482.jpg,True,False
0,raw,peligro,dataset/raw/peligro/peligro_06486.jpg,train,atencion,dataset/train/atencion/atencion_05045.jpg,True,True
0,raw,peligro,dataset/raw/peligro/peligro_06486.jpg,train,peligro,dataset/train/peligro/peligro_06486.jpg,True,False
0,raw,peligro,dataset/raw/peligro/peligro_06495.jpg,train,peligro,dataset/train/peligro/peligro_06495.jpg,True,False
0,raw,peligro,dataset/raw/peligro/peligro_06505.jpg,test,peligro,dataset/test/peligro/peligro_06505.jpg,True,False
0,raw,peligro,dataset/raw/peligro/peligro_06508.jpg,validation,peligro,dataset/validation/peligro/peligro_06508.jpg,True,False
0,raw,peligro,dataset/raw/peligro/peligro_06515.jpg,train,peligro,dataset/train/peligro/peligro_06515.jpg,True,False
0,raw,peligro,dataset/raw/peligro/peligro_06636.jpg,train,peligro,dataset/train/peligro/peligro_06636.jpg,True,False
0,raw,peligro,dataset/raw/peligro/peligro_06637.jpg,train,peligro,dataset/train/peligro/peligro_06637.jpg,True,False
0,raw,peligro,dataset/raw/peligro/peligro_06646.jpg,train,peligro,dataset/train/peligro/peligro_06646.jpg,True,False
0,raw,peligro,dataset/raw/peligro/peligro_06708.jpg,train,peligro,dataset/train/peligro/peligro_06708.jpg,True,False
0,raw,peligro,dataset/raw/peligro/peligro_06731.jpg,test,peligro,dataset/test/peligro/peligro_06731.jpg,True,False
0,raw,peligro,dataset/raw/peligro/peligro_06740.jpg,train,peligro,dataset/train/peligro/peligro_06740.jpg,True,False
0,raw,peligro,dataset/raw/peligro/peligro_06756.jpg,train,peligro,dataset/train/peligro/peligro_06756.jpg,True,False
0,raw,peligro,dataset/raw/peligro/peligro_06855.jpg,train,peligro,dataset/train/peligro/peligro_06855.jpg,True,False
0,raw,peligro,dataset/raw/peligro/peligro_06855.jpg,validation,atencion,dataset/validation/atencion/atencion_03541.jpg,True,True
0,raw,peligro,dataset/raw/peligro/peligro_06894.jpg,train,peligro,dataset/train/peligro/peligro_06894.jpg,True,False
0,raw,peligro,dataset/raw/peligro/peligro_07031.jpg,validation,peligro,dataset/validation/peligro/peligro_07031.jpg,True,False
0,raw,peligro,dataset/raw/peligro/peligro_07090.jpg,train,peligro,dataset/train/peligro/peligro_07090.jpg,True,False
0,raw,peligro,dataset/raw/peligro/peligro_07137.jpg,test,peligro,dataset/test/peligro/peligro_07137.jpg,True,False
0,raw,peligro,dataset/raw/peligro/peligro_07156.jpg,validation,peligro,dataset/validation/peligro/peligro_07156.jpg,True,False
0,raw,peligro,dataset/raw/peligro/peligro_07188.jpg,test,peligro,dataset/test/peligro/peligro_07188.jpg,True,False
0,raw,peligro,dataset/raw/peligro/peligro_07206.jpg,train,peligro,dataset/train/peligro/peligro_07206.jpg,True,False
0,raw,peligro,dataset/raw/peligro/peligro_07232.jpg,train,peligro,dataset/train/peligro/peligro_07232.jpg,True,False
0,raw,peligro,dataset/raw/peligro/peligro_07234.jpg,train,peligro,dataset/train/peligro/peligro_07234.jpg,True,False
0,raw,peligro,dataset/raw/peligro/peligro_07247.jpg,validation,peligro,dataset/validation/peligro/peligro_07247.jpg,True,False
0,raw,peligro,dataset/raw/peligro/peligro_07282.jpg,train,peligro,dataset/train/peligro/peligro_07282.jpg,True,False
0,raw,peligro,dataset/raw/peligro/peligro_07319.jpg,train,peligro,dataset/train/peligro/peligro_07319.jpg,True,False
0,raw,peligro,dataset/raw/peligro/peligro_07322.jpg,train,peligro,dataset/train/peligro/peligro_07322.jpg,True,False
0,raw,peligro,dataset/raw/peligro/peligro_07323.jpg,train,peligro,dataset/train/peligro/peligro_07323.jpg,True,False
0,raw,peligro,dataset/raw/peligro/peligro_07330.jpg,train,peligro,dataset/train/peligro/peligro_07330.jpg,True,False
0,raw,peligro,dataset/raw/peligro/peligro_07342.jpg,train,peligro,dataset/train/peligro/peligro_07342.jpg,True,False
0,raw,peligro,dataset/raw/peligro/peligro_07348.jpg,train,peligro,dataset/train/peligro/peligro_07348.jpg,True,False
0,raw,peligro,dataset/raw/peligro/peligro_07352.jpg,train,peligro,dataset/train/peligro/peligro_07352.jpg,True,False
0,raw,peligro,dataset/raw/peligro/peligro_07377.jpg,validation,peligro,dataset/validation/peligro/peligro_07377.jpg,True,False
0,raw,peligro,dataset/raw/peligro/peligro_07414.jpg,train,peligro,dataset/train/peligro/peligro_07414.jpg,True,False
0,raw,peligro,dataset/raw/peligro/peligro_07419.jpg,train,peligro,dataset/train/peligro/peligro_07419.jpg,True,False
0,raw,peligro,dataset/raw/peligro/peligro_07431.jpg,train,peligro,dataset/train/peligro/peligro_07431.jpg,True,False
0,raw,peligro,dataset/raw/peligro/peligro_07432.jpg,train,peligro,dataset/train/peligro/peligro_07432.jpg,True,False
0,raw,peligro,dataset/raw/peligro/peligro_07436.jpg,train,peligro,dataset/train/peligro/peligro_07436.jpg,True,False
0,raw,peligro,dataset/raw/peligro/peligro_07437.jpg,train,peligro,dataset/train/peligro/peligro_07437.jpg,True,False
0,raw,peligro,dataset/raw/peligro/peligro_07462.jpg,train,peligro,dataset/train/peligro/peligro_07462.jpg,True,False
0,raw,peligro,dataset/raw/peligro/peligro_07474.jpg,train,peligro,dataset/train/peligro/peligro_07474.jpg,True,False
0,raw,peligro,dataset/raw/peligro/peligro_07483.jpg,test,peligro,dataset/test/peligro/peligro_07483.jpg,True,False
0,raw,peligro,dataset/raw/peligro/peligro_07485.jpg,validation,peligro,dataset/validation/peligro/peligro_07485.jpg,True,False
0,raw,peligro,dataset/raw/peligro/peligro_07646.jpg,train,peligro,dataset/train/peligro/peligro_07646.jpg,True,False
0,raw,peligro,dataset/raw/peligro/peligro_07664.jpg,train,peligro,dataset/train/peligro/peligro_07664.jpg,True,False
0,raw,peligro,dataset/raw/peligro/peligro_07669.jpg,train,peligro,dataset/train/peligro/peligro_07669.jpg,True,False
0,raw,peligro,dataset/raw/peligro/peligro_07674.jpg,train,peligro,dataset/train/peligro/peligro_07674.jpg,True,False
0,raw,peligro,dataset/raw/peligro/peligro_07692.jpg,train,peligro,dataset/train/peligro/peligro_07692.jpg,True,False
0,raw,peligro,dataset/raw/peligro/peligro_07699.jpg,train,peligro,dataset/train/peligro/peligro_07699.jpg,True,False
0,raw,peligro,dataset/raw/peligro/peligro_07700.jpg,validation,peligro,dataset/validation/peligro/peligro_07700.jpg,True,False
0,raw,peligro,dataset/raw/peligro/peligro_07727.jpg,test,peligro,dataset/test/peligro/peligro_07727.jpg,True,False
0,raw,peligro,dataset/raw/peligro/peligro_07727.jpg,train,atencion,dataset/train/atencion/atencion_00600.jpg,True,True
0,raw,peligro,dataset/raw/peligro/peligro_07804.jpg,train,peligro,dataset/train/peligro/peligro_07804.jpg,True,False
0,raw,peligro,dataset/raw/peligro/peligro_07831.jpg,validation,peligro,dataset/validation/peligro/peligro_07831.jpg,True,False
0,raw,peligro,dataset/raw/peligro/peligro_07894.jpg,train,peligro,dataset/train/peligro/peligro_07894.jpg,True,False
0,raw,peligro,dataset/raw/peligro/peligro_07930.jpg,validation,peligro,dataset/validation/peligro/peligro_07930.jpg,True,False
0,raw,peligro,dataset/raw/peligro/peligro_07935.jpg,train,peligro,dataset/train/peligro/peligro_07935.jpg,True,False
0,raw,peligro,dataset/raw/peligro/peligro_07941.jpg,train,peligro,dataset/train/peligro/peligro_07941.jpg,True,False
0,raw,peligro,dataset/raw/peligro/peligro_07954.jpg,validation,peligro,dataset/validation/peligro/peligro_07954.jpg,True,False
0,raw,peligro,dataset/raw/peligro/peligro_07976.jpg,train,peligro,dataset/train/peligro/peligro_07976.jpg,True,False
0,raw,peligro,dataset/raw/peligro/peligro_07977.jpg,validation,peligro,dataset/validation/peligro/peligro_07977.jpg,True,False
0,raw,peligro,dataset/raw/peligro/peligro_07983.jpg,train,peligro,dataset/train/peligro/peligro_07983.jpg,True,False
0,raw,peligro,dataset/raw/peligro/peligro_08006.jpg,train,peligro,dataset/train/peligro/peligro_08006.jpg,True,False
0,raw,peligro,dataset/raw/peligro/peligro_08008.jpg,test,peligro,dataset/test/peligro/peligro_08008.jpg,True,False
0,raw,peligro,dataset/raw/peligro/peligro_08045.jpg,test,peligro,dataset/test/peligro/peligro_08045.jpg,True,False
0,raw,peligro,dataset/raw/peligro/peligro_08046.jpg,train,peligro,dataset/train/peligro/peligro_08046.jpg,True,False
0,raw,peligro,dataset/raw/peligro/peligro_08049.jpg,train,peligro,dataset/train/peligro/peligro_08049.jpg,True,False
0,raw,peligro,dataset/raw/peligro/peligro_08050.jpg,train,peligro,dataset/train/peligro/peligro_08050.jpg,True,False
0,raw,peligro,dataset/raw/peligro/peligro_08084.jpg,train,peligro,dataset/train/peligro/peligro_08084.jpg,True,False
0,raw,peligro,dataset/raw/peligro/peligro_08085.jpg,train,peligro,dataset/train/peligro/peligro_08085.jpg,True,False
0,raw,peligro,dataset/raw/peligro/peligro_08091.jpg,train,peligro,dataset/train/peligro/peligro_08091.jpg,True,False
0,raw,peligro,dataset/raw/peligro/peligro_08110.jpg,train,peligro,dataset/train/peligro/peligro_08110.jpg,True,False
0,raw,peligro,dataset/raw/peligro/peligro_08116.jpg,test,peligro,dataset/test/peligro/peligro_08116.jpg,True,False
0,raw,peligro,dataset/raw/peligro/peligro_08118.jpg,train,peligro,dataset/train/peligro/peligro_08118.jpg,True,False
0,raw,peligro,dataset/raw/peligro/peligro_08148.jpg,train,peligro,dataset/train/peligro/peligro_08148.jpg,True,False
0,raw,peligro,dataset/raw/peligro/peligro_08153.jpg,train,peligro,dataset/train/peligro/peligro_08153.jpg,True,False
0,raw,peligro,dataset/raw/peligro/peligro_08168.jpg,validation,peligro,dataset/validation/peligro/peligro_08168.jpg,True,False
0,raw,peligro,dataset/raw/peligro/peligro_08284.jpg,validation,peligro,dataset/validation/peligro/peligro_08284.jpg,True,False
0,raw,peligro,dataset/raw/peligro/peligro_08290.jpg,train,peligro,dataset/train/peligro/peligro_08290.jpg,True,False
0,raw,peligro,dataset/raw/peligro/peligro_08295.jpg,validation,peligro,dataset/validation/peligro/peligro_08295.jpg,True,False
0,raw,peligro,dataset/raw/peligro/peligro_08659.jpg,train,peligro,dataset/train/peligro/peligro_08659.jpg,True,False
0,raw,peligro,dataset/raw/peligro/peligro_08678.jpg,train,peligro,dataset/train/peligro/peligro_08678.jpg,True,False
0,raw,peligro,dataset/raw/peligro/peligro_08682.jpg,train,peligro,dataset/train/peligro/peligro_08682.jpg,True,False
0,raw,peligro,dataset/raw/peligro/peligro_08685.jpg,train,peligro,dataset/train/peligro/peligro_08685.jpg,True,False
0,raw,peligro,dataset/raw/peligro/peligro_08697.jpg,train,peligro,dataset/train/peligro/peligro_08697.jpg,True,False
0,raw,peligro,dataset/raw/peligro/peligro_08698.jpg,train,peligro,dataset/train/peligro/peligro_08698.jpg,True,False
0,raw,peligro,dataset/raw/peligro/peligro_08699.jpg,train,peligro,dataset/train/peligro/peligro_08699.jpg,True,False
0,raw,peligro,dataset/raw/peligro/peligro_08800.jpg,train,peligro,dataset/train/peligro/peligro_08800.jpg,True,False
0,raw,peligro,dataset/raw/peligro/peligro_08826.jpg,train,peligro,dataset/train/peligro/peligro_08826.jpg,True,False
0,raw,peligro,dataset/raw/peligro/peligro_08933.jpg,train,peligro,dataset/train/peligro/peligro_08933.jpg,True,False
0,raw,peligro,dataset/raw/peligro/peligro_08943.jpg,train,peligro,dataset/train/peligro/peligro_08943.jpg,True,False
0,raw,peligro,dataset/raw/peligro/peligro_08988.jpg,train,peligro,dataset/train/peligro/peligro_08988.jpg,True,False
0,raw,peligro,dataset/raw/peligro/peligro_09019.jpg,train,peligro,dataset/train/peligro/peligro_09019.jpg,True,False
0,raw,peligro,dataset/raw/peligro/peligro_09020.jpg,train,peligro,dataset/train/peligro/peligro_09020.jpg,True,False
0,raw,peligro,dataset/raw/peligro/peligro_09028.jpg,train,peligro,dataset/train/peligro/peligro_09028.jpg,True,False
0,raw,peligro,dataset/raw/peligro/peligro_09055.jpg,train,peligro,dataset/train/peligro/peligro_09055.jpg,True,False
0,raw,peligro,dataset/raw/peligro/peligro_09056.jpg,train,peligro,dataset/train/peligro/peligro_09056.jpg,True,False
0,raw,peligro,dataset/raw/peligro/peligro_09063.jpg,train,peligro,dataset/train/peligro/peligro_09063.jpg,True,False
0,raw,peligro,dataset/raw/peligro/peligro_09068.jpg,train,peligro,dataset/train/peligro/peligro_09068.jpg,True,False
0,raw,peligro,dataset/raw/peligro/peligro_09071.jpg,train,peligro,dataset/train/peligro/peligro_09071.jpg,True,False
0,raw,peligro,dataset/raw/peligro/peligro_09097.jpg,validation,peligro,dataset/validation/peligro/peligro_09097.jpg,True,False
0,raw,peligro,dataset/raw/peligro/peligro_09112.jpg,train,peligro,dataset/train/peligro/peligro_09112.jpg,True,False
0,raw,peligro,dataset/raw/peligro/peligro_09127.jpg,train,peligro,dataset/train/peligro/peligro_09127.jpg,True,False
0,raw,peligro,dataset/raw/peligro/peligro_09197.jpg,train,peligro,dataset/train/peligro/peligro_09197.jpg,True,False
0,raw,peligro,dataset/raw/peligro/peligro_09211.jpg,train,peligro,dataset/train/peligro/peligro_09211.jpg,True,False
0,raw,peligro,dataset/raw/peligro/peligro_09213.jpg,train,peligro,dataset/train/peligro/peligro_09213.jpg,True,False
0,raw,peligro,dataset/raw/peligro/peligro_09232.jpg,train,peligro,dataset/train/peligro/peligro_09232.jpg,True,False
0,raw,peligro,dataset/raw/peligro/peligro_09239.jpg,train,peligro,dataset/train/peligro/peligro_09239.jpg,True,False
0,raw,peligro,dataset/raw/peligro/peligro_09240.jpg,train,peligro,dataset/train/peligro/peligro_09240.jpg,True,False
0,raw,peligro,dataset/raw/peligro/peligro_09250.jpg,validation,peligro,dataset/validation/peligro/peligro_09250.jpg,True,False
0,raw,peligro,dataset/raw/peligro/peligro_09257.jpg,train,peligro,dataset/train/peligro/peligro_09257.jpg,True,False
0,raw,peligro,dataset/raw/peligro/peligro_09275.jpg,train,atencion,dataset/train/atencion/atencion_01759.jpg,True,True
0,raw,peligro,dataset/raw/peligro/peligro_09275.jpg,validation,peligro,dataset/validation/peligro/peligro_09275.jpg,True,False
0,raw,peligro,dataset/raw/peligro/peligro_09284.jpg,train,peligro,dataset/train/peligro/peligro_09284.jpg,True,False
0,raw,peligro,dataset/raw/peligro/peligro_09298.jpg,train,peligro,dataset/train/peligro/peligro_09298.jpg,True,False
0,raw,peligro,dataset/raw/peligro/peligro_09515.jpg,train,peligro,dataset/train/peligro/peligro_09515.jpg,True,False
0,raw,peligro,dataset/raw/peligro/peligro_09532.jpg,train,peligro,dataset/train/peligro/peligro_09532.jpg,True,False
0,raw,peligro,dataset/raw/peligro/peligro_09537.jpg,train,peligro,dataset/train/peligro/peligro_09537.jpg,True,False
0,raw,peligro,dataset/raw/peligro/peligro_09538.jpg,train,peligro,dataset/train/peligro/peligro_09538.jpg,True,False
0,raw,peligro,dataset/raw/peligro/peligro_09583.jpg,train,peligro,dataset/train/peligro/peligro_09583.jpg,True,False
0,raw,peligro,dataset/raw/peligro/peligro_09597.jpg,train,peligro,dataset/train/peligro/peligro_09597.jpg,True,False
0,raw,peligro,dataset/raw/peligro/peligro_09634.jpg,train,peligro,dataset/train/peligro/peligro_09634.jpg,True,False
0,raw,peligro,dataset/raw/peligro/peligro_09697.jpg,train,peligro,dataset/train/peligro/peligro_09697.jpg,True,False
0,raw,peligro,dataset/raw/peligro/peligro_09725.jpg,train,peligro,dataset/train/peligro/peligro_09725.jpg,True,False
0,raw,peligro,dataset/raw/peligro/peligro_09761.jpg,train,peligro,dataset/train/peligro/peligro_09761.jpg,True,False
0,raw,peligro,dataset/raw/peligro/peligro_09888.jpg,test,atencion,dataset/test/atencion/atencion_02045.jpg,True,True
0,raw,peligro,dataset/raw/peligro/peligro_09888.jpg,train,peligro,dataset/train/peligro/peligro_09888.jpg,True,False
0,raw,peligro,dataset/raw/peligro/peligro_09951.jpg,train,peligro,dataset/train/peligro/peligro_09951.jpg,True,False
0,raw,peligro,dataset/raw/peligro/peligro_09980.jpg,test,peligro,dataset/test/peligro/peligro_09980.jpg,True,False
0,raw,peligro,dataset/raw/peligro/peligro_09997.jpg,train,peligro,dataset/train/peligro/peligro_09997.jpg,True,False
0,raw,peligro,dataset/raw/peligro/peligro_10002.jpg,train,peligro,dataset/train/peligro/peligro_10002.jpg,True,False
0,raw,peligro,dataset/raw/peligro/peligro_10002.jpg,train,sano,dataset/train/sano/sano_01099.jpg,True,True
0,raw,peligro,dataset/raw/peligro/peligro_10047.jpg,validation,peligro,dataset/validation/peligro/peligro_10047.jpg,True,False
0,raw,peligro,dataset/raw/peligro/peligro_10078.jpg,train,peligro,dataset/train/peligro/peligro_10078.jpg,True,False
0,raw,peligro,dataset/raw/peligro/peligro_10105.jpg,validation,peligro,dataset/validation/peligro/peligro_10105.jpg,True,False
0,raw,peligro,dataset/raw/peligro/peligro_10108.jpg,train,peligro,dataset/train/peligro/peligro_10108.jpg,True,False
0,raw,peligro,dataset/raw/peligro/peligro_10111.jpg,validation,peligro,dataset/validation/peligro/peligro_10111.jpg,True,False
0,raw,peligro,dataset/raw/peligro/peligro_10119.jpg,train,atencion,dataset/train/atencion/atencion_00528.jpg,True,True
0,raw,peligro,dataset/raw/peligro/peligro_10119.jpg,train,peligro,dataset/train/peligro/peligro_10119.jpg,True,False
0,raw,peligro,dataset/raw/peligro/peligro_10122.jpg,train,peligro,dataset/train/peligro/peligro_10122.jpg,True,False
0,raw,peligro,dataset/raw/peligro/peligro_10132.jpg,validation,peligro,dataset/validation/peligro/peligro_10132.jpg,True,False
0,raw,peligro,dataset/raw/peligro/peligro_10142.jpg,test,peligro,dataset/test/peligro/peligro_10142.jpg,True,False
0,raw,peligro,dataset/raw/peligro/peligro_10143.jpg,train,peligro,dataset/train/peligro/peligro_10143.jpg,True,False
0,raw,peligro,dataset/raw/peligro/peligro_10161.jpg,validation,peligro,dataset/validation/peligro/peligro_10161.jpg,True,False
0,raw,peligro,dataset/raw/peligro/peligro_10165.jpg,train,peligro,dataset/train/peligro/peligro_10165.jpg,True,False
0,raw,peligro,dataset/raw/peligro/peligro_10182.jpg,test,peligro,dataset/test/peligro/peligro_10182.jpg,True,False
0,raw,peligro,dataset/raw/peligro/peligro_10184.jpg,train,peligro,dataset/train/peligro/peligro_10184.jpg,True,False
0,raw,peligro,dataset/raw/peligro/peligro_10190.jpg,train,peligro,dataset/train/peligro/peligro_10190.jpg,True,False
0,raw,peligro,dataset/raw/peligro/peligro_10205.jpg,train,peligro,dataset/train/peligro/peligro_10205.jpg,True,False
0,raw,peligro,dataset/raw/peligro/peligro_10208.jpg,train,peligro,dataset/train/peligro/peligro_10208.jpg,True,False
0,raw,peligro,dataset/raw/peligro/peligro_10217.jpg,train,peligro,dataset/train/peligro/peligro_10217.jpg,True,False
0,raw,peligro,dataset/raw/peligro/peligro_10218.jpg,train,peligro,dataset/train/peligro/peligro_10218.jpg,True,False
0,raw,peligro,dataset/raw/peligro/peligro_10236.jpg,train,peligro,dataset/train/peligro/peligro_10236.jpg,True,False
0,raw,peligro,dataset/raw/peligro/peligro_10247.jpg,train,peligro,dataset/train/peligro/peligro_10247.jpg,True,False
0,raw,peligro,dataset/raw/peligro/peligro_10248.jpg,test,peligro,dataset/test/peligro/peligro_10248.jpg,True,False
0,raw,peligro,dataset/raw/peligro/peligro_10279.jpg,train,peligro,dataset/train/peligro/peligro_10279.jpg,True,False
0,raw,peligro,dataset/raw/peligro/peligro_10299.jpg,train,peligro,dataset/train/peligro/peligro_10299.jpg,True,False
0,raw,peligro,dataset/raw/peligro/peligro_10310.jpg,train,peligro,dataset/train/peligro/peligro_10310.jpg,True,False
0,raw,peligro,dataset/raw/peligro/peligro_10357.jpg,validation,peligro,dataset/validation/peligro/peligro_10357.jpg,True,False
0,raw,peligro,dataset/raw/peligro/peligro_10366.jpg,train,peligro,dataset/train/peligro/peligro_10366.jpg,True,False
0,raw,peligro,dataset/raw/peligro/peligro_10421.jpg,train,peligro,dataset/train/peligro/peligro_10421.jpg,True,False
0,raw,peligro,dataset/raw/peligro/peligro_10469.jpg,train,peligro,dataset/train/peligro/peligro_10469.jpg,True,False
0,raw,peligro,dataset/raw/peligro/peligro_10469.jpg,validation,atencion,dataset/validation/atencion/atencion_01166.jpg,True,True
0,raw,peligro,dataset/raw/peligro/peligro_10494.jpg,validation,peligro,dataset/validation/peligro/peligro_10494.jpg,True,False
0,raw,peligro,dataset/raw/peligro/peligro_10521.jpg,train,peligro,dataset/train/peligro/peligro_10521.jpg,True,False
0,raw,peligro,dataset/raw/peligro/peligro_10582.jpg,validation,peligro,dataset/validation/peligro/peligro_10582.jpg,True,False
0,raw,peligro,dataset/raw/peligro/peligro_10584.jpg,train,peligro,dataset/train/peligro/peligro_10584.jpg,True,False
0,raw,peligro,dataset/raw/peligro/peligro_10795.jpg,train,sano,dataset/train/sano/sano_03288.jpg,True,True
0,raw,peligro,dataset/raw/peligro/peligro_10795.jpg,validation,peligro,dataset/validation/peligro/peligro_10795.jpg,True,False
0,raw,peligro,dataset/raw/peligro/peligro_10857.jpg,train,peligro,dataset/train/peligro/peligro_10857.jpg,True,False
0,raw,peligro,dataset/raw/peligro/peligro_10954.jpg,train,peligro,dataset/train/peligro/peligro_10954.jpg,True,False
0,raw,peligro,dataset/raw/peligro/peligro_10977.jpg,train,peligro,dataset/train/peligro/peligro_10977.jpg,True,False
0,raw,peligro,dataset/raw/peligro/peligro_11022.jpg,train,peligro,dataset/train/peligro/peligro_11022.jpg,True,False
0,raw,peligro,dataset/raw/peligro/peligro_11128.jpg,train,peligro,dataset/train/peligro/peligro_11128.jpg,True,False
0,raw,peligro,dataset/raw/peligro/peligro_11136.jpg,test,peligro,dataset/test/peligro/peligro_11136.jpg,True,False
0,raw,peligro,dataset/raw/peligro/peligro_11218.jpg,train,peligro,dataset/train/peligro/peligro_11218.jpg,True,False
0,raw,peligro,dataset/raw/peligro/peligro_11255.jpg,validation,peligro,dataset/validation/peligro/peligro_11255.jpg,True,False
0,raw,peligro,dataset/raw/peligro/peligro_11344.jpg,validation,peligro,dataset/validation/peligro/peligro_11344.jpg,True,False
0,raw,peligro,dataset/raw/peligro/peligro_11360.jpg,train,peligro,dataset/train/peligro/peligro_11360.jpg,True,False
0,raw,peligro,dataset/raw/peligro/peligro_11370.jpg,train,peligro,dataset/train/peligro/peligro_11370.jpg,True,False
0,raw,peligro,dataset/raw/peligro/peligro_11377.jpg,train,peligro,dataset/train/peligro/peligro_11377.jpg,True,False
0,raw,peligro,dataset/raw/peligro/peligro_11386.jpg,train,peligro,dataset/train/peligro/peligro_11386.jpg,True,False
0,raw,peligro,dataset/raw/peligro/peligro_11398.jpg,train,peligro,dataset/train/peligro/peligro_11398.jpg,True,False
0,raw,peligro,dataset/raw/peligro/peligro_11401.jpg,train,peligro,dataset/train/peligro/peligro_11401.jpg,True,False
0,raw,peligro,dataset/raw/peligro/peligro_11412.jpg,train,peligro,dataset/train/peligro/peligro_11412.jpg,True,False
0,raw,peligro,dataset/raw/peligro/peligro_11415.jpg,train,peligro,dataset/train/peligro/peligro_11415.jpg,True,False
0,raw,peligro,dataset/raw/peligro/peligro_11431.jpg,train,peligro,dataset/train/peligro/peligro_11431.jpg,True,False
0,raw,peligro,dataset/raw/peligro/peligro_11476.jpg,train,atencion,dataset/train/atencion/atencion_04792.jpg,True,True
0,raw,peligro,dataset/raw/peligro/peligro_11476.jpg,train,peligro,dataset/train/peligro/peligro_11476.jpg,True,False
0,raw,peligro,dataset/raw/peligro/peligro_11480.jpg,train,peligro,dataset/train/peligro/peligro_11480.jpg,True,False
0,raw,peligro,dataset/raw/peligro/peligro_11486.jpg,train,peligro,dataset/train/peligro/peligro_11486.jpg,True,False
0,raw,peligro,dataset/raw/peligro/peligro_11506.jpg,test,peligro,dataset/test/peligro/peligro_11506.jpg,True,False
0,raw,peligro,dataset/raw/peligro/peligro_11522.jpg,test,peligro,dataset/test/peligro/peligro_11522.jpg,True,False
0,raw,peligro,dataset/raw/peligro/peligro_11535.jpg,train,peligro,dataset/train/peligro/peligro_11535.jpg,True,False
0,raw,peligro,dataset/raw/peligro/peligro_11537.jpg,train,peligro,dataset/train/peligro/peligro_11537.jpg,True,False
0,raw,peligro,dataset/raw/peligro/peligro_11556.jpg,validation,peligro,dataset/validation/peligro/peligro_11556.jpg,True,False
0,raw,peligro,dataset/raw/peligro/peligro_11668.jpg,train,peligro,dataset/train/peligro/peligro_11668.jpg,True,False
0,raw,peligro,dataset/raw/peligro/peligro_11744.jpg,test,peligro,dataset/test/peligro/peligro_11744.jpg,True,False
0,raw,peligro,dataset/raw/peligro/peligro_11773.jpg,test,peligro,dataset/test/peligro/peligro_11773.jpg,True,False
0,raw,peligro,dataset/raw/peligro/peligro_11848.jpg,validation,peligro,dataset/validation/peligro/peligro_11848.jpg,True,False
0,raw,peligro,dataset/raw/peligro/peligro_11936.jpg,validation,peligro,dataset/validation/peligro/peligro_11936.jpg,True,False
0,raw,peligro,dataset/raw/peligro/peligro_11946.jpg,validation,peligro,dataset/validation/peligro/peligro_11946.jpg,True,False
0,raw,peligro,dataset/raw/peligro/peligro_11980.jpg,train,peligro,dataset/train/peligro/peligro_11980.jpg,True,False
0,raw,peligro,dataset/raw/peligro/peligro_11991.jpg,test,peligro,dataset/test/peligro/peligro_11991.jpg,True,False
0,raw,peligro,dataset/raw/peligro/peligro_11991.jpg,train,sano,dataset/train/sano/sano_02159.jpg,True,True
0,raw,peligro,dataset/raw/peligro/peligro_12000.jpg,train,peligro,dataset/train/peligro/peligro_12000.jpg,True,False
0,raw,peligro,dataset/raw/peligro/peligro_12004.jpg,train,peligro,dataset/train/peligro/peligro_12004.jpg,True,False
0,raw,peligro,dataset/raw/peligro/peligro_12028.jpg,validation,peligro,dataset/validation/peligro/peligro_12028.jpg,True,False
0,raw,peligro,dataset/raw/peligro/peligro_12028.jpg,validation,sano,dataset/validation/sano/sano_06496.jpg,True,True
0,raw,peligro,dataset/raw/peligro/peligro_12029.jpg,train,peligro,dataset/train/peligro/peligro_12029.jpg,True,False
0,raw,peligro,dataset/raw/peligro/peligro_12040.jpg,test,peligro,dataset/test/peligro/peligro_12040.jpg,True,False
0,raw,peligro,dataset/raw/peligro/peligro_12060.jpg,train,peligro,dataset/train/peligro/peligro_12060.jpg,True,False
0,raw,peligro,dataset/raw/peligro/peligro_12089.jpg,train,peligro,dataset/train/peligro/peligro_12089.jpg,True,False
0,raw,peligro,dataset/raw/peligro/peligro_12093.jpg,train,peligro,dataset/train/peligro/peligro_12093.jpg,True,False
0,raw,peligro,dataset/raw/peligro/peligro_12104.jpg,train,peligro,dataset/train/peligro/peligro_12104.jpg,True,False
0,raw,peligro,dataset/raw/peligro/peligro_12145.jpg,train,peligro,dataset/train/peligro/peligro_12145.jpg,True,False
0,raw,peligro,dataset/raw/peligro/peligro_12192.jpg,train,peligro,dataset/train/peligro/peligro_12192.jpg,True,False
0,raw,peligro,dataset/raw/peligro/peligro_12195.jpg,train,peligro,dataset/train/peligro/peligro_12195.jpg,True,False
0,raw,peligro,dataset/raw/peligro/peligro_12229.jpg,train,peligro,dataset/train/peligro/peligro_12229.jpg,True,False
0,raw,peligro,dataset/raw/peligro/peligro_12324.jpg,test,peligro,dataset/test/peligro/peligro_12324.jpg,True,False
0,raw,peligro,dataset/raw/peligro/peligro_12443.jpg,train,peligro,dataset/train/peligro/peligro_12443.jpg,True,False
0,raw,peligro,dataset/raw/peligro/peligro_12478.jpg,train,peligro,dataset/train/peligro/peligro_12478.jpg,True,False
0,raw,peligro,dataset/raw/peligro/peligro_12489.jpg,train,peligro,dataset/train/peligro/peligro_12489.jpg,True,False
0,raw,peligro,dataset/raw/peligro/peligro_12624.jpg,test,peligro,dataset/test/peligro/peligro_12624.jpg,True,False
0,raw,peligro,dataset/raw/peligro/peligro_12668.jpg,train,peligro,dataset/train/peligro/peligro_12668.jpg,True,False
0,raw,peligro,dataset/raw/peligro/peligro_12700.jpg,train,peligro,dataset/train/peligro/peligro_12700.jpg,True,False
0,raw,peligro,dataset/raw/peligro/peligro_12792.jpg,validation,peligro,dataset/validation/peligro/peligro_12792.jpg,True,False
0,raw,peligro,dataset/raw/peligro/peligro_12800.jpg,train,peligro,dataset/train/peligro/peligro_12800.jpg,True,False
0,raw,peligro,dataset/raw/peligro/peligro_12819.jpg,validation,peligro,dataset/validation/peligro/peligro_12819.jpg,True,False
0,raw,peligro,dataset/raw/peligro/peligro_12863.jpg,train,peligro,dataset/train/peligro/peligro_12863.jpg,True,False
0,raw,peligro,dataset/raw/peligro/peligro_13046.jpg,train,peligro,dataset/train/peligro/peligro_13046.jpg,True,False
0,raw,peligro,dataset/raw/peligro/peligro_13055.jpg,train,peligro,dataset/train/peligro/peligro_13055.jpg,True,False
0,raw,peligro,dataset/raw/peligro/peligro_13185.jpg,test,peligro,dataset/test/peligro/peligro_13185.jpg,True,False
0,raw,peligro,dataset/raw/peligro/peligro_13217.jpg,train,peligro,dataset/train/peligro/peligro_13217.jpg,True,False
0,raw,peligro,dataset/raw/peligro/peligro_13286.jpg,train,peligro,dataset/train/peligro/peligro_13286.jpg,True,False
0,raw,peligro,dataset/raw/peligro/peligro_13288.jpg,train,peligro,dataset/train/peligro/peligro_13288.jpg,True,False
0,raw,peligro,dataset/raw/peligro/peligro_13301.jpg,train,peligro,dataset/train/peligro/peligro_13301.jpg,True,False
0,raw,peligro,dataset/raw/peligro/peligro_13301.jpg,validation,sano,dataset/validation/sano/sano_03782.jpg,True,True
0,raw,peligro,dataset/raw/peligro/peligro_13343.jpg,train,peligro,dataset/train/peligro/peligro_13343.jpg,True,False
0,raw,peligro,dataset/raw/peligro/peligro_13361.jpg,train,peligro,dataset/train/peligro/peligro_13361.jpg,True,False
0,raw,peligro,dataset/raw/peligro/peligro_13396.jpg,train,peligro,dataset/train/peligro/peligro_13396.jpg,True,False
0,raw,peligro,dataset/raw/peligro/peligro_13420.jpg,train,peligro,dataset/train/peligro/peligro_13420.jpg,True,False
0,raw,peligro,dataset/raw/peligro/peligro_13423.jpg,train,peligro,dataset/train/peligro/peligro_13423.jpg,True,False
0,raw,peligro,dataset/raw/peligro/peligro_13437.jpg,train,peligro,dataset/train/peligro/peligro_13437.jpg,True,False
0,raw,peligro,dataset/raw/peligro/peligro_13441.jpg,train,peligro,dataset/train/peligro/peligro_13441.jpg,True,False
0,raw,peligro,dataset/raw/peligro/peligro_13445.jpg,train,peligro,dataset/train/peligro/peligro_13445.jpg,True,False
0,raw,peligro,dataset/raw/peligro/peligro_13457.jpg,train,peligro,dataset/train/peligro/peligro_13457.jpg,True,False
0,raw,peligro,dataset/raw/peligro/peligro_13461.jpg,train,peligro,dataset/train/peligro/peligro_13461.jpg,True,False
0,raw,peligro,dataset/raw/peligro/peligro_13479.jpg,train,peligro,dataset/train/peligro/peligro_13479.jpg,True,False
0,raw,peligro,dataset/raw/peligro/peligro_13512.jpg,validation,peligro,dataset/validation/peligro/peligro_13512.jpg,True,False
0,raw,peligro,dataset/raw/peligro/peligro_13565.jpg,train,atencion,dataset/train/atencion/atencion_01518.jpg,True,True
0,raw,peligro,dataset/raw/peligro/peligro_13565.jpg,train,peligro,dataset/train/peligro/peligro_13565.jpg,True,False
0,raw,peligro,dataset/raw/peligro/peligro_13582.jpg,validation,peligro,dataset/validation/peligro/peligro_13582.jpg,True,False
0,raw,peligro,dataset/raw/peligro/peligro_13593.jpg,train,peligro,dataset/train/peligro/peligro_13593.jpg,True,False
0,raw,peligro,dataset/raw/peligro/peligro_13601.jpg,train,peligro,dataset/train/peligro/peligro_13601.jpg,True,False
0,raw,peligro,dataset/raw/peligro/peligro_13619.jpg,validation,peligro,dataset/validation/peligro/peligro_13619.jpg,True,False
0,raw,peligro,dataset/raw/peligro/peligro_13625.jpg,train,atencion,dataset/train/atencion/atencion_01812.jpg,True,True
0,raw,peligro,dataset/raw/peligro/peligro_13625.jpg,train,peligro,dataset/train/peligro/peligro_13625.jpg,True,False
0,raw,peligro,dataset/raw/peligro/peligro_13625.jpg,train,sano,dataset/train/sano/sano_06516.jpg,True,True
0,raw,peligro,dataset/raw/peligro/peligro_13697.jpg,train,peligro,dataset/train/peligro/peligro_13697.jpg,True,False
0,raw,peligro,dataset/raw/peligro/peligro_13697.jpg,validation,atencion,dataset/validation/atencion/atencion_12528.jpg,True,True
0,raw,peligro,dataset/raw/peligro/peligro_13708.jpg,test,peligro,dataset/test/peligro/peligro_13708.jpg,True,False
0,raw,peligro,dataset/raw/peligro/peligro_13714.jpg,train,peligro,dataset/train/peligro/peligro_13714.jpg,True,False
0,raw,peligro,dataset/raw/peligro/peligro_13739.jpg,train,peligro,dataset/train/peligro/peligro_13739.jpg,True,False
0,raw,peligro,dataset/raw/peligro/peligro_13862.jpg,train,peligro,dataset/train/peligro/peligro_13862.jpg,True,False
0,raw,peligro,dataset/raw/peligro/peligro_13885.jpg,train,peligro,dataset/train/peligro/peligro_13885.jpg,True,False
0,raw,peligro,dataset/raw/peligro/peligro_13898.jpg,train,peligro,dataset/train/peligro/peligro_13898.jpg,True,False
0,raw,peligro,dataset/raw/peligro/peligro_13922.jpg,train,peligro,dataset/train/peligro/peligro_13922.jpg,True,False
0,raw,peligro,dataset/raw/peligro/peligro_13933.jpg,train,peligro,dataset/train/peligro/peligro_13933.jpg,True,False
0,raw,peligro,dataset/raw/peligro/peligro_14005.jpg,train,peligro,dataset/train/peligro/peligro_14005.jpg,True,False
0,raw,peligro,dataset/raw/peligro/peligro_14065.jpg,train,peligro,dataset/train/peligro/peligro_14065.jpg,True,False
0,raw,peligro,dataset/raw/peligro/peligro_14097.jpg,train,peligro,dataset/train/peligro/peligro_14097.jpg,True,False
0,raw,peligro,dataset/raw/peligro/peligro_14133.jpg,train,peligro,dataset/train/peligro/peligro_14133.jpg,True,False
0,raw,peligro,dataset/raw/peligro/peligro_14276.jpg,validation,peligro,dataset/validation/peligro/peligro_14276.jpg,True,False
0,raw,peligro,dataset/raw/peligro/peligro_14401.jpg,validation,peligro,dataset/validation/peligro/peligro_14401.jpg,True,False
0,raw,peligro,dataset/raw/peligro/peligro_14403.jpg,train,peligro,dataset/train/peligro/peligro_14403.jpg,True,False
0,raw,peligro,dataset/raw/peligro/peligro_14423.jpg,validation,peligro,dataset/validation/peligro/peligro_14423.jpg,True,False
0,raw,peligro,dataset/raw/peligro/peligro_14431.jpg,train,peligro,dataset/train/peligro/peligro_14431.jpg,True,False
0,raw,peligro,dataset/raw/peligro/peligro_14441.jpg,train,peligro,dataset/train/peligro/peligro_14441.jpg,True,False
0,raw,peligro,dataset/raw/peligro/peligro_14444.jpg,train,atencion,dataset/train/atencion/atencion_03031.jpg,True,True
0,raw,peligro,dataset/raw/peligro/peligro_14444.jpg,train,peligro,dataset/train/peligro/peligro_14444.jpg,True,False
0,raw,peligro,dataset/raw/peligro/peligro_14517.jpg,train,peligro,dataset/train/peligro/peligro_14517.jpg,True,False
0,raw,peligro,dataset/raw/peligro/peligro_14591.jpg,validation,peligro,dataset/validation/peligro/peligro_14591.jpg,True,False
0,raw,peligro,dataset/raw/peligro/peligro_14638.jpg,train,peligro,dataset/train/peligro/peligro_14638.jpg,True,False
0,raw,peligro,dataset/raw/peligro/peligro_14729.jpg,train,peligro,dataset/train/peligro/peligro_14729.jpg,True,False
0,raw,peligro,dataset/raw/peligro/peligro_14781.jpg,test,peligro,dataset/test/peligro/peligro_14781.jpg,True,False
0,raw,peligro,dataset/raw/peligro/peligro_14795.jpg,train,peligro,dataset/train/peligro/peligro_14795.jpg,True,False
0,raw,peligro,dataset/raw/peligro/peligro_14795.jpg,validation,sano,dataset/validation/sano/sano_04350.jpg,True,True
0,raw,peligro,dataset/raw/peligro/peligro_14811.jpg,train,atencion,dataset/train/atencion/atencion_02872.jpg,True,True
0,raw,peligro,dataset/raw/peligro/peligro_14811.jpg,train,peligro,dataset/train/peligro/peligro_14811.jpg,True,False
0,raw,peligro,dataset/raw/peligro/peligro_14874.jpg,train,peligro,dataset/train/peligro/peligro_14874.jpg,True,False
0,raw,peligro,dataset/raw/peligro/peligro_14972.jpg,validation,peligro,dataset/validation/peligro/peligro_14972.jpg,True,False
0,raw,peligro,dataset/raw/peligro/peligro_15011.jpg,train,peligro,dataset/train/peligro/peligro_15011.jpg,True,False
0,raw,peligro,dataset/raw/peligro/peligro_15027.jpg,train,peligro,dataset/train/peligro/peligro_15027.jpg,True,False
0,raw,sano,dataset/raw/sano/sano_00002.jpg,train,sano,dataset/train/sano/sano_00002.jpg,True,False
0,raw,sano,dataset/raw/sano/sano_00004.jpg,train,sano,dataset/train/sano/sano_00004.jpg,True,False
0,raw,sano,dataset/raw/sano/sano_00005.jpg,train,sano,dataset/train/sano/sano_00005.jpg,True,False
0,raw,sano,dataset/raw/sano/sano_00016.jpg,train,sano,dataset/train/sano/sano_00016.jpg,True,False
0,raw,sano,dataset/raw/sano/sano_00020.jpg,train,sano,dataset/train/sano/sano_00020.jpg,True,False
0,raw,sano,dataset/raw/sano/sano_00023.jpg,validation,sano,dataset/validation/sano/sano_00023.jpg,True,False
0,raw,sano,dataset/raw/sano/sano_00025.jpg,train,sano,dataset/train/sano/sano_00025.jpg,True,False
0,raw,sano,dataset/raw/sano/sano_00026.jpg,train,sano,dataset/train/sano/sano_00026.jpg,True,False
0,raw,sano,dataset/raw/sano/sano_00027.jpg,test,sano,dataset/test/sano/sano_00027.jpg,True,False
0,raw,sano,dataset/raw/sano/sano_00033.jpg,train,peligro,dataset/train/peligro/peligro_01200.jpg,True,True
0,raw,sano,dataset/raw/sano/sano_00033.jpg,train,sano,dataset/train/sano/sano_00033.jpg,True,False
0,raw,sano,dataset/raw/sano/sano_00039.jpg,train,sano,dataset/train/sano/sano_00039.jpg,True,False
0,raw,sano,dataset/raw/sano/sano_00049.jpg,validation,sano,dataset/validation/sano/sano_00049.jpg,True,False
0,raw,sano,dataset/raw/sano/sano_00051.jpg,validation,sano,dataset/validation/sano/sano_00051.jpg,True,False
0,raw,sano,dataset/raw/sano/sano_00060.jpg,train,sano,dataset/train/sano/sano_00060.jpg,True,False
0,raw,sano,dataset/raw/sano/sano_00061.jpg,test,sano,dataset/test/sano/sano_00061.jpg,True,False
0,raw,sano,dataset/raw/sano/sano_00065.jpg,train,sano,dataset/train/sano/sano_00065.jpg,True,False
0,raw,sano,dataset/raw/sano/sano_00067.jpg,train,sano,dataset/train/sano/sano_00067.jpg,True,False
0,raw,sano,dataset/raw/sano/sano_00079.jpg,train,sano,dataset/train/sano/sano_00079.jpg,True,False
0,raw,sano,dataset/raw/sano/sano_00083.jpg,train,sano,dataset/train/sano/sano_00083.jpg,True,False
0,raw,sano,dataset/raw/sano/sano_00085.jpg,test,sano,dataset/test/sano/sano_00085.jpg,True,False
0,raw,sano,dataset/raw/sano/sano_00089.jpg,train,sano,dataset/train/sano/sano_00089.jpg,True,False
0,raw,sano,dataset/raw/sano/sano_00105.jpg,train,sano,dataset/train/sano/sano_00105.jpg,True,False
0,raw,sano,dataset/raw/sano/sano_00109.jpg,train,sano,dataset/train/sano/sano_00109.jpg,True,False
0,raw,sano,dataset/raw/sano/sano_00113.jpg,train,sano,dataset/train/sano/sano_00113.jpg,True,False
0,raw,sano,dataset/raw/sano/sano_00116.jpg,train,sano,dataset/train/sano/sano_00116.jpg,True,False
0,raw,sano,dataset/raw/sano/sano_00120.jpg,train,sano,dataset/train/sano/sano_00120.jpg,True,False
0,raw,sano,dataset/raw/sano/sano_00121.jpg,validation,sano,dataset/validation/sano/sano_00121.jpg,True,False
0,raw,sano,dataset/raw/sano/sano_00123.jpg,train,sano,dataset/train/sano/sano_00123.jpg,True,False
0,raw,sano,dataset/raw/sano/sano_00127.jpg,train,sano,dataset/train/sano/sano_00127.jpg,True,False
0,raw,sano,dataset/raw/sano/sano_00128.jpg,train,sano,dataset/train/sano/sano_00128.jpg,True,False
0,raw,sano,dataset/raw/sano/sano_00130.jpg,train,sano,dataset/train/sano/sano_00130.jpg,True,False
0,raw,sano,dataset/raw/sano/sano_00135.jpg,train,sano,dataset/train/sano/sano_00135.jpg,True,False
0,raw,sano,dataset/raw/sano/sano_00136.jpg,train,sano,dataset/train/sano/sano_00136.jpg,True,False
0,raw,sano,dataset/raw/sano/sano_00139.jpg,train,atencion,dataset/train/atencion/atencion_00012.jpg,True,True
0,raw,sano,dataset/raw/sano/sano_00139.jpg,train,sano,dataset/train/sano/sano_00139.jpg,True,False
0,raw,sano,dataset/raw/sano/sano_00141.jpg,validation,sano,dataset/validation/sano/sano_00141.jpg,True,False
0,raw,sano,dataset/raw/sano/sano_00143.jpg,train,sano,dataset/train/sano/sano_00143.jpg,True,False
0,raw,sano,dataset/raw/sano/sano_00149.jpg,train,sano,dataset/train/sano/sano_00149.jpg,True,False
0,raw,sano,dataset/raw/sano/sano_00152.jpg,validation,sano,dataset/validation/sano/sano_00152.jpg,True,False
0,raw,sano,dataset/raw/sano/sano_00153.jpg,train,sano,dataset/train/sano/sano_00153.jpg,True,False
0,raw,sano,dataset/raw/sano/sano_00162.jpg,train,sano,dataset/train/sano/sano_00162.jpg,True,False
0,raw,sano,dataset/raw/sano/sano_00170.jpg,train,sano,dataset/train/sano/sano_00170.jpg,True,False
0,raw,sano,dataset/raw/sano/sano_00177.jpg,train,sano,dataset/train/sano/sano_00177.jpg,True,False
0,raw,sano,dataset/raw/sano/sano_00179.jpg,train,sano,dataset/train/sano/sano_00179.jpg,True,False
0,raw,sano,dataset/raw/sano/sano_00181.jpg,train,atencion,dataset/train/atencion/atencion_00102.jpg,True,True
0,raw,sano,dataset/raw/sano/sano_00181.jpg,validation,sano,dataset/validation/sano/sano_00181.jpg,True,False
0,raw,sano,dataset/raw/sano/sano_00182.jpg,train,sano,dataset/train/sano/sano_00182.jpg,True,False
0,raw,sano,dataset/raw/sano/sano_00188.jpg,train,sano,dataset/train/sano/sano_00188.jpg,True,False
0,raw,sano,dataset/raw/sano/sano_00192.jpg,train,sano,dataset/train/sano/sano_00192.jpg,True,False
0,raw,sano,dataset/raw/sano/sano_00200.jpg,train,sano,dataset/train/sano/sano_00200.jpg,True,False
0,raw,sano,dataset/raw/sano/sano_00208.jpg,train,atencion,dataset/train/atencion/atencion_00082.jpg,True,True
0,raw,sano,dataset/raw/sano/sano_00208.jpg,train,sano,dataset/train/sano/sano_00208.jpg,True,False
0,raw,sano,dataset/raw/sano/sano_00211.jpg,train,sano,dataset/train/sano/sano_00211.jpg,True,False
0,raw,sano,dataset/raw/sano/sano_00211.jpg,validation,atencion,dataset/validation/atencion/atencion_05171.jpg,True,True
0,raw,sano,dataset/raw/sano/sano_00248.jpg,train,sano,dataset/train/sano/sano_00248.jpg,True,False
0,raw,sano,dataset/raw/sano/sano_00250.jpg,train,sano,dataset/train/sano/sano_00250.jpg,True,False
0,raw,sano,dataset/raw/sano/sano_00252.jpg,validation,sano,dataset/validation/sano/sano_00252.jpg,True,False
0,raw,sano,dataset/raw/sano/sano_00254.jpg,validation,sano,dataset/validation/sano/sano_00254.jpg,True,False
0,raw,sano,dataset/raw/sano/sano_00263.jpg,train,sano,dataset/train/sano/sano_00263.jpg,True,False
0,raw,sano,dataset/raw/sano/sano_00264.jpg,train,sano,dataset/train/sano/sano_00264.jpg,True,False
0,raw,sano,dataset/raw/sano/sano_00266.jpg,validation,sano,dataset/validation/sano/sano_00266.jpg,True,False
0,raw,sano,dataset/raw/sano/sano_00269.jpg,train,sano,dataset/train/sano/sano_00269.jpg,True,False
0,raw,sano,dataset/raw/sano/sano_00270.jpg,train,sano,dataset/train/sano/sano_00270.jpg,True,False
0,raw,sano,dataset/raw/sano/sano_00271.jpg,train,sano,dataset/train/sano/sano_00271.jpg,True,False
0,raw,sano,dataset/raw/sano/sano_00275.jpg,train,sano,dataset/train/sano/sano_00275.jpg,True,False
0,raw,sano,dataset/raw/sano/sano_00276.jpg,train,sano,dataset/train/sano/sano_00276.jpg,True,False
0,raw,sano,dataset/raw/sano/sano_00281.jpg,test,sano,dataset/test/sano/sano_00281.jpg,True,False
0,raw,sano,dataset/raw/sano/sano_00288.jpg,train,sano,dataset/train/sano/sano_00288.jpg,True,False
0,raw,sano,dataset/raw/sano/sano_00291.jpg,test,sano,dataset/test/sano/sano_00291.jpg,True,False
0,raw,sano,dataset/raw/sano/sano_00292.jpg,train,sano,dataset/train/sano/sano_00292.jpg,True,False
0,raw,sano,dataset/raw/sano/sano_00299.jpg,train,sano,dataset/train/sano/sano_00299.jpg,True,False
0,raw,sano,dataset/raw/sano/sano_00306.jpg,validation,sano,dataset/validation/sano/sano_00306.jpg,True,False
0,raw,sano,dataset/raw/sano/sano_00308.jpg,train,sano,dataset/train/sano/sano_00308.jpg,True,False
0,raw,sano,dataset/raw/sano/sano_00311.jpg,train,sano,dataset/train/sano/sano_00311.jpg,True,False
0,raw,sano,dataset/raw/sano/sano_00316.jpg,train,sano,dataset/train/sano/sano_00316.jpg,True,False
0,raw,sano,dataset/raw/sano/sano_00329.jpg,train,sano,dataset/train/sano/sano_00329.jpg,True,False
0,raw,sano,dataset/raw/sano/sano_00332.jpg,train,sano,dataset/train/sano/sano_00332.jpg,True,False
0,raw,sano,dataset/raw/sano/sano_00334.jpg,validation,sano,dataset/validation/sano/sano_00334.jpg,True,False
0,raw,sano,dataset/raw/sano/sano_00335.jpg,train,sano,dataset/train/sano/sano_00335.jpg,True,False
0,raw,sano,dataset/raw/sano/sano_00339.jpg,validation,sano,dataset/validation/sano/sano_00339.jpg,True,False
0,raw,sano,dataset/raw/sano/sano_00341.jpg,train,sano,dataset/train/sano/sano_00341.jpg,True,False
0,raw,sano,dataset/raw/sano/sano_00342.jpg,validation,sano,dataset/validation/sano/sano_00342.jpg,True,False
0,raw,sano,dataset/raw/sano/sano_00343.jpg,train,sano,dataset/train/sano/sano_00343.jpg,True,False
0,raw,sano,dataset/raw/sano/sano_00346.jpg,validation,sano,dataset/validation/sano/sano_00346.jpg,True,False
0,raw,sano,dataset/raw/sano/sano_00350.jpg,train,sano,dataset/train/sano/sano_00350.jpg,True,False
0,raw,sano,dataset/raw/sano/sano_00351.jpg,validation,sano,dataset/validation/sano/sano_00351.jpg,True,False
0,raw,sano,dataset/raw/sano/sano_00355.jpg,train,sano,dataset/train/sano/sano_00355.jpg,True,False
0,raw,sano,dataset/raw/sano/sano_00358.jpg,test,sano,dataset/test/sano/sano_00358.jpg,True,False
0,raw,sano,dataset/raw/sano/sano_00363.jpg,train,sano,dataset/train/sano/sano_00363.jpg,True,False
0,raw,sano,dataset/raw/sano/sano_00367.jpg,train,sano,dataset/train/sano/sano_00367.jpg,True,False
0,raw,sano,dataset/raw/sano/sano_00368.jpg,train,sano,dataset/train/sano/sano_00368.jpg,True,False
0,raw,sano,dataset/raw/sano/sano_00370.jpg,test,sano,dataset/test/sano/sano_00370.jpg,True,False
0,raw,sano,dataset/raw/sano/sano_00378.jpg,train,sano,dataset/train/sano/sano_00378.jpg,True,False
0,raw,sano,dataset/raw/sano/sano_00384.jpg,train,sano,dataset/train/sano/sano_00384.jpg,True,False
0,raw,sano,dataset/raw/sano/sano_00398.jpg,train,sano,dataset/train/sano/sano_00398.jpg,True,False
0,raw,sano,dataset/raw/sano/sano_00402.jpg,train,sano,dataset/train/sano/sano_00402.jpg,True,False
0,raw,sano,dataset/raw/sano/sano_00410.jpg,validation,sano,dataset/validation/sano/sano_00410.jpg,True,False
0,raw,sano,dataset/raw/sano/sano_00419.jpg,validation,sano,dataset/validation/sano/sano_00419.jpg,True,False
0,raw,sano,dataset/raw/sano/sano_00424.jpg,train,sano,dataset/train/sano/sano_00424.jpg,True,False
0,raw,sano,dataset/raw/sano/sano_00425.jpg,train,sano,dataset/train/sano/sano_00425.jpg,True,False
0,raw,sano,dataset/raw/sano/sano_00429.jpg,validation,sano,dataset/validation/sano/sano_00429.jpg,True,False
0,raw,sano,dataset/raw/sano/sano_00432.jpg,train,sano,dataset/train/sano/sano_00432.jpg,True,False
0,raw,sano,dataset/raw/sano/sano_00438.jpg,validation,sano,dataset/validation/sano/sano_00438.jpg,True,False
0,raw,sano,dataset/raw/sano/sano_00450.jpg,train,sano,dataset/train/sano/sano_00450.jpg,True,False
0,raw,sano,dataset/raw/sano/sano_00468.jpg,validation,sano,dataset/validation/sano/sano_00468.jpg,True,False
0,raw,sano,dataset/raw/sano/sano_00474.jpg,train,sano,dataset/train/sano/sano_00474.jpg,True,False
0,raw,sano,dataset/raw/sano/sano_00479.jpg,train,sano,dataset/train/sano/sano_00479.jpg,True,False
0,raw,sano,dataset/raw/sano/sano_00482.jpg,validation,sano,dataset/validation/sano/sano_00482.jpg,True,False
0,raw,sano,dataset/raw/sano/sano_00485.jpg,train,sano,dataset/train/sano/sano_00485.jpg,True,False
0,raw,sano,dataset/raw/sano/sano_00490.jpg,train,sano,dataset/train/sano/sano_00490.jpg,True,False
0,raw,sano,dataset/raw/sano/sano_00496.jpg,train,sano,dataset/train/sano/sano_00496.jpg,True,False
0,raw,sano,dataset/raw/sano/sano_00499.jpg,train,sano,dataset/train/sano/sano_00499.jpg,True,False
0,raw,sano,dataset/raw/sano/sano_00501.jpg,train,sano,dataset/train/sano/sano_00501.jpg,True,False
0,raw,sano,dataset/raw/sano/sano_00511.jpg,validation,sano,dataset/validation/sano/sano_00511.jpg,True,False
0,raw,sano,dataset/raw/sano/sano_00525.jpg,test,atencion,dataset/test/atencion/atencion_01958.jpg,True,True
0,raw,sano,dataset/raw/sano/sano_00525.jpg,train,sano,dataset/train/sano/sano_00525.jpg,True,False
0,raw,sano,dataset/raw/sano/sano_00526.jpg,train,sano,dataset/train/sano/sano_00526.jpg,True,False
0,raw,sano,dataset/raw/sano/sano_00531.jpg,validation,sano,dataset/validation/sano/sano_00531.jpg,True,False
0,raw,sano,dataset/raw/sano/sano_00533.jpg,train,sano,dataset/train/sano/sano_00533.jpg,True,False
0,raw,sano,dataset/raw/sano/sano_00538.jpg,train,sano,dataset/train/sano/sano_00538.jpg,True,False
0,raw,sano,dataset/raw/sano/sano_00539.jpg,train,sano,dataset/train/sano/sano_00539.jpg,True,False
0,raw,sano,dataset/raw/sano/sano_00540.jpg,train,sano,dataset/train/sano/sano_00540.jpg,True,False
0,raw,sano,dataset/raw/sano/sano_00547.jpg,validation,sano,dataset/validation/sano/sano_00547.jpg,True,False
0,raw,sano,dataset/raw/sano/sano_00548.jpg,train,sano,dataset/train/sano/sano_00548.jpg,True,False
0,raw,sano,dataset/raw/sano/sano_00559.jpg,validation,sano,dataset/validation/sano/sano_00559.jpg,True,False
0,raw,sano,dataset/raw/sano/sano_00560.jpg,train,sano,dataset/train/sano/sano_00560.jpg,True,False
0,raw,sano,dataset/raw/sano/sano_00562.jpg,train,sano,dataset/train/sano/sano_00562.jpg,True,False
0,raw,sano,dataset/raw/sano/sano_00566.jpg,train,sano,dataset/train/sano/sano_00566.jpg,True,False
0,raw,sano,dataset/raw/sano/sano_00568.jpg,train,sano,dataset/train/sano/sano_00568.jpg,True,False
0,raw,sano,dataset/raw/sano/sano_00573.jpg,train,sano,dataset/train/sano/sano_00573.jpg,True,False
0,raw,sano,dataset/raw/sano/sano_00578.jpg,train,sano,dataset/train/sano/sano_00578.jpg,True,False
0,raw,sano,dataset/raw/sano/sano_00579.jpg,train,sano,dataset/train/sano/sano_00579.jpg,True,False
0,raw,sano,dataset/raw/sano/sano_00581.jpg,train,sano,dataset/train/sano/sano_00581.jpg,True,False
0,raw,sano,dataset/raw/sano/sano_00582.jpg,validation,sano,dataset/validation/sano/sano_00582.jpg,True,False
0,raw,sano,dataset/raw/sano/sano_00583.jpg,train,sano,dataset/train/sano/sano_00583.jpg,True,False
0,raw,sano,dataset/raw/sano/sano_00584.jpg,test,sano,dataset/test/sano/sano_00584.jpg,True,False
0,raw,sano,dataset/raw/sano/sano_00589.jpg,train,sano,dataset/train/sano/sano_00589.jpg,True,False
0,raw,sano,dataset/raw/sano/sano_00594.jpg,train,sano,dataset/train/sano/sano_00594.jpg,True,False
0,raw,sano,dataset/raw/sano/sano_00596.jpg,validation,sano,dataset/validation/sano/sano_00596.jpg,True,False
0,raw,sano,dataset/raw/sano/sano_00612.jpg,train,sano,dataset/train/sano/sano_00612.jpg,True,False
0,raw,sano,dataset/raw/sano/sano_00620.jpg,train,sano,dataset/train/sano/sano_00620.jpg,True,False
0,raw,sano,dataset/raw/sano/sano_00621.jpg,validation,sano,dataset/validation/sano/sano_00621.jpg,True,False
0,raw,sano,dataset/raw/sano/sano_00628.jpg,train,sano,dataset/train/sano/sano_00628.jpg,True,False
0,raw,sano,dataset/raw/sano/sano_00631.jpg,train,sano,dataset/train/sano/sano_00631.jpg,True,False
0,raw,sano,dataset/raw/sano/sano_00638.jpg,train,sano,dataset/train/sano/sano_00638.jpg,True,False
0,raw,sano,dataset/raw/sano/sano_00640.jpg,train,sano,dataset/train/sano/sano_00640.jpg,True,False
0,raw,sano,dataset/raw/sano/sano_00647.jpg,train,sano,dataset/train/sano/sano_00647.jpg,True,False
0,raw,sano,dataset/raw/sano/sano_00650.jpg,train,sano,dataset/train/sano/sano_00650.jpg,True,False
0,raw,sano,dataset/raw/sano/sano_00662.jpg,test,sano,dataset/test/sano/sano_00662.jpg,True,False
0,raw,sano,dataset/raw/sano/sano_00666.jpg,train,sano,dataset/train/sano/sano_00666.jpg,True,False
0,raw,sano,dataset/raw/sano/sano_00668.jpg,train,sano,dataset/train/sano/sano_00668.jpg,True,False
0,raw,sano,dataset/raw/sano/sano_00676.jpg,train,sano,dataset/train/sano/sano_00676.jpg,True,False
0,raw,sano,dataset/raw/sano/sano_00678.jpg,train,sano,dataset/train/sano/sano_00678.jpg,True,False
0,raw,sano,dataset/raw/sano/sano_00680.jpg,test,sano,dataset/test/sano/sano_00680.jpg,True,False
0,raw,sano,dataset/raw/sano/sano_00690.jpg,train,sano,dataset/train/sano/sano_00690.jpg,True,False
0,raw,sano,dataset/raw/sano/sano_00697.jpg,validation,sano,dataset/validation/sano/sano_00697.jpg,True,False
0,raw,sano,dataset/raw/sano/sano_00706.jpg,train,sano,dataset/train/sano/sano_00706.jpg,True,False
0,raw,sano,dataset/raw/sano/sano_00707.jpg,validation,sano,dataset/validation/sano/sano_00707.jpg,True,False
0,raw,sano,dataset/raw/sano/sano_00708.jpg,train,sano,dataset/train/sano/sano_00708.jpg,True,False
0,raw,sano,dataset/raw/sano/sano_00713.jpg,train,sano,dataset/train/sano/sano_00713.jpg,True,False
0,raw,sano,dataset/raw/sano/sano_00717.jpg,validation,sano,dataset/validation/sano/sano_00717.jpg,True,False
0,raw,sano,dataset/raw/sano/sano_00719.jpg,train,sano,dataset/train/sano/sano_00719.jpg,True,False
0,raw,sano,dataset/raw/sano/sano_00726.jpg,test,sano,dataset/test/sano/sano_00726.jpg,True,False
0,raw,sano,dataset/raw/sano/sano_00729.jpg,train,sano,dataset/train/sano/sano_00729.jpg,True,False
0,raw,sano,dataset/raw/sano/sano_00732.jpg,train,sano,dataset/train/sano/sano_00732.jpg,True,False
0,raw,sano,dataset/raw/sano/sano_00735.jpg,train,sano,dataset/train/sano/sano_00735.jpg,True,False
0,raw,sano,dataset/raw/sano/sano_00736.jpg,train,sano,dataset/train/sano/sano_00736.jpg,True,False
0,raw,sano,dataset/raw/sano/sano_00737.jpg,train,sano,dataset/train/sano/sano_00737.jpg,True,False
0,raw,sano,dataset/raw/sano/sano_00738.jpg,train,sano,dataset/train/sano/sano_00738.jpg,True,False
0,raw,sano,dataset/raw/sano/sano_00744.jpg,train,sano,dataset/train/sano/sano_00744.jpg,True,False
0,raw,sano,dataset/raw/sano/sano_00745.jpg,test,sano,dataset/test/sano/sano_00745.jpg,True,False
0,raw,sano,dataset/raw/sano/sano_00765.jpg,validation,sano,dataset/validation/sano/sano_00765.jpg,True,False
0,raw,sano,dataset/raw/sano/sano_00766.jpg,train,sano,dataset/train/sano/sano_00766.jpg,True,False
0,raw,sano,dataset/raw/sano/sano_00767.jpg,validation,sano,dataset/validation/sano/sano_00767.jpg,True,False
0,raw,sano,dataset/raw/sano/sano_00782.jpg,train,atencion,dataset/train/atencion/atencion_08223.jpg,True,True
0,raw,sano,dataset/raw/sano/sano_00782.jpg,validation,sano,dataset/validation/sano/sano_00782.jpg,True,False
0,raw,sano,dataset/raw/sano/sano_00790.jpg,train,sano,dataset/train/sano/sano_00790.jpg,True,False
0,raw,sano,dataset/raw/sano/sano_00805.jpg,validation,sano,dataset/validation/sano/sano_00805.jpg,True,False
0,raw,sano,dataset/raw/sano/sano_00809.jpg,train,atencion,dataset/train/atencion/atencion_06647.jpg,True,True
0,raw,sano,dataset/raw/sano/sano_00809.jpg,train,sano,dataset/train/sano/sano_00809.jpg,True,False
0,raw,sano,dataset/raw/sano/sano_00814.jpg,train,sano,dataset/train/sano/sano_00814.jpg,True,False
0,raw,sano,dataset/raw/sano/sano_00815.jpg,validation,sano,dataset/validation/sano/sano_00815.jpg,True,False
0,raw,sano,dataset/raw/sano/sano_00816.jpg,train,sano,dataset/train/sano/sano_00816.jpg,True,False
0,raw,sano,dataset/raw/sano/sano_00818.jpg,test,atencion,dataset/test/atencion/atencion_08131.jpg,True,True
0,raw,sano,dataset/raw/sano/sano_00818.jpg,train,sano,dataset/train/sano/sano_00818.jpg,True,False
0,raw,sano,dataset/raw/sano/sano_00821.jpg,test,sano,dataset/test/sano/sano_00821.jpg,True,False
0,raw,sano,dataset/raw/sano/sano_00824.jpg,train,sano,dataset/train/sano/sano_00824.jpg,True,False
0,raw,sano,dataset/raw/sano/sano_00825.jpg,train,sano,dataset/train/sano/sano_00825.jpg,True,False
0,raw,sano,dataset/raw/sano/sano_00828.jpg,validation,sano,dataset/validation/sano/sano_00828.jpg,True,False
0,raw,sano,dataset/raw/sano/sano_00837.jpg,test,sano,dataset/test/sano/sano_00837.jpg,True,False
0,raw,sano,dataset/raw/sano/sano_00840.jpg,train,sano,dataset/train/sano/sano_00840.jpg,True,False
0,raw,sano,dataset/raw/sano/sano_00850.jpg,train,sano,dataset/train/sano/sano_00850.jpg,True,False
0,raw,sano,dataset/raw/sano/sano_00862.jpg,validation,sano,dataset/validation/sano/sano_00862.jpg,True,False
0,raw,sano,dataset/raw/sano/sano_00871.jpg,train,sano,dataset/train/sano/sano_00871.jpg,True,False
0,raw,sano,dataset/raw/sano/sano_00873.jpg,validation,sano,dataset/validation/sano/sano_00873.jpg,True,False
0,raw,sano,dataset/raw/sano/sano_00874.jpg,test,sano,dataset/test/sano/sano_00874.jpg,True,False
0,raw,sano,dataset/raw/sano/sano_00893.jpg,train,sano,dataset/train/sano/sano_00893.jpg,True,False
0,raw,sano,dataset/raw/sano/sano_00895.jpg,train,sano,dataset/train/sano/sano_00895.jpg,True,False
0,raw,sano,dataset/raw/sano/sano_00899.jpg,train,sano,dataset/train/sano/sano_00899.jpg,True,False
0,raw,sano,dataset/raw/sano/sano_00903.jpg,train,sano,dataset/train/sano/sano_00903.jpg,True,False
0,raw,sano,dataset/raw/sano/sano_00911.jpg,train,sano,dataset/train/sano/sano_00911.jpg,True,False
0,raw,sano,dataset/raw/sano/sano_00912.jpg,validation,sano,dataset/validation/sano/sano_00912.jpg,True,False
0,raw,sano,dataset/raw/sano/sano_00916.jpg,train,sano,dataset/train/sano/sano_00916.jpg,True,False
0,raw,sano,dataset/raw/sano/sano_00918.jpg,validation,sano,dataset/validation/sano/sano_00918.jpg,True,False
0,raw,sano,dataset/raw/sano/sano_00919.jpg,train,sano,dataset/train/sano/sano_00919.jpg,True,False
0,raw,sano,dataset/raw/sano/sano_00920.jpg,validation,sano,dataset/validation/sano/sano_00920.jpg,True,False
0,raw,sano,dataset/raw/sano/sano_00923.jpg,train,sano,dataset/train/sano/sano_00923.jpg,True,False
0,raw,sano,dataset/raw/sano/sano_00924.jpg,train,sano,dataset/train/sano/sano_00924.jpg,True,False
0,raw,sano,dataset/raw/sano/sano_00925.jpg,validation,sano,dataset/validation/sano/sano_00925.jpg,True,False
0,raw,sano,dataset/raw/sano/sano_00933.jpg,train,sano,dataset/train/sano/sano_00933.jpg,True,False
0,raw,sano,dataset/raw/sano/sano_00936.jpg,validation,sano,dataset/validation/sano/sano_00936.jpg,True,False
0,raw,sano,dataset/raw/sano/sano_00939.jpg,test,atencion,dataset/test/atencion/atencion_01696.jpg,True,True
0,raw,sano,dataset/raw/sano/sano_00939.jpg,test,sano,dataset/test/sano/sano_00939.jpg,True,False
0,raw,sano,dataset/raw/sano/sano_00941.jpg,train,sano,dataset/train/sano/sano_00941.jpg,True,False
0,raw,sano,dataset/raw/sano/sano_00943.jpg,train,sano,dataset/train/sano/sano_00943.jpg,True,False
0,raw,sano,dataset/raw/sano/sano_00947.jpg,train,sano,dataset/train/sano/sano_00947.jpg,True,False
0,raw,sano,dataset/raw/sano/sano_00954.jpg,train,sano,dataset/train/sano/sano_00954.jpg,True,False
0,raw,sano,dataset/raw/sano/sano_00960.jpg,train,sano,dataset/train/sano/sano_00960.jpg,True,False
0,raw,sano,dataset/raw/sano/sano_00962.jpg,train,sano,dataset/train/sano/sano_00962.jpg,True,False
0,raw,sano,dataset/raw/sano/sano_00974.jpg,train,sano,dataset/train/sano/sano_00974.jpg,True,False
0,raw,sano,dataset/raw/sano/sano_00979.jpg,validation,sano,dataset/validation/sano/sano_00979.jpg,True,False
0,raw,sano,dataset/raw/sano/sano_00986.jpg,train,sano,dataset/train/sano/sano_00986.jpg,True,False
0,raw,sano,dataset/raw/sano/sano_00987.jpg,train,sano,dataset/train/sano/sano_00987.jpg,True,False
0,raw,sano,dataset/raw/sano/sano_01008.jpg,validation,sano,dataset/validation/sano/sano_01008.jpg,True,False
0,raw,sano,dataset/raw/sano/sano_01010.jpg,train,sano,dataset/train/sano/sano_01010.jpg,True,False
0,raw,sano,dataset/raw/sano/sano_01012.jpg,validation,sano,dataset/validation/sano/sano_01012.jpg,True,False
0,raw,sano,dataset/raw/sano/sano_01013.jpg,train,sano,dataset/train/sano/sano_01013.jpg,True,False
0,raw,sano,dataset/raw/sano/sano_01014.jpg,validation,sano,dataset/validation/sano/sano_01014.jpg,True,False
0,raw,sano,dataset/raw/sano/sano_01021.jpg,test,sano,dataset/test/sano/sano_01021.jpg,True,False
0,raw,sano,dataset/raw/sano/sano_01024.jpg,train,sano,dataset/train/sano/sano_01024.jpg,True,False
0,raw,sano,dataset/raw/sano/sano_01031.jpg,validation,sano,dataset/validation/sano/sano_01031.jpg,True,False
0,raw,sano,dataset/raw/sano/sano_01040.jpg,train,sano,dataset/train/sano/sano_01040.jpg,True,False
0,raw,sano,dataset/raw/sano/sano_01044.jpg,train,sano,dataset/train/sano/sano_01044.jpg,True,False
0,raw,sano,dataset/raw/sano/sano_01046.jpg,train,sano,dataset/train/sano/sano_01046.jpg,True,False
0,raw,sano,dataset/raw/sano/sano_01048.jpg,test,sano,dataset/test/sano/sano_01048.jpg,True,False
0,raw,sano,dataset/raw/sano/sano_01067.jpg,train,sano,dataset/train/sano/sano_01067.jpg,True,False
0,raw,sano,dataset/raw/sano/sano_01080.jpg,train,sano,dataset/train/sano/sano_01080.jpg,True,False
0,raw,sano,dataset/raw/sano/sano_01085.jpg,validation,sano,dataset/validation/sano/sano_01085.jpg,True,False
0,raw,sano,dataset/raw/sano/sano_01087.jpg,test,sano,dataset/test/sano/sano_01087.jpg,True,False
0,raw,sano,dataset/raw/sano/sano_01099.jpg,train,peligro,dataset/train/peligro/peligro_10002.jpg,True,True
0,raw,sano,dataset/raw/sano/sano_01099.jpg,train,sano,dataset/train/sano/sano_01099.jpg,True,False
0,raw,sano,dataset/raw/sano/sano_01100.jpg,validation,sano,dataset/validation/sano/sano_01100.jpg,True,False
0,raw,sano,dataset/raw/sano/sano_01115.jpg,train,sano,dataset/train/sano/sano_01115.jpg,True,False
0,raw,sano,dataset/raw/sano/sano_01120.jpg,train,sano,dataset/train/sano/sano_01120.jpg,True,False
0,raw,sano,dataset/raw/sano/sano_01121.jpg,train,sano,dataset/train/sano/sano_01121.jpg,True,False
0,raw,sano,dataset/raw/sano/sano_01143.jpg,train,sano,dataset/train/sano/sano_01143.jpg,True,False
0,raw,sano,dataset/raw/sano/sano_01147.jpg,train,sano,dataset/train/sano/sano_01147.jpg,True,False
0,raw,sano,dataset/raw/sano/sano_01147.jpg,validation,atencion,dataset/validation/atencion/atencion_01997.jpg,True,True
0,raw,sano,dataset/raw/sano/sano_01150.jpg,test,sano,dataset/test/sano/sano_01150.jpg,True,False
0,raw,sano,dataset/raw/sano/sano_01163.jpg,train,sano,dataset/train/sano/sano_01163.jpg,True,False
0,raw,sano,dataset/raw/sano/sano_01164.jpg,train,sano,dataset/train/sano/sano_01164.jpg,True,False
0,raw,sano,dataset/raw/sano/sano_01168.jpg,train,sano,dataset/train/sano/sano_01168.jpg,True,False
0,raw,sano,dataset/raw/sano/sano_01170.jpg,train,sano,dataset/train/sano/sano_01170.jpg,True,False
0,raw,sano,dataset/raw/sano/sano_01174.jpg,train,atencion,dataset/train/atencion/atencion_02388.jpg,True,True
0,raw,sano,dataset/raw/sano/sano_01174.jpg,train,sano,dataset/train/sano/sano_01174.jpg,True,False
0,raw,sano,dataset/raw/sano/sano_01182.jpg,validation,sano,dataset/validation/sano/sano_01182.jpg,True,False
0,raw,sano,dataset/raw/sano/sano_01186.jpg,validation,sano,dataset/validation/sano/sano_01186.jpg,True,False
0,raw,sano,dataset/raw/sano/sano_01187.jpg,validation,sano,dataset/validation/sano/sano_01187.jpg,True,False
0,raw,sano,dataset/raw/sano/sano_01190.jpg,train,sano,dataset/train/sano/sano_01190.jpg,True,False
0,raw,sano,dataset/raw/sano/sano_01197.jpg,train,sano,dataset/train/sano/sano_01197.jpg,True,False
0,raw,sano,dataset/raw/sano/sano_01198.jpg,validation,sano,dataset/validation/sano/sano_01198.jpg,True,False
0,raw,sano,dataset/raw/sano/sano_01205.jpg,train,sano,dataset/train/sano/sano_01205.jpg,True,False
0,raw,sano,dataset/raw/sano/sano_01208.jpg,validation,sano,dataset/validation/sano/sano_01208.jpg,True,False
0,raw,sano,dataset/raw/sano/sano_01216.jpg,train,sano,dataset/train/sano/sano_01216.jpg,True,False
0,raw,sano,dataset/raw/sano/sano_01218.jpg,validation,sano,dataset/validation/sano/sano_01218.jpg,True,False
0,raw,sano,dataset/raw/sano/sano_01222.jpg,train,sano,dataset/train/sano/sano_01222.jpg,True,False
0,raw,sano,dataset/raw/sano/sano_01224.jpg,validation,sano,dataset/validation/sano/sano_01224.jpg,True,False
0,raw,sano,dataset/raw/sano/sano_01234.jpg,train,sano,dataset/train/sano/sano_01234.jpg,True,False
0,raw,sano,dataset/raw/sano/sano_01236.jpg,train,sano,dataset/train/sano/sano_01236.jpg,True,False
0,raw,sano,dataset/raw/sano/sano_01238.jpg,validation,sano,dataset/validation/sano/sano_01238.jpg,True,False
0,raw,sano,dataset/raw/sano/sano_01239.jpg,train,sano,dataset/train/sano/sano_01239.jpg,True,False
0,raw,sano,dataset/raw/sano/sano_01241.jpg,train,sano,dataset/train/sano/sano_01241.jpg,True,False
0,raw,sano,dataset/raw/sano/sano_01242.jpg,test,sano,dataset/test/sano/sano_01242.jpg,True,False
0,raw,sano,dataset/raw/sano/sano_01250.jpg,train,sano,dataset/train/sano/sano_01250.jpg,True,False
0,raw,sano,dataset/raw/sano/sano_01270.jpg,train,sano,dataset/train/sano/sano_01270.jpg,True,False
0,raw,sano,dataset/raw/sano/sano_01278.jpg,validation,sano,dataset/validation/sano/sano_01278.jpg,True,False
0,raw,sano,dataset/raw/sano/sano_01283.jpg,train,sano,dataset/train/sano/sano_01283.jpg,True,False
0,raw,sano,dataset/raw/sano/sano_01286.jpg,train,sano,dataset/train/sano/sano_01286.jpg,True,False
0,raw,sano,dataset/raw/sano/sano_01293.jpg,test,sano,dataset/test/sano/sano_01293.jpg,True,False
0,raw,sano,dataset/raw/sano/sano_01295.jpg,train,sano,dataset/train/sano/sano_01295.jpg,True,False
0,raw,sano,dataset/raw/sano/sano_01310.jpg,test,sano,dataset/test/sano/sano_00115.jpg,True,False
0,raw,sano,dataset/raw/sano/sano_01311.jpg,train,sano,dataset/train/sano/sano_02842.jpg,True,False
0,raw,sano,dataset/raw/sano/sano_01312.jpg,train,sano,dataset/train/sano/sano_03292.jpg,True,False
0,raw,sano,dataset/raw/sano/sano_01324.jpg,train,sano,dataset/train/sano/sano_02518.jpg,True,False
0,raw,sano,dataset/raw/sano/sano_01349.jpg,test,sano,dataset/test/sano/sano_07700.jpg,True,False
0,raw,sano,dataset/raw/sano/sano_01355.jpg,train,peligro,dataset/train/peligro/peligro_13301.jpg,True,True
0,raw,sano,dataset/raw/sano/sano_01355.jpg,validation,sano,dataset/validation/sano/sano_03782.jpg,True,False
0,raw,sano,dataset/raw/sano/sano_01387.jpg,train,sano,dataset/train/sano/sano_01558.jpg,True,False
0,raw,sano,dataset/raw/sano/sano_01399.jpg,train,atencion,dataset/train/atencion/atencion_01560.jpg,True,True
0,raw,sano,dataset/raw/sano/sano_01418.jpg,validation,sano,dataset/validation/sano/sano_05328.jpg,True,False
0,raw,sano,dataset/raw/sano/sano_01435.jpg,validation,atencion,dataset/validation/atencion/atencion_02197.jpg,True,True
0,raw,sano,dataset/raw/sano/sano_01478.jpg,train,sano,dataset/train/sano/sano_02940.jpg,True,False
0,raw,sano,dataset/raw/sano/sano_01521.jpg,train,sano,dataset/train/sano/sano_12171.jpg,True,False
0,raw,sano,dataset/raw/sano/sano_01547.jpg,validation,sano,dataset/validation/sano/sano_00210.jpg,True,False
0,raw,sano,dataset/raw/sano/sano_01571.jpg,validation,sano,dataset/validation/sano/sano_06013.jpg,True,False
0,raw,sano,dataset/raw/sano/sano_01586.jpg,train,peligro,dataset/train/peligro/peligro_06495.jpg,True,True
0,raw,sano,dataset/raw/sano/sano_01607.jpg,validation,atencion,dataset/validation/atencion/atencion_01967.jpg,True,True
0,raw,sano,dataset/raw/sano/sano_01613.jpg,train,sano,dataset/train/sano/sano_05012.jpg,True,False
0,raw,sano,dataset/raw/sano/sano_01627.jpg,train,sano,dataset/train/sano/sano_02825.jpg,True,False
0,raw,sano,dataset/raw/sano/sano_01643.jpg,train,peligro,dataset/train/peligro/peligro_09021.jpg,True,True
0,raw,sano,dataset/raw/sano/sano_01655.jpg,validation,sano,dataset/validation/sano/sano_05712.jpg,True,False
0,raw,sano,dataset/raw/sano/sano_01670.jpg,validation,sano,dataset/validation/sano/sano_02557.jpg,True,False
0,raw,sano,dataset/raw/sano/sano_01682.jpg,train,sano,dataset/train/sano/sano_01695.jpg,True,False
0,raw,sano,dataset/raw/sano/sano_01771.jpg,train,atencion,dataset/train/atencion/atencion_00807.jpg,True,True
0,raw,sano,dataset/raw/sano/sano_01773.jpg,train,peligro,dataset/train/peligro/peligro_06855.jpg,True,True
0,raw,sano,dataset/raw/sano/sano_01773.jpg,validation,atencion,dataset/validation/atencion/atencion_03541.jpg,True,True
0,raw,sano,dataset/raw/sano/sano_01781.jpg,train,peligro,dataset/train/peligro/peligro_02985.jpg,True,True
0,raw,sano,dataset/raw/sano/sano_01784.jpg,train,sano,dataset/train/sano/sano_04959.jpg,True,False
0,raw,sano,dataset/raw/sano/sano_01800.jpg,train,sano,dataset/train/sano/sano_07853.jpg,True,False
0,raw,sano,dataset/raw/sano/sano_01814.jpg,train,sano,dataset/train/sano/sano_02852.jpg,True,False
0,raw,sano,dataset/raw/sano/sano_01829.jpg,train,atencion,dataset/train/atencion/atencion_01371.jpg,True,True
0,raw,sano,dataset/raw/sano/sano_01844.jpg,train,atencion,dataset/train/atencion/atencion_01014.jpg,True,True
0,raw,sano,dataset/raw/sano/sano_01901.jpg,train,atencion,dataset/train/atencion/atencion_00763.jpg,True,True
0,raw,sano,dataset/raw/sano/sano_01901.jpg,train,peligro,dataset/train/peligro/peligro_00118.jpg,True,True
0,raw,sano,dataset/raw/sano/sano_01901.jpg,train,sano,dataset/train/sano/sano_04371.jpg,True,False
0,raw,sano,dataset/raw/sano/sano_01905.jpg,train,peligro,dataset/train/peligro/peligro_01963.jpg,True,True
0,raw,sano,dataset/raw/sano/sano_01905.jpg,validation,atencion,dataset/validation/atencion/atencion_06284.jpg,True,True
0,raw,sano,dataset/raw/sano/sano_01928.jpg,train,atencion,dataset/train/atencion/atencion_01399.jpg,True,True
0,raw,sano,dataset/raw/sano/sano_01932.jpg,train,atencion,dataset/train/atencion/atencion_01028.jpg,True,True
0,raw,sano,dataset/raw/sano/sano_01990.jpg,train,atencion,dataset/train/atencion/atencion_00630.jpg,True,True
0,raw,sano,dataset/raw/sano/sano_01990.jpg,validation,peligro,dataset/validation/peligro/peligro_00070.jpg,True,True
0,raw,sano,dataset/raw/sano/sano_02004.jpg,train,atencion,dataset/train/atencion/atencion_00782.jpg,True,True
0,raw,sano,dataset/raw/sano/sano_02004.jpg,train,peligro,dataset/train/peligro/peligro_05562.jpg,True,True
0,raw,sano,dataset/raw/sano/sano_02046.jpg,test,atencion,dataset/test/atencion/atencion_00776.jpg,True,True
0,raw,sano,dataset/raw/sano/sano_02066.jpg,train,atencion,dataset/train/atencion/atencion_01427.jpg,True,True
0,raw,sano,dataset/raw/sano/sano_02066.jpg,train,peligro,dataset/train/peligro/peligro_01274.jpg,True,True
0,raw,sano,dataset/raw/sano/sano_02083.jpg,train,atencion,dataset/train/atencion/atencion_00606.jpg,True,True
0,raw,sano,dataset/raw/sano/sano_02088.jpg,train,sano,dataset/train/sano/sano_01309.jpg,True,False
0,raw,sano,dataset/raw/sano/sano_02133.jpg,test,atencion,dataset/test/atencion/atencion_01467.jpg,True,True
0,raw,sano,dataset/raw/sano/sano_02159.jpg,train,sano,dataset/train/sano/sano_01547.jpg,True,False
0,raw,sano,dataset/raw/sano/sano_02160.jpg,train,sano,dataset/train/sano/sano_02000.jpg,True,False
0,raw,sano,dataset/raw/sano/sano_02168.jpg,test,sano,dataset/test/sano/sano_01536.jpg,True,False
0,raw,sano,dataset/raw/sano/sano_02197.jpg,train,atencion,dataset/train/atencion/atencion_07452.jpg,True,True
0,raw,sano,dataset/raw/sano/sano_02201.jpg,train,sano,dataset/train/sano/sano_01459.jpg,True,False
0,raw,sano,dataset/raw/sano/sano_02233.jpg,validation,atencion,dataset/validation/atencion/atencion_01373.jpg,True,True
0,raw,sano,dataset/raw/sano/sano_02235.jpg,train,atencion,dataset/train/atencion/atencion_01120.jpg,True,True
0,raw,sano,dataset/raw/sano/sano_02235.jpg,validation,peligro,dataset/validation/peligro/peligro_00189.jpg,True,True
0,raw,sano,dataset/raw/sano/sano_02258.jpg,train,atencion,dataset/train/atencion/atencion_00580.jpg,True,True
0,raw,sano,dataset/raw/sano/sano_02328.jpg,train,atencion,dataset/train/atencion/atencion_02541.jpg,True,True
0,raw,sano,dataset/raw/sano/sano_02328.jpg,train,peligro,dataset/train/peligro/peligro_03136.jpg,True,True
0,raw,sano,dataset/raw/sano/sano_02328.jpg,train,sano,dataset/train/sano/sano_01982.jpg,True,False
0,raw,sano,dataset/raw/sano/sano_02405.jpg,train,atencion,dataset/train/atencion/atencion_01704.jpg,True,True
0,raw,sano,dataset/raw/sano/sano_02405.jpg,train,sano,dataset/train/sano/sano_01868.jpg,True,False
0,raw,sano,dataset/raw/sano/sano_02413.jpg,train,sano,dataset/train/sano/sano_02041.jpg,True,False
0,raw,sano,dataset/raw/sano/sano_02420.jpg,validation,sano,dataset/validation/sano/sano_02029.jpg,True,False
0,raw,sano,dataset/raw/sano/sano_02579.jpg,test,sano,dataset/test/sano/sano_02337.jpg,True,False
0,raw,sano,dataset/raw/sano/sano_02597.jpg,train,sano,dataset/train/sano/sano_01802.jpg,True,False
0,raw,sano,dataset/raw/sano/sano_02632.jpg,train,sano,dataset/train/sano/sano_01984.jpg,True,False
0,raw,sano,dataset/raw/sano/sano_02687.jpg,train,sano,dataset/train/sano/sano_04529.jpg,True,False
0,raw,sano,dataset/raw/sano/sano_02748.jpg,train,sano,dataset/train/sano/sano_02748.jpg,True,False
0,raw,sano,dataset/raw/sano/sano_02765.jpg,train,sano,dataset/train/sano/sano_02765.jpg,True,False
0,raw,sano,dataset/raw/sano/sano_02774.jpg,train,sano,dataset/train/sano/sano_02774.jpg,True,False
0,raw,sano,dataset/raw/sano/sano_02775.jpg,train,sano,dataset/train/sano/sano_02775.jpg,True,False
0,raw,sano,dataset/raw/sano/sano_02819.jpg,validation,sano,dataset/validation/sano/sano_02819.jpg,True,False
0,raw,sano,dataset/raw/sano/sano_02834.jpg,train,sano,dataset/train/sano/sano_02834.jpg,True,False
0,raw,sano,dataset/raw/sano/sano_02838.jpg,test,sano,dataset/test/sano/sano_02838.jpg,True,False
0,raw,sano,dataset/raw/sano/sano_02864.jpg,test,sano,dataset/test/sano/sano_02864.jpg,True,False
0,raw,sano,dataset/raw/sano/sano_02864.jpg,train,peligro,dataset/train/peligro/peligro_00199.jpg,True,True
0,raw,sano,dataset/raw/sano/sano_02876.jpg,test,sano,dataset/test/sano/sano_02876.jpg,True,False
0,raw,sano,dataset/raw/sano/sano_02884.jpg,train,atencion,dataset/train/atencion/atencion_01469.jpg,True,True
0,raw,sano,dataset/raw/sano/sano_02884.jpg,train,sano,dataset/train/sano/sano_02884.jpg,True,False
0,raw,sano,dataset/raw/sano/sano_02892.jpg,train,sano,dataset/train/sano/sano_02892.jpg,True,False
0,raw,sano,dataset/raw/sano/sano_02893.jpg,train,atencion,dataset/train/atencion/atencion_11964.jpg,True,True
0,raw,sano,dataset/raw/sano/sano_02893.jpg,train,sano,dataset/train/sano/sano_02893.jpg,True,False
0,raw,sano,dataset/raw/sano/sano_02920.jpg,train,sano,dataset/train/sano/sano_02920.jpg,True,False
0,raw,sano,dataset/raw/sano/sano_02922.jpg,train,atencion,dataset/train/atencion/atencion_03300.jpg,True,True
0,raw,sano,dataset/raw/sano/sano_02922.jpg,validation,sano,dataset/validation/sano/sano_02922.jpg,True,False
0,raw,sano,dataset/raw/sano/sano_02935.jpg,test,sano,dataset/test/sano/sano_02935.jpg,True,False
0,raw,sano,dataset/raw/sano/sano_02935.jpg,validation,peligro,dataset/validation/peligro/peligro_00230.jpg,True,True
0,raw,sano,dataset/raw/sano/sano_02938.jpg,validation,sano,dataset/validation/sano/sano_02938.jpg,True,False
0,raw,sano,dataset/raw/sano/sano_02954.jpg,train,sano,dataset/train/sano/sano_02954.jpg,True,False
0,raw,sano,dataset/raw/sano/sano_02959.jpg,train,sano,dataset/train/sano/sano_02959.jpg,True,False
0,raw,sano,dataset/raw/sano/sano_02970.jpg,train,sano,dataset/train/sano/sano_02970.jpg,True,False
0,raw,sano,dataset/raw/sano/sano_02977.jpg,train,sano,dataset/train/sano/sano_02977.jpg,True,False
0,raw,sano,dataset/raw/sano/sano_02987.jpg,train,sano,dataset/train/sano/sano_02987.jpg,True,False
0,raw,sano,dataset/raw/sano/sano_02989.jpg,train,sano,dataset/train/sano/sano_02989.jpg,True,False
0,raw,sano,dataset/raw/sano/sano_02994.jpg,validation,sano,dataset/validation/sano/sano_02994.jpg,True,False
0,raw,sano,dataset/raw/sano/sano_02998.jpg,train,sano,dataset/train/sano/sano_02998.jpg,True,False
0,raw,sano,dataset/raw/sano/sano_03005.jpg,validation,sano,dataset/validation/sano/sano_03005.jpg,True,False
0,raw,sano,dataset/raw/sano/sano_03008.jpg,train,sano,dataset/train/sano/sano_03008.jpg,True,False
0,raw,sano,dataset/raw/sano/sano_03029.jpg,train,sano,dataset/train/sano/sano_03029.jpg,True,False
0,raw,sano,dataset/raw/sano/sano_03038.jpg,train,sano,dataset/train/sano/sano_03038.jpg,True,False
0,raw,sano,dataset/raw/sano/sano_03039.jpg,validation,sano,dataset/validation/sano/sano_03039.jpg,True,False
0,raw,sano,dataset/raw/sano/sano_03082.jpg,train,sano,dataset/train/sano/sano_03082.jpg,True,False
0,raw,sano,dataset/raw/sano/sano_03093.jpg,train,sano,dataset/train/sano/sano_03093.jpg,True,False
0,raw,sano,dataset/raw/sano/sano_03096.jpg,train,sano,dataset/train/sano/sano_03096.jpg,True,False
0,raw,sano,dataset/raw/sano/sano_03105.jpg,train,sano,dataset/train/sano/sano_03105.jpg,True,False
0,raw,sano,dataset/raw/sano/sano_03125.jpg,train,sano,dataset/train/sano/sano_03125.jpg,True,False
0,raw,sano,dataset/raw/sano/sano_03136.jpg,train,sano,dataset/train/sano/sano_03136.jpg,True,False
0,raw,sano,dataset/raw/sano/sano_03141.jpg,train,sano,dataset/train/sano/sano_03141.jpg,True,False
0,raw,sano,dataset/raw/sano/sano_03156.jpg,train,sano,dataset/train/sano/sano_03156.jpg,True,False
0,raw,sano,dataset/raw/sano/sano_03175.jpg,train,sano,dataset/train/sano/sano_03175.jpg,True,False
0,raw,sano,dataset/raw/sano/sano_03198.jpg,train,sano,dataset/train/sano/sano_03198.jpg,True,False
0,raw,sano,dataset/raw/sano/sano_03206.jpg,test,atencion,dataset/test/atencion/atencion_02194.jpg,True,True
0,raw,sano,dataset/raw/sano/sano_03206.jpg,test,sano,dataset/test/sano/sano_03206.jpg,True,False
0,raw,sano,dataset/raw/sano/sano_03246.jpg,train,atencion,dataset/train/atencion/atencion_00349.jpg,True,True
0,raw,sano,dataset/raw/sano/sano_03246.jpg,train,sano,dataset/train/sano/sano_03246.jpg,True,False
0,raw,sano,dataset/raw/sano/sano_03257.jpg,train,sano,dataset/train/sano/sano_03257.jpg,True,False
0,raw,sano,dataset/raw/sano/sano_03286.jpg,validation,sano,dataset/validation/sano/sano_03286.jpg,True,False
0,raw,sano,dataset/raw/sano/sano_03288.jpg,train,sano,dataset/train/sano/sano_03288.jpg,True,False
0,raw,sano,dataset/raw/sano/sano_03288.jpg,validation,peligro,dataset/validation/peligro/peligro_10795.jpg,True,True
0,raw,sano,dataset/raw/sano/sano_03295.jpg,validation,sano,dataset/validation/sano/sano_03295.jpg,True,False
0,raw,sano,dataset/raw/sano/sano_03296.jpg,test,sano,dataset/test/sano/sano_03296.jpg,True,False
0,raw,sano,dataset/raw/sano/sano_03297.jpg,train,sano,dataset/train/sano/sano_03297.jpg,True,False
0,raw,sano,dataset/raw/sano/sano_03298.jpg,train,sano,dataset/train/sano/sano_03298.jpg,True,False
0,raw,sano,dataset/raw/sano/sano_03324.jpg,train,sano,dataset/train/sano/sano_03324.jpg,True,False
0,raw,sano,dataset/raw/sano/sano_03326.jpg,train,sano,dataset/train/sano/sano_03326.jpg,True,False
0,raw,sano,dataset/raw/sano/sano_03432.jpg,train,sano,dataset/train/sano/sano_03432.jpg,True,False
0,raw,sano,dataset/raw/sano/sano_03436.jpg,validation,sano,dataset/validation/sano/sano_03436.jpg,True,False
0,raw,sano,dataset/raw/sano/sano_03440.jpg,train,sano,dataset/train/sano/sano_03440.jpg,True,False
0,raw,sano,dataset/raw/sano/sano_03458.jpg,train,sano,dataset/train/sano/sano_03458.jpg,True,False
0,raw,sano,dataset/raw/sano/sano_03465.jpg,train,sano,dataset/train/sano/sano_03465.jpg,True,False
0,raw,sano,dataset/raw/sano/sano_03492.jpg,train,sano,dataset/train/sano/sano_03492.jpg,True,False
0,raw,sano,dataset/raw/sano/sano_03512.jpg,train,sano,dataset/train/sano/sano_03512.jpg,True,False
0,raw,sano,dataset/raw/sano/sano_03528.jpg,test,sano,dataset/test/sano/sano_03528.jpg,True,False
0,raw,sano,dataset/raw/sano/sano_03531.jpg,train,sano,dataset/train/sano/sano_03531.jpg,True,False
0,raw,sano,dataset/raw/sano/sano_03563.jpg,train,sano,dataset/train/sano/sano_03563.jpg,True,False
0,raw,sano,dataset/raw/sano/sano_03584.jpg,train,sano,dataset/train/sano/sano_03584.jpg,True,False
0,raw,sano,dataset/raw/sano/sano_03654.jpg,test,sano,dataset/test/sano/sano_03654.jpg,True,False
0,raw,sano,dataset/raw/sano/sano_03658.jpg,test,sano,dataset/test/sano/sano_03658.jpg,True,False
0,raw,sano,dataset/raw/sano/sano_03664.jpg,test,sano,dataset/test/sano/sano_03664.jpg,True,False
0,raw,sano,dataset/raw/sano/sano_03689.jpg,train,sano,dataset/train/sano/sano_03689.jpg,True,False
0,raw,sano,dataset/raw/sano/sano_03703.jpg,train,sano,dataset/train/sano/sano_03703.jpg,True,False
0,raw,sano,dataset/raw/sano/sano_03711.jpg,train,sano,dataset/train/sano/sano_03711.jpg,True,False
0,raw,sano,dataset/raw/sano/sano_03718.jpg,train,sano,dataset/train/sano/sano_03718.jpg,True,False
0,raw,sano,dataset/raw/sano/sano_03727.jpg,train,sano,dataset/train/sano/sano_03727.jpg,True,False
0,raw,sano,dataset/raw/sano/sano_03729.jpg,train,sano,dataset/train/sano/sano_03729.jpg,True,False
0,raw,sano,dataset/raw/sano/sano_03743.jpg,train,sano,dataset/train/sano/sano_03743.jpg,True,False
0,raw,sano,dataset/raw/sano/sano_03748.jpg,train,sano,dataset/train/sano/sano_03748.jpg,True,False
0,raw,sano,dataset/raw/sano/sano_03753.jpg,test,sano,dataset/test/sano/sano_03753.jpg,True,False
0,raw,sano,dataset/raw/sano/sano_03771.jpg,validation,sano,dataset/validation/sano/sano_03771.jpg,True,False
0,raw,sano,dataset/raw/sano/sano_03777.jpg,train,sano,dataset/train/sano/sano_03777.jpg,True,False
0,raw,sano,dataset/raw/sano/sano_03827.jpg,test,sano,dataset/test/sano/sano_03827.jpg,True,False
0,raw,sano,dataset/raw/sano/sano_03838.jpg,train,sano,dataset/train/sano/sano_03838.jpg,True,False
0,raw,sano,dataset/raw/sano/sano_03847.jpg,train,sano,dataset/train/sano/sano_03847.jpg,True,False
0,raw,sano,dataset/raw/sano/sano_03855.jpg,train,sano,dataset/train/sano/sano_03855.jpg,True,False
0,raw,sano,dataset/raw/sano/sano_03879.jpg,train,atencion,dataset/train/atencion/atencion_01844.jpg,True,True
0,raw,sano,dataset/raw/sano/sano_03879.jpg,train,sano,dataset/train/sano/sano_03879.jpg,True,False
0,raw,sano,dataset/raw/sano/sano_03899.jpg,train,sano,dataset/train/sano/sano_03899.jpg,True,False
0,raw,sano,dataset/raw/sano/sano_03904.jpg,train,atencion,dataset/train/atencion/atencion_03941.jpg,True,True
0,raw,sano,dataset/raw/sano/sano_03904.jpg,train,sano,dataset/train/sano/sano_03904.jpg,True,False
0,raw,sano,dataset/raw/sano/sano_03922.jpg,train,sano,dataset/train/sano/sano_03922.jpg,True,False
0,raw,sano,dataset/raw/sano/sano_03941.jpg,train,sano,dataset/train/sano/sano_03941.jpg,True,False
0,raw,sano,dataset/raw/sano/sano_03965.jpg,train,sano,dataset/train/sano/sano_03965.jpg,True,False
0,raw,sano,dataset/raw/sano/sano_03971.jpg,train,sano,dataset/train/sano/sano_03971.jpg,True,False
0,raw,sano,dataset/raw/sano/sano_03987.jpg,train,sano,dataset/train/sano/sano_03987.jpg,True,False
0,raw,sano,dataset/raw/sano/sano_03992.jpg,test,sano,dataset/test/sano/sano_03992.jpg,True,False
0,raw,sano,dataset/raw/sano/sano_03999.jpg,train,sano,dataset/train/sano/sano_03999.jpg,True,False
0,raw,sano,dataset/raw/sano/sano_04022.jpg,validation,sano,dataset/validation/sano/sano_04022.jpg,True,False
0,raw,sano,dataset/raw/sano/sano_04040.jpg,train,sano,dataset/train/sano/sano_04040.jpg,True,False
0,raw,sano,dataset/raw/sano/sano_04082.jpg,train,sano,dataset/train/sano/sano_04082.jpg,True,False
0,raw,sano,dataset/raw/sano/sano_04092.jpg,validation,sano,dataset/validation/sano/sano_04092.jpg,True,False
0,raw,sano,dataset/raw/sano/sano_04105.jpg,train,sano,dataset/train/sano/sano_04105.jpg,True,False
0,raw,sano,dataset/raw/sano/sano_04108.jpg,test,sano,dataset/test/sano/sano_04108.jpg,True,False
0,raw,sano,dataset/raw/sano/sano_04109.jpg,train,sano,dataset/train/sano/sano_04109.jpg,True,False
0,raw,sano,dataset/raw/sano/sano_04112.jpg,train,sano,dataset/train/sano/sano_04112.jpg,True,False
0,raw,sano,dataset/raw/sano/sano_04130.jpg,train,sano,dataset/train/sano/sano_04130.jpg,True,False
0,raw,sano,dataset/raw/sano/sano_04150.jpg,train,sano,dataset/train/sano/sano_04150.jpg,True,False
0,raw,sano,dataset/raw/sano/sano_04153.jpg,train,sano,dataset/train/sano/sano_04153.jpg,True,False
0,raw,sano,dataset/raw/sano/sano_04155.jpg,validation,sano,dataset/validation/sano/sano_04155.jpg,True,False
0,raw,sano,dataset/raw/sano/sano_04156.jpg,train,sano,dataset/train/sano/sano_04156.jpg,True,False
0,raw,sano,dataset/raw/sano/sano_04167.jpg,validation,sano,dataset/validation/sano/sano_04167.jpg,True,False
0,raw,sano,dataset/raw/sano/sano_04168.jpg,train,sano,dataset/train/sano/sano_04168.jpg,True,False
0,raw,sano,dataset/raw/sano/sano_04169.jpg,train,sano,dataset/train/sano/sano_04169.jpg,True,False
0,raw,sano,dataset/raw/sano/sano_04182.jpg,train,sano,dataset/train/sano/sano_04182.jpg,True,False
0,raw,sano,dataset/raw/sano/sano_04201.jpg,train,sano,dataset/train/sano/sano_04201.jpg,True,False
0,raw,sano,dataset/raw/sano/sano_04205.jpg,train,sano,dataset/train/sano/sano_04205.jpg,True,False
0,raw,sano,dataset/raw/sano/sano_04242.jpg,train,sano,dataset/train/sano/sano_04242.jpg,True,False
0,raw,sano,dataset/raw/sano/sano_04249.jpg,train,sano,dataset/train/sano/sano_04249.jpg,True,False
0,raw,sano,dataset/raw/sano/sano_04250.jpg,train,sano,dataset/train/sano/sano_04250.jpg,True,False
0,raw,sano,dataset/raw/sano/sano_04264.jpg,train,sano,dataset/train/sano/sano_04264.jpg,True,False
0,raw,sano,dataset/raw/sano/sano_04266.jpg,train,atencion,dataset/train/atencion/atencion_01791.jpg,True,True
0,raw,sano,dataset/raw/sano/sano_04266.jpg,train,sano,dataset/train/sano/sano_04266.jpg,True,False
0,raw,sano,dataset/raw/sano/sano_04269.jpg,train,peligro,dataset/train/peligro/peligro_03200.jpg,True,True
0,raw,sano,dataset/raw/sano/sano_04269.jpg,train,sano,dataset/train/sano/sano_04269.jpg,True,False
0,raw,sano,dataset/raw/sano/sano_04269.jpg,validation,atencion,dataset/validation/atencion/atencion_01863.jpg,True,True
0,raw,sano,dataset/raw/sano/sano_04272.jpg,test,sano,dataset/test/sano/sano_04272.jpg,True,False
0,raw,sano,dataset/raw/sano/sano_04273.jpg,train,sano,dataset/train/sano/sano_04273.jpg,True,False
0,raw,sano,dataset/raw/sano/sano_04285.jpg,train,sano,dataset/train/sano/sano_04285.jpg,True,False
0,raw,sano,dataset/raw/sano/sano_04286.jpg,validation,sano,dataset/validation/sano/sano_04286.jpg,True,False
0,raw,sano,dataset/raw/sano/sano_04291.jpg,validation,sano,dataset/validation/sano/sano_04291.jpg,True,False
0,raw,sano,dataset/raw/sano/sano_04292.jpg,train,atencion,dataset/train/atencion/atencion_02906.jpg,True,True
0,raw,sano,dataset/raw/sano/sano_04292.jpg,validation,sano,dataset/validation/sano/sano_04292.jpg,True,False
0,raw,sano,dataset/raw/sano/sano_04294.jpg,train,sano,dataset/train/sano/sano_04294.jpg,True,False
0,raw,sano,dataset/raw/sano/sano_04297.jpg,train,sano,dataset/train/sano/sano_04297.jpg,True,False
0,raw,sano,dataset/raw/sano/sano_04298.jpg,train,sano,dataset/train/sano/sano_04298.jpg,True,False
0,raw,sano,dataset/raw/sano/sano_04307.jpg,train,sano,dataset/train/sano/sano_04307.jpg,True,False
0,raw,sano,dataset/raw/sano/sano_04313.jpg,train,sano,dataset/train/sano/sano_04313.jpg,True,False
0,raw,sano,dataset/raw/sano/sano_04313.jpg,validation,peligro,dataset/validation/peligro/peligro_03233.jpg,True,True
0,raw,sano,dataset/raw/sano/sano_04314.jpg,train,sano,dataset/train/sano/sano_04314.jpg,True,False
0,raw,sano,dataset/raw/sano/sano_04315.jpg,train,sano,dataset/train/sano/sano_04315.jpg,True,False
0,raw,sano,dataset/raw/sano/sano_04319.jpg,train,sano,dataset/train/sano/sano_04319.jpg,True,False
0,raw,sano,dataset/raw/sano/sano_04325.jpg,validation,sano,dataset/validation/sano/sano_04325.jpg,True,False
0,raw,sano,dataset/raw/sano/sano_04327.jpg,train,sano,dataset/train/sano/sano_04327.jpg,True,False
0,raw,sano,dataset/raw/sano/sano_04330.jpg,train,sano,dataset/train/sano/sano_04330.jpg,True,False
0,raw,sano,dataset/raw/sano/sano_04340.jpg,train,sano,dataset/train/sano/sano_04340.jpg,True,False
0,raw,sano,dataset/raw/sano/sano_04340.jpg,validation,atencion,dataset/validation/atencion/atencion_01756.jpg,True,True
0,raw,sano,dataset/raw/sano/sano_04346.jpg,train,sano,dataset/train/sano/sano_04346.jpg,True,False
0,raw,sano,dataset/raw/sano/sano_04350.jpg,train,peligro,dataset/train/peligro/peligro_14795.jpg,True,True
0,raw,sano,dataset/raw/sano/sano_04350.jpg,validation,sano,dataset/validation/sano/sano_04350.jpg,True,False
0,raw,sano,dataset/raw/sano/sano_04351.jpg,train,sano,dataset/train/sano/sano_04351.jpg,True,False
0,raw,sano,dataset/raw/sano/sano_04360.jpg,train,atencion,dataset/train/atencion/atencion_01872.jpg,True,True
0,raw,sano,dataset/raw/sano/sano_04360.jpg,train,sano,dataset/train/sano/sano_04360.jpg,True,False
0,raw,sano,dataset/raw/sano/sano_04365.jpg,train,sano,dataset/train/sano/sano_04365.jpg,True,False
0,raw,sano,dataset/raw/sano/sano_04372.jpg,validation,sano,dataset/validation/sano/sano_04372.jpg,True,False
0,raw,sano,dataset/raw/sano/sano_04462.jpg,train,sano,dataset/train/sano/sano_04462.jpg,True,False
0,raw,sano,dataset/raw/sano/sano_04480.jpg,train,sano,dataset/train/sano/sano_04480.jpg,True,False
0,raw,sano,dataset/raw/sano/sano_04498.jpg,validation,sano,dataset/validation/sano/sano_04498.jpg,True,False
0,raw,sano,dataset/raw/sano/sano_04522.jpg,train,peligro,dataset/train/peligro/peligro_03481.jpg,True,True
0,raw,sano,dataset/raw/sano/sano_04522.jpg,train,sano,dataset/train/sano/sano_04522.jpg,True,False
0,raw,sano,dataset/raw/sano/sano_04534.jpg,validation,sano,dataset/validation/sano/sano_04534.jpg,True,False
0,raw,sano,dataset/raw/sano/sano_04538.jpg,train,sano,dataset/train/sano/sano_04538.jpg,True,False
0,raw,sano,dataset/raw/sano/sano_04562.jpg,train,sano,dataset/train/sano/sano_04562.jpg,True,False
0,raw,sano,dataset/raw/sano/sano_04598.jpg,validation,sano,dataset/validation/sano/sano_04598.jpg,True,False
0,raw,sano,dataset/raw/sano/sano_04629.jpg,test,sano,dataset/test/sano/sano_04629.jpg,True,False
0,raw,sano,dataset/raw/sano/sano_04638.jpg,train,sano,dataset/train/sano/sano_04638.jpg,True,False
0,raw,sano,dataset/raw/sano/sano_04644.jpg,validation,sano,dataset/validation/sano/sano_04644.jpg,True,False
0,raw,sano,dataset/raw/sano/sano_04678.jpg,train,sano,dataset/train/sano/sano_04678.jpg,True,False
0,raw,sano,dataset/raw/sano/sano_04694.jpg,train,sano,dataset/train/sano/sano_04694.jpg,True,False
0,raw,sano,dataset/raw/sano/sano_04696.jpg,train,atencion,dataset/train/atencion/atencion_00860.jpg,True,True
0,raw,sano,dataset/raw/sano/sano_04696.jpg,validation,sano,dataset/validation/sano/sano_04696.jpg,True,False
0,raw,sano,dataset/raw/sano/sano_04708.jpg,train,sano,dataset/train/sano/sano_04708.jpg,True,False
0,raw,sano,dataset/raw/sano/sano_04727.jpg,test,sano,dataset/test/sano/sano_04727.jpg,True,False
0,raw,sano,dataset/raw/sano/sano_04741.jpg,train,sano,dataset/train/sano/sano_04741.jpg,True,False
0,raw,sano,dataset/raw/sano/sano_04756.jpg,train,sano,dataset/train/sano/sano_04756.jpg,True,False
0,raw,sano,dataset/raw/sano/sano_04762.jpg,train,sano,dataset/train/sano/sano_04762.jpg,True,False
0,raw,sano,dataset/raw/sano/sano_04763.jpg,train,sano,dataset/train/sano/sano_04763.jpg,True,False
0,raw,sano,dataset/raw/sano/sano_04780.jpg,train,sano,dataset/train/sano/sano_04780.jpg,True,False
0,raw,sano,dataset/raw/sano/sano_04781.jpg,train,sano,dataset/train/sano/sano_04781.jpg,True,False
0,raw,sano,dataset/raw/sano/sano_04784.jpg,train,sano,dataset/train/sano/sano_04784.jpg,True,False
0,raw,sano,dataset/raw/sano/sano_04790.jpg,train,sano,dataset/train/sano/sano_04790.jpg,True,False
0,raw,sano,dataset/raw/sano/sano_04798.jpg,validation,sano,dataset/validation/sano/sano_04798.jpg,True,False
0,raw,sano,dataset/raw/sano/sano_04816.jpg,train,sano,dataset/train/sano/sano_04816.jpg,True,False
0,raw,sano,dataset/raw/sano/sano_04864.jpg,train,sano,dataset/train/sano/sano_04864.jpg,True,False
0,raw,sano,dataset/raw/sano/sano_04865.jpg,train,sano,dataset/train/sano/sano_04865.jpg,True,False
0,raw,sano,dataset/raw/sano/sano_04867.jpg,train,sano,dataset/train/sano/sano_04867.jpg,True,False
0,raw,sano,dataset/raw/sano/sano_04875.jpg,train,atencion,dataset/train/atencion/atencion_00225.jpg,True,True
0,raw,sano,dataset/raw/sano/sano_04875.jpg,train,sano,dataset/train/sano/sano_04875.jpg,True,False
0,raw,sano,dataset/raw/sano/sano_04877.jpg,train,sano,dataset/train/sano/sano_04877.jpg,True,False
0,raw,sano,dataset/raw/sano/sano_04886.jpg,train,sano,dataset/train/sano/sano_04886.jpg,True,False
0,raw,sano,dataset/raw/sano/sano_04888.jpg,train,sano,dataset/train/sano/sano_04888.jpg,True,False
0,raw,sano,dataset/raw/sano/sano_04911.jpg,validation,sano,dataset/validation/sano/sano_04911.jpg,True,False
0,raw,sano,dataset/raw/sano/sano_04929.jpg,train,sano,dataset/train/sano/sano_04929.jpg,True,False
0,raw,sano,dataset/raw/sano/sano_04966.jpg,test,sano,dataset/test/sano/sano_04966.jpg,True,False
0,raw,sano,dataset/raw/sano/sano_04983.jpg,train,sano,dataset/train/sano/sano_04983.jpg,True,False
0,raw,sano,dataset/raw/sano/sano_04991.jpg,train,sano,dataset/train/sano/sano_04991.jpg,True,False
0,raw,sano,dataset/raw/sano/sano_04996.jpg,test,sano,dataset/test/sano/sano_04996.jpg,True,False
0,raw,sano,dataset/raw/sano/sano_05011.jpg,train,sano,dataset/train/sano/sano_05011.jpg,True,False
0,raw,sano,dataset/raw/sano/sano_05029.jpg,train,sano,dataset/train/sano/sano_05029.jpg,True,False
0,raw,sano,dataset/raw/sano/sano_05035.jpg,train,sano,dataset/train/sano/sano_05035.jpg,True,False
0,raw,sano,dataset/raw/sano/sano_05039.jpg,test,sano,dataset/test/sano/sano_05039.jpg,True,False
0,raw,sano,dataset/raw/sano/sano_05052.jpg,train,sano,dataset/train/sano/sano_05052.jpg,True,False
0,raw,sano,dataset/raw/sano/sano_05068.jpg,validation,sano,dataset/validation/sano/sano_05068.jpg,True,False
0,raw,sano,dataset/raw/sano/sano_05070.jpg,train,sano,dataset/train/sano/sano_05070.jpg,True,False
0,raw,sano,dataset/raw/sano/sano_05094.jpg,train,sano,dataset/train/sano/sano_05094.jpg,True,False
0,raw,sano,dataset/raw/sano/sano_05096.jpg,train,sano,dataset/train/sano/sano_05096.jpg,True,False
0,raw,sano,dataset/raw/sano/sano_05101.jpg,train,sano,dataset/train/sano/sano_05101.jpg,True,False
0,raw,sano,dataset/raw/sano/sano_05124.jpg,train,sano,dataset/train/sano/sano_05124.jpg,True,False
0,raw,sano,dataset/raw/sano/sano_05127.jpg,train,sano,dataset/train/sano/sano_05127.jpg,True,False
0,raw,sano,dataset/raw/sano/sano_05140.jpg,test,sano,dataset/test/sano/sano_05140.jpg,True,False
0,raw,sano,dataset/raw/sano/sano_05170.jpg,train,sano,dataset/train/sano/sano_05170.jpg,True,False
0,raw,sano,dataset/raw/sano/sano_05191.jpg,validation,sano,dataset/validation/sano/sano_05191.jpg,True,False
0,raw,sano,dataset/raw/sano/sano_05200.jpg,train,sano,dataset/train/sano/sano_05200.jpg,True,False
0,raw,sano,dataset/raw/sano/sano_05222.jpg,train,sano,dataset/train/sano/sano_05222.jpg,True,False
0,raw,sano,dataset/raw/sano/sano_05225.jpg,train,sano,dataset/train/sano/sano_05225.jpg,True,False
0,raw,sano,dataset/raw/sano/sano_05227.jpg,train,sano,dataset/train/sano/sano_05227.jpg,True,False
0,raw,sano,dataset/raw/sano/sano_05228.jpg,train,sano,dataset/train/sano/sano_05228.jpg,True,False
0,raw,sano,dataset/raw/sano/sano_05231.jpg,train,sano,dataset/train/sano/sano_05231.jpg,True,False
0,raw,sano,dataset/raw/sano/sano_05242.jpg,train,sano,dataset/train/sano/sano_05242.jpg,True,False
0,raw,sano,dataset/raw/sano/sano_05252.jpg,test,sano,dataset/test/sano/sano_05252.jpg,True,False
0,raw,sano,dataset/raw/sano/sano_05272.jpg,train,sano,dataset/train/sano/sano_05272.jpg,True,False
0,raw,sano,dataset/raw/sano/sano_05276.jpg,validation,sano,dataset/validation/sano/sano_05276.jpg,True,False
0,raw,sano,dataset/raw/sano/sano_05283.jpg,validation,sano,dataset/validation/sano/sano_05283.jpg,True,False
0,raw,sano,dataset/raw/sano/sano_05285.jpg,validation,sano,dataset/validation/sano/sano_05285.jpg,True,False
0,raw,sano,dataset/raw/sano/sano_05290.jpg,validation,sano,dataset/validation/sano/sano_05290.jpg,True,False
0,raw,sano,dataset/raw/sano/sano_05291.jpg,train,sano,dataset/train/sano/sano_05291.jpg,True,False
0,raw,sano,dataset/raw/sano/sano_05305.jpg,test,sano,dataset/test/sano/sano_05305.jpg,True,False
0,raw,sano,dataset/raw/sano/sano_05312.jpg,train,sano,dataset/train/sano/sano_05312.jpg,True,False
0,raw,sano,dataset/raw/sano/sano_05314.jpg,train,sano,dataset/train/sano/sano_05314.jpg,True,False
0,raw,sano,dataset/raw/sano/sano_05325.jpg,validation,sano,dataset/validation/sano/sano_05325.jpg,True,False
0,raw,sano,dataset/raw/sano/sano_05327.jpg,validation,sano,dataset/validation/sano/sano_05327.jpg,True,False
0,raw,sano,dataset/raw/sano/sano_05339.jpg,train,sano,dataset/train/sano/sano_05339.jpg,True,False
0,raw,sano,dataset/raw/sano/sano_05345.jpg,train,sano,dataset/train/sano/sano_05345.jpg,True,False
0,raw,sano,dataset/raw/sano/sano_05349.jpg,train,sano,dataset/train/sano/sano_05349.jpg,True,False
0,raw,sano,dataset/raw/sano/sano_05372.jpg,train,sano,dataset/train/sano/sano_05372.jpg,True,False
0,raw,sano,dataset/raw/sano/sano_05375.jpg,train,sano,dataset/train/sano/sano_05375.jpg,True,False
0,raw,sano,dataset/raw/sano/sano_05389.jpg,validation,sano,dataset/validation/sano/sano_05389.jpg,True,False
0,raw,sano,dataset/raw/sano/sano_05399.jpg,validation,sano,dataset/validation/sano/sano_05399.jpg,True,False
0,raw,sano,dataset/raw/sano/sano_05407.jpg,validation,sano,dataset/validation/sano/sano_05407.jpg,True,False
0,raw,sano,dataset/raw/sano/sano_05413.jpg,train,sano,dataset/train/sano/sano_05413.jpg,True,False
0,raw,sano,dataset/raw/sano/sano_05422.jpg,train,sano,dataset/train/sano/sano_05422.jpg,True,False
0,raw,sano,dataset/raw/sano/sano_05436.jpg,train,sano,dataset/train/sano/sano_05436.jpg,True,False
0,raw,sano,dataset/raw/sano/sano_05438.jpg,train,sano,dataset/train/sano/sano_05438.jpg,True,False
0,raw,sano,dataset/raw/sano/sano_05453.jpg,validation,sano,dataset/validation/sano/sano_05453.jpg,True,False
0,raw,sano,dataset/raw/sano/sano_05488.jpg,train,sano,dataset/train/sano/sano_05488.jpg,True,False
0,raw,sano,dataset/raw/sano/sano_05493.jpg,train,sano,dataset/train/sano/sano_05493.jpg,True,False
0,raw,sano,dataset/raw/sano/sano_05508.jpg,validation,sano,dataset/validation/sano/sano_05508.jpg,True,False
0,raw,sano,dataset/raw/sano/sano_05513.jpg,train,sano,dataset/train/sano/sano_05513.jpg,True,False
0,raw,sano,dataset/raw/sano/sano_05525.jpg,train,sano,dataset/train/sano/sano_05525.jpg,True,False
0,raw,sano,dataset/raw/sano/sano_05526.jpg,train,sano,dataset/train/sano/sano_05526.jpg,True,False
0,raw,sano,dataset/raw/sano/sano_05530.jpg,train,sano,dataset/train/sano/sano_05530.jpg,True,False
0,raw,sano,dataset/raw/sano/sano_05553.jpg,train,sano,dataset/train/sano/sano_05553.jpg,True,False
0,raw,sano,dataset/raw/sano/sano_05565.jpg,train,sano,dataset/train/sano/sano_05565.jpg,True,False
0,raw,sano,dataset/raw/sano/sano_05606.jpg,train,sano,dataset/train/sano/sano_05606.jpg,True,False
0,raw,sano,dataset/raw/sano/sano_05622.jpg,train,sano,dataset/train/sano/sano_05622.jpg,True,False
0,raw,sano,dataset/raw/sano/sano_05631.jpg,validation,sano,dataset/validation/sano/sano_05631.jpg,True,False
0,raw,sano,dataset/raw/sano/sano_05668.jpg,train,sano,dataset/train/sano/sano_05668.jpg,True,False
0,raw,sano,dataset/raw/sano/sano_05690.jpg,train,sano,dataset/train/sano/sano_05690.jpg,True,False
0,raw,sano,dataset/raw/sano/sano_05698.jpg,train,sano,dataset/train/sano/sano_05698.jpg,True,False
0,raw,sano,dataset/raw/sano/sano_05743.jpg,train,sano,dataset/train/sano/sano_05743.jpg,True,False
0,raw,sano,dataset/raw/sano/sano_05769.jpg,train,atencion,dataset/train/atencion/atencion_00177.jpg,True,True
0,raw,sano,dataset/raw/sano/sano_05769.jpg,train,sano,dataset/train/sano/sano_05769.jpg,True,False
0,raw,sano,dataset/raw/sano/sano_05776.jpg,train,sano,dataset/train/sano/sano_05776.jpg,True,False
0,raw,sano,dataset/raw/sano/sano_05786.jpg,validation,sano,dataset/validation/sano/sano_05786.jpg,True,False
0,raw,sano,dataset/raw/sano/sano_05794.jpg,train,sano,dataset/train/sano/sano_05794.jpg,True,False
0,raw,sano,dataset/raw/sano/sano_05814.jpg,train,sano,dataset/train/sano/sano_05814.jpg,True,False
0,raw,sano,dataset/raw/sano/sano_05829.jpg,train,sano,dataset/train/sano/sano_05829.jpg,True,False
0,raw,sano,dataset/raw/sano/sano_05841.jpg,validation,sano,dataset/validation/sano/sano_05841.jpg,True,False
0,raw,sano,dataset/raw/sano/sano_05868.jpg,validation,sano,dataset/validation/sano/sano_05868.jpg,True,False
0,raw,sano,dataset/raw/sano/sano_05904.jpg,train,sano,dataset/train/sano/sano_05904.jpg,True,False
0,raw,sano,dataset/raw/sano/sano_05916.jpg,train,sano,dataset/train/sano/sano_05916.jpg,True,False
0,raw,sano,dataset/raw/sano/sano_05921.jpg,train,sano,dataset/train/sano/sano_05921.jpg,True,False
0,raw,sano,dataset/raw/sano/sano_05992.jpg,train,sano,dataset/train/sano/sano_05992.jpg,True,False
0,raw,sano,dataset/raw/sano/sano_06004.jpg,train,sano,dataset/train/sano/sano_06004.jpg,True,False
0,raw,sano,dataset/raw/sano/sano_06080.jpg,train,sano,dataset/train/sano/sano_06080.jpg,True,False
0,raw,sano,dataset/raw/sano/sano_06082.jpg,train,sano,dataset/train/sano/sano_06082.jpg,True,False
0,raw,sano,dataset/raw/sano/sano_06095.jpg,train,sano,dataset/train/sano/sano_06095.jpg,True,False
0,raw,sano,dataset/raw/sano/sano_06118.jpg,validation,sano,dataset/validation/sano/sano_06118.jpg,True,False
0,raw,sano,dataset/raw/sano/sano_06134.jpg,train,sano,dataset/train/sano/sano_06134.jpg,True,False
0,raw,sano,dataset/raw/sano/sano_06156.jpg,train,sano,dataset/train/sano/sano_06156.jpg,True,False
0,raw,sano,dataset/raw/sano/sano_06219.jpg,train,sano,dataset/train/sano/sano_06219.jpg,True,False
0,raw,sano,dataset/raw/sano/sano_06232.jpg,train,sano,dataset/train/sano/sano_06232.jpg,True,False
0,raw,sano,dataset/raw/sano/sano_06265.jpg,train,sano,dataset/train/sano/sano_06265.jpg,True,False
0,raw,sano,dataset/raw/sano/sano_06302.jpg,train,sano,dataset/train/sano/sano_06302.jpg,True,False
0,raw,sano,dataset/raw/sano/sano_06327.jpg,train,sano,dataset/train/sano/sano_06327.jpg,True,False
0,raw,sano,dataset/raw/sano/sano_06342.jpg,validation,sano,dataset/validation/sano/sano_06342.jpg,True,False
0,raw,sano,dataset/raw/sano/sano_06427.jpg,test,sano,dataset/test/sano/sano_06427.jpg,True,False
0,raw,sano,dataset/raw/sano/sano_06430.jpg,validation,sano,dataset/validation/sano/sano_06430.jpg,True,False
0,raw,sano,dataset/raw/sano/sano_06442.jpg,train,sano,dataset/train/sano/sano_06442.jpg,True,False
0,raw,sano,dataset/raw/sano/sano_06472.jpg,train,sano,dataset/train/sano/sano_06472.jpg,True,False
0,raw,sano,dataset/raw/sano/sano_06479.jpg,train,sano,dataset/train/sano/sano_06479.jpg,True,False
0,raw,sano,dataset/raw/sano/sano_06495.jpg,validation,sano,dataset/validation/sano/sano_06495.jpg,True,False
0,raw,sano,dataset/raw/sano/sano_06496.jpg,validation,peligro,dataset/validation/peligro/peligro_12028.jpg,True,True
0,raw,sano,dataset/raw/sano/sano_06496.jpg,validation,sano,dataset/validation/sano/sano_06496.jpg,True,False
0,raw,sano,dataset/raw/sano/sano_06516.jpg,train,atencion,dataset/train/atencion/atencion_01812.jpg,True,True
0,raw,sano,dataset/raw/sano/sano_06516.jpg,train,peligro,dataset/train/peligro/peligro_13625.jpg,True,True
0,raw,sano,dataset/raw/sano/sano_06516.jpg,train,sano,dataset/train/sano/sano_06516.jpg,True,False
0,raw,sano,dataset/raw/sano/sano_06527.jpg,test,sano,dataset/test/sano/sano_06527.jpg,True,False
0,raw,sano,dataset/raw/sano/sano_06580.jpg,train,sano,dataset/train/sano/sano_06580.jpg,True,False
0,raw,sano,dataset/raw/sano/sano_06619.jpg,train,sano,dataset/train/sano/sano_06619.jpg,True,False
0,raw,sano,dataset/raw/sano/sano_06691.jpg,train,sano,dataset/train/sano/sano_06691.jpg,True,False
0,raw,sano,dataset/raw/sano/sano_06715.jpg,validation,sano,dataset/validation/sano/sano_06715.jpg,True,False
0,raw,sano,dataset/raw/sano/sano_06719.jpg,validation,sano,dataset/validation/sano/sano_06719.jpg,True,False
0,raw,sano,dataset/raw/sano/sano_06768.jpg,validation,sano,dataset/validation/sano/sano_06768.jpg,True,False
0,raw,sano,dataset/raw/sano/sano_06777.jpg,train,sano,dataset/train/sano/sano_06777.jpg,True,False
0,raw,sano,dataset/raw/sano/sano_06836.jpg,validation,peligro,dataset/validation/peligro/peligro_02072.jpg,True,True
0,raw,sano,dataset/raw/sano/sano_06836.jpg,validation,sano,dataset/validation/sano/sano_06836.jpg,True,False
0,raw,sano,dataset/raw/sano/sano_06850.jpg,train,sano,dataset/train/sano/sano_06850.jpg,True,False
0,raw,sano,dataset/raw/sano/sano_06874.jpg,validation,sano,dataset/validation/sano/sano_06874.jpg,True,False
0,raw,sano,dataset/raw/sano/sano_07045.jpg,train,sano,dataset/train/sano/sano_07045.jpg,True,False
0,raw,sano,dataset/raw/sano/sano_07045.jpg,validation,peligro,dataset/validation/peligro/peligro_06151.jpg,True,True
0,raw,sano,dataset/raw/sano/sano_07063.jpg,train,sano,dataset/train/sano/sano_07063.jpg,True,False
0,raw,sano,dataset/raw/sano/sano_07078.jpg,validation,sano,dataset/validation/sano/sano_07078.jpg,True,False
0,raw,sano,dataset/raw/sano/sano_07188.jpg,train,sano,dataset/train/sano/sano_07188.jpg,True,False
0,raw,sano,dataset/raw/sano/sano_07244.jpg,validation,sano,dataset/validation/sano/sano_07244.jpg,True,False
0,raw,sano,dataset/raw/sano/sano_07289.jpg,train,sano,dataset/train/sano/sano_07289.jpg,True,False
0,raw,sano,dataset/raw/sano/sano_07307.jpg,test,sano,dataset/test/sano/sano_07307.jpg,True,False
0,raw,sano,dataset/raw/sano/sano_07323.jpg,train,sano,dataset/train/sano/sano_07323.jpg,True,False
0,raw,sano,dataset/raw/sano/sano_07391.jpg,train,sano,dataset/train/sano/sano_07391.jpg,True,False
0,raw,sano,dataset/raw/sano/sano_07459.jpg,train,sano,dataset/train/sano/sano_07459.jpg,True,False
0,raw,sano,dataset/raw/sano/sano_07471.jpg,train,sano,dataset/train/sano/sano_07471.jpg,True,False
0,raw,sano,dataset/raw/sano/sano_07564.jpg,validation,sano,dataset/validation/sano/sano_07564.jpg,True,False
0,raw,sano,dataset/raw/sano/sano_07588.jpg,validation,sano,dataset/validation/sano/sano_07588.jpg,True,False
0,raw,sano,dataset/raw/sano/sano_07684.jpg,validation,sano,dataset/validation/sano/sano_07684.jpg,True,False
0,raw,sano,dataset/raw/sano/sano_07718.jpg,train,sano,dataset/train/sano/sano_07718.jpg,True,False
0,raw,sano,dataset/raw/sano/sano_07745.jpg,train,sano,dataset/train/sano/sano_07745.jpg,True,False
0,raw,sano,dataset/raw/sano/sano_07788.jpg,validation,sano,dataset/validation/sano/sano_07788.jpg,True,False
0,raw,sano,dataset/raw/sano/sano_07819.jpg,train,sano,dataset/train/sano/sano_07819.jpg,True,False
0,raw,sano,dataset/raw/sano/sano_07862.jpg,test,sano,dataset/test/sano/sano_07862.jpg,True,False
0,raw,sano,dataset/raw/sano/sano_08034.jpg,train,sano,dataset/train/sano/sano_08034.jpg,True,False
0,raw,sano,dataset/raw/sano/sano_08072.jpg,train,sano,dataset/train/sano/sano_08072.jpg,True,False
0,raw,sano,dataset/raw/sano/sano_08223.jpg,test,sano,dataset/test/sano/sano_08223.jpg,True,False
0,raw,sano,dataset/raw/sano/sano_08252.jpg,train,sano,dataset/train/sano/sano_08252.jpg,True,False
0,raw,sano,dataset/raw/sano/sano_08275.jpg,validation,sano,dataset/validation/sano/sano_08275.jpg,True,False
0,raw,sano,dataset/raw/sano/sano_08315.jpg,train,sano,dataset/train/sano/sano_08315.jpg,True,False
0,raw,sano,dataset/raw/sano/sano_08476.jpg,test,sano,dataset/test/sano/sano_08476.jpg,True,False
0,raw,sano,dataset/raw/sano/sano_08644.jpg,test,sano,dataset/test/sano/sano_08644.jpg,True,False
0,raw,sano,dataset/raw/sano/sano_08648.jpg,train,sano,dataset/train/sano/sano_08648.jpg,True,False
0,raw,sano,dataset/raw/sano/sano_08720.jpg,train,sano,dataset/train/sano/sano_08720.jpg,True,False
0,raw,sano,dataset/raw/sano/sano_08742.jpg,validation,sano,dataset/validation/sano/sano_08742.jpg,True,False
0,raw,sano,dataset/raw/sano/sano_08744.jpg,train,sano,dataset/train/sano/sano_08744.jpg,True,False
0,raw,sano,dataset/raw/sano/sano_08768.jpg,train,sano,dataset/train/sano/sano_08768.jpg,True,False
0,raw,sano,dataset/raw/sano/sano_08770.jpg,validation,sano,dataset/validation/sano/sano_08770.jpg,True,False
0,raw,sano,dataset/raw/sano/sano_08801.jpg,train,sano,dataset/train/sano/sano_08801.jpg,True,False
0,raw,sano,dataset/raw/sano/sano_08827.jpg,train,sano,dataset/train/sano/sano_08827.jpg,True,False
0,raw,sano,dataset/raw/sano/sano_08833.jpg,test,sano,dataset/test/sano/sano_08833.jpg,True,False
0,raw,sano,dataset/raw/sano/sano_08833.jpg,train,atencion,dataset/train/atencion/atencion_02919.jpg,True,True
0,raw,sano,dataset/raw/sano/sano_08843.jpg,train,sano,dataset/train/sano/sano_08843.jpg,True,False
0,raw,sano,dataset/raw/sano/sano_08870.jpg,train,sano,dataset/train/sano/sano_08870.jpg,True,False
0,raw,sano,dataset/raw/sano/sano_08897.jpg,train,sano,dataset/train/sano/sano_08897.jpg,True,False
0,raw,sano,dataset/raw/sano/sano_08911.jpg,validation,sano,dataset/validation/sano/sano_08911.jpg,True,False
0,raw,sano,dataset/raw/sano/sano_08921.jpg,validation,sano,dataset/validation/sano/sano_08921.jpg,True,False
0,raw,sano,dataset/raw/sano/sano_08928.jpg,train,sano,dataset/train/sano/sano_08928.jpg,True,False
0,raw,sano,dataset/raw/sano/sano_08929.jpg,train,sano,dataset/train/sano/sano_08929.jpg,True,False
0,raw,sano,dataset/raw/sano/sano_08933.jpg,train,sano,dataset/train/sano/sano_08933.jpg,True,False
0,raw,sano,dataset/raw/sano/sano_08961.jpg,test,sano,dataset/test/sano/sano_08961.jpg,True,False
0,raw,sano,dataset/raw/sano/sano_08963.jpg,train,sano,dataset/train/sano/sano_08963.jpg,True,False
0,raw,sano,dataset/raw/sano/sano_08966.jpg,train,sano,dataset/train/sano/sano_08966.jpg,True,False
0,raw,sano,dataset/raw/sano/sano_08986.jpg,train,sano,dataset/train/sano/sano_08986.jpg,True,False
0,raw,sano,dataset/raw/sano/sano_08988.jpg,train,sano,dataset/train/sano/sano_08988.jpg,True,False
0,raw,sano,dataset/raw/sano/sano_09014.jpg,validation,sano,dataset/validation/sano/sano_09014.jpg,True,False
0,raw,sano,dataset/raw/sano/sano_09017.jpg,train,sano,dataset/train/sano/sano_09017.jpg,True,False
0,raw,sano,dataset/raw/sano/sano_09122.jpg,train,sano,dataset/train/sano/sano_09122.jpg,True,False
0,raw,sano,dataset/raw/sano/sano_09175.jpg,test,sano,dataset/test/sano/sano_09175.jpg,True,False
0,raw,sano,dataset/raw/sano/sano_09177.jpg,train,atencion,dataset/train/atencion/atencion_01772.jpg,True,True
0,raw,sano,dataset/raw/sano/sano_09177.jpg,train,sano,dataset/train/sano/sano_09177.jpg,True,False
0,raw,sano,dataset/raw/sano/sano_09326.jpg,train,sano,dataset/train/sano/sano_09326.jpg,True,False
0,raw,sano,dataset/raw/sano/sano_09377.jpg,test,sano,dataset/test/sano/sano_09377.jpg,True,False
0,raw,sano,dataset/raw/sano/sano_09429.jpg,validation,sano,dataset/validation/sano/sano_09429.jpg,True,False
0,raw,sano,dataset/raw/sano/sano_09464.jpg,train,sano,dataset/train/sano/sano_09464.jpg,True,False
0,raw,sano,dataset/raw/sano/sano_09478.jpg,train,sano,dataset/train/sano/sano_09478.jpg,True,False
0,raw,sano,dataset/raw/sano/sano_09488.jpg,train,sano,dataset/train/sano/sano_09488.jpg,True,False
0,raw,sano,dataset/raw/sano/sano_09491.jpg,validation,sano,dataset/validation/sano/sano_09491.jpg,True,False
0,raw,sano,dataset/raw/sano/sano_09537.jpg,train,sano,dataset/train/sano/sano_09537.jpg,True,False
0,raw,sano,dataset/raw/sano/sano_09539.jpg,train,sano,dataset/train/sano/sano_09539.jpg,True,False
0,raw,sano,dataset/raw/sano/sano_09552.jpg,validation,sano,dataset/validation/sano/sano_09552.jpg,True,False
0,raw,sano,dataset/raw/sano/sano_09592.jpg,train,sano,dataset/train/sano/sano_09592.jpg,True,False
0,raw,sano,dataset/raw/sano/sano_09602.jpg,train,sano,dataset/train/sano/sano_09602.jpg,True,False
0,raw,sano,dataset/raw/sano/sano_09610.jpg,train,sano,dataset/train/sano/sano_09610.jpg,True,False
0,raw,sano,dataset/raw/sano/sano_09610.jpg,validation,peligro,dataset/validation/peligro/peligro_05721.jpg,True,True
0,raw,sano,dataset/raw/sano/sano_09617.jpg,train,sano,dataset/train/sano/sano_09617.jpg,True,False
0,raw,sano,dataset/raw/sano/sano_09635.jpg,validation,sano,dataset/validation/sano/sano_09635.jpg,True,False
0,raw,sano,dataset/raw/sano/sano_09702.jpg,train,atencion,dataset/train/atencion/atencion_00233.jpg,True,True
0,raw,sano,dataset/raw/sano/sano_09702.jpg,validation,sano,dataset/validation/sano/sano_09702.jpg,True,False
0,raw,sano,dataset/raw/sano/sano_09710.jpg,test,sano,dataset/test/sano/sano_09710.jpg,True,False
0,raw,sano,dataset/raw/sano/sano_09842.jpg,validation,sano,dataset/validation/sano/sano_09842.jpg,True,False
0,raw,sano,dataset/raw/sano/sano_09965.jpg,train,sano,dataset/train/sano/sano_09965.jpg,True,False
0,raw,sano,dataset/raw/sano/sano_10066.jpg,train,sano,dataset/train/sano/sano_10066.jpg,True,False
0,raw,sano,dataset/raw/sano/sano_10183.jpg,validation,sano,dataset/validation/sano/sano_10183.jpg,True,False
0,raw,sano,dataset/raw/sano/sano_10191.jpg,train,atencion,dataset/train/atencion/atencion_01908.jpg,True,True
0,raw,sano,dataset/raw/sano/sano_10191.jpg,train,sano,dataset/train/sano/sano_10191.jpg,True,False
0,raw,sano,dataset/raw/sano/sano_10220.jpg,train,sano,dataset/train/sano/sano_10220.jpg,True,False
0,raw,sano,dataset/raw/sano/sano_10245.jpg,train,sano,dataset/train/sano/sano_10245.jpg,True,False
0,raw,sano,dataset/raw/sano/sano_10254.jpg,train,sano,dataset/train/sano/sano_10254.jpg,True,False
0,raw,sano,dataset/raw/sano/sano_10255.jpg,train,sano,dataset/train/sano/sano_10255.jpg,True,False
0,raw,sano,dataset/raw/sano/sano_10283.jpg,train,sano,dataset/train/sano/sano_10283.jpg,True,False
0,raw,sano,dataset/raw/sano/sano_10344.jpg,train,sano,dataset/train/sano/sano_10344.jpg,True,False
0,raw,sano,dataset/raw/sano/sano_10351.jpg,train,sano,dataset/train/sano/sano_10351.jpg,True,False
0,raw,sano,dataset/raw/sano/sano_10386.jpg,validation,sano,dataset/validation/sano/sano_10386.jpg,True,False
0,raw,sano,dataset/raw/sano/sano_10411.jpg,train,sano,dataset/train/sano/sano_10411.jpg,True,False
0,raw,sano,dataset/raw/sano/sano_10435.jpg,validation,sano,dataset/validation/sano/sano_10435.jpg,True,False
0,raw,sano,dataset/raw/sano/sano_10526.jpg,train,sano,dataset/train/sano/sano_10526.jpg,True,False
0,raw,sano,dataset/raw/sano/sano_10527.jpg,train,sano,dataset/train/sano/sano_10527.jpg,True,False
0,raw,sano,dataset/raw/sano/sano_10551.jpg,train,sano,dataset/train/sano/sano_10551.jpg,True,False
0,raw,sano,dataset/raw/sano/sano_10562.jpg,test,sano,dataset/test/sano/sano_10562.jpg,True,False
0,raw,sano,dataset/raw/sano/sano_10763.jpg,train,sano,dataset/train/sano/sano_10763.jpg,True,False
0,raw,sano,dataset/raw/sano/sano_10799.jpg,train,sano,dataset/train/sano/sano_10799.jpg,True,False
0,raw,sano,dataset/raw/sano/sano_10939.jpg,validation,sano,dataset/validation/sano/sano_10939.jpg,True,False
0,raw,sano,dataset/raw/sano/sano_11097.jpg,train,sano,dataset/train/sano/sano_11097.jpg,True,False
0,raw,sano,dataset/raw/sano/sano_11131.jpg,train,sano,dataset/train/sano/sano_11131.jpg,True,False
0,raw,sano,dataset/raw/sano/sano_11137.jpg,train,sano,dataset/train/sano/sano_11137.jpg,True,False
0,raw,sano,dataset/raw/sano/sano_11146.jpg,train,sano,dataset/train/sano/sano_11146.jpg,True,False
0,raw,sano,dataset/raw/sano/sano_11302.jpg,train,sano,dataset/train/sano/sano_11302.jpg,True,False
0,raw,sano,dataset/raw/sano/sano_11304.jpg,train,sano,dataset/train/sano/sano_11304.jpg,True,False
0,raw,sano,dataset/raw/sano/sano_11313.jpg,train,sano,dataset/train/sano/sano_11313.jpg,True,False
0,raw,sano,dataset/raw/sano/sano_11334.jpg,train,sano,dataset/train/sano/sano_11334.jpg,True,False
0,raw,sano,dataset/raw/sano/sano_11346.jpg,train,sano,dataset/train/sano/sano_11346.jpg,True,False
0,raw,sano,dataset/raw/sano/sano_11388.jpg,train,sano,dataset/train/sano/sano_11388.jpg,True,False
0,raw,sano,dataset/raw/sano/sano_11424.jpg,train,sano,dataset/train/sano/sano_11424.jpg,True,False
0,raw,sano,dataset/raw/sano/sano_11455.jpg,test,sano,dataset/test/sano/sano_11455.jpg,True,False
0,raw,sano,dataset/raw/sano/sano_11457.jpg,train,sano,dataset/train/sano/sano_11457.jpg,True,False
0,raw,sano,dataset/raw/sano/sano_11542.jpg,validation,sano,dataset/validation/sano/sano_11542.jpg,True,False
0,raw,sano,dataset/raw/sano/sano_11570.jpg,train,sano,dataset/train/sano/sano_11570.jpg,True,False
0,raw,sano,dataset/raw/sano/sano_11605.jpg,train,sano,dataset/train/sano/sano_11605.jpg,True,False
0,raw,sano,dataset/raw/sano/sano_11700.jpg,train,sano,dataset/train/sano/sano_11700.jpg,True,False
0,raw,sano,dataset/raw/sano/sano_11715.jpg,train,sano,dataset/train/sano/sano_11715.jpg,True,False
0,raw,sano,dataset/raw/sano/sano_11842.jpg,validation,sano,dataset/validation/sano/sano_11842.jpg,True,False
0,raw,sano,dataset/raw/sano/sano_11848.jpg,train,sano,dataset/train/sano/sano_11848.jpg,True,False
0,raw,sano,dataset/raw/sano/sano_11865.jpg,validation,sano,dataset/validation/sano/sano_11865.jpg,True,False
0,raw,sano,dataset/raw/sano/sano_11914.jpg,train,atencion,dataset/train/atencion/atencion_02019.jpg,True,True
0,raw,sano,dataset/raw/sano/sano_11914.jpg,train,sano,dataset/train/sano/sano_11914.jpg,True,False
0,raw,sano,dataset/raw/sano/sano_11960.jpg,train,sano,dataset/train/sano/sano_11960.jpg,True,False
0,raw,sano,dataset/raw/sano/sano_12033.jpg,test,sano,dataset/test/sano/sano_12033.jpg,True,False
0,raw,sano,dataset/raw/sano/sano_12296.jpg,train,sano,dataset/train/sano/sano_12296.jpg,True,False
0,raw,sano,dataset/raw/sano/sano_12306.jpg,train,sano,dataset/train/sano/sano_12306.jpg,True,False
0,raw,sano,dataset/raw/sano/sano_12361.jpg,train,sano,dataset/train/sano/sano_12361.jpg,True,False
0,raw,sano,dataset/raw/sano/sano_12362.jpg,train,sano,dataset/train/sano/sano_12362.jpg,True,False
0,raw,sano,dataset/raw/sano/sano_12363.jpg,validation,sano,dataset/validation/sano/sano_12363.jpg,True,False
0,raw,sano,dataset/raw/sano/sano_12364.jpg,train,sano,dataset/train/sano/sano_12364.jpg,True,False
0,raw,sano,dataset/raw/sano/sano_12365.jpg,test,sano,dataset/test/sano/sano_12365.jpg,True,False
0,raw,sano,dataset/raw/sano/sano_12366.jpg,train,sano,dataset/train/sano/sano_12366.jpg,True,False
0,raw,sano,dataset/raw/sano/sano_12367.jpg,train,sano,dataset/train/sano/sano_12367.jpg,True,False
0,raw,sano,dataset/raw/sano/sano_12369.jpg,validation,sano,dataset/validation/sano/sano_12369.jpg,True,False
0,raw,sano,dataset/raw/sano/sano_12370.jpg,validation,sano,dataset/validation/sano/sano_12370.jpg,True,False
0,raw,sano,dataset/raw/sano/sano_12371.jpg,validation,sano,dataset/validation/sano/sano_12371.jpg,True,False
0,raw,sano,dataset/raw/sano/sano_12372.jpg,validation,sano,dataset/validation/sano/sano_12372.jpg,True,False
0,raw,sano,dataset/raw/sano/sano_12373.jpg,test,sano,dataset/test/sano/sano_12373.jpg,True,False
0,raw,sano,dataset/raw/sano/sano_12374.jpg,validation,sano,dataset/validation/sano/sano_12374.jpg,True,False
0,raw,sano,dataset/raw/sano/sano_12375.jpg,train,sano,dataset/train/sano/sano_12375.jpg,True,False
0,raw,sano,dataset/raw/sano/sano_12376.jpg,train,sano,dataset/train/sano/sano_12376.jpg,True,False
0,raw,sano,dataset/raw/sano/sano_12377.jpg,train,sano,dataset/train/sano/sano_12377.jpg,True,False
0,raw,sano,dataset/raw/sano/sano_12378.jpg,train,sano,dataset/train/sano/sano_12378.jpg,True,False
0,raw,sano,dataset/raw/sano/sano_12379.jpg,train,sano,dataset/train/sano/sano_12379.jpg,True,False
0,raw,sano,dataset/raw/sano/sano_12380.jpg,train,sano,dataset/train/sano/sano_12380.jpg,True,False
0,raw,sano,dataset/raw/sano/sano_12381.jpg,train,sano,dataset/train/sano/sano_12381.jpg,True,False
0,raw,sano,dataset/raw/sano/sano_12382.jpg,test,sano,dataset/test/sano/sano_12382.jpg,True,False
0,raw,sano,dataset/raw/sano/sano_12385.jpg,validation,sano,dataset/validation/sano/sano_12385.jpg,True,False
0,raw,sano,dataset/raw/sano/sano_12386.jpg,train,sano,dataset/train/sano/sano_12386.jpg,True,False
0,raw,sano,dataset/raw/sano/sano_12387.jpg,validation,sano,dataset/validation/sano/sano_12387.jpg,True,False
0,raw,sano,dataset/raw/sano/sano_12388.jpg,train,sano,dataset/train/sano/sano_12388.jpg,True,False
0,raw,sano,dataset/raw/sano/sano_12389.jpg,train,sano,dataset/train/sano/sano_12389.jpg,True,False
0,raw,sano,dataset/raw/sano/sano_12390.jpg,train,sano,dataset/train/sano/sano_12390.jpg,True,False
0,raw,sano,dataset/raw/sano/sano_12391.jpg,validation,sano,dataset/validation/sano/sano_12391.jpg,True,False
0,raw,sano,dataset/raw/sano/sano_12392.jpg,train,sano,dataset/train/sano/sano_12392.jpg,True,False
0,raw,sano,dataset/raw/sano/sano_12393.jpg,train,sano,dataset/train/sano/sano_12393.jpg,True,False
0,raw,sano,dataset/raw/sano/sano_12394.jpg,validation,sano,dataset/validation/sano/sano_12394.jpg,True,False
0,raw,sano,dataset/raw/sano/sano_12395.jpg,train,sano,dataset/train/sano/sano_12395.jpg,True,False
0,raw,sano,dataset/raw/sano/sano_12396.jpg,validation,sano,dataset/validation/sano/sano_12396.jpg,True,False
0,raw,sano,dataset/raw/sano/sano_12398.jpg,train,sano,dataset/train/sano/sano_12398.jpg,True,False
0,raw,sano,dataset/raw/sano/sano_12399.jpg,train,sano,dataset/train/sano/sano_12399.jpg,True,False
0,raw,sano,dataset/raw/sano/sano_12400.jpg,train,sano,dataset/train/sano/sano_12400.jpg,True,False
0,raw,sano,dataset/raw/sano/sano_12401.jpg,train,sano,dataset/train/sano/sano_12401.jpg,True,False
0,raw,sano,dataset/raw/sano/sano_12402.jpg,train,sano,dataset/train/sano/sano_12402.jpg,True,False
0,raw,sano,dataset/raw/sano/sano_12403.jpg,train,sano,dataset/train/sano/sano_12403.jpg,True,False
0,raw,sano,dataset/raw/sano/sano_12404.jpg,train,sano,dataset/train/sano/sano_12404.jpg,True,False
0,raw,sano,dataset/raw/sano/sano_12405.jpg,train,sano,dataset/train/sano/sano_12405.jpg,True,False
0,raw,sano,dataset/raw/sano/sano_12406.jpg,train,sano,dataset/train/sano/sano_12406.jpg,True,False
0,raw,sano,dataset/raw/sano/sano_12407.jpg,train,sano,dataset/train/sano/sano_12407.jpg,True,False
0,raw,sano,dataset/raw/sano/sano_12408.jpg,train,sano,dataset/train/sano/sano_12408.jpg,True,False
0,raw,sano,dataset/raw/sano/sano_12409.jpg,validation,sano,dataset/validation/sano/sano_12409.jpg,True,False
0,raw,sano,dataset/raw/sano/sano_12410.jpg,validation,sano,dataset/validation/sano/sano_12410.jpg,True,False
0,raw,sano,dataset/raw/sano/sano_12411.jpg,train,sano,dataset/train/sano/sano_12411.jpg,True,False
0,raw,sano,dataset/raw/sano/sano_12412.jpg,test,sano,dataset/test/sano/sano_12412.jpg,True,False
0,raw,sano,dataset/raw/sano/sano_12413.jpg,train,sano,dataset/train/sano/sano_12413.jpg,True,False
0,raw,sano,dataset/raw/sano/sano_12414.jpg,train,sano,dataset/train/sano/sano_12414.jpg,True,False
0,raw,sano,dataset/raw/sano/sano_12415.jpg,train,sano,dataset/train/sano/sano_12415.jpg,True,False
0,raw,sano,dataset/raw/sano/sano_12416.jpg,train,sano,dataset/train/sano/sano_12416.jpg,True,False
0,raw,sano,dataset/raw/sano/sano_12417.jpg,test,sano,dataset/test/sano/sano_12417.jpg,True,False
0,raw,sano,dataset/raw/sano/sano_12418.jpg,train,sano,dataset/train/sano/sano_12418.jpg,True,False
0,raw,sano,dataset/raw/sano/sano_12419.jpg,validation,sano,dataset/validation/sano/sano_12419.jpg,True,False
0,raw,sano,dataset/raw/sano/sano_12422.jpg,train,sano,dataset/train/sano/sano_12422.jpg,True,False
0,raw,sano,dataset/raw/sano/sano_12423.jpg,train,sano,dataset/train/sano/sano_12423.jpg,True,False
0,raw,sano,dataset/raw/sano/sano_12424.jpg,validation,sano,dataset/validation/sano/sano_12424.jpg,True,False
0,raw,sano,dataset/raw/sano/sano_12427.jpg,train,sano,dataset/train/sano/sano_12427.jpg,True,False
0,raw,sano,dataset/raw/sano/sano_12428.jpg,train,sano,dataset/train/sano/sano_12428.jpg,True,False
0,raw,sano,dataset/raw/sano/sano_12430.jpg,train,sano,dataset/train/sano/sano_12430.jpg,True,False
0,raw,sano,dataset/raw/sano/sano_12431.jpg,validation,sano,dataset/validation/sano/sano_12431.jpg,True,False
0,raw,sano,dataset/raw/sano/sano_12432.jpg,test,sano,dataset/test/sano/sano_12432.jpg,True,False
0,raw,sano,dataset/raw/sano/sano_12433.jpg,test,sano,dataset/test/sano/sano_12433.jpg,True,False
0,raw,sano,dataset/raw/sano/sano_12434.jpg,validation,sano,dataset/validation/sano/sano_12434.jpg,True,False
0,raw,sano,dataset/raw/sano/sano_12435.jpg,train,sano,dataset/train/sano/sano_12435.jpg,True,False
0,raw,sano,dataset/raw/sano/sano_12436.jpg,train,sano,dataset/train/sano/sano_12436.jpg,True,False
0,raw,sano,dataset/raw/sano/sano_12437.jpg,train,sano,dataset/train/sano/sano_12437.jpg,True,False
0,raw,sano,dataset/raw/sano/sano_12438.jpg,train,sano,dataset/train/sano/sano_12438.jpg,True,False
0,raw,sano,dataset/raw/sano/sano_12439.jpg,train,sano,dataset/train/sano/sano_12439.jpg,True,False
0,raw,sano,dataset/raw/sano/sano_12440.jpg,validation,sano,dataset/validation/sano/sano_12440.jpg,True,False
0,raw,sano,dataset/raw/sano/sano_12441.jpg,train,sano,dataset/train/sano/sano_12441.jpg,True,False
0,raw,sano,dataset/raw/sano/sano_12442.jpg,validation,sano,dataset/validation/sano/sano_12442.jpg,True,False
0,raw,sano,dataset/raw/sano/sano_12443.jpg,validation,sano,dataset/validation/sano/sano_12443.jpg,True,False
0,raw,sano,dataset/raw/sano/sano_12444.jpg,test,sano,dataset/test/sano/sano_12444.jpg,True,False
0,raw,sano,dataset/raw/sano/sano_12445.jpg,test,sano,dataset/test/sano/sano_12445.jpg,True,False
0,raw,sano,dataset/raw/sano/sano_12446.jpg,train,sano,dataset/train/sano/sano_12446.jpg,True,False
0,raw,sano,dataset/raw/sano/sano_12447.jpg,train,sano,dataset/train/sano/sano_12447.jpg,True,False
0,raw,sano,dataset/raw/sano/sano_12448.jpg,train,sano,dataset/train/sano/sano_12448.jpg,True,False
0,raw,sano,dataset/raw/sano/sano_12449.jpg,validation,sano,dataset/validation/sano/sano_12449.jpg,True,False
0,raw,sano,dataset/raw/sano/sano_12450.jpg,train,sano,dataset/train/sano/sano_12450.jpg,True,False
0,raw,sano,dataset/raw/sano/sano_12451.jpg,train,sano,dataset/train/sano/sano_12451.jpg,True,False
0,raw,sano,dataset/raw/sano/sano_12452.jpg,train,sano,dataset/train/sano/sano_12452.jpg,True,False
0,raw,sano,dataset/raw/sano/sano_12453.jpg,validation,sano,dataset/validation/sano/sano_12453.jpg,True,False
0,raw,sano,dataset/raw/sano/sano_12454.jpg,train,sano,dataset/train/sano/sano_12454.jpg,True,False
0,raw,sano,dataset/raw/sano/sano_12455.jpg,train,sano,dataset/train/sano/sano_12455.jpg,True,False
0,raw,sano,dataset/raw/sano/sano_12456.jpg,validation,sano,dataset/validation/sano/sano_12456.jpg,True,False
0,raw,sano,dataset/raw/sano/sano_12457.jpg,train,sano,dataset/train/sano/sano_12457.jpg,True,False
0,raw,sano,dataset/raw/sano/sano_12458.jpg,train,sano,dataset/train/sano/sano_12458.jpg,True,False
0,raw,sano,dataset/raw/sano/sano_12459.jpg,validation,sano,dataset/validation/sano/sano_12459.jpg,True,False
0,raw,sano,dataset/raw/sano/sano_12460.jpg,train,sano,dataset/train/sano/sano_12460.jpg,True,False
0,raw,sano,dataset/raw/sano/sano_12461.jpg,train,sano,dataset/train/sano/sano_12461.jpg,True,False
0,raw,sano,dataset/raw/sano/sano_12462.jpg,train,sano,dataset/train/sano/sano_12462.jpg,True,False
0,raw,sano,dataset/raw/sano/sano_12463.jpg,validation,sano,dataset/validation/sano/sano_12463.jpg,True,False
0,raw,sano,dataset/raw/sano/sano_12464.jpg,train,sano,dataset/train/sano/sano_12464.jpg,True,False
0,raw,sano,dataset/raw/sano/sano_12465.jpg,train,sano,dataset/train/sano/sano_12465.jpg,True,False
0,raw,sano,dataset/raw/sano/sano_12466.jpg,train,sano,dataset/train/sano/sano_12466.jpg,True,False
0,raw,sano,dataset/raw/sano/sano_12467.jpg,train,sano,dataset/train/sano/sano_12467.jpg,True,False
0,raw,sano,dataset/raw/sano/sano_12468.jpg,train,sano,dataset/train/sano/sano_12468.jpg,True,False
0,raw,sano,dataset/raw/sano/sano_12469.jpg,train,sano,dataset/train/sano/sano_12469.jpg,True,False
0,raw,sano,dataset/raw/sano/sano_12470.jpg,train,sano,dataset/train/sano/sano_12470.jpg,True,False
0,raw,sano,dataset/raw/sano/sano_12471.jpg,test,sano,dataset/test/sano/sano_12471.jpg,True,False
0,raw,sano,dataset/raw/sano/sano_12472.jpg,train,sano,dataset/train/sano/sano_12472.jpg,True,False
0,raw,sano,dataset/raw/sano/sano_12473.jpg,train,sano,dataset/train/sano/sano_12473.jpg,True,False
0,raw,sano,dataset/raw/sano/sano_12474.jpg,train,sano,dataset/train/sano/sano_12474.jpg,True,False
0,raw,sano,dataset/raw/sano/sano_12475.jpg,train,sano,dataset/train/sano/sano_12475.jpg,True,False
0,raw,sano,dataset/raw/sano/sano_12476.jpg,validation,sano,dataset/validation/sano/sano_12476.jpg,True,False
0,raw,sano,dataset/raw/sano/sano_12477.jpg,train,sano,dataset/train/sano/sano_12477.jpg,True,False
0,raw,sano,dataset/raw/sano/sano_12478.jpg,train,sano,dataset/train/sano/sano_12478.jpg,True,False
0,raw,sano,dataset/raw/sano/sano_12479.jpg,train,sano,dataset/train/sano/sano_12479.jpg,True,False
0,raw,sano,dataset/raw/sano/sano_12480.jpg,validation,sano,dataset/validation/sano/sano_12480.jpg,True,False
0,raw,sano,dataset/raw/sano/sano_12481.jpg,train,sano,dataset/train/sano/sano_12481.jpg,True,False
0,raw,sano,dataset/raw/sano/sano_12482.jpg,train,sano,dataset/train/sano/sano_12482.jpg,True,False
0,raw,sano,dataset/raw/sano/sano_12483.jpg,train,sano,dataset/train/sano/sano_12483.jpg,True,False
0,raw,sano,dataset/raw/sano/sano_12484.jpg,train,sano,dataset/train/sano/sano_12484.jpg,True,False
0,raw,sano,dataset/raw/sano/sano_12485.jpg,validation,sano,dataset/validation/sano/sano_12485.jpg,True,False
0,raw,sano,dataset/raw/sano/sano_12486.jpg,train,sano,dataset/train/sano/sano_12486.jpg,True,False
0,raw,sano,dataset/raw/sano/sano_12487.jpg,train,sano,dataset/train/sano/sano_12487.jpg,True,False
0,raw,sano,dataset/raw/sano/sano_12488.jpg,validation,sano,dataset/validation/sano/sano_12488.jpg,True,False
0,raw,sano,dataset/raw/sano/sano_12489.jpg,test,sano,dataset/test/sano/sano_12489.jpg,True,False
0,raw,sano,dataset/raw/sano/sano_12490.jpg,train,sano,dataset/train/sano/sano_12490.jpg,True,False
0,raw,sano,dataset/raw/sano/sano_12491.jpg,train,sano,dataset/train/sano/sano_12491.jpg,True,False
0,raw,sano,dataset/raw/sano/sano_12492.jpg,validation,sano,dataset/validation/sano/sano_12492.jpg,True,False
0,raw,sano,dataset/raw/sano/sano_12493.jpg,train,sano,dataset/train/sano/sano_12493.jpg,True,False
0,raw,sano,dataset/raw/sano/sano_12495.jpg,validation,sano,dataset/validation/sano/sano_12495.jpg,True,False
0,raw,sano,dataset/raw/sano/sano_12496.jpg,test,sano,dataset/test/sano/sano_12496.jpg,True,False
0,raw,sano,dataset/raw/sano/sano_12498.jpg,train,sano,dataset/train/sano/sano_12498.jpg,True,False
0,raw,sano,dataset/raw/sano/sano_12499.jpg,train,sano,dataset/train/sano/sano_12499.jpg,True,False
0,raw,sano,dataset/raw/sano/sano_12500.jpg,train,sano,dataset/train/sano/sano_12500.jpg,True,False
0,raw,sano,dataset/raw/sano/sano_12501.jpg,train,sano,dataset/train/sano/sano_12501.jpg,True,False
0,raw,sano,dataset/raw/sano/sano_12502.jpg,train,sano,dataset/train/sano/sano_12502.jpg,True,False
0,raw,sano,dataset/raw/sano/sano_12503.jpg,train,sano,dataset/train/sano/sano_12503.jpg,True,False
0,raw,sano,dataset/raw/sano/sano_12504.jpg,train,sano,dataset/train/sano/sano_12504.jpg,True,False
0,raw,sano,dataset/raw/sano/sano_12505.jpg,train,sano,dataset/train/sano/sano_12505.jpg,True,False
0,raw,sano,dataset/raw/sano/sano_12506.jpg,test,sano,dataset/test/sano/sano_12506.jpg,True,False
0,raw,sano,dataset/raw/sano/sano_12507.jpg,train,sano,dataset/train/sano/sano_12507.jpg,True,False
0,raw,sano,dataset/raw/sano/sano_12508.jpg,train,sano,dataset/train/sano/sano_12508.jpg,True,False
0,raw,sano,dataset/raw/sano/sano_12509.jpg,train,sano,dataset/train/sano/sano_12509.jpg,True,False
0,raw,sano,dataset/raw/sano/sano_12510.jpg,train,sano,dataset/train/sano/sano_12510.jpg,True,False
0,raw,sano,dataset/raw/sano/sano_12511.jpg,train,sano,dataset/train/sano/sano_12511.jpg,True,False
0,raw,sano,dataset/raw/sano/sano_12512.jpg,train,sano,dataset/train/sano/sano_12512.jpg,True,False
0,raw,sano,dataset/raw/sano/sano_12513.jpg,train,sano,dataset/train/sano/sano_12513.jpg,True,False
0,raw,sano,dataset/raw/sano/sano_12515.jpg,train,sano,dataset/train/sano/sano_12515.jpg,True,False
0,raw,sano,dataset/raw/sano/sano_12516.jpg,validation,sano,dataset/validation/sano/sano_12516.jpg,True,False
0,raw,sano,dataset/raw/sano/sano_12517.jpg,test,sano,dataset/test/sano/sano_12517.jpg,True,False
0,raw,sano,dataset/raw/sano/sano_12518.jpg,train,sano,dataset/train/sano/sano_12518.jpg,True,False
0,raw,sano,dataset/raw/sano/sano_12519.jpg,test,sano,dataset/test/sano/sano_12519.jpg,True,False
0,raw,sano,dataset/raw/sano/sano_12520.jpg,train,sano,dataset/train/sano/sano_12520.jpg,True,False
0,raw,sano,dataset/raw/sano/sano_12521.jpg,train,sano,dataset/train/sano/sano_12521.jpg,True,False
0,raw,sano,dataset/raw/sano/sano_12522.jpg,train,sano,dataset/train/sano/sano_12522.jpg,True,False
0,raw,sano,dataset/raw/sano/sano_12524.jpg,validation,sano,dataset/validation/sano/sano_12524.jpg,True,False
0,raw,sano,dataset/raw/sano/sano_12525.jpg,validation,sano,dataset/validation/sano/sano_12525.jpg,True,False
0,raw,sano,dataset/raw/sano/sano_12526.jpg,train,sano,dataset/train/sano/sano_12526.jpg,True,False
0,raw,sano,dataset/raw/sano/sano_12527.jpg,test,sano,dataset/test/sano/sano_12527.jpg,True,False
0,raw,sano,dataset/raw/sano/sano_12528.jpg,train,sano,dataset/train/sano/sano_12528.jpg,True,False
0,raw,sano,dataset/raw/sano/sano_12529.jpg,train,sano,dataset/train/sano/sano_12529.jpg,True,False
0,raw,sano,dataset/raw/sano/sano_12530.jpg,train,sano,dataset/train/sano/sano_12530.jpg,True,False
0,raw,sano,dataset/raw/sano/sano_12531.jpg,train,sano,dataset/train/sano/sano_12531.jpg,True,False
0,raw,sano,dataset/raw/sano/sano_12532.jpg,train,sano,dataset/train/sano/sano_12532.jpg,True,False
0,raw,sano,dataset/raw/sano/sano_12533.jpg,train,sano,dataset/train/sano/sano_12533.jpg,True,False
0,raw,sano,dataset/raw/sano/sano_12534.jpg,train,sano,dataset/train/sano/sano_12534.jpg,True,False
0,raw,sano,dataset/raw/sano/sano_12535.jpg,validation,sano,dataset/validation/sano/sano_12535.jpg,True,False
0,raw,sano,dataset/raw/sano/sano_12537.jpg,train,sano,dataset/train/sano/sano_12537.jpg,True,False
0,raw,sano,dataset/raw/sano/sano_12538.jpg,train,sano,dataset/train/sano/sano_12538.jpg,True,False
0,raw,sano,dataset/raw/sano/sano_12540.jpg,train,sano,dataset/train/sano/sano_12540.jpg,True,False
0,raw,sano,dataset/raw/sano/sano_12541.jpg,train,sano,dataset/train/sano/sano_12541.jpg,True,False
0,raw,sano,dataset/raw/sano/sano_12542.jpg,train,sano,dataset/train/sano/sano_12542.jpg,True,False
0,raw,sano,dataset/raw/sano/sano_12543.jpg,train,sano,dataset/train/sano/sano_12543.jpg,True,False
0,raw,sano,dataset/raw/sano/sano_12544.jpg,train,sano,dataset/train/sano/sano_12544.jpg,True,False
0,raw,sano,dataset/raw/sano/sano_12545.jpg,train,sano,dataset/train/sano/sano_12545.jpg,True,False
0,raw,sano,dataset/raw/sano/sano_12546.jpg,test,sano,dataset/test/sano/sano_12546.jpg,True,False
0,raw,sano,dataset/raw/sano/sano_12547.jpg,train,sano,dataset/train/sano/sano_12547.jpg,True,False
0,raw,sano,dataset/raw/sano/sano_12548.jpg,train,sano,dataset/train/sano/sano_12548.jpg,True,False
0,raw,sano,dataset/raw/sano/sano_12549.jpg,test,sano,dataset/test/sano/sano_12549.jpg,True,False
0,raw,sano,dataset/raw/sano/sano_12550.jpg,train,sano,dataset/train/sano/sano_12550.jpg,True,False
0,raw,sano,dataset/raw/sano/sano_12551.jpg,train,sano,dataset/train/sano/sano_12551.jpg,True,False
0,raw,sano,dataset/raw/sano/sano_12553.jpg,train,sano,dataset/train/sano/sano_12553.jpg,True,False
0,raw,sano,dataset/raw/sano/sano_12554.jpg,train,sano,dataset/train/sano/sano_12554.jpg,True,False
0,raw,sano,dataset/raw/sano/sano_12555.jpg,validation,sano,dataset/validation/sano/sano_12555.jpg,True,False
0,raw,sano,dataset/raw/sano/sano_12556.jpg,train,sano,dataset/train/sano/sano_12556.jpg,True,False
0,raw,sano,dataset/raw/sano/sano_12558.jpg,train,sano,dataset/train/sano/sano_12558.jpg,True,False
0,raw,sano,dataset/raw/sano/sano_12560.jpg,test,sano,dataset/test/sano/sano_12560.jpg,True,False
0,raw,sano,dataset/raw/sano/sano_12561.jpg,validation,sano,dataset/validation/sano/sano_12561.jpg,True,False
0,raw,sano,dataset/raw/sano/sano_12562.jpg,train,sano,dataset/train/sano/sano_12562.jpg,True,False
0,raw,sano,dataset/raw/sano/sano_12563.jpg,train,sano,dataset/train/sano/sano_12563.jpg,True,False
0,raw,sano,dataset/raw/sano/sano_12564.jpg,train,sano,dataset/train/sano/sano_12564.jpg,True,False
0,raw,sano,dataset/raw/sano/sano_12565.jpg,validation,sano,dataset/validation/sano/sano_12565.jpg,True,False
0,train,atencion,dataset/train/atencion/atencion_00102.jpg,validation,sano,dataset/validation/sano/sano_00181.jpg,True,True
0,train,atencion,dataset/train/atencion/atencion_00233.jpg,validation,sano,dataset/validation/sano/sano_09702.jpg,True,True
0,train,atencion,dataset/train/atencion/atencion_00600.jpg,test,peligro,dataset/test/peligro/peligro_07727.jpg,True,True
0,train,atencion,dataset/train/atencion/atencion_00619.jpg,validation,peligro,dataset/validation/peligro/peligro_01671.jpg,True,True
0,train,atencion,dataset/train/atencion/atencion_00630.jpg,validation,peligro,dataset/validation/peligro/peligro_00070.jpg,True,True
0,train,atencion,dataset/train/atencion/atencion_00658.jpg,validation,peligro,dataset/validation/peligro/peligro_00694.jpg,True,True
0,train,atencion,dataset/train/atencion/atencion_00693.jpg,test,peligro,dataset/test/peligro/peligro_00113.jpg,True,True
0,train,atencion,dataset/train/atencion/atencion_00860.jpg,validation,sano,dataset/validation/sano/sano_04696.jpg,True,True
0,train,atencion,dataset/train/atencion/atencion_01120.jpg,validation,peligro,dataset/validation/peligro/peligro_00189.jpg,True,True
0,train,atencion,dataset/train/atencion/atencion_01548.jpg,test,peligro,dataset/test/peligro/peligro_02082.jpg,True,True
0,train,atencion,dataset/train/atencion/atencion_01550.jpg,validation,peligro,dataset/validation/peligro/peligro_00022.jpg,True,True
0,train,atencion,dataset/train/atencion/atencion_01759.jpg,validation,peligro,dataset/validation/peligro/peligro_09275.jpg,True,True
0,train,atencion,dataset/train/atencion/atencion_01801.jpg,validation,sano,dataset/validation/sano/sano_01915.jpg,True,True
0,train,atencion,dataset/train/atencion/atencion_01937.jpg,validation,peligro,dataset/validation/peligro/peligro_03070.jpg,True,True
0,train,atencion,dataset/train/atencion/atencion_02906.jpg,validation,sano,dataset/validation/sano/sano_04292.jpg,True,True
0,train,atencion,dataset/train/atencion/atencion_02919.jpg,test,sano,dataset/test/sano/sano_08833.jpg,True,True
0,train,atencion,dataset/train/atencion/atencion_03300.jpg,validation,sano,dataset/validation/sano/sano_02922.jpg,True,True
0,train,atencion,dataset/train/atencion/atencion_03350.jpg,test,peligro,dataset/test/peligro/peligro_04467.jpg,True,True
0,train,atencion,dataset/train/atencion/atencion_05807.jpg,test,peligro,dataset/test/peligro/peligro_03041.jpg,True,True
0,train,atencion,dataset/train/atencion/atencion_08223.jpg,validation,sano,dataset/validation/sano/sano_00782.jpg,True,True
0,train,atencion,dataset/train/atencion/atencion_09668.jpg,validation,sano,dataset/validation/sano/sano_02900.jpg,True,True
0,train,atencion,dataset/train/atencion/atencion_09708.jpg,test,sano,dataset/test/sano/sano_02723.jpg,True,True
0,train,atencion,dataset/train/atencion/atencion_10354.jpg,validation,peligro,dataset/validation/peligro/peligro_01403.jpg,True,True
0,train,peligro,dataset/train/peligro/peligro_00010.jpg,test,atencion,dataset/test/atencion/atencion_00661.jpg,True,True
0,train,peligro,dataset/train/peligro/peligro_00093.jpg,validation,atencion,dataset/validation/atencion/atencion_01398.jpg,True,True
0,train,peligro,dataset/train/peligro/peligro_00100.jpg,validation,atencion,dataset/validation/atencion/atencion_00700.jpg,True,True
0,train,peligro,dataset/train/peligro/peligro_00119.jpg,validation,atencion,dataset/validation/atencion/atencion_00771.jpg,True,True
0,train,peligro,dataset/train/peligro/peligro_00157.jpg,validation,atencion,dataset/validation/atencion/atencion_05135.jpg,True,True
0,train,peligro,dataset/train/peligro/peligro_00199.jpg,test,sano,dataset/test/sano/sano_02864.jpg,True,True
0,train,peligro,dataset/train/peligro/peligro_01169.jpg,validation,atencion,dataset/validation/atencion/atencion_01412.jpg,True,True
0,train,peligro,dataset/train/peligro/peligro_01347.jpg,test,atencion,dataset/test/atencion/atencion_00555.jpg,True,True
0,train,peligro,dataset/train/peligro/peligro_01440.jpg,test,atencion,dataset/test/atencion/atencion_01346.jpg,True,True
0,train,peligro,dataset/train/peligro/peligro_01500.jpg,test,atencion,dataset/test/atencion/atencion_02316.jpg,True,True
0,train,peligro,dataset/train/peligro/peligro_01963.jpg,validation,atencion,dataset/validation/atencion/atencion_06284.jpg,True,True
0,train,peligro,dataset/train/peligro/peligro_03200.jpg,validation,atencion,dataset/validation/atencion/atencion_01863.jpg,True,True
0,train,peligro,dataset/train/peligro/peligro_03240.jpg,validation,atencion,dataset/validation/atencion/atencion_02626.jpg,True,True
0,train,peligro,dataset/train/peligro/peligro_03440.jpg,test,atencion,dataset/test/atencion/atencion_03329.jpg,True,True
0,train,peligro,dataset/train/peligro/peligro_03462.jpg,validation,atencion,dataset/validation/atencion/atencion_03360.jpg,True,True
0,train,peligro,dataset/train/peligro/peligro_03515.jpg,validation,atencion,dataset/validation/atencion/atencion_01977.jpg,True,True
0,train,peligro,dataset/train/peligro/peligro_04745.jpg,validation,atencion,dataset/validation/atencion/atencion_05751.jpg,True,True
0,train,peligro,dataset/train/peligro/peligro_06855.jpg,validation,atencion,dataset/validation/atencion/atencion_03541.jpg,True,True
0,train,peligro,dataset/train/peligro/peligro_09888.jpg,test,atencion,dataset/test/atencion/atencion_02045.jpg,True,True
0,train,peligro,dataset/train/peligro/peligro_10469.jpg,validation,atencion,dataset/validation/atencion/atencion_01166.jpg,True,True
0,train,peligro,dataset/train/peligro/peligro_13301.jpg,validation,sano,dataset/validation/sano/sano_03782.jpg,True,True
0,train,peligro,dataset/train/peligro/peligro_13697.jpg,validation,atencion,dataset/validation/atencion/atencion_12528.jpg,True,True
0,train,peligro,dataset/train/peligro/peligro_14795.jpg,validation,sano,dataset/validation/sano/sano_04350.jpg,True,True
0,train,sano,dataset/train/sano/sano_00211.jpg,validation,atencion,dataset/validation/atencion/atencion_05171.jpg,True,True
0,train,sano,dataset/train/sano/sano_00525.jpg,test,atencion,dataset/test/atencion/atencion_01958.jpg,True,True
0,train,sano,dataset/train/sano/sano_00818.jpg,test,atencion,dataset/test/atencion/atencion_08131.jpg,True,True
0,train,sano,dataset/train/sano/sano_01147.jpg,validation,atencion,dataset/validation/atencion/atencion_01997.jpg,True,True
0,train,sano,dataset/train/sano/sano_01449.jpg,validation,atencion,dataset/validation/atencion/atencion_00207.jpg,True,True
0,train,sano,dataset/train/sano/sano_01945.jpg,validation,atencion,dataset/validation/atencion/atencion_03246.jpg,True,True
0,train,sano,dataset/train/sano/sano_02008.jpg,test,peligro,dataset/test/peligro/peligro_02082.jpg,True,True
0,train,sano,dataset/train/sano/sano_02159.jpg,test,peligro,dataset/test/peligro/peligro_11991.jpg,True,True
0,train,sano,dataset/train/sano/sano_03288.jpg,validation,peligro,dataset/validation/peligro/peligro_10795.jpg,True,True
0,train,sano,dataset/train/sano/sano_04269.jpg,validation,atencion,dataset/validation/atencion/atencion_01863.jpg,True,True
0,train,sano,dataset/train/sano/sano_04313.jpg,validation,peligro,dataset/validation/peligro/peligro_03233.jpg,True,True
0,train,sano,dataset/train/sano/sano_04340.jpg,validation,atencion,dataset/validation/atencion/atencion_01756.jpg,True,True
0,train,sano,dataset/train/sano/sano_07045.jpg,validation,peligro,dataset/validation/peligro/peligro_06151.jpg,True,True
0,train,sano,dataset/train/sano/sano_09610.jpg,validation,peligro,dataset/validation/peligro/peligro_05721.jpg,True,True
0,validation,atencion,dataset/validation/atencion/atencion_09665.jpg,test,peligro,dataset/test/peligro/peligro_00936.jpg,True,True
0,validation,peligro,dataset/validation/peligro/peligro_00112.jpg,test,atencion,dataset/test/atencion/atencion_01558.jpg,True,True
0,validation,peligro,dataset/validation/peligro/peligro_00230.jpg,test,sano,dataset/test/sano/sano_02935.jpg,True,True
0,raw,atencion,dataset/raw/atencion/atencion_00004.jpg,raw,peligro,dataset/raw/peligro/peligro_00179.jpg,False,True
0,raw,atencion,dataset/raw/atencion/atencion_00012.jpg,raw,sano,dataset/raw/sano/sano_00139.jpg,False,True
0,raw,atencion,dataset/raw/atencion/atencion_00034.jpg,raw,peligro,dataset/raw/peligro/peligro_00101.jpg,False,True
0,raw,atencion,dataset/raw/atencion/atencion_00177.jpg,raw,sano,dataset/raw/sano/sano_05769.jpg,False,True
0,raw,atencion,dataset/raw/atencion/atencion_00225.jpg,raw,sano,dataset/raw/sano/sano_04875.jpg,False,True
0,raw,atencion,dataset/raw/atencion/atencion_00233.jpg,raw,sano,dataset/raw/sano/sano_09702.jpg,False,True
0,raw,atencion,dataset/raw/atencion/atencion_00349.jpg,raw,sano,dataset/raw/sano/sano_03246.jpg,False,True
0,raw,atencion,dataset/raw/atencion/atencion_00555.jpg,raw,peligro,dataset/raw/peligro/peligro_01347.jpg,False,True
0,raw,atencion,dataset/raw/atencion/atencion_00574.jpg,raw,peligro,dataset/raw/peligro/peligro_00765.jpg,False,True
0,raw,atencion,dataset/raw/atencion/atencion_00580.jpg,raw,sano,dataset/raw/sano/sano_02258.jpg,False,True
0,raw,atencion,dataset/raw/atencion/atencion_00600.jpg,raw,peligro,dataset/raw/peligro/peligro_07727.jpg,False,True
0,raw,atencion,dataset/raw/atencion/atencion_00606.jpg,raw,sano,dataset/raw/sano/sano_02083.jpg,False,True
0,raw,atencion,dataset/raw/atencion/atencion_00630.jpg,raw,peligro,dataset/raw/peligro/peligro_00070.jpg,False,True
0,raw,atencion,dataset/raw/atencion/atencion_00630.jpg,raw,sano,dataset/raw/sano/sano_01990.jpg,False,True
0,raw,atencion,dataset/raw/atencion/atencion_00636.jpg,raw,peligro,dataset/raw/peligro/peligro_00300.jpg,False,True
0,raw,atencion,dataset/raw/atencion/atencion_00656.jpg,raw,peligro,dataset/raw/peligro/peligro_01513.jpg,False,True
0,raw,atencion,dataset/raw/atencion/atencion_00658.jpg,raw,peligro,dataset/raw/peligro/peligro_00694.jpg,False,True
0,raw,atencion,dataset/raw/atencion/atencion_00661.jpg,raw,peligro,dataset/raw/peligro/peligro_00010.jpg,False,True
0,raw,atencion,dataset/raw/atencion/atencion_00665.jpg,raw,peligro,dataset/raw/peligro/peligro_00111.jpg,False,True
0,raw,atencion,dataset/raw/atencion/atencion_00666.jpg,raw,peligro,dataset/raw/peligro/peligro_00277.jpg,False,True
0,raw,atencion,dataset/raw/atencion/atencion_00693.jpg,raw,peligro,dataset/raw/peligro/peligro_00113.jpg,False,True
0,raw,atencion,dataset/raw/atencion/atencion_00700.jpg,raw,peligro,dataset/raw/peligro/peligro_00100.jpg,False,True
0,raw,atencion,dataset/raw/atencion/atencion_00763.jpg,raw,peligro,dataset/raw/peligro/peligro_00118.jpg,False,True
0,raw,atencion,dataset/raw/atencion/atencion_00763.jpg,raw,sano,dataset/raw/sano/sano_01901.jpg,False,True
0,raw,atencion,dataset/raw/atencion/atencion_00782.jpg,raw,peligro,dataset/raw/peligro/peligro_01649.jpg,False,True
0,raw,atencion,dataset/raw/atencion/atencion_00782.jpg,raw,sano,dataset/raw/sano/sano_02004.jpg,False,True
0,raw,atencion,dataset/raw/atencion/atencion_00807.jpg,raw,sano,dataset/raw/sano/sano_01771.jpg,False,True
0,raw,atencion,dataset/raw/atencion/atencion_00860.jpg,raw,sano,dataset/raw/sano/sano_04696.jpg,False,True
0,raw,atencion,dataset/raw/atencion/atencion_01155.jpg,raw,peligro,dataset/raw/peligro/peligro_01169.jpg,False,True
0,raw,atencion,dataset/raw/atencion/atencion_01180.jpg,raw,peligro,dataset/raw/peligro/peligro_00030.jpg,False,True
0,raw,atencion,dataset/raw/atencion/atencion_01208.jpg,raw,peligro,dataset/raw/peligro/peligro_01339.jpg,False,True
0,raw,atencion,dataset/raw/atencion/atencion_01214.jpg,raw,peligro,dataset/raw/peligro/peligro_00064.jpg,False,True
0,raw,atencion,dataset/raw/atencion/atencion_01236.jpg,raw,peligro,dataset/raw/peligro/peligro_01688.jpg,False,True
0,raw,atencion,dataset/raw/atencion/atencion_01248.jpg,raw,peligro,dataset/raw/peligro/peligro_00093.jpg,False,True
0,raw,atencion,dataset/raw/atencion/atencion_01268.jpg,raw,peligro,dataset/raw/peligro/peligro_02129.jpg,False,True
0,raw,atencion,dataset/raw/atencion/atencion_01293.jpg,raw,peligro,dataset/raw/peligro/peligro_00017.jpg,False,True
0,raw,atencion,dataset/raw/atencion/atencion_01337.jpg,raw,peligro,dataset/raw/peligro/peligro_01363.jpg,False,True
0,raw,atencion,dataset/raw/atencion/atencion_01361.jpg,raw,peligro,dataset/raw/peligro/peligro_02290.jpg,False,True
0,raw,atencion,dataset/raw/atencion/atencion_01372.jpg,raw,peligro,dataset/raw/peligro/peligro_01995.jpg,False,True
0,raw,atencion,dataset/raw/atencion/atencion_01372.jpg,raw,sano,dataset/raw/sano/sano_02046.jpg,False,True
0,raw,atencion,dataset/raw/atencion/atencion_01377.jpg,raw,sano,dataset/raw/sano/sano_00027.jpg,False,True
0,raw,atencion,dataset/raw/atencion/atencion_01422.jpg,raw,peligro,dataset/raw/peligro/peligro_01672.jpg,False,True
0,raw,atencion,dataset/raw/atencion/atencion_01427.jpg,raw,sano,dataset/raw/sano/sano_02970.jpg,False,True
0,raw,atencion,dataset/raw/atencion/atencion_01465.jpg,raw,peligro,dataset/raw/peligro/peligro_01409.jpg,False,True
0,raw,atencion,dataset/raw/atencion/atencion_01465.jpg,raw,sano,dataset/raw/sano/sano_02235.jpg,False,True
0,raw,atencion,dataset/raw/atencion/atencion_01470.jpg,raw,peligro,dataset/raw/peligro/peligro_01879.jpg,False,True
0,raw,atencion,dataset/raw/atencion/atencion_01470.jpg,raw,sano,dataset/raw/sano/sano_02308.jpg,False,True
0,raw,atencion,dataset/raw/atencion/atencion_01519.jpg,raw,peligro,dataset/raw/peligro/peligro_00840.jpg,False,True
0,raw,atencion,dataset/raw/atencion/atencion_01529.jpg,raw,peligro,dataset/raw/peligro/peligro_01915.jpg,False,True
0,raw,atencion,dataset/raw/atencion/atencion_01535.jpg,raw,peligro,dataset/raw/peligro/peligro_06855.jpg,False,True
0,raw,atencion,dataset/raw/atencion/atencion_01535.jpg,raw,sano,dataset/raw/sano/sano_01773.jpg,False,True
0,raw,atencion,dataset/raw/atencion/atencion_01543.jpg,raw,peligro,dataset/raw/peligro/peligro_04578.jpg,False,True
0,raw,atencion,dataset/raw/atencion/atencion_01585.jpg,raw,peligro,dataset/raw/peligro/peligro_00704.jpg,False,True
0,raw,atencion,dataset/raw/atencion/atencion_01587.jpg,raw,peligro,dataset/raw/peligro/peligro_00445.jpg,False,True
0,raw,atencion,dataset/raw/atencion/atencion_01591.jpg,raw,peligro,dataset/raw/peligro/peligro_01866.jpg,False,True
0,raw,atencion,dataset/raw/atencion/atencion_01594.jpg,raw,peligro,dataset/raw/peligro/peligro_07692.jpg,False,True
0,raw,atencion,dataset/raw/atencion/atencion_01606.jpg,raw,peligro,dataset/raw/peligro/peligro_00638.jpg,False,True
0,raw,atencion,dataset/raw/atencion/atencion_01613.jpg,raw,peligro,dataset/raw/peligro/peligro_01986.jpg,False,True
0,raw,atencion,dataset/raw/atencion/atencion_01621.jpg,raw,peligro,dataset/raw/peligro/peligro_01414.jpg,False,True
0,raw,atencion,dataset/raw/atencion/atencion_01630.jpg,raw,peligro,dataset/raw/peligro/peligro_01717.jpg,False,True
0,raw,atencion,dataset/raw/atencion/atencion_01630.jpg,raw,sano,dataset/raw/sano/sano_02066.jpg,False,True
0,raw,atencion,dataset/raw/atencion/atencion_01695.jpg,raw,sano,dataset/raw/sano/sano_02237.jpg,False,True
0,raw,atencion,dataset/raw/atencion/atencion_01747.jpg,raw,peligro,dataset/raw/peligro/peligro_04383.jpg,False,True
0,raw,atencion,dataset/raw/atencion/atencion_01753.jpg,raw,peligro,dataset/raw/peligro/peligro_02985.jpg,False,True
0,raw,atencion,dataset/raw/atencion/atencion_01753.jpg,raw,sano,dataset/raw/sano/sano_01781.jpg,False,True
0,raw,atencion,dataset/raw/atencion/atencion_01759.jpg,raw,sano,dataset/raw/sano/sano_02099.jpg,False,True
0,raw,atencion,dataset/raw/atencion/atencion_01765.jpg,raw,peligro,dataset/raw/peligro/peligro_00557.jpg,False,True
0,raw,atencion,dataset/raw/atencion/atencion_01791.jpg,raw,peligro,dataset/raw/peligro/peligro_01273.jpg,False,True
0,raw,atencion,dataset/raw/atencion/atencion_01797.jpg,raw,peligro,dataset/raw/peligro/peligro_01825.jpg,False,True
0,raw,atencion,dataset/raw/atencion/atencion_01813.jpg,raw,peligro,dataset/raw/peligro/peligro_01805.jpg,False,True
0,raw,atencion,dataset/raw/atencion/atencion_01816.jpg,raw,peligro,dataset/raw/peligro/peligro_01564.jpg,False,True
0,raw,atencion,dataset/raw/atencion/atencion_01842.jpg,raw,peligro,dataset/raw/peligro/peligro_00310.jpg,False,True
0,raw,atencion,dataset/raw/atencion/atencion_02013.jpg,raw,peligro,dataset/raw/peligro/peligro_03235.jpg,False,True
0,raw,atencion,dataset/raw/atencion/atencion_02018.jpg,raw,peligro,dataset/raw/peligro/peligro_02505.jpg,False,True
0,raw,atencion,dataset/raw/atencion/atencion_02086.jpg,raw,sano,dataset/raw/sano/sano_02702.jpg,False,True
0,raw,atencion,dataset/raw/atencion/atencion_02094.jpg,raw,peligro,dataset/raw/peligro/peligro_02606.jpg,False,True
0,raw,atencion,dataset/raw/atencion/atencion_02094.jpg,raw,sano,dataset/raw/sano/sano_04522.jpg,False,True
0,raw,atencion,dataset/raw/atencion/atencion_02102.jpg,raw,peligro,dataset/raw/peligro/peligro_02591.jpg,False,True
0,raw,atencion,dataset/raw/atencion/atencion_02102.jpg,raw,sano,dataset/raw/sano/sano_02724.jpg,False,True
0,raw,atencion,dataset/raw/atencion/atencion_02194.jpg,raw,sano,dataset/raw/sano/sano_03206.jpg,False,True
0,raw,atencion,dataset/raw/atencion/atencion_02388.jpg,raw,sano,dataset/raw/sano/sano_01174.jpg,False,True
0,raw,atencion,dataset/raw/atencion/atencion_02510.jpg,raw,peligro,dataset/raw/peligro/peligro_01552.jpg,False,True
0,raw,atencion,dataset/raw/atencion/atencion_02541.jpg,raw,peligro,dataset/raw/peligro/peligro_03136.jpg,False,True
0,raw,atencion,dataset/raw/atencion/atencion_02541.jpg,raw,sano,dataset/raw/sano/sano_02328.jpg,False,True
0,raw,atencion,dataset/raw/atencion/atencion_02626.jpg,raw,peligro,dataset/raw/peligro/peligro_03240.jpg,False,True
0,raw,atencion,dataset/raw/atencion/atencion_02640.jpg,raw,peligro,dataset/raw/peligro/peligro_01144.jpg,False,True
0,raw,atencion,dataset/raw/atencion/atencion_02872.jpg,raw,peligro,dataset/raw/peligro/peligro_14811.jpg,False,True
0,raw,atencion,dataset/raw/atencion/atencion_02906.jpg,raw,sano,dataset/raw/sano/sano_04292.jpg,False,True
0,raw,atencion,dataset/raw/atencion/atencion_02919.jpg,raw,sano,dataset/raw/sano/sano_08833.jpg,False,True
0,raw,atencion,dataset/raw/atencion/atencion_03031.jpg,raw,peligro,dataset/raw/peligro/peligro_14444.jpg,False,True
0,raw,atencion,dataset/raw/atencion/atencion_03300.jpg,raw,sano,dataset/raw/sano/sano_02922.jpg,False,True
0,raw,atencion,dataset/raw/atencion/atencion_03329.jpg,raw,peligro,dataset/raw/peligro/peligro_03440.jpg,False,True
0,raw,atencion,dataset/raw/atencion/atencion_03340.jpg,raw,peligro,dataset/raw/peligro/peligro_03449.jpg,False,True
0,raw,atencion,dataset/raw/atencion/atencion_03350.jpg,raw,peligro,dataset/raw/peligro/peligro_01282.jpg,False,True
0,raw,atencion,dataset/raw/atencion/atencion_03360.jpg,raw,peligro,dataset/raw/peligro/peligro_03462.jpg,False,True
0,raw,atencion,dataset/raw/atencion/atencion_03640.jpg,raw,peligro,dataset/raw/peligro/peligro_00431.jpg,False,True
0,raw,atencion,dataset/raw/atencion/atencion_03687.jpg,raw,peligro,dataset/raw/peligro/peligro_00271.jpg,False,True
0,raw,atencion,dataset/raw/atencion/atencion_03936.jpg,raw,peligro,dataset/raw/peligro/peligro_03198.jpg,False,True
0,raw,atencion,dataset/raw/atencion/atencion_04687.jpg,raw,peligro,dataset/raw/peligro/peligro_00272.jpg,False,True
0,raw,atencion,dataset/raw/atencion/atencion_04737.jpg,raw,peligro,dataset/raw/peligro/peligro_01329.jpg,False,True
0,raw,atencion,dataset/raw/atencion/atencion_04792.jpg,raw,peligro,dataset/raw/peligro/peligro_11476.jpg,False,True
0,raw,atencion,dataset/raw/atencion/atencion_05005.jpg,raw,peligro,dataset/raw/peligro/peligro_00247.jpg,False,True
0,raw,atencion,dataset/raw/atencion/atencion_05045.jpg,raw,peligro,dataset/raw/peligro/peligro_06486.jpg,False,True
0,raw,atencion,dataset/raw/atencion/atencion_05135.jpg,raw,peligro,dataset/raw/peligro/peligro_00157.jpg,False,True
0,raw,atencion,dataset/raw/atencion/atencion_05171.jpg,raw,sano,dataset/raw/sano/sano_00211.jpg,False,True
0,raw,atencion,dataset/raw/atencion/atencion_05296.jpg,raw,peligro,dataset/raw/peligro/peligro_02145.jpg,False,True
0,raw,atencion,dataset/raw/atencion/atencion_05400.jpg,raw,peligro,dataset/raw/peligro/peligro_03981.jpg,False,True
0,raw,atencion,dataset/raw/atencion/atencion_05751.jpg,raw,peligro,dataset/raw/peligro/peligro_04745.jpg,False,True
0,raw,atencion,dataset/raw/atencion/atencion_05755.jpg,raw,peligro,dataset/raw/peligro/peligro_00677.jpg,False,True
0,raw,atencion,dataset/raw/atencion/atencion_05764.jpg,raw,peligro,dataset/raw/peligro/peligro_00042.jpg,False,True
0,raw,atencion,dataset/raw/atencion/atencion_05807.jpg,raw,peligro,dataset/raw/peligro/peligro_03041.jpg,False,True
0,raw,atencion,dataset/raw/atencion/atencion_06284.jpg,raw,peligro,dataset/raw/peligro/peligro_02499.jpg,False,True
0,raw,atencion,dataset/raw/atencion/atencion_06284.jpg,raw,sano,dataset/raw/sano/sano_01905.jpg,False,True
0,raw,atencion,dataset/raw/atencion/atencion_06647.jpg,raw,sano,dataset/raw/sano/sano_00809.jpg,False,True
0,raw,atencion,dataset/raw/atencion/atencion_07034.jpg,raw,peligro,dataset/raw/peligro/peligro_02050.jpg,False,True
0,raw,atencion,dataset/raw/atencion/atencion_07452.jpg,raw,sano,dataset/raw/sano/sano_02197.jpg,False,True
0,raw,atencion,dataset/raw/atencion/atencion_07781.jpg,raw,peligro,dataset/raw/peligro/peligro_00378.jpg,False,True
0,raw,atencion,dataset/raw/atencion/atencion_08131.jpg,raw,sano,dataset/raw/sano/sano_00818.jpg,False,True
0,raw,atencion,dataset/raw/atencion/atencion_08223.jpg,raw,sano,dataset/raw/sano/sano_00782.jpg,False,True
0,raw,atencion,dataset/raw/atencion/atencion_09665.jpg,raw,peligro,dataset/raw/peligro/peligro_00936.jpg,False,True
0,raw,atencion,dataset/raw/atencion/atencion_09857.jpg,raw,peligro,dataset/raw/peligro/peligro_00104.jpg,False,True
0,raw,atencion,dataset/raw/atencion/atencion_11964.jpg,raw,sano,dataset/raw/sano/sano_02893.jpg,False,True
0,raw,atencion,dataset/raw/atencion/atencion_12528.jpg,raw,peligro,dataset/raw/peligro/peligro_13697.jpg,False,True
0,raw,peligro,dataset/raw/peligro/peligro_00070.jpg,raw,sano,dataset/raw/sano/sano_01990.jpg,False,True
0,raw,peligro,dataset/raw/peligro/peligro_00118.jpg,raw,sano,dataset/raw/sano/sano_01901.jpg,False,True
0,raw,peligro,dataset/raw/peligro/peligro_00199.jpg,raw,sano,dataset/raw/sano/sano_02864.jpg,False,True
0,raw,peligro,dataset/raw/peligro/peligro_00230.jpg,raw,sano,dataset/raw/sano/sano_02935.jpg,False,True
0,raw,peligro,dataset/raw/peligro/peligro_01274.jpg,raw,sano,dataset/raw/sano/sano_01928.jpg,False,True
0,raw,peligro,dataset/raw/peligro/peligro_01409.jpg,raw,sano,dataset/raw/sano/sano_02235.jpg,False,True
0,raw,peligro,dataset/raw/peligro/peligro_01649.jpg,raw,sano,dataset/raw/sano/sano_02004.jpg,False,True
0,raw,peligro,dataset/raw/peligro/peligro_01717.jpg,raw,sano,dataset/raw/sano/sano_02066.jpg,False,True
0,raw,peligro,dataset/raw/peligro/peligro_01879.jpg,raw,sano,dataset/raw/sano/sano_02308.jpg,False,True
0,raw,peligro,dataset/raw/peligro/peligro_01995.jpg,raw,sano,dataset/raw/sano/sano_02046.jpg,False,True
0,raw,peligro,dataset/raw/peligro/peligro_02039.jpg,raw,sano,dataset/raw/sano/sano_01829.jpg,False,True
0,raw,peligro,dataset/raw/peligro/peligro_02162.jpg,raw,sano,dataset/raw/sano/sano_02233.jpg,False,True
0,raw,peligro,dataset/raw/peligro/peligro_02294.jpg,raw,sano,dataset/raw/sano/sano_02339.jpg,False,True
0,raw,peligro,dataset/raw/peligro/peligro_02329.jpg,raw,sano,dataset/raw/sano/sano_02085.jpg,False,True
0,raw,peligro,dataset/raw/peligro/peligro_02332.jpg,raw,sano,dataset/raw/sano/sano_02141.jpg,False,True
0,raw,peligro,dataset/raw/peligro/peligro_02345.jpg,raw,sano,dataset/raw/sano/sano_02151.jpg,False,True
0,raw,peligro,dataset/raw/peligro/peligro_02362.jpg,raw,sano,dataset/raw/sano/sano_02119.jpg,False,True
0,raw,peligro,dataset/raw/peligro/peligro_02372.jpg,raw,sano,dataset/raw/sano/sano_00540.jpg,False,True
0,raw,peligro,dataset/raw/peligro/peligro_02432.jpg,raw,sano,dataset/raw/sano/sano_00568.jpg,False,True
0,raw,peligro,dataset/raw/peligro/peligro_02492.jpg,raw,sano,dataset/raw/sano/sano_02560.jpg,False,True
0,raw,peligro,dataset/raw/peligro/peligro_02499.jpg,raw,sano,dataset/raw/sano/sano_01905.jpg,False,True
0,raw,peligro,dataset/raw/peligro/peligro_02523.jpg,raw,sano,dataset/raw/sano/sano_02612.jpg,False,True
0,raw,peligro,dataset/raw/peligro/peligro_02591.jpg,raw,sano,dataset/raw/sano/sano_02724.jpg,False,True
0,raw,peligro,dataset/raw/peligro/peligro_02606.jpg,raw,sano,dataset/raw/sano/sano_04522.jpg,False,True
0,raw,peligro,dataset/raw/peligro/peligro_02613.jpg,raw,sano,dataset/raw/sano/sano_02567.jpg,False,True
0,raw,peligro,dataset/raw/peligro/peligro_02985.jpg,raw,sano,dataset/raw/sano/sano_01781.jpg,False,True
0,raw,peligro,dataset/raw/peligro/peligro_03136.jpg,raw,sano,dataset/raw/sano/sano_02328.jpg,False,True
0,raw,peligro,dataset/raw/peligro/peligro_03200.jpg,raw,sano,dataset/raw/sano/sano_04269.jpg,False,True
0,raw,peligro,dataset/raw/peligro/peligro_03233.jpg,raw,sano,dataset/raw/sano/sano_04313.jpg,False,True
0,raw,peligro,dataset/raw/peligro/peligro_05721.jpg,raw,sano,dataset/raw/sano/sano_09610.jpg,False,True
0,raw,peligro,dataset/raw/peligro/peligro_06151.jpg,raw,sano,dataset/raw/sano/sano_07045.jpg,False,True
0,raw,peligro,dataset/raw/peligro/peligro_06495.jpg,raw,sano,dataset/raw/sano/sano_01586.jpg,False,True
0,raw,peligro,dataset/raw/peligro/peligro_06855.jpg,raw,sano,dataset/raw/sano/sano_01773.jpg,False,True
0,raw,peligro,dataset/raw/peligro/peligro_10002.jpg,raw,sano,dataset/raw/sano/sano_01099.jpg,False,True
0,raw,peligro,dataset/raw/peligro/peligro_10795.jpg,raw,sano,dataset/raw/sano/sano_03288.jpg,False,True
0,raw,peligro,dataset/raw/peligro/peligro_12028.jpg,raw,sano,dataset/raw/sano/sano_06496.jpg,False,True
0,raw,peligro,dataset/raw/peligro/peligro_13301.jpg,raw,sano,dataset/raw/sano/sano_01355.jpg,False,True
0,raw,peligro,dataset/raw/peligro/peligro_13625.jpg,raw,sano,dataset/raw/sano/sano_06516.jpg,False,True
0,raw,peligro,dataset/raw/peligro/peligro_14795.jpg,raw,sano,dataset/raw/sano/sano_04350.jpg,False,True
0,test,atencion,dataset/test/atencion/atencion_01696.jpg,test,sano,dataset/test/sano/sano_00939.jpg,False,True
0,test,atencion,dataset/test/atencion/atencion_02194.jpg,test,sano,dataset/test/sano/sano_03206.jpg,False,True
0,test,atencion,dataset/test/atencion/atencion_07007.jpg,test,peligro,dataset/test/peligro/peligro_01895.jpg,False,True
0,train,atencion,dataset/train/atencion/atencion_00004.jpg,train,peligro,dataset/train/peligro/peligro_00179.jpg,False,True
0,train,atencion,dataset/train/atencion/atencion_00012.jpg,train,sano,dataset/train/sano/sano_00139.jpg,False,True
0,train,atencion,dataset/train/atencion/atencion_00034.jpg,train,peligro,dataset/train/peligro/peligro_00101.jpg,False,True
0,train,atencion,dataset/train/atencion/atencion_00082.jpg,train,sano,dataset/train/sano/sano_00208.jpg,False,True
0,train,atencion,dataset/train/atencion/atencion_00177.jpg,train,sano,dataset/train/sano/sano_05769.jpg,False,True
0,train,atencion,dataset/train/atencion/atencion_00202.jpg,train,sano,dataset/train/sano/sano_01813.jpg,False,True
0,train,atencion,dataset/train/atencion/atencion_00225.jpg,train,sano,dataset/train/sano/sano_04875.jpg,False,True
0,train,atencion,dataset/train/atencion/atencion_00349.jpg,train,sano,dataset/train/sano/sano_03246.jpg,False,True
0,train,atencion,dataset/train/atencion/atencion_00528.jpg,train,peligro,dataset/train/peligro/peligro_10119.jpg,False,True
0,train,atencion,dataset/train/atencion/atencion_00574.jpg,train,peligro,dataset/train/peligro/peligro_00765.jpg,False,True
0,train,atencion,dataset/train/atencion/atencion_00636.jpg,train,peligro,dataset/train/peligro/peligro_00300.jpg,False,True
0,train,atencion,dataset/train/atencion/atencion_00665.jpg,train,peligro,dataset/train/peligro/peligro_00111.jpg,False,True
0,train,atencion,dataset/train/atencion/atencion_00666.jpg,train,peligro,dataset/train/peligro/peligro_00277.jpg,False,True
0,train,atencion,dataset/train/atencion/atencion_00732.jpg,train,peligro,dataset/train/peligro/peligro_01489.jpg,False,True
0,train,atencion,dataset/train/atencion/atencion_00763.jpg,train,peligro,dataset/train/peligro/peligro_00118.jpg,False,True
0,train,atencion,dataset/train/atencion/atencion_00763.jpg,train,sano,dataset/train/sano/sano_04371.jpg,False,True
0,train,atencion,dataset/train/atencion/atencion_00782.jpg,train,peligro,dataset/train/peligro/peligro_05562.jpg,False,True
0,train,atencion,dataset/train/atencion/atencion_01047.jpg,train,peligro,dataset/train/peligro/peligro_05954.jpg,False,True
0,train,atencion,dataset/train/atencion/atencion_01405.jpg,train,peligro,dataset/train/peligro/peligro_00017.jpg,False,True
0,train,atencion,dataset/train/atencion/atencion_01427.jpg,train,peligro,dataset/train/peligro/peligro_01274.jpg,False,True
0,train,atencion,dataset/train/atencion/atencion_01440.jpg,train,peligro,dataset/train/peligro/peligro_01871.jpg,False,True
0,train,atencion,dataset/train/atencion/atencion_01469.jpg,train,sano,dataset/train/sano/sano_02884.jpg,False,True
0,train,atencion,dataset/train/atencion/atencion_01478.jpg,train,peligro,dataset/train/peligro/peligro_01699.jpg,False,True
0,train,atencion,dataset/train/atencion/atencion_01486.jpg,train,peligro,dataset/train/peligro/peligro_00067.jpg,False,True
0,train,atencion,dataset/train/atencion/atencion_01518.jpg,train,peligro,dataset/train/peligro/peligro_13565.jpg,False,True
0,train,atencion,dataset/train/atencion/atencion_01521.jpg,train,peligro,dataset/train/peligro/peligro_00068.jpg,False,True
0,train,atencion,dataset/train/atencion/atencion_01524.jpg,train,peligro,dataset/train/peligro/peligro_00061.jpg,False,True
0,train,atencion,dataset/train/atencion/atencion_01548.jpg,train,sano,dataset/train/sano/sano_02008.jpg,False,True
0,train,atencion,dataset/train/atencion/atencion_01704.jpg,train,sano,dataset/train/sano/sano_01868.jpg,False,True
0,train,atencion,dataset/train/atencion/atencion_01772.jpg,train,sano,dataset/train/sano/sano_09177.jpg,False,True
0,train,atencion,dataset/train/atencion/atencion_01791.jpg,train,sano,dataset/train/sano/sano_04266.jpg,False,True
0,train,atencion,dataset/train/atencion/atencion_01812.jpg,train,peligro,dataset/train/peligro/peligro_13625.jpg,False,True
0,train,atencion,dataset/train/atencion/atencion_01812.jpg,train,sano,dataset/train/sano/sano_06516.jpg,False,True
0,train,atencion,dataset/train/atencion/atencion_01844.jpg,train,sano,dataset/train/sano/sano_03879.jpg,False,True
0,train,atencion,dataset/train/atencion/atencion_01872.jpg,train,sano,dataset/train/sano/sano_04360.jpg,False,True
0,train,atencion,dataset/train/atencion/atencion_01908.jpg,train,sano,dataset/train/sano/sano_10191.jpg,False,True
0,train,atencion,dataset/train/atencion/atencion_02019.jpg,train,sano,dataset/train/sano/sano_11914.jpg,False,True
0,train,atencion,dataset/train/atencion/atencion_02063.jpg,train,peligro,dataset/train/peligro/peligro_01348.jpg,False,True
0,train,atencion,dataset/train/atencion/atencion_02180.jpg,train,peligro,dataset/train/peligro/peligro_03929.jpg,False,True
0,train,atencion,dataset/train/atencion/atencion_02375.jpg,train,sano,dataset/train/sano/sano_02854.jpg,False,True
0,train,atencion,dataset/train/atencion/atencion_02388.jpg,train,sano,dataset/train/sano/sano_01174.jpg,False,True
0,train,atencion,dataset/train/atencion/atencion_02462.jpg,train,sano,dataset/train/sano/sano_01896.jpg,False,True
0,train,atencion,dataset/train/atencion/atencion_02541.jpg,train,peligro,dataset/train/peligro/peligro_03136.jpg,False,True
0,train,atencion,dataset/train/atencion/atencion_02541.jpg,train,sano,dataset/train/sano/sano_01982.jpg,False,True
0,train,atencion,dataset/train/atencion/atencion_02640.jpg,train,peligro,dataset/train/peligro/peligro_01144.jpg,False,True
0,train,atencion,dataset/train/atencion/atencion_02872.jpg,train,peligro,dataset/train/peligro/peligro_14811.jpg,False,True
0,train,atencion,dataset/train/atencion/atencion_03031.jpg,train,peligro,dataset/train/peligro/peligro_14444.jpg,False,True
0,train,atencion,dataset/train/atencion/atencion_03354.jpg,train,peligro,dataset/train/peligro/peligro_03461.jpg,False,True
0,train,atencion,dataset/train/atencion/atencion_03640.jpg,train,peligro,dataset/train/peligro/peligro_00431.jpg,False,True
0,train,atencion,dataset/train/atencion/atencion_03687.jpg,train,peligro,dataset/train/peligro/peligro_00271.jpg,False,True
0,train,atencion,dataset/train/atencion/atencion_03936.jpg,train,peligro,dataset/train/peligro/peligro_03198.jpg,False,True
0,train,atencion,dataset/train/atencion/atencion_03941.jpg,train,sano,dataset/train/sano/sano_03904.jpg,False,True
0,train,atencion,dataset/train/atencion/atencion_04016.jpg,train,sano,dataset/train/sano/sano_02022.jpg,False,True
0,train,atencion,dataset/train/atencion/atencion_04687.jpg,train,peligro,dataset/train/peligro/peligro_00272.jpg,False,True
0,train,atencion,dataset/train/atencion/atencion_04737.jpg,train,peligro,dataset/train/peligro/peligro_12494.jpg,False,True
0,train,atencion,dataset/train/atencion/atencion_04738.jpg,train,peligro,dataset/train/peligro/peligro_04383.jpg,False,True
0,train,atencion,dataset/train/atencion/atencion_04792.jpg,train,peligro,dataset/train/peligro/peligro_11476.jpg,False,True
0,train,atencion,dataset/train/atencion/atencion_05005.jpg,train,peligro,dataset/train/peligro/peligro_00247.jpg,False,True
0,train,atencion,dataset/train/atencion/atencion_05045.jpg,train,peligro,dataset/train/peligro/peligro_06486.jpg,False,True
0,train,atencion,dataset/train/atencion/atencion_05334.jpg,train,peligro,dataset/train/peligro/peligro_05043.jpg,False,True
0,train,atencion,dataset/train/atencion/atencion_05400.jpg,train,peligro,dataset/train/peligro/peligro_03981.jpg,False,True
0,train,atencion,dataset/train/atencion/atencion_05755.jpg,train,peligro,dataset/train/peligro/peligro_00677.jpg,False,True
0,train,atencion,dataset/train/atencion/atencion_05758.jpg,train,peligro,dataset/train/peligro/peligro_01522.jpg,False,True
0,train,atencion,dataset/train/atencion/atencion_05764.jpg,train,peligro,dataset/train/peligro/peligro_00042.jpg,False,True
0,train,atencion,dataset/train/atencion/atencion_06647.jpg,train,sano,dataset/train/sano/sano_00809.jpg,False,True
0,train,atencion,dataset/train/atencion/atencion_06905.jpg,train,sano,dataset/train/sano/sano_00309.jpg,False,True
0,train,atencion,dataset/train/atencion/atencion_07034.jpg,train,peligro,dataset/train/peligro/peligro_05577.jpg,False,True
0,train,atencion,dataset/train/atencion/atencion_07549.jpg,train,peligro,dataset/train/peligro/peligro_02227.jpg,False,True
0,train,atencion,dataset/train/atencion/atencion_07914.jpg,train,peligro,dataset/train/peligro/peligro_08886.jpg,False,True
0,train,atencion,dataset/train/atencion/atencion_09857.jpg,train,peligro,dataset/train/peligro/peligro_00104.jpg,False,True
0,train,atencion,dataset/train/atencion/atencion_11964.jpg,train,sano,dataset/train/sano/sano_02893.jpg,False,True
0,train,peligro,dataset/train/peligro/peligro_00118.jpg,train,sano,dataset/train/sano/sano_04371.jpg,False,True
0,train,peligro,dataset/train/peligro/peligro_01200.jpg,train,sano,dataset/train/sano/sano_00033.jpg,False,True
0,train,peligro,dataset/train/peligro/peligro_03136.jpg,train,sano,dataset/train/sano/sano_01982.jpg,False,True
0,train,peligro,dataset/train/peligro/peligro_03200.jpg,train,sano,dataset/train/sano/sano_04269.jpg,False,True
0,train,peligro,dataset/train/peligro/peligro_03481.jpg,train,sano,dataset/train/sano/sano_04522.jpg,False,True
0,train,peligro,dataset/train/peligro/peligro_10002.jpg,train,sano,dataset/train/sano/sano_01099.jpg,False,True
0,train,peligro,dataset/train/peligro/peligro_13625.jpg,train,sano,dataset/train/sano/sano_06516.jpg,False,True
0,validation,atencion,dataset/validation/atencion/atencion_01733.jpg,validation,sano,dataset/validation/sano/sano_01917.jpg,False,True
0,validation,atencion,dataset/validation/atencion/atencion_02991.jpg,validation,sano,dataset/validation/sano/sano_02070.jpg,False,True
0,validation,atencion,dataset/validation/atencion/atencion_03340.jpg,validation,peligro,dataset/validation/peligro/peligro_03449.jpg,False,True
0,validation,atencion,dataset/validation/atencion/atencion_07781.jpg,validation,peligro,dataset/validation/peligro/peligro_00378.jpg,False,True
0,validation,peligro,dataset/validation/peligro/peligro_02072.jpg,validation,sano,dataset/validation/sano/sano_06836.jpg,False,True
0,validation,peligro,dataset/validation/peligro/peligro_12028.jpg,validation,sano,dataset/validation/sano/sano_06496.jpg,False,True
2,raw,atencion,dataset/raw/atencion/atencion_00606.jpg,validation,peligro,dataset/validation/peligro/peligro_00218.jpg,True,True
2,raw,atencion,dataset/raw/atencion/atencion_01159.jpg,train,sano,dataset/train/sano/sano_08933.jpg,True,True
2,raw,atencion,dataset/raw/atencion/atencion_01399.jpg,train,peligro,dataset/train/peligro/peligro_00489.jpg,True,True
2,raw,atencion,dataset/raw/atencion/atencion_01551.jpg,train,peligro,dataset/train/peligro/peligro_00955.jpg,True,True
2,raw,atencion,dataset/raw/atencion/atencion_01573.jpg,train,peligro,dataset/train/peligro/peligro_00106.jpg,True,True
2,raw,atencion,dataset/raw/atencion/atencion_01586.jpg,train,peligro,dataset/train/peligro/peligro_00051.jpg,True,True
2,raw,atencion,dataset/raw/atencion/atencion_01643.jpg,train,atencion,dataset/train/atencion/atencion_01550.jpg,True,False
2,raw,atencion,dataset/raw/atencion/atencion_01643.jpg,validation,peligro,dataset/validation/peligro/peligro_00022.jpg,True,True
2,raw,atencion,dataset/raw/atencion/atencion_01666.jpg,train,atencion,dataset/train/atencion/atencion_02274.jpg,True,False
2,raw,atencion,dataset/raw/atencion/atencion_01775.jpg,train,peligro,dataset/train/peligro/peligro_02140.jpg,True,True
2,raw,atencion,dataset/raw/atencion/atencion_03882.jpg,train,peligro,dataset/train/peligro/peligro_02150.jpg,True,True
2,raw,atencion,dataset/raw/atencion/atencion_05788.jpg,train,peligro,dataset/train/peligro/peligro_09211.jpg,True,True
2,raw,atencion,dataset/raw/atencion/atencion_06629.jpg,validation,sano,dataset/validation/sano/sano_00346.jpg,True,True
2,raw,peligro,dataset/raw/peligro/peligro_00218.jpg,train,atencion,dataset/train/atencion/atencion_00606.jpg,True,True
2,raw,peligro,dataset/raw/peligro/peligro_01841.jpg,train,atencion,dataset/train/atencion/atencion_03518.jpg,True,True
2,raw,peligro,dataset/raw/peligro/peligro_02126.jpg,train,peligro,dataset/train/peligro/peligro_02655.jpg,True,False
2,raw,peligro,dataset/raw/peligro/peligro_02162.jpg,train,peligro,dataset/train/peligro/peligro_05722.jpg,True,False
2,raw,peligro,dataset/raw/peligro/peligro_03337.jpg,train,sano,dataset/train/sano/sano_02071.jpg,True,True
2,raw,peligro,dataset/raw/peligro/peligro_09211.jpg,train,atencion,dataset/train/atencion/atencion_05788.jpg,True,True
2,raw,sano,dataset/raw/sano/sano_00346.jpg,test,atencion,dataset/test/atencion/atencion_06629.jpg,True,True
2,raw,sano,dataset/raw/sano/sano_01278.jpg,train,atencion,dataset/train/atencion/atencion_01542.jpg,True,True
2,raw,sano,dataset/raw/sano/sano_01681.jpg,train,sano,dataset/train/sano/sano_02875.jpg,True,False
2,raw,sano,dataset/raw/sano/sano_01826.jpg,train,sano,dataset/train/sano/sano_05301.jpg,True,False
2,raw,sano,dataset/raw/sano/sano_02054.jpg,train,peligro,dataset/train/peligro/peligro_00093.jpg,True,True
2,raw,sano,dataset/raw/sano/sano_02054.jpg,validation,atencion,dataset/validation/atencion/atencion_01398.jpg,True,True
2,raw,sano,dataset/raw/sano/sano_02083.jpg,validation,peligro,dataset/validation/peligro/peligro_00218.jpg,True,True
2,raw,sano,dataset/raw/sano/sano_02209.jpg,train,atencion,dataset/train/atencion/atencion_01486.jpg,True,True
2,raw,sano,dataset/raw/sano/sano_02209.jpg,train,peligro,dataset/train/peligro/peligro_00067.jpg,True,True
2,raw,sano,dataset/raw/sano/sano_02233.jpg,train,peligro,dataset/train/peligro/peligro_05722.jpg,True,True
2,train,atencion,dataset/train/atencion/atencion_00606.jpg,validation,peligro,dataset/validation/peligro/peligro_00218.jpg,True,True
2,train,atencion,dataset/train/atencion/atencion_01542.jpg,validation,sano,dataset/validation/sano/sano_01278.jpg,True,True
2,train,atencion,dataset/train/atencion/atencion_01751.jpg,test,peligro,dataset/test/peligro/peligro_01846.jpg,True,True
2,train,peligro,dataset/train/peligro/peligro_05722.jpg,validation,atencion,dataset/validation/atencion/atencion_01373.jpg,True,True
2,train,sano,dataset/train/sano/sano_02071.jpg,test,peligro,dataset/test/peligro/peligro_03337.jpg,True,True
2,validation,sano,dataset/validation/sano/sano_00346.jpg,test,atencion,dataset/test/atencion/atencion_06629.jpg,True,True
2,raw,atencion,dataset/raw/atencion/atencion_00606.jpg,raw,peligro,dataset/raw/peligro/peligro_00218.jpg,False,True
2,raw,atencion,dataset/raw/atencion/atencion_01159.jpg,raw,sano,dataset/raw/sano/sano_08933.jpg,False,True
2,raw,atencion,dataset/raw/atencion/atencion_01248.jpg,raw,sano,dataset/raw/sano/sano_02054.jpg,False,True
2,raw,atencion,dataset/raw/atencion/atencion_01399.jpg,raw,peligro,dataset/raw/peligro/peligro_00489.jpg,False,True
2,raw,atencion,dataset/raw/atencion/atencion_01551.jpg,raw,peligro,dataset/raw/peligro/peligro_00955.jpg,False,True
2,raw,atencion,dataset/raw/atencion/atencion_01573.jpg,raw,peligro,dataset/raw/peligro/peligro_00106.jpg,False,True
2,raw,atencion,dataset/raw/atencion/atencion_01586.jpg,raw,peligro,dataset/raw/peligro/peligro_00051.jpg,False,True
2,raw,atencion,dataset/raw/atencion/atencion_01643.jpg,raw,peligro,dataset/raw/peligro/peligro_00022.jpg,False,True
2,raw,atencion,dataset/raw/atencion/atencion_03518.jpg,raw,peligro,dataset/raw/peligro/peligro_01841.jpg,False,True
2,raw,atencion,dataset/raw/atencion/atencion_05788.jpg,raw,peligro,dataset/raw/peligro/peligro_09211.jpg,False,True
2,raw,atencion,dataset/raw/atencion/atencion_06629.jpg,raw,sano,dataset/raw/sano/sano_00346.jpg,False,True
2,raw,peligro,dataset/raw/peligro/peligro_00067.jpg,raw,sano,dataset/raw/sano/sano_02209.jpg,False,True
2,raw,peligro,dataset/raw/peligro/peligro_00093.jpg,raw,sano,dataset/raw/sano/sano_02054.jpg,False,True
2,raw,peligro,dataset/raw/peligro/peligro_00218.jpg,raw,sano,dataset/raw/sano/sano_02083.jpg,False,True
2,raw,peligro,dataset/raw/peligro/peligro_02347.jpg,raw,sano,dataset/raw/sano/sano_02415.jpg,False,True
2,train,atencion,dataset/train/atencion/atencion_03882.jpg,train,peligro,dataset/train/peligro/peligro_02150.jpg,False,True
2,train,atencion,dataset/train/atencion/atencion_05788.jpg,train,peligro,dataset/train/peligro/peligro_09211.jpg,False,True
4,raw,atencion,dataset/raw/atencion/atencion_09628.jpg,train,peligro,dataset/train/peligro/peligro_05181.jpg,True,True
4,raw,peligro,dataset/raw/peligro/peligro_01008.jpg,train,sano,dataset/train/sano/sano_04480.jpg,True,True
4,raw,peligro,dataset/raw/peligro/peligro_02042.jpg,train,atencion,dataset/train/atencion/atencion_00772.jpg,True,True
4,raw,peligro,dataset/raw/peligro/peligro_05181.jpg,validation,atencion,dataset/validation/atencion/atencion_09628.jpg,True,True
4,raw,sano,dataset/raw/sano/sano_00676.jpg,train,atencion,dataset/train/atencion/atencion_01115.jpg,True,True
4,raw,sano,dataset/raw/sano/sano_04480.jpg,train,peligro,dataset/train/peligro/peligro_01008.jpg,True,True
4,train,peligro,dataset/train/peligro/peligro_05181.jpg,validation,atencion,dataset/validation/atencion/atencion_09628.jpg,True,True
4,raw,atencion,dataset/raw/atencion/atencion_09628.jpg,raw,peligro,dataset/raw/peligro/peligro_05181.jpg,False,True
4,raw,peligro,dataset/raw/peligro/peligro_01008.jpg,raw,sano,dataset/raw/sano/sano_04480.jpg,False,True
4,train,atencion,dataset/train/atencion/atencion_01115.jpg,train,sano,dataset/train/sano/sano_00676.jpg,False,True
4,train,atencion,dataset/train/atencion/atencion_01539.jpg,train,sano,dataset/train/sano/sano_00639.jpg,False,True
4,train,peligro,dataset/train/peligro/peligro_01008.jpg,train,sano,dataset/train/sano/sano_04480.jpg,False,True
8,raw,peligro,dataset/raw/peligro/peligro_01490.jpg,train,peligro,dataset/train/peligro/peligro_01897.jpg,True,False
8,raw,sano,dataset/raw/sano/sano_00370.jpg,validation,atencion,dataset/validation/atencion/atencion_01060.jpg,True,True
8,validation,atencion,dataset/validation/atencion/atencion_01060.jpg,test,sano,dataset/test/sano/sano_00370.jpg,True,True
