priority,source,current_label,suggested_review,confidence_or_distance,path_a,path_b,notes
critica,duplicado_exacto,atencion|peligro|sano,definir una sola etiqueta canonica y evitar fuga entre splits,sha256,dataset/raw/atencion/atencion_00763.jpg|dataset/raw/peligro/peligro_00118.jpg|dataset/train/atencion/atencion_00763.jpg|dataset/train/peligro/peligro_00118.jpg|dataset/train/sano/sano_04371.jpg,,Grupo con 5 copias en splits raw|train.
critica,duplicado_exacto,atencion|peligro|sano,definir una sola etiqueta canonica y evitar fuga entre splits,sha256,dataset/raw/peligro/peligro_03200.jpg|dataset/raw/sano/sano_04269.jpg|dataset/train/peligro/peligro_03200.jpg|dataset/train/sano/sano_04269.jpg|dataset/validation/atencion/atencion_01863.jpg,,Grupo con 5 copias en splits raw|train|validation.
critica,duplicado_exacto,atencion|peligro|sano,definir una sola etiqueta canonica y evitar fuga entre splits,sha256,dataset/raw/peligro/peligro_13625.jpg|dataset/raw/sano/sano_06516.jpg|dataset/train/atencion/atencion_01812.jpg|dataset/train/peligro/peligro_13625.jpg|dataset/train/sano/sano_06516.jpg,,Grupo con 5 copias en splits raw|train.
critica,duplicado_exacto,atencion|peligro,definir una sola etiqueta canonica y evitar fuga entre splits,sha256,dataset/raw/atencion/atencion_03640.jpg|dataset/raw/peligro/peligro_00431.jpg|dataset/train/atencion/atencion_03640.jpg|dataset/train/peligro/peligro_00431.jpg,,Grupo con 4 copias en splits raw|train.
critica,duplicado_exacto,peligro|sano,definir una sola etiqueta canonica y evitar fuga entre splits,sha256,dataset/raw/peligro/peligro_00199.jpg|dataset/raw/sano/sano_02864.jpg|dataset/train/peligro/peligro_00199.jpg|dataset/test/sano/sano_02864.jpg,,Grupo con 4 copias en splits raw|test|train.
critica,duplicado_exacto,atencion|peligro,definir una sola etiqueta canonica y evitar fuga entre splits,sha256,dataset/raw/atencion/atencion_03360.jpg|dataset/raw/peligro/peligro_03462.jpg|dataset/train/peligro/peligro_03462.jpg|dataset/validation/atencion/atencion_03360.jpg,,Grupo con 4 copias en splits raw|train|validation.
critica,duplicado_exacto,atencion|peligro,definir una sola etiqueta canonica y evitar fuga entre splits,sha256,dataset/raw/atencion/atencion_05005.jpg|dataset/raw/peligro/peligro_00247.jpg|dataset/train/atencion/atencion_05005.jpg|dataset/train/peligro/peligro_00247.jpg,,Grupo con 4 copias en splits raw|train.
critica,duplicado_exacto,atencion|peligro,definir una sola etiqueta canonica y evitar fuga entre splits,sha256,dataset/raw/atencion/atencion_02640.jpg|dataset/raw/peligro/peligro_01144.jpg|dataset/train/atencion/atencion_02640.jpg|dataset/train/peligro/peligro_01144.jpg,,Grupo con 4 copias en splits raw|train.
critica,duplicado_exacto,atencion|peligro,definir una sola etiqueta canonica y evitar fuga entre splits,sha256,dataset/raw/atencion/atencion_03936.jpg|dataset/raw/peligro/peligro_03198.jpg|dataset/train/atencion/atencion_03936.jpg|dataset/train/peligro/peligro_03198.jpg,,Grupo con 4 copias en splits raw|train.
critica,duplicado_exacto,atencion|peligro,definir una sola etiqueta canonica y evitar fuga entre splits,sha256,dataset/raw/atencion/atencion_03329.jpg|dataset/raw/peligro/peligro_03440.jpg|dataset/train/peligro/peligro_03440.jpg|dataset/test/atencion/atencion_03329.jpg,,Grupo con 4 copias en splits raw|test|train.
critica,duplicado_exacto,peligro|sano,definir una sola etiqueta canonica y evitar fuga entre splits,sha256,dataset/raw/peligro/peligro_12028.jpg|dataset/raw/sano/sano_06496.jpg|dataset/validation/peligro/peligro_12028.jpg|dataset/validation/sano/sano_06496.jpg,,Grupo con 4 copias en splits raw|validation.
critica,duplicado_exacto,peligro|sano,definir una sola etiqueta canonica y evitar fuga entre splits,sha256,dataset/raw/peligro/peligro_14795.jpg|dataset/raw/sano/sano_04350.jpg|dataset/train/peligro/peligro_14795.jpg|dataset/validation/sano/sano_04350.jpg,,Grupo con 4 copias en splits raw|train|validation.
critica,duplicado_exacto,atencion|sano,definir una sola etiqueta canonica y evitar fuga entre splits,sha256,dataset/raw/atencion/atencion_05171.jpg|dataset/raw/sano/sano_00211.jpg|dataset/train/sano/sano_00211.jpg|dataset/validation/atencion/atencion_05171.jpg,,Grupo con 4 copias en splits raw|train|validation.
critica,duplicado_exacto,atencion|peligro,definir una sola etiqueta canonica y evitar fuga entre splits,sha256,dataset/raw/atencion/atencion_00700.jpg|dataset/raw/peligro/peligro_00100.jpg|dataset/train/peligro/peligro_00100.jpg|dataset/validation/atencion/atencion_00700.jpg,,Grupo con 4 copias en splits raw|train|validation.
critica,duplicado_exacto,atencion|peligro,definir una sola etiqueta canonica y evitar fuga entre splits,sha256,dataset/raw/atencion/atencion_09665.jpg|dataset/raw/peligro/peligro_00936.jpg|dataset/validation/atencion/atencion_09665.jpg|dataset/test/peligro/peligro_00936.jpg,,Grupo con 4 copias en splits raw|test|validation.
critica,duplicado_exacto,atencion|peligro,definir una sola etiqueta canonica y evitar fuga entre splits,sha256,dataset/raw/atencion/atencion_05400.jpg|dataset/raw/peligro/peligro_03981.jpg|dataset/train/atencion/atencion_05400.jpg|dataset/train/peligro/peligro_03981.jpg,,Grupo con 4 copias en splits raw|train.
critica,duplicado_exacto,atencion|peligro,definir una sola etiqueta canonica y evitar fuga entre splits,sha256,dataset/raw/atencion/atencion_00004.jpg|dataset/raw/peligro/peligro_00179.jpg|dataset/train/atencion/atencion_00004.jpg|dataset/train/peligro/peligro_00179.jpg,,Grupo con 4 copias en splits raw|train.
critica,duplicado_exacto,atencion|peligro,definir una sola etiqueta canonica y evitar fuga entre splits,sha256,dataset/raw/atencion/atencion_12528.jpg|dataset/raw/peligro/peligro_13697.jpg|dataset/train/peligro/peligro_13697.jpg|dataset/validation/atencion/atencion_12528.jpg,,Grupo con 4 copias en splits raw|train|validation.
critica,duplicado_exacto,peligro|sano,definir una sola etiqueta canonica y evitar fuga entre splits,sha256,dataset/raw/peligro/peligro_06151.jpg|dataset/raw/sano/sano_07045.jpg|dataset/train/sano/sano_07045.jpg|dataset/validation/peligro/peligro_06151.jpg,,Grupo con 4 copias en splits raw|train|validation.
critica,duplicado_exacto,atencion|peligro,definir una sola etiqueta canonica y evitar fuga entre splits,sha256,dataset/raw/atencion/atencion_00666.jpg|dataset/raw/peligro/peligro_00277.jpg|dataset/train/atencion/atencion_00666.jpg|dataset/train/peligro/peligro_00277.jpg,,Grupo con 4 copias en splits raw|train.
critica,duplicado_exacto,atencion|peligro,definir una sola etiqueta canonica y evitar fuga entre splits,sha256,dataset/raw/atencion/atencion_05807.jpg|dataset/raw/peligro/peligro_03041.jpg|dataset/train/atencion/atencion_05807.jpg|dataset/test/peligro/peligro_03041.jpg,,Grupo con 4 copias en splits raw|test|train.
critica,duplicado_exacto,peligro|sano,definir una sola etiqueta canonica y evitar fuga entre splits,sha256,dataset/raw/peligro/peligro_10795.jpg|dataset/raw/sano/sano_03288.jpg|dataset/train/sano/sano_03288.jpg|dataset/validation/peligro/peligro_10795.jpg,,Grupo con 4 copias en splits raw|train|validation.
critica,duplicado_exacto,atencion|peligro,definir una sola etiqueta canonica y evitar fuga entre splits,sha256,dataset/raw/atencion/atencion_00661.jpg|dataset/raw/peligro/peligro_00010.jpg|dataset/train/peligro/peligro_00010.jpg|dataset/test/atencion/atencion_00661.jpg,,Grupo con 4 copias en splits raw|test|train.
critica,duplicado_exacto,atencion|peligro,definir una sola etiqueta canonica y evitar fuga entre splits,sha256,dataset/raw/atencion/atencion_02541.jpg|dataset/raw/peligro/peligro_03136.jpg|dataset/train/atencion/atencion_02541.jpg|dataset/train/peligro/peligro_03136.jpg,,Grupo con 4 copias en splits raw|train.
critica,duplicado_exacto,atencion|peligro,definir una sola etiqueta canonica y evitar fuga entre splits,sha256,dataset/raw/atencion/atencion_00555.jpg|dataset/raw/peligro/peligro_01347.jpg|dataset/train/peligro/peligro_01347.jpg|dataset/test/atencion/atencion_00555.jpg,,Grupo con 4 copias en splits raw|test|train.
critica,duplicado_exacto,atencion|sano,definir una sola etiqueta canonica y evitar fuga entre splits,sha256,dataset/raw/atencion/atencion_00225.jpg|dataset/raw/sano/sano_04875.jpg|dataset/train/atencion/atencion_00225.jpg|dataset/train/sano/sano_04875.jpg,,Grupo con 4 copias en splits raw|train.
critica,duplicado_exacto,atencion|peligro,definir una sola etiqueta canonica y evitar fuga entre splits,sha256,dataset/raw/atencion/atencion_05135.jpg|dataset/raw/peligro/peligro_00157.jpg|dataset/train/peligro/peligro_00157.jpg|dataset/validation/atencion/atencion_05135.jpg,,Grupo con 4 copias en splits raw|train|validation.
critica,duplicado_exacto,atencion|peligro,definir una sola etiqueta canonica y evitar fuga entre splits,sha256,dataset/raw/atencion/atencion_00630.jpg|dataset/raw/peligro/peligro_00070.jpg|dataset/train/atencion/atencion_00630.jpg|dataset/validation/peligro/peligro_00070.jpg,,Grupo con 4 copias en splits raw|train|validation.
critica,duplicado_exacto,atencion|sano,definir una sola etiqueta canonica y evitar fuga entre splits,sha256,dataset/raw/atencion/atencion_02194.jpg|dataset/raw/sano/sano_03206.jpg|dataset/test/atencion/atencion_02194.jpg|dataset/test/sano/sano_03206.jpg,,Grupo con 4 copias en splits raw|test.
critica,duplicado_exacto,atencion|peligro,definir una sola etiqueta canonica y evitar fuga entre splits,sha256,dataset/raw/atencion/atencion_02872.jpg|dataset/raw/peligro/peligro_14811.jpg|dataset/train/atencion/atencion_02872.jpg|dataset/train/peligro/peligro_14811.jpg,,Grupo con 4 copias en splits raw|train.
critica,duplicado_exacto,atencion|peligro,definir una sola etiqueta canonica y evitar fuga entre splits,sha256,dataset/raw/atencion/atencion_05751.jpg|dataset/raw/peligro/peligro_04745.jpg|dataset/train/peligro/peligro_04745.jpg|dataset/validation/atencion/atencion_05751.jpg,,Grupo con 4 copias en splits raw|train|validation.
critica,duplicado_exacto,atencion|sano,definir una sola etiqueta canonica y evitar fuga entre splits,sha256,dataset/raw/atencion/atencion_11964.jpg|dataset/raw/sano/sano_02893.jpg|dataset/train/atencion/atencion_11964.jpg|dataset/train/sano/sano_02893.jpg,,Grupo con 4 copias en splits raw|train.
critica,duplicado_exacto,atencion|peligro,definir una sola etiqueta canonica y evitar fuga entre splits,sha256,dataset/raw/atencion/atencion_00636.jpg|dataset/raw/peligro/peligro_00300.jpg|dataset/train/atencion/atencion_00636.jpg|dataset/train/peligro/peligro_00300.jpg,,Grupo con 4 copias en splits raw|train.
critica,duplicado_exacto,atencion|peligro,definir una sola etiqueta canonica y evitar fuga entre splits,sha256,dataset/raw/atencion/atencion_00693.jpg|dataset/raw/peligro/peligro_00113.jpg|dataset/train/atencion/atencion_00693.jpg|dataset/test/peligro/peligro_00113.jpg,,Grupo con 4 copias en splits raw|test|train.
critica,duplicado_exacto,atencion|sano,definir una sola etiqueta canonica y evitar fuga entre splits,sha256,dataset/raw/atencion/atencion_00233.jpg|dataset/raw/sano/sano_09702.jpg|dataset/train/atencion/atencion_00233.jpg|dataset/validation/sano/sano_09702.jpg,,Grupo con 4 copias en splits raw|train|validation.
critica,duplicado_exacto,atencion|sano,definir una sola etiqueta canonica y evitar fuga entre splits,sha256,dataset/raw/atencion/atencion_00860.jpg|dataset/raw/sano/sano_04696.jpg|dataset/train/atencion/atencion_00860.jpg|dataset/validation/sano/sano_04696.jpg,,Grupo con 4 copias en splits raw|train|validation.
critica,duplicado_exacto,atencion|sano,definir una sola etiqueta canonica y evitar fuga entre splits,sha256,dataset/raw/atencion/atencion_00177.jpg|dataset/raw/sano/sano_05769.jpg|dataset/train/atencion/atencion_00177.jpg|dataset/train/sano/sano_05769.jpg,,Grupo con 4 copias en splits raw|train.
critica,duplicado_exacto,atencion|peligro,definir una sola etiqueta canonica y evitar fuga entre splits,sha256,dataset/raw/atencion/atencion_05755.jpg|dataset/raw/peligro/peligro_00677.jpg|dataset/train/atencion/atencion_05755.jpg|dataset/train/peligro/peligro_00677.jpg,,Grupo con 4 copias en splits raw|train.
critica,duplicado_exacto,atencion|peligro,definir una sola etiqueta canonica y evitar fuga entre splits,sha256,dataset/raw/atencion/atencion_05045.jpg|dataset/raw/peligro/peligro_06486.jpg|dataset/train/atencion/atencion_05045.jpg|dataset/train/peligro/peligro_06486.jpg,,Grupo con 4 copias en splits raw|train.
critica,duplicado_exacto,atencion|peligro,definir una sola etiqueta canonica y evitar fuga entre splits,sha256,dataset/raw/atencion/atencion_07781.jpg|dataset/raw/peligro/peligro_00378.jpg|dataset/validation/atencion/atencion_07781.jpg|dataset/validation/peligro/peligro_00378.jpg,,Grupo con 4 copias en splits raw|validation.
critica,duplicado_exacto,peligro|sano,definir una sola etiqueta canonica y evitar fuga entre splits,sha256,dataset/raw/peligro/peligro_05721.jpg|dataset/raw/sano/sano_09610.jpg|dataset/train/sano/sano_09610.jpg|dataset/validation/peligro/peligro_05721.jpg,,Grupo con 4 copias en splits raw|train|validation.
critica,duplicado_exacto,atencion|sano,definir una sola etiqueta canonica y evitar fuga entre splits,sha256,dataset/raw/atencion/atencion_00349.jpg|dataset/raw/sano/sano_03246.jpg|dataset/train/atencion/atencion_00349.jpg|dataset/train/sano/sano_03246.jpg,,Grupo con 4 copias en splits raw|train.
critica,duplicado_exacto,atencion|sano,definir una sola etiqueta canonica y evitar fuga entre splits,sha256,dataset/raw/atencion/atencion_02388.jpg|dataset/raw/sano/sano_01174.jpg|dataset/train/atencion/atencion_02388.jpg|dataset/train/sano/sano_01174.jpg,,Grupo con 4 copias en splits raw|train.
critica,duplicado_exacto,atencion|sano,definir una sola etiqueta canonica y evitar fuga entre splits,sha256,dataset/raw/atencion/atencion_02906.jpg|dataset/raw/sano/sano_04292.jpg|dataset/train/atencion/atencion_02906.jpg|dataset/validation/sano/sano_04292.jpg,,Grupo con 4 copias en splits raw|train|validation.
critica,duplicado_exacto,atencion|peligro,definir una sola etiqueta canonica y evitar fuga entre splits,sha256,dataset/raw/atencion/atencion_09857.jpg|dataset/raw/peligro/peligro_00104.jpg|dataset/train/atencion/atencion_09857.jpg|dataset/train/peligro/peligro_00104.jpg,,Grupo con 4 copias en splits raw|train.
critica,duplicado_exacto,atencion|peligro,definir una sola etiqueta canonica y evitar fuga entre splits,sha256,dataset/raw/atencion/atencion_03340.jpg|dataset/raw/peligro/peligro_03449.jpg|dataset/validation/atencion/atencion_03340.jpg|dataset/validation/peligro/peligro_03449.jpg,,Grupo con 4 copias en splits raw|validation.
critica,duplicado_exacto,atencion|sano,definir una sola etiqueta canonica y evitar fuga entre splits,sha256,dataset/raw/atencion/atencion_08223.jpg|dataset/raw/sano/sano_00782.jpg|dataset/train/atencion/atencion_08223.jpg|dataset/validation/sano/sano_00782.jpg,,Grupo con 4 copias en splits raw|train|validation.
critica,duplicado_exacto,atencion|peligro,definir una sola etiqueta canonica y evitar fuga entre splits,sha256,dataset/raw/atencion/atencion_00600.jpg|dataset/raw/peligro/peligro_07727.jpg|dataset/train/atencion/atencion_00600.jpg|dataset/test/peligro/peligro_07727.jpg,,Grupo con 4 copias en splits raw|test|train.
critica,duplicado_exacto,peligro|sano,definir una sola etiqueta canonica y evitar fuga entre splits,sha256,dataset/raw/peligro/peligro_03233.jpg|dataset/raw/sano/sano_04313.jpg|dataset/train/sano/sano_04313.jpg|dataset/validation/peligro/peligro_03233.jpg,,Grupo con 4 copias en splits raw|train|validation.
critica,duplicado_exacto,atencion|peligro,definir una sola etiqueta canonica y evitar fuga entre splits,sha256,dataset/raw/atencion/atencion_00658.jpg|dataset/raw/peligro/peligro_00694.jpg|dataset/train/atencion/atencion_00658.jpg|dataset/validation/peligro/peligro_00694.jpg,,Grupo con 4 copias en splits raw|train|validation.
critica,duplicado_exacto,atencion|peligro,definir una sola etiqueta canonica y evitar fuga entre splits,sha256,dataset/raw/atencion/atencion_00034.jpg|dataset/raw/peligro/peligro_00101.jpg|dataset/train/atencion/atencion_00034.jpg|dataset/train/peligro/peligro_00101.jpg,,Grupo con 4 copias en splits raw|train.
critica,duplicado_exacto,atencion|peligro,definir una sola etiqueta canonica y evitar fuga entre splits,sha256,dataset/raw/atencion/atencion_04792.jpg|dataset/raw/peligro/peligro_11476.jpg|dataset/train/atencion/atencion_04792.jpg|dataset/train/peligro/peligro_11476.jpg,,Grupo con 4 copias en splits raw|train.
critica,duplicado_exacto,atencion|peligro,definir una sola etiqueta canonica y evitar fuga entre splits,sha256,dataset/raw/atencion/atencion_03687.jpg|dataset/raw/peligro/peligro_00271.jpg|dataset/train/atencion/atencion_03687.jpg|dataset/train/peligro/peligro_00271.jpg,,Grupo con 4 copias en splits raw|train.
critica,duplicado_exacto,atencion|sano,definir una sola etiqueta canonica y evitar fuga entre splits,sha256,dataset/raw/atencion/atencion_00012.jpg|dataset/raw/sano/sano_00139.jpg|dataset/train/atencion/atencion_00012.jpg|dataset/train/sano/sano_00139.jpg,,Grupo con 4 copias en splits raw|train.
critica,duplicado_exacto,peligro|sano,definir una sola etiqueta canonica y evitar fuga entre splits,sha256,dataset/raw/peligro/peligro_00230.jpg|dataset/raw/sano/sano_02935.jpg|dataset/validation/peligro/peligro_00230.jpg|dataset/test/sano/sano_02935.jpg,,Grupo con 4 copias en splits raw|test|validation.
critica,duplicado_exacto,atencion|peligro,definir una sola etiqueta canonica y evitar fuga entre splits,sha256,dataset/raw/peligro/peligro_00017.jpg|dataset/train/atencion/atencion_01405.jpg|dataset/train/peligro/peligro_00017.jpg,,Grupo con 3 copias en splits raw|train.
critica,duplicado_exacto,atencion|peligro,definir una sola etiqueta canonica y evitar fuga entre splits,sha256,dataset/raw/peligro/peligro_03515.jpg|dataset/train/peligro/peligro_03515.jpg|dataset/validation/atencion/atencion_01977.jpg,,Grupo con 3 copias en splits raw|train|validation.
critica,duplicado_exacto,atencion|sano,definir una sola etiqueta canonica y evitar fuga entre splits,sha256,dataset/raw/sano/sano_02884.jpg|dataset/train/atencion/atencion_01469.jpg|dataset/train/sano/sano_02884.jpg,,Grupo con 3 copias en splits raw|train.
critica,duplicado_exacto,atencion|sano,definir una sola etiqueta canonica y evitar fuga entre splits,sha256,dataset/raw/sano/sano_03879.jpg|dataset/train/atencion/atencion_01844.jpg|dataset/train/sano/sano_03879.jpg,,Grupo con 3 copias en splits raw|train.
critica,duplicado_exacto,atencion|peligro,definir una sola etiqueta canonica y evitar fuga entre splits,sha256,dataset/raw/peligro/peligro_05954.jpg|dataset/train/atencion/atencion_01047.jpg|dataset/train/peligro/peligro_05954.jpg,,Grupo con 3 copias en splits raw|train.
critica,duplicado_exacto,atencion|peligro,definir una sola etiqueta canonica y evitar fuga entre splits,sha256,dataset/raw/atencion/atencion_00782.jpg|dataset/train/atencion/atencion_00782.jpg|dataset/train/peligro/peligro_05562.jpg,,Grupo con 3 copias en splits raw|train.
critica,duplicado_exacto,atencion|peligro,definir una sola etiqueta canonica y evitar fuga entre splits,sha256,dataset/raw/atencion/atencion_06284.jpg|dataset/train/peligro/peligro_01963.jpg|dataset/validation/atencion/atencion_06284.jpg,,Grupo con 3 copias en splits raw|train|validation.
critica,duplicado_exacto,atencion|peligro,definir una sola etiqueta canonica y evitar fuga entre splits,sha256,dataset/raw/atencion/atencion_05758.jpg|dataset/train/atencion/atencion_05758.jpg|dataset/train/peligro/peligro_01522.jpg,,Grupo con 3 copias en splits raw|train.
critica,duplicado_exacto,atencion|peligro|sano,definir una sola etiqueta canonica y evitar fuga entre splits,sha256,dataset/raw/atencion/atencion_01470.jpg|dataset/raw/peligro/peligro_01879.jpg|dataset/raw/sano/sano_02308.jpg,,Grupo con 3 copias en splits raw.
critica,duplicado_exacto,atencion|peligro,definir una sola etiqueta canonica y evitar fuga entre splits,sha256,dataset/raw/peligro/peligro_03929.jpg|dataset/train/atencion/atencion_02180.jpg|dataset/train/peligro/peligro_03929.jpg,,Grupo con 3 copias en splits raw|train.
critica,duplicado_exacto,atencion|peligro,definir una sola etiqueta canonica y evitar fuga entre splits,sha256,dataset/raw/peligro/peligro_00022.jpg|dataset/train/atencion/atencion_01550.jpg|dataset/validation/peligro/peligro_00022.jpg,,Grupo con 3 copias en splits raw|train|validation.
critica,duplicado_exacto,atencion|sano,definir una sola etiqueta canonica y evitar fuga entre splits,sha256,dataset/raw/sano/sano_00939.jpg|dataset/test/atencion/atencion_01696.jpg|dataset/test/sano/sano_00939.jpg,,Grupo con 3 copias en splits raw|test.
critica,duplicado_exacto,atencion|peligro,definir una sola etiqueta canonica y evitar fuga entre splits,sha256,dataset/raw/atencion/atencion_04737.jpg|dataset/train/atencion/atencion_04737.jpg|dataset/train/peligro/peligro_12494.jpg,,Grupo con 3 copias en splits raw|train.
critica,duplicado_exacto,atencion|peligro,definir una sola etiqueta canonica y evitar fuga entre splits,sha256,dataset/raw/peligro/peligro_00068.jpg|dataset/train/atencion/atencion_01521.jpg|dataset/train/peligro/peligro_00068.jpg,,Grupo con 3 copias en splits raw|train.
critica,duplicado_exacto,atencion|peligro,definir una sola etiqueta canonica y evitar fuga entre splits,sha256,dataset/raw/peligro/peligro_10469.jpg|dataset/train/peligro/peligro_10469.jpg|dataset/validation/atencion/atencion_01166.jpg,,Grupo con 3 copias en splits raw|train|validation.
critica,duplicado_exacto,atencion|peligro,definir una sola etiqueta canonica y evitar fuga entre splits,sha256,dataset/raw/peligro/peligro_13565.jpg|dataset/train/atencion/atencion_01518.jpg|dataset/train/peligro/peligro_13565.jpg,,Grupo con 3 copias en splits raw|train.
critica,duplicado_exacto,atencion|peligro,definir una sola etiqueta canonica y evitar fuga entre splits,sha256,dataset/raw/atencion/atencion_03350.jpg|dataset/train/atencion/atencion_03350.jpg|dataset/test/peligro/peligro_04467.jpg,,Grupo con 3 copias en splits raw|test|train.
critica,duplicado_exacto,atencion|peligro|sano,definir una sola etiqueta canonica y evitar fuga entre splits,sha256,dataset/raw/atencion/atencion_02102.jpg|dataset/raw/peligro/peligro_02591.jpg|dataset/raw/sano/sano_02724.jpg,,Grupo con 3 copias en splits raw.
critica,duplicado_exacto,atencion|sano,definir una sola etiqueta canonica y evitar fuga entre splits,sha256,dataset/raw/sano/sano_00181.jpg|dataset/train/atencion/atencion_00102.jpg|dataset/validation/sano/sano_00181.jpg,,Grupo con 3 copias en splits raw|train|validation.
critica,duplicado_exacto,atencion|sano,definir una sola etiqueta canonica y evitar fuga entre splits,sha256,dataset/raw/atencion/atencion_03246.jpg|dataset/train/sano/sano_01945.jpg|dataset/validation/atencion/atencion_03246.jpg,,Grupo con 3 copias en splits raw|train|validation.
critica,duplicado_exacto,atencion|peligro,definir una sola etiqueta canonica y evitar fuga entre splits,sha256,dataset/raw/atencion/atencion_02316.jpg|dataset/train/peligro/peligro_01500.jpg|dataset/test/atencion/atencion_02316.jpg,,Grupo con 3 copias en splits raw|test|train.
critica,duplicado_exacto,atencion|peligro,definir una sola etiqueta canonica y evitar fuga entre splits,sha256,dataset/raw/peligro/peligro_00093.jpg|dataset/train/peligro/peligro_00093.jpg|dataset/validation/atencion/atencion_01398.jpg,,Grupo con 3 copias en splits raw|train|validation.
critica,duplicado_exacto,atencion|peligro,definir una sola etiqueta canonica y evitar fuga entre splits,sha256,dataset/raw/peligro/peligro_00067.jpg|dataset/train/atencion/atencion_01486.jpg|dataset/train/peligro/peligro_00067.jpg,,Grupo con 3 copias en splits raw|train.
critica,duplicado_exacto,atencion|peligro,definir una sola etiqueta canonica y evitar fuga entre splits,sha256,dataset/raw/peligro/peligro_04383.jpg|dataset/train/atencion/atencion_04738.jpg|dataset/train/peligro/peligro_04383.jpg,,Grupo con 3 copias en splits raw|train.
critica,duplicado_exacto,atencion|peligro,definir una sola etiqueta canonica y evitar fuga entre splits,sha256,dataset/raw/peligro/peligro_10119.jpg|dataset/train/atencion/atencion_00528.jpg|dataset/train/peligro/peligro_10119.jpg,,Grupo con 3 copias en splits raw|train.
critica,duplicado_exacto,atencion|sano,definir una sola etiqueta canonica y evitar fuga entre splits,sha256,dataset/raw/sano/sano_00525.jpg|dataset/train/sano/sano_00525.jpg|dataset/test/atencion/atencion_01958.jpg,,Grupo con 3 copias en splits raw|test|train.
critica,duplicado_exacto,atencion|peligro|sano,definir una sola etiqueta canonica y evitar fuga entre splits,sha256,dataset/raw/atencion/atencion_01465.jpg|dataset/raw/peligro/peligro_01409.jpg|dataset/raw/sano/sano_02235.jpg,,Grupo con 3 copias en splits raw.
critica,duplicado_exacto,atencion|sano,definir una sola etiqueta canonica y evitar fuga entre splits,sha256,dataset/raw/sano/sano_10191.jpg|dataset/train/atencion/atencion_01908.jpg|dataset/train/sano/sano_10191.jpg,,Grupo con 3 copias en splits raw|train.
critica,duplicado_exacto,atencion|peligro,definir una sola etiqueta canonica y evitar fuga entre splits,sha256,dataset/raw/peligro/peligro_01169.jpg|dataset/train/peligro/peligro_01169.jpg|dataset/validation/atencion/atencion_01412.jpg,,Grupo con 3 copias en splits raw|train|validation.
critica,duplicado_exacto,atencion|peligro,definir una sola etiqueta canonica y evitar fuga entre splits,sha256,dataset/raw/peligro/peligro_03070.jpg|dataset/train/atencion/atencion_01937.jpg|dataset/validation/peligro/peligro_03070.jpg,,Grupo con 3 copias en splits raw|train|validation.
critica,duplicado_exacto,atencion|peligro,definir una sola etiqueta canonica y evitar fuga entre splits,sha256,dataset/raw/atencion/atencion_00732.jpg|dataset/train/atencion/atencion_00732.jpg|dataset/train/peligro/peligro_01489.jpg,,Grupo con 3 copias en splits raw|train.
critica,duplicado_exacto,atencion|sano,definir una sola etiqueta canonica y evitar fuga entre splits,sha256,dataset/raw/sano/sano_00208.jpg|dataset/train/atencion/atencion_00082.jpg|dataset/train/sano/sano_00208.jpg,,Grupo con 3 copias en splits raw|train.
critica,duplicado_exacto,atencion|peligro,definir una sola etiqueta canonica y evitar fuga entre splits,sha256,dataset/raw/atencion/atencion_07034.jpg|dataset/train/atencion/atencion_07034.jpg|dataset/train/peligro/peligro_05577.jpg,,Grupo con 3 copias en splits raw|train.
critica,duplicado_exacto,atencion|sano,definir una sola etiqueta canonica y evitar fuga entre splits,sha256,dataset/raw/sano/sano_04340.jpg|dataset/train/sano/sano_04340.jpg|dataset/validation/atencion/atencion_01756.jpg,,Grupo con 3 copias en splits raw|train|validation.
critica,duplicado_exacto,atencion|sano,definir una sola etiqueta canonica y evitar fuga entre splits,sha256,dataset/raw/sano/sano_09177.jpg|dataset/train/atencion/atencion_01772.jpg|dataset/train/sano/sano_09177.jpg,,Grupo con 3 copias en splits raw|train.
critica,duplicado_exacto,atencion|peligro|sano,definir una sola etiqueta canonica y evitar fuga entre splits,sha256,dataset/train/atencion/atencion_01548.jpg|dataset/train/sano/sano_02008.jpg|dataset/test/peligro/peligro_02082.jpg,,Grupo con 3 copias en splits test|train.
critica,duplicado_exacto,atencion|peligro|sano,definir una sola etiqueta canonica y evitar fuga entre splits,sha256,dataset/raw/atencion/atencion_01372.jpg|dataset/raw/peligro/peligro_01995.jpg|dataset/raw/sano/sano_02046.jpg,,Grupo con 3 copias en splits raw.
critica,duplicado_exacto,atencion|peligro,definir una sola etiqueta canonica y evitar fuga entre splits,sha256,dataset/raw/atencion/atencion_01816.jpg|dataset/raw/peligro/peligro_01564.jpg,,Grupo con 2 copias en splits raw.
critica,duplicado_exacto,peligro|sano,definir una sola etiqueta canonica y evitar fuga entre splits,sha256,dataset/raw/peligro/peligro_01274.jpg|dataset/raw/sano/sano_01928.jpg,,Grupo con 2 copias en splits raw.
critica,duplicado_exacto,atencion|peligro,definir una sola etiqueta canonica y evitar fuga entre splits,sha256,dataset/raw/atencion/atencion_02018.jpg|dataset/raw/peligro/peligro_02505.jpg,,Grupo con 2 copias en splits raw.
critica,duplicado_exacto,atencion|sano,definir una sola etiqueta canonica y evitar fuga entre splits,sha256,dataset/raw/atencion/atencion_02086.jpg|dataset/raw/sano/sano_02702.jpg,,Grupo con 2 copias en splits raw.
critica,duplicado_exacto,atencion|sano,definir una sola etiqueta canonica y evitar fuga entre splits,sha256,dataset/raw/atencion/atencion_01753.jpg|dataset/raw/sano/sano_01781.jpg,,Grupo con 2 copias en splits raw.
critica,duplicado_exacto,atencion|sano,definir una sola etiqueta canonica y evitar fuga entre splits,sha256,dataset/train/atencion/atencion_09708.jpg|dataset/test/sano/sano_02723.jpg,,Grupo con 2 copias en splits test|train.
critica,duplicado_exacto,peligro|sano,definir una sola etiqueta canonica y evitar fuga entre splits,sha256,dataset/raw/peligro/peligro_02329.jpg|dataset/raw/sano/sano_02085.jpg,,Grupo con 2 copias en splits raw.
critica,duplicado_exacto,atencion|sano,definir una sola etiqueta canonica y evitar fuga entre splits,sha256,dataset/train/atencion/atencion_06905.jpg|dataset/train/sano/sano_00309.jpg,,Grupo con 2 copias en splits train.
critica,duplicado_exacto,atencion|peligro,definir una sola etiqueta canonica y evitar fuga entre splits,sha256,dataset/train/peligro/peligro_01440.jpg|dataset/test/atencion/atencion_01346.jpg,,Grupo con 2 copias en splits test|train.
critica,duplicado_exacto,atencion|peligro,definir una sola etiqueta canonica y evitar fuga entre splits,sha256,dataset/raw/atencion/atencion_01797.jpg|dataset/raw/peligro/peligro_01825.jpg,,Grupo con 2 copias en splits raw.
critica,duplicado_exacto,atencion|sano,definir una sola etiqueta canonica y evitar fuga entre splits,sha256,dataset/train/atencion/atencion_09668.jpg|dataset/validation/sano/sano_02900.jpg,,Grupo con 2 copias en splits train|validation.
critica,duplicado_exacto,peligro|sano,definir una sola etiqueta canonica y evitar fuga entre splits,sha256,dataset/raw/peligro/peligro_02523.jpg|dataset/raw/sano/sano_02612.jpg,,Grupo con 2 copias en splits raw.
critica,duplicado_exacto,atencion|peligro,definir una sola etiqueta canonica y evitar fuga entre splits,sha256,dataset/train/atencion/atencion_05334.jpg|dataset/train/peligro/peligro_05043.jpg,,Grupo con 2 copias en splits train.
critica,duplicado_exacto,atencion|sano,definir una sola etiqueta canonica y evitar fuga entre splits,sha256,dataset/raw/atencion/atencion_01759.jpg|dataset/raw/sano/sano_02099.jpg,,Grupo con 2 copias en splits raw.
critica,duplicado_exacto,atencion|peligro,definir una sola etiqueta canonica y evitar fuga entre splits,sha256,dataset/train/atencion/atencion_01440.jpg|dataset/train/peligro/peligro_01871.jpg,,Grupo con 2 copias en splits train.
critica,duplicado_exacto,atencion|sano,definir una sola etiqueta canonica y evitar fuga entre splits,sha256,dataset/train/atencion/atencion_01801.jpg|dataset/validation/sano/sano_01915.jpg,,Grupo con 2 copias en splits train|validation.
critica,duplicado_exacto,atencion|peligro,definir una sola etiqueta canonica y evitar fuga entre splits,sha256,dataset/raw/atencion/atencion_01529.jpg|dataset/raw/peligro/peligro_01915.jpg,,Grupo con 2 copias en splits raw.
critica,duplicado_exacto,atencion|peligro,definir una sola etiqueta canonica y evitar fuga entre splits,sha256,dataset/raw/atencion/atencion_01208.jpg|dataset/raw/peligro/peligro_01339.jpg,,Grupo con 2 copias en splits raw.
critica,duplicado_exacto,atencion|peligro,definir una sola etiqueta canonica y evitar fuga entre splits,sha256,dataset/raw/atencion/atencion_01236.jpg|dataset/raw/peligro/peligro_01688.jpg,,Grupo con 2 copias en splits raw.
critica,duplicado_exacto,atencion|peligro,definir una sola etiqueta canonica y evitar fuga entre splits,sha256,dataset/test/atencion/atencion_07007.jpg|dataset/test/peligro/peligro_01895.jpg,,Grupo con 2 copias en splits test.
critica,duplicado_exacto,atencion|peligro,definir una sola etiqueta canonica y evitar fuga entre splits,sha256,dataset/raw/atencion/atencion_01361.jpg|dataset/raw/peligro/peligro_02290.jpg,,Grupo con 2 copias en splits raw.
critica,duplicado_exacto,atencion|peligro,definir una sola etiqueta canonica y evitar fuga entre splits,sha256,dataset/raw/atencion/atencion_01791.jpg|dataset/raw/peligro/peligro_01273.jpg,,Grupo con 2 copias en splits raw.
critica,duplicado_exacto,peligro|sano,definir una sola etiqueta canonica y evitar fuga entre splits,sha256,dataset/raw/peligro/peligro_02362.jpg|dataset/raw/sano/sano_02119.jpg,,Grupo con 2 copias en splits raw.
critica,duplicado_exacto,peligro|sano,definir una sola etiqueta canonica y evitar fuga entre splits,sha256,dataset/raw/peligro/peligro_02162.jpg|dataset/raw/sano/sano_02233.jpg,,Grupo con 2 copias en splits raw.
critica,duplicado_exacto,atencion|sano,definir una sola etiqueta canonica y evitar fuga entre splits,sha256,dataset/train/atencion/atencion_01704.jpg|dataset/train/sano/sano_01868.jpg,,Grupo con 2 copias en splits train.
critica,duplicado_exacto,atencion|peligro,definir una sola etiqueta canonica y evitar fuga entre splits,sha256,dataset/raw/atencion/atencion_01337.jpg|dataset/raw/peligro/peligro_01363.jpg,,Grupo con 2 copias en splits raw.
critica,duplicado_exacto,atencion|peligro,definir una sola etiqueta canonica y evitar fuga entre splits,sha256,dataset/train/peligro/peligro_00119.jpg|dataset/validation/atencion/atencion_00771.jpg,,Grupo con 2 copias en splits train|validation.
critica,duplicado_exacto,peligro|sano,definir una sola etiqueta canonica y evitar fuga entre splits,sha256,dataset/raw/peligro/peligro_02613.jpg|dataset/raw/sano/sano_02567.jpg,,Grupo con 2 copias en splits raw.
critica,duplicado_exacto,atencion|peligro,definir una sola etiqueta canonica y evitar fuga entre splits,sha256,dataset/raw/atencion/atencion_02094.jpg|dataset/raw/peligro/peligro_02606.jpg,,Grupo con 2 copias en splits raw.
critica,duplicado_exacto,peligro|sano,definir una sola etiqueta canonica y evitar fuga entre splits,sha256,dataset/raw/peligro/peligro_01649.jpg|dataset/raw/sano/sano_02004.jpg,,Grupo con 2 copias en splits raw.
critica,duplicado_exacto,peligro|sano,definir una sola etiqueta canonica y evitar fuga entre splits,sha256,dataset/raw/peligro/peligro_02039.jpg|dataset/raw/sano/sano_01829.jpg,,Grupo con 2 copias en splits raw.
critica,duplicado_exacto,atencion|peligro,definir una sola etiqueta canonica y evitar fuga entre splits,sha256,dataset/validation/peligro/peligro_00112.jpg|dataset/test/atencion/atencion_01558.jpg,,Grupo con 2 copias en splits test|validation.
critica,duplicado_exacto,peligro|sano,definir una sola etiqueta canonica y evitar fuga entre splits,sha256,dataset/raw/peligro/peligro_01717.jpg|dataset/raw/sano/sano_02066.jpg,,Grupo con 2 copias en splits raw.
critica,duplicado_exacto,atencion|sano,definir una sola etiqueta canonica y evitar fuga entre splits,sha256,dataset/train/atencion/atencion_02375.jpg|dataset/train/sano/sano_02854.jpg,,Grupo con 2 copias en splits train.
critica,duplicado_exacto,atencion|peligro,definir una sola etiqueta canonica y evitar fuga entre splits,sha256,dataset/train/atencion/atencion_03354.jpg|dataset/train/peligro/peligro_03461.jpg,,Grupo con 2 copias en splits train.
critica,duplicado_exacto,atencion|peligro,definir una sola etiqueta canonica y evitar fuga entre splits,sha256,dataset/train/atencion/atencion_07914.jpg|dataset/train/peligro/peligro_08886.jpg,,Grupo con 2 copias en splits train.
critica,duplicado_exacto,peligro|sano,definir una sola etiqueta canonica y evitar fuga entre splits,sha256,dataset/raw/peligro/peligro_02499.jpg|dataset/raw/sano/sano_01905.jpg,,Grupo con 2 copias en splits raw.
critica,duplicado_exacto,atencion|peligro,definir una sola etiqueta canonica y evitar fuga entre splits,sha256,dataset/raw/atencion/atencion_01813.jpg|dataset/raw/peligro/peligro_01805.jpg,,Grupo con 2 copias en splits raw.
critica,duplicado_exacto,atencion|peligro,definir una sola etiqueta canonica y evitar fuga entre splits,sha256,dataset/raw/atencion/atencion_01591.jpg|dataset/raw/peligro/peligro_01866.jpg,,Grupo con 2 copias en splits raw.
critica,duplicado_exacto,atencion|peligro,definir una sola etiqueta canonica y evitar fuga entre splits,sha256,dataset/train/atencion/atencion_01120.jpg|dataset/validation/peligro/peligro_00189.jpg,,Grupo con 2 copias en splits train|validation.
alta,modelo_error_atencion,atencion,revisar si es atencion real o deberia ser peligro,0.7054215669631958,dataset/validation/atencion/atencion_03357.jpg,,Error del modelo actual; revisar sintomas visibles y borde sano/peligro.
alta,modelo_error_atencion,atencion,revisar si es atencion real o deberia ser peligro,0.7088712453842163,dataset/test/atencion/atencion_07007.jpg,,Error del modelo actual; revisar sintomas visibles y borde sano/peligro.
alta,modelo_error_atencion,atencion,revisar si es atencion real o deberia ser peligro,0.7136597037315369,dataset/validation/atencion/atencion_00587.jpg,,Error del modelo actual; revisar sintomas visibles y borde sano/peligro.
alta,modelo_error_atencion,atencion,revisar si es atencion real o deberia ser peligro,0.7145456671714783,dataset/validation/atencion/atencion_05141.jpg,,Error del modelo actual; revisar sintomas visibles y borde sano/peligro.
alta,modelo_error_atencion,atencion,revisar si es atencion real o deberia ser peligro,0.7153998017311096,dataset/test/atencion/atencion_03753.jpg,,Error del modelo actual; revisar sintomas visibles y borde sano/peligro.
alta,modelo_error_atencion,atencion,revisar si es atencion real o deberia ser peligro,0.721385657787323,dataset/test/atencion/atencion_08134.jpg,,Error del modelo actual; revisar sintomas visibles y borde sano/peligro.
alta,modelo_error_atencion,atencion,revisar si es atencion real o deberia ser sano,0.7275183796882629,dataset/validation/atencion/atencion_00409.jpg,,Error del modelo actual; revisar sintomas visibles y borde sano/peligro.
alta,modelo_error_atencion,atencion,revisar si es atencion real o deberia ser sano,0.7365444898605347,dataset/validation/atencion/atencion_09760.jpg,,Error del modelo actual; revisar sintomas visibles y borde sano/peligro.
alta,modelo_error_atencion,atencion,revisar si es atencion real o deberia ser peligro,0.736576497554779,dataset/validation/atencion/atencion_03360.jpg,,Error del modelo actual; revisar sintomas visibles y borde sano/peligro.
alta,modelo_error_atencion,atencion,revisar si es atencion real o deberia ser peligro,0.7419840693473816,dataset/validation/atencion/atencion_01311.jpg,,Error del modelo actual; revisar sintomas visibles y borde sano/peligro.
alta,modelo_error_atencion,atencion,revisar si es atencion real o deberia ser peligro,0.7470589280128479,dataset/test/atencion/atencion_04914.jpg,,Error del modelo actual; revisar sintomas visibles y borde sano/peligro.
alta,modelo_error_atencion,atencion,revisar si es atencion real o deberia ser peligro,0.7565804123878479,dataset/validation/atencion/atencion_03365.jpg,,Error del modelo actual; revisar sintomas visibles y borde sano/peligro.
alta,modelo_error_atencion,atencion,revisar si es atencion real o deberia ser peligro,0.7569184899330139,dataset/validation/atencion/atencion_01419.jpg,,Error del modelo actual; revisar sintomas visibles y borde sano/peligro.
alta,modelo_error_atencion,atencion,revisar si es atencion real o deberia ser sano,0.766169548034668,dataset/test/atencion/atencion_02859.jpg,,Error del modelo actual; revisar sintomas visibles y borde sano/peligro.
alta,modelo_error_atencion,atencion,revisar si es atencion real o deberia ser sano,0.7710617184638977,dataset/validation/atencion/atencion_01967.jpg,,Error del modelo actual; revisar sintomas visibles y borde sano/peligro.
alta,modelo_error_atencion,atencion,revisar si es atencion real o deberia ser peligro,0.7755760550498962,dataset/validation/atencion/atencion_02626.jpg,,Error del modelo actual; revisar sintomas visibles y borde sano/peligro.
alta,modelo_error_atencion,atencion,revisar si es atencion real o deberia ser peligro,0.7785962224006653,dataset/test/atencion/atencion_02059.jpg,,Error del modelo actual; revisar sintomas visibles y borde sano/peligro.
alta,modelo_error_atencion,atencion,revisar si es atencion real o deberia ser sano,0.7856212854385376,dataset/validation/atencion/atencion_14175.jpg,,Error del modelo actual; revisar sintomas visibles y borde sano/peligro.
alta,modelo_error_atencion,atencion,revisar si es atencion real o deberia ser peligro,0.7897872924804688,dataset/test/atencion/atencion_00345.jpg,,Error del modelo actual; revisar sintomas visibles y borde sano/peligro.
alta,modelo_error_atencion,atencion,revisar si es atencion real o deberia ser peligro,0.7914935350418091,dataset/validation/atencion/atencion_01373.jpg,,Error del modelo actual; revisar sintomas visibles y borde sano/peligro.
alta,modelo_error_atencion,atencion,revisar si es atencion real o deberia ser sano,0.7944599986076355,dataset/validation/atencion/atencion_00287.jpg,,Error del modelo actual; revisar sintomas visibles y borde sano/peligro.
alta,modelo_error_atencion,atencion,revisar si es atencion real o deberia ser sano,0.7997834086418152,dataset/validation/atencion/atencion_14121.jpg,,Error del modelo actual; revisar sintomas visibles y borde sano/peligro.
alta,modelo_error_atencion,atencion,revisar si es atencion real o deberia ser sano,0.8000149726867676,dataset/test/atencion/atencion_00112.jpg,,Error del modelo actual; revisar sintomas visibles y borde sano/peligro.
alta,modelo_error_atencion,atencion,revisar si es atencion real o deberia ser peligro,0.8025405406951904,dataset/validation/atencion/atencion_04855.jpg,,Error del modelo actual; revisar sintomas visibles y borde sano/peligro.
alta,modelo_error_atencion,atencion,revisar si es atencion real o deberia ser sano,0.804053008556366,dataset/test/atencion/atencion_01684.jpg,,Error del modelo actual; revisar sintomas visibles y borde sano/peligro.
alta,modelo_error_atencion,atencion,revisar si es atencion real o deberia ser sano,0.8049352765083313,dataset/validation/atencion/atencion_12766.jpg,,Error del modelo actual; revisar sintomas visibles y borde sano/peligro.
alta,modelo_error_atencion,atencion,revisar si es atencion real o deberia ser sano,0.8067904114723206,dataset/validation/atencion/atencion_02520.jpg,,Error del modelo actual; revisar sintomas visibles y borde sano/peligro.
alta,modelo_error_atencion,atencion,revisar si es atencion real o deberia ser peligro,0.8095449209213257,dataset/test/atencion/atencion_10576.jpg,,Error del modelo actual; revisar sintomas visibles y borde sano/peligro.
alta,modelo_error_atencion,atencion,revisar si es atencion real o deberia ser sano,0.8171826004981995,dataset/validation/atencion/atencion_01970.jpg,,Error del modelo actual; revisar sintomas visibles y borde sano/peligro.
alta,modelo_error_atencion,atencion,revisar si es atencion real o deberia ser peligro,0.8184675574302673,dataset/validation/atencion/atencion_00691.jpg,,Error del modelo actual; revisar sintomas visibles y borde sano/peligro.
alta,modelo_error_atencion,atencion,revisar si es atencion real o deberia ser sano,0.81858229637146,dataset/validation/atencion/atencion_10239.jpg,,Error del modelo actual; revisar sintomas visibles y borde sano/peligro.
alta,modelo_error_atencion,atencion,revisar si es atencion real o deberia ser sano,0.8217545747756958,dataset/validation/atencion/atencion_08569.jpg,,Error del modelo actual; revisar sintomas visibles y borde sano/peligro.
alta,modelo_error_atencion,atencion,revisar si es atencion real o deberia ser peligro,0.8245222568511963,dataset/validation/atencion/atencion_12055.jpg,,Error del modelo actual; revisar sintomas visibles y borde sano/peligro.
alta,modelo_error_atencion,atencion,revisar si es atencion real o deberia ser peligro,0.8301805853843689,dataset/validation/atencion/atencion_11843.jpg,,Error del modelo actual; revisar sintomas visibles y borde sano/peligro.
alta,modelo_error_atencion,atencion,revisar si es atencion real o deberia ser sano,0.8321803212165833,dataset/validation/atencion/atencion_02197.jpg,,Error del modelo actual; revisar sintomas visibles y borde sano/peligro.
alta,modelo_error_atencion,atencion,revisar si es atencion real o deberia ser peligro,0.8379772305488586,dataset/validation/atencion/atencion_05135.jpg,,Error del modelo actual; revisar sintomas visibles y borde sano/peligro.
alta,modelo_error_atencion,atencion,revisar si es atencion real o deberia ser sano,0.8393651843070984,dataset/test/atencion/atencion_05556.jpg,,Error del modelo actual; revisar sintomas visibles y borde sano/peligro.
alta,modelo_error_atencion,atencion,revisar si es atencion real o deberia ser sano,0.8399001955986023,dataset/validation/atencion/atencion_00049.jpg,,Error del modelo actual; revisar sintomas visibles y borde sano/peligro.
alta,modelo_error_atencion,atencion,revisar si es atencion real o deberia ser sano,0.8410578966140747,dataset/validation/atencion/atencion_01733.jpg,,Error del modelo actual; revisar sintomas visibles y borde sano/peligro.
alta,modelo_error_atencion,atencion,revisar si es atencion real o deberia ser sano,0.8433493375778198,dataset/validation/atencion/atencion_09800.jpg,,Error del modelo actual; revisar sintomas visibles y borde sano/peligro.
alta,modelo_error_atencion,atencion,revisar si es atencion real o deberia ser peligro,0.8457785844802856,dataset/validation/atencion/atencion_03049.jpg,,Error del modelo actual; revisar sintomas visibles y borde sano/peligro.
alta,modelo_error_atencion,atencion,revisar si es atencion real o deberia ser sano,0.847694993019104,dataset/validation/atencion/atencion_03372.jpg,,Error del modelo actual; revisar sintomas visibles y borde sano/peligro.
alta,modelo_error_atencion,atencion,revisar si es atencion real o deberia ser peligro,0.8484253287315369,dataset/test/atencion/atencion_05084.jpg,,Error del modelo actual; revisar sintomas visibles y borde sano/peligro.
alta,modelo_error_atencion,atencion,revisar si es atencion real o deberia ser peligro,0.8501352071762085,dataset/validation/atencion/atencion_01466.jpg,,Error del modelo actual; revisar sintomas visibles y borde sano/peligro.
alta,modelo_error_atencion,atencion,revisar si es atencion real o deberia ser sano,0.8524667620658875,dataset/validation/atencion/atencion_06846.jpg,,Error del modelo actual; revisar sintomas visibles y borde sano/peligro.
alta,modelo_error_atencion,atencion,revisar si es atencion real o deberia ser sano,0.8681593537330627,dataset/test/atencion/atencion_06502.jpg,,Error del modelo actual; revisar sintomas visibles y borde sano/peligro.
alta,modelo_error_atencion,atencion,revisar si es atencion real o deberia ser sano,0.8691166639328003,dataset/validation/atencion/atencion_00207.jpg,,Error del modelo actual; revisar sintomas visibles y borde sano/peligro.
alta,modelo_error_atencion,atencion,revisar si es atencion real o deberia ser peligro,0.8723803758621216,dataset/validation/atencion/atencion_00607.jpg,,Error del modelo actual; revisar sintomas visibles y borde sano/peligro.
alta,modelo_error_atencion,atencion,revisar si es atencion real o deberia ser sano,0.8731029629707336,dataset/validation/atencion/atencion_05171.jpg,,Error del modelo actual; revisar sintomas visibles y borde sano/peligro.
alta,modelo_error_atencion,atencion,revisar si es atencion real o deberia ser peligro,0.8732104301452637,dataset/test/atencion/atencion_02316.jpg,,Error del modelo actual; revisar sintomas visibles y borde sano/peligro.
alta,modelo_error_atencion,atencion,revisar si es atencion real o deberia ser sano,0.8771832585334778,dataset/test/atencion/atencion_00768.jpg,,Error del modelo actual; revisar sintomas visibles y borde sano/peligro.
alta,modelo_error_atencion,atencion,revisar si es atencion real o deberia ser peligro,0.8884178400039673,dataset/test/atencion/atencion_09547.jpg,,Error del modelo actual; revisar sintomas visibles y borde sano/peligro.
alta,modelo_error_atencion,atencion,revisar si es atencion real o deberia ser peligro,0.8896195292472839,dataset/validation/atencion/atencion_03541.jpg,,Error del modelo actual; revisar sintomas visibles y borde sano/peligro.
alta,modelo_error_atencion,atencion,revisar si es atencion real o deberia ser sano,0.8908714056015015,dataset/test/atencion/atencion_05054.jpg,,Error del modelo actual; revisar sintomas visibles y borde sano/peligro.
alta,modelo_error_atencion,atencion,revisar si es atencion real o deberia ser sano,0.8918446898460388,dataset/test/atencion/atencion_01164.jpg,,Error del modelo actual; revisar sintomas visibles y borde sano/peligro.
alta,modelo_error_atencion,atencion,revisar si es atencion real o deberia ser sano,0.8947749137878418,dataset/validation/atencion/atencion_05148.jpg,,Error del modelo actual; revisar sintomas visibles y borde sano/peligro.
alta,modelo_error_atencion,atencion,revisar si es atencion real o deberia ser peligro,0.8969722986221313,dataset/validation/atencion/atencion_01815.jpg,,Error del modelo actual; revisar sintomas visibles y borde sano/peligro.
alta,modelo_error_atencion,atencion,revisar si es atencion real o deberia ser sano,0.9038258194923401,dataset/validation/atencion/atencion_01065.jpg,,Error del modelo actual; revisar sintomas visibles y borde sano/peligro.
alta,modelo_error_atencion,atencion,revisar si es atencion real o deberia ser sano,0.9068503379821777,dataset/validation/atencion/atencion_01959.jpg,,Error del modelo actual; revisar sintomas visibles y borde sano/peligro.
alta,modelo_error_atencion,atencion,revisar si es atencion real o deberia ser peligro,0.9075034260749817,dataset/test/atencion/atencion_05085.jpg,,Error del modelo actual; revisar sintomas visibles y borde sano/peligro.
alta,modelo_error_atencion,atencion,revisar si es atencion real o deberia ser peligro,0.90761399269104,dataset/validation/atencion/atencion_00484.jpg,,Error del modelo actual; revisar sintomas visibles y borde sano/peligro.
alta,modelo_error_atencion,atencion,revisar si es atencion real o deberia ser peligro,0.9103767275810242,dataset/validation/atencion/atencion_00480.jpg,,Error del modelo actual; revisar sintomas visibles y borde sano/peligro.
alta,modelo_error_atencion,atencion,revisar si es atencion real o deberia ser sano,0.9114700555801392,dataset/test/atencion/atencion_14227.jpg,,Error del modelo actual; revisar sintomas visibles y borde sano/peligro.
alta,modelo_error_atencion,atencion,revisar si es atencion real o deberia ser peligro,0.9182867407798767,dataset/validation/atencion/atencion_01977.jpg,,Error del modelo actual; revisar sintomas visibles y borde sano/peligro.
alta,modelo_error_atencion,atencion,revisar si es atencion real o deberia ser peligro,0.9189741015434265,dataset/validation/atencion/atencion_00104.jpg,,Error del modelo actual; revisar sintomas visibles y borde sano/peligro.
alta,modelo_error_atencion,atencion,revisar si es atencion real o deberia ser sano,0.919074296951294,dataset/test/atencion/atencion_03585.jpg,,Error del modelo actual; revisar sintomas visibles y borde sano/peligro.
alta,modelo_error_atencion,atencion,revisar si es atencion real o deberia ser peligro,0.9208530187606812,dataset/validation/atencion/atencion_01527.jpg,,Error del modelo actual; revisar sintomas visibles y borde sano/peligro.
alta,modelo_error_atencion,atencion,revisar si es atencion real o deberia ser peligro,0.9211019277572632,dataset/validation/atencion/atencion_03246.jpg,,Error del modelo actual; revisar sintomas visibles y borde sano/peligro.
alta,modelo_error_atencion,atencion,revisar si es atencion real o deberia ser peligro,0.922448992729187,dataset/validation/atencion/atencion_01412.jpg,,Error del modelo actual; revisar sintomas visibles y borde sano/peligro.
alta,modelo_error_atencion,atencion,revisar si es atencion real o deberia ser sano,0.9253999590873718,dataset/test/atencion/atencion_01050.jpg,,Error del modelo actual; revisar sintomas visibles y borde sano/peligro.
alta,modelo_error_atencion,atencion,revisar si es atencion real o deberia ser sano,0.9283177852630615,dataset/validation/atencion/atencion_01997.jpg,,Error del modelo actual; revisar sintomas visibles y borde sano/peligro.
alta,modelo_error_atencion,atencion,revisar si es atencion real o deberia ser sano,0.9303372502326965,dataset/test/atencion/atencion_01699.jpg,,Error del modelo actual; revisar sintomas visibles y borde sano/peligro.
alta,modelo_error_atencion,atencion,revisar si es atencion real o deberia ser sano,0.9330988526344299,dataset/validation/atencion/atencion_03919.jpg,,Error del modelo actual; revisar sintomas visibles y borde sano/peligro.
alta,modelo_error_atencion,atencion,revisar si es atencion real o deberia ser sano,0.9399778842926025,dataset/validation/atencion/atencion_03736.jpg,,Error del modelo actual; revisar sintomas visibles y borde sano/peligro.
alta,modelo_error_atencion,atencion,revisar si es atencion real o deberia ser sano,0.9423749446868896,dataset/test/atencion/atencion_14224.jpg,,Error del modelo actual; revisar sintomas visibles y borde sano/peligro.
alta,modelo_error_atencion,atencion,revisar si es atencion real o deberia ser peligro,0.944094181060791,dataset/validation/atencion/atencion_00375.jpg,,Error del modelo actual; revisar sintomas visibles y borde sano/peligro.
alta,modelo_error_atencion,atencion,revisar si es atencion real o deberia ser sano,0.9467761516571045,dataset/test/atencion/atencion_05457.jpg,,Error del modelo actual; revisar sintomas visibles y borde sano/peligro.
alta,modelo_error_atencion,atencion,revisar si es atencion real o deberia ser peligro,0.9499330520629883,dataset/validation/atencion/atencion_00700.jpg,,Error del modelo actual; revisar sintomas visibles y borde sano/peligro.
alta,modelo_error_atencion,atencion,revisar si es atencion real o deberia ser sano,0.9511527419090271,dataset/validation/atencion/atencion_00310.jpg,,Error del modelo actual; revisar sintomas visibles y borde sano/peligro.
alta,modelo_error_atencion,atencion,revisar si es atencion real o deberia ser sano,0.9533697366714478,dataset/validation/atencion/atencion_07430.jpg,,Error del modelo actual; revisar sintomas visibles y borde sano/peligro.
alta,modelo_error_atencion,atencion,revisar si es atencion real o deberia ser sano,0.9543300867080688,dataset/validation/atencion/atencion_00526.jpg,,Error del modelo actual; revisar sintomas visibles y borde sano/peligro.
alta,modelo_error_atencion,atencion,revisar si es atencion real o deberia ser sano,0.9569879174232483,dataset/test/atencion/atencion_02194.jpg,,Error del modelo actual; revisar sintomas visibles y borde sano/peligro.
alta,modelo_error_atencion,atencion,revisar si es atencion real o deberia ser peligro,0.9578340649604797,dataset/validation/atencion/atencion_10340.jpg,,Error del modelo actual; revisar sintomas visibles y borde sano/peligro.
alta,modelo_error_atencion,atencion,revisar si es atencion real o deberia ser sano,0.9595741629600525,dataset/test/atencion/atencion_05745.jpg,,Error del modelo actual; revisar sintomas visibles y borde sano/peligro.
alta,modelo_error_atencion,atencion,revisar si es atencion real o deberia ser sano,0.9613991975784302,dataset/validation/atencion/atencion_03320.jpg,,Error del modelo actual; revisar sintomas visibles y borde sano/peligro.
alta,modelo_error_atencion,atencion,revisar si es atencion real o deberia ser peligro,0.9628148078918457,dataset/validation/atencion/atencion_12528.jpg,,Error del modelo actual; revisar sintomas visibles y borde sano/peligro.
alta,modelo_error_atencion,atencion,revisar si es atencion real o deberia ser sano,0.9630209803581238,dataset/validation/atencion/atencion_04541.jpg,,Error del modelo actual; revisar sintomas visibles y borde sano/peligro.
alta,modelo_error_atencion,atencion,revisar si es atencion real o deberia ser peligro,0.9699805378913879,dataset/validation/atencion/atencion_09264.jpg,,Error del modelo actual; revisar sintomas visibles y borde sano/peligro.
alta,modelo_error_atencion,atencion,revisar si es atencion real o deberia ser sano,0.9755104184150696,dataset/validation/atencion/atencion_01756.jpg,,Error del modelo actual; revisar sintomas visibles y borde sano/peligro.
alta,modelo_error_atencion,atencion,revisar si es atencion real o deberia ser sano,0.9827709794044495,dataset/validation/atencion/atencion_02047.jpg,,Error del modelo actual; revisar sintomas visibles y borde sano/peligro.
alta,modelo_error_atencion,atencion,revisar si es atencion real o deberia ser peligro,0.9832217693328857,dataset/validation/atencion/atencion_03340.jpg,,Error del modelo actual; revisar sintomas visibles y borde sano/peligro.
alta,modelo_error_atencion,atencion,revisar si es atencion real o deberia ser peligro,0.9849392175674438,dataset/test/atencion/atencion_02501.jpg,,Error del modelo actual; revisar sintomas visibles y borde sano/peligro.
alta,modelo_error_atencion,atencion,revisar si es atencion real o deberia ser peligro,0.9911051392555237,dataset/validation/atencion/atencion_09628.jpg,,Error del modelo actual; revisar sintomas visibles y borde sano/peligro.
alta,modelo_error_atencion,atencion,revisar si es atencion real o deberia ser sano,0.9942889213562012,dataset/validation/atencion/atencion_02991.jpg,,Error del modelo actual; revisar sintomas visibles y borde sano/peligro.
alta,modelo_error_atencion,atencion,revisar si es atencion real o deberia ser peligro,0.9944103360176086,dataset/validation/atencion/atencion_09665.jpg,,Error del modelo actual; revisar sintomas visibles y borde sano/peligro.
alta,modelo_error_atencion,atencion,revisar si es atencion real o deberia ser peligro,0.9973376393318176,dataset/validation/atencion/atencion_05751.jpg,,Error del modelo actual; revisar sintomas visibles y borde sano/peligro.
alta,similaridad_perceptual_entre_clases,atencion|peligro,decidir etiqueta canonica o enviar a revision_dudosa,0,dataset/raw/atencion/atencion_00004.jpg,dataset/train/peligro/peligro_00179.jpg,Par pHash similar; cross_split=True.
alta,similaridad_perceptual_entre_clases,atencion|sano,decidir etiqueta canonica o enviar a revision_dudosa,0,dataset/raw/atencion/atencion_00012.jpg,dataset/train/sano/sano_00139.jpg,Par pHash similar; cross_split=True.
alta,similaridad_perceptual_entre_clases,atencion|peligro,decidir etiqueta canonica o enviar a revision_dudosa,0,dataset/raw/atencion/atencion_00034.jpg,dataset/train/peligro/peligro_00101.jpg,Par pHash similar; cross_split=True.
alta,similaridad_perceptual_entre_clases,atencion|sano,decidir etiqueta canonica o enviar a revision_dudosa,0,dataset/raw/atencion/atencion_00177.jpg,dataset/train/sano/sano_05769.jpg,Par pHash similar; cross_split=True.
alta,similaridad_perceptual_entre_clases,atencion|sano,decidir etiqueta canonica o enviar a revision_dudosa,0,dataset/raw/atencion/atencion_00202.jpg,dataset/train/sano/sano_01813.jpg,Par pHash similar; cross_split=True.
alta,similaridad_perceptual_entre_clases,atencion|sano,decidir etiqueta canonica o enviar a revision_dudosa,0,dataset/raw/atencion/atencion_00225.jpg,dataset/train/sano/sano_04875.jpg,Par pHash similar; cross_split=True.
alta,similaridad_perceptual_entre_clases,atencion|sano,decidir etiqueta canonica o enviar a revision_dudosa,0,dataset/raw/atencion/atencion_00233.jpg,dataset/validation/sano/sano_09702.jpg,Par pHash similar; cross_split=True.
alta,similaridad_perceptual_entre_clases,atencion|sano,decidir etiqueta canonica o enviar a revision_dudosa,0,dataset/raw/atencion/atencion_00349.jpg,dataset/train/sano/sano_03246.jpg,Par pHash similar; cross_split=True.
alta,similaridad_perceptual_entre_clases,atencion|peligro,decidir etiqueta canonica o enviar a revision_dudosa,0,dataset/raw/atencion/atencion_00555.jpg,dataset/train/peligro/peligro_01347.jpg,Par pHash similar; cross_split=True.
alta,similaridad_perceptual_entre_clases,atencion|peligro,decidir etiqueta canonica o enviar a revision_dudosa,0,dataset/raw/atencion/atencion_00574.jpg,dataset/train/peligro/peligro_00765.jpg,Par pHash similar; cross_split=True.
alta,similaridad_perceptual_entre_clases,atencion|peligro,decidir etiqueta canonica o enviar a revision_dudosa,0,dataset/raw/atencion/atencion_00600.jpg,dataset/test/peligro/peligro_07727.jpg,Par pHash similar; cross_split=True.
alta,similaridad_perceptual_entre_clases,atencion|peligro,decidir etiqueta canonica o enviar a revision_dudosa,0,dataset/raw/atencion/atencion_00619.jpg,dataset/validation/peligro/peligro_01671.jpg,Par pHash similar; cross_split=True.
alta,similaridad_perceptual_entre_clases,atencion|peligro,decidir etiqueta canonica o enviar a revision_dudosa,0,dataset/raw/atencion/atencion_00630.jpg,dataset/validation/peligro/peligro_00070.jpg,Par pHash similar; cross_split=True.
alta,similaridad_perceptual_entre_clases,atencion|peligro,decidir etiqueta canonica o enviar a revision_dudosa,0,dataset/raw/atencion/atencion_00636.jpg,dataset/train/peligro/peligro_00300.jpg,Par pHash similar; cross_split=True.
alta,similaridad_perceptual_entre_clases,atencion|peligro,decidir etiqueta canonica o enviar a revision_dudosa,0,dataset/raw/atencion/atencion_00658.jpg,dataset/validation/peligro/peligro_00694.jpg,Par pHash similar; cross_split=True.
alta,similaridad_perceptual_entre_clases,atencion|peligro,decidir etiqueta canonica o enviar a revision_dudosa,0,dataset/raw/atencion/atencion_00661.jpg,dataset/train/peligro/peligro_00010.jpg,Par pHash similar; cross_split=True.
alta,similaridad_perceptual_entre_clases,atencion|peligro,decidir etiqueta canonica o enviar a revision_dudosa,0,dataset/raw/atencion/atencion_00665.jpg,dataset/train/peligro/peligro_00111.jpg,Par pHash similar; cross_split=True.
alta,similaridad_perceptual_entre_clases,atencion|peligro,decidir etiqueta canonica o enviar a revision_dudosa,0,dataset/raw/atencion/atencion_00666.jpg,dataset/train/peligro/peligro_00277.jpg,Par pHash similar; cross_split=True.
alta,similaridad_perceptual_entre_clases,atencion|peligro,decidir etiqueta canonica o enviar a revision_dudosa,0,dataset/raw/atencion/atencion_00693.jpg,dataset/test/peligro/peligro_00113.jpg,Par pHash similar; cross_split=True.
alta,similaridad_perceptual_entre_clases,atencion|peligro,decidir etiqueta canonica o enviar a revision_dudosa,0,dataset/raw/atencion/atencion_00700.jpg,dataset/train/peligro/peligro_00100.jpg,Par pHash similar; cross_split=True.
alta,similaridad_perceptual_entre_clases,atencion|peligro,decidir etiqueta canonica o enviar a revision_dudosa,0,dataset/raw/atencion/atencion_00732.jpg,dataset/train/peligro/peligro_01489.jpg,Par pHash similar; cross_split=True.
alta,similaridad_perceptual_entre_clases,atencion|peligro,decidir etiqueta canonica o enviar a revision_dudosa,0,dataset/raw/atencion/atencion_00763.jpg,dataset/train/peligro/peligro_00118.jpg,Par pHash similar; cross_split=True.
alta,similaridad_perceptual_entre_clases,atencion|sano,decidir etiqueta canonica o enviar a revision_dudosa,0,dataset/raw/atencion/atencion_00763.jpg,dataset/train/sano/sano_04371.jpg,Par pHash similar; cross_split=True.
alta,similaridad_perceptual_entre_clases,atencion|peligro,decidir etiqueta canonica o enviar a revision_dudosa,0,dataset/raw/atencion/atencion_00782.jpg,dataset/train/peligro/peligro_05562.jpg,Par pHash similar; cross_split=True.
alta,similaridad_perceptual_entre_clases,atencion|sano,decidir etiqueta canonica o enviar a revision_dudosa,0,dataset/raw/atencion/atencion_00860.jpg,dataset/validation/sano/sano_04696.jpg,Par pHash similar; cross_split=True.
alta,similaridad_perceptual_entre_clases,atencion|peligro,decidir etiqueta canonica o enviar a revision_dudosa,0,dataset/raw/atencion/atencion_01155.jpg,dataset/train/peligro/peligro_01169.jpg,Par pHash similar; cross_split=True.
alta,similaridad_perceptual_entre_clases,atencion|peligro,decidir etiqueta canonica o enviar a revision_dudosa,0,dataset/raw/atencion/atencion_01180.jpg,dataset/train/peligro/peligro_00030.jpg,Par pHash similar; cross_split=True.
alta,similaridad_perceptual_entre_clases,atencion|peligro,decidir etiqueta canonica o enviar a revision_dudosa,0,dataset/raw/atencion/atencion_01214.jpg,dataset/train/peligro/peligro_00064.jpg,Par pHash similar; cross_split=True.
alta,similaridad_perceptual_entre_clases,atencion|peligro,decidir etiqueta canonica o enviar a revision_dudosa,0,dataset/raw/atencion/atencion_01248.jpg,dataset/train/peligro/peligro_00093.jpg,Par pHash similar; cross_split=True.
alta,similaridad_perceptual_entre_clases,atencion|peligro,decidir etiqueta canonica o enviar a revision_dudosa,0,dataset/raw/atencion/atencion_01260.jpg,dataset/test/peligro/peligro_01895.jpg,Par pHash similar; cross_split=True.
alta,similaridad_perceptual_entre_clases,atencion|peligro,decidir etiqueta canonica o enviar a revision_dudosa,0,dataset/raw/atencion/atencion_01269.jpg,dataset/validation/peligro/peligro_06664.jpg,Par pHash similar; cross_split=True.
alta,similaridad_perceptual_entre_clases,atencion|peligro,decidir etiqueta canonica o enviar a revision_dudosa,0,dataset/raw/atencion/atencion_01293.jpg,dataset/train/peligro/peligro_00017.jpg,Par pHash similar; cross_split=True.
alta,similaridad_perceptual_entre_clases,atencion|sano,decidir etiqueta canonica o enviar a revision_dudosa,0,dataset/raw/atencion/atencion_01377.jpg,dataset/test/sano/sano_00027.jpg,Par pHash similar; cross_split=True.
alta,similaridad_perceptual_entre_clases,atencion|peligro,decidir etiqueta canonica o enviar a revision_dudosa,0,dataset/raw/atencion/atencion_01422.jpg,dataset/train/peligro/peligro_00119.jpg,Par pHash similar; cross_split=True.
alta,similaridad_perceptual_entre_clases,atencion|sano,decidir etiqueta canonica o enviar a revision_dudosa,0,dataset/raw/atencion/atencion_01427.jpg,dataset/train/sano/sano_02970.jpg,Par pHash similar; cross_split=True.
alta,similaridad_perceptual_entre_clases,atencion|peligro,decidir etiqueta canonica o enviar a revision_dudosa,0,dataset/raw/atencion/atencion_01465.jpg,dataset/validation/peligro/peligro_00189.jpg,Par pHash similar; cross_split=True.
alta,similaridad_perceptual_entre_clases,atencion|peligro,decidir etiqueta canonica o enviar a revision_dudosa,0,dataset/raw/atencion/atencion_01519.jpg,dataset/validation/peligro/peligro_00840.jpg,Par pHash similar; cross_split=True.
alta,similaridad_perceptual_entre_clases,atencion|peligro,decidir etiqueta canonica o enviar a revision_dudosa,0,dataset/raw/atencion/atencion_01535.jpg,dataset/train/peligro/peligro_06855.jpg,Par pHash similar; cross_split=True.
alta,similaridad_perceptual_entre_clases,atencion|peligro,decidir etiqueta canonica o enviar a revision_dudosa,0,dataset/raw/atencion/atencion_01543.jpg,dataset/train/peligro/peligro_04578.jpg,Par pHash similar; cross_split=True.
alta,similaridad_perceptual_entre_clases,atencion|peligro,decidir etiqueta canonica o enviar a revision_dudosa,0,dataset/raw/atencion/atencion_01560.jpg,dataset/train/peligro/peligro_01348.jpg,Par pHash similar; cross_split=True.
alta,similaridad_perceptual_entre_clases,atencion|peligro,decidir etiqueta canonica o enviar a revision_dudosa,0,dataset/raw/atencion/atencion_01585.jpg,dataset/validation/peligro/peligro_00704.jpg,Par pHash similar; cross_split=True.
alta,similaridad_perceptual_entre_clases,atencion|peligro,decidir etiqueta canonica o enviar a revision_dudosa,0,dataset/raw/atencion/atencion_01587.jpg,dataset/validation/peligro/peligro_00445.jpg,Par pHash similar; cross_split=True.
alta,similaridad_perceptual_entre_clases,atencion|peligro,decidir etiqueta canonica o enviar a revision_dudosa,0,dataset/raw/atencion/atencion_01594.jpg,dataset/train/peligro/peligro_07692.jpg,Par pHash similar; cross_split=True.
alta,similaridad_perceptual_entre_clases,atencion|peligro,decidir etiqueta canonica o enviar a revision_dudosa,0,dataset/raw/atencion/atencion_01606.jpg,dataset/train/peligro/peligro_00638.jpg,Par pHash similar; cross_split=True.
alta,similaridad_perceptual_entre_clases,atencion|peligro,decidir etiqueta canonica o enviar a revision_dudosa,0,dataset/raw/atencion/atencion_01613.jpg,dataset/train/peligro/peligro_01491.jpg,Par pHash similar; cross_split=True.
alta,similaridad_perceptual_entre_clases,atencion|peligro,decidir etiqueta canonica o enviar a revision_dudosa,0,dataset/raw/atencion/atencion_01630.jpg,dataset/train/peligro/peligro_01274.jpg,Par pHash similar; cross_split=True.
alta,similaridad_perceptual_entre_clases,atencion|peligro,decidir etiqueta canonica o enviar a revision_dudosa,0,dataset/raw/atencion/atencion_01747.jpg,dataset/train/peligro/peligro_04383.jpg,Par pHash similar; cross_split=True.
alta,similaridad_perceptual_entre_clases,atencion|peligro,decidir etiqueta canonica o enviar a revision_dudosa,0,dataset/raw/atencion/atencion_01753.jpg,dataset/train/peligro/peligro_02985.jpg,Par pHash similar; cross_split=True.
alta,similaridad_perceptual_entre_clases,atencion|peligro,decidir etiqueta canonica o enviar a revision_dudosa,0,dataset/raw/atencion/atencion_01765.jpg,dataset/train/peligro/peligro_00557.jpg,Par pHash similar; cross_split=True.
alta,similaridad_perceptual_entre_clases,atencion|peligro,decidir etiqueta canonica o enviar a revision_dudosa,0,dataset/raw/atencion/atencion_01842.jpg,dataset/validation/peligro/peligro_00310.jpg,Par pHash similar; cross_split=True.
alta,similaridad_perceptual_entre_clases,atencion|peligro,decidir etiqueta canonica o enviar a revision_dudosa,0,dataset/raw/atencion/atencion_02013.jpg,dataset/train/peligro/peligro_03235.jpg,Par pHash similar; cross_split=True.
alta,similaridad_perceptual_entre_clases,atencion|peligro,decidir etiqueta canonica o enviar a revision_dudosa,0,dataset/raw/atencion/atencion_02031.jpg,dataset/test/peligro/peligro_02142.jpg,Par pHash similar; cross_split=True.
alta,similaridad_perceptual_entre_clases,atencion|peligro,decidir etiqueta canonica o enviar a revision_dudosa,0,dataset/raw/atencion/atencion_02094.jpg,dataset/train/peligro/peligro_03481.jpg,Par pHash similar; cross_split=True.
alta,similaridad_perceptual_entre_clases,atencion|sano,decidir etiqueta canonica o enviar a revision_dudosa,0,dataset/raw/atencion/atencion_02094.jpg,dataset/train/sano/sano_04522.jpg,Par pHash similar; cross_split=True.
alta,similaridad_perceptual_entre_clases,atencion|sano,decidir etiqueta canonica o enviar a revision_dudosa,0,dataset/raw/atencion/atencion_02194.jpg,dataset/test/sano/sano_03206.jpg,Par pHash similar; cross_split=True.
alta,similaridad_perceptual_entre_clases,atencion|peligro,decidir etiqueta canonica o enviar a revision_dudosa,0,dataset/raw/atencion/atencion_02316.jpg,dataset/train/peligro/peligro_01500.jpg,Par pHash similar; cross_split=True.
alta,similaridad_perceptual_entre_clases,atencion|sano,decidir etiqueta canonica o enviar a revision_dudosa,0,dataset/raw/atencion/atencion_02388.jpg,dataset/train/sano/sano_01174.jpg,Par pHash similar; cross_split=True.
alta,similaridad_perceptual_entre_clases,atencion|sano,decidir etiqueta canonica o enviar a revision_dudosa,0,dataset/raw/atencion/atencion_02462.jpg,dataset/train/sano/sano_01896.jpg,Par pHash similar; cross_split=True.
alta,similaridad_perceptual_entre_clases,atencion|peligro,decidir etiqueta canonica o enviar a revision_dudosa,0,dataset/raw/atencion/atencion_02541.jpg,dataset/train/peligro/peligro_03136.jpg,Par pHash similar; cross_split=True.
alta,similaridad_perceptual_entre_clases,atencion|sano,decidir etiqueta canonica o enviar a revision_dudosa,0,dataset/raw/atencion/atencion_02541.jpg,dataset/train/sano/sano_01982.jpg,Par pHash similar; cross_split=True.
alta,similaridad_perceptual_entre_clases,atencion|peligro,decidir etiqueta canonica o enviar a revision_dudosa,0,dataset/raw/atencion/atencion_02626.jpg,dataset/train/peligro/peligro_03240.jpg,Par pHash similar; cross_split=True.
alta,similaridad_perceptual_entre_clases,atencion|peligro,decidir etiqueta canonica o enviar a revision_dudosa,0,dataset/raw/atencion/atencion_02640.jpg,dataset/train/peligro/peligro_01144.jpg,Par pHash similar; cross_split=True.
alta,similaridad_perceptual_entre_clases,atencion|peligro,decidir etiqueta canonica o enviar a revision_dudosa,0,dataset/raw/atencion/atencion_02872.jpg,dataset/train/peligro/peligro_14811.jpg,Par pHash similar; cross_split=True.
alta,similaridad_perceptual_entre_clases,atencion|sano,decidir etiqueta canonica o enviar a revision_dudosa,0,dataset/raw/atencion/atencion_02906.jpg,dataset/validation/sano/sano_04292.jpg,Par pHash similar; cross_split=True.
alta,similaridad_perceptual_entre_clases,atencion|sano,decidir etiqueta canonica o enviar a revision_dudosa,0,dataset/raw/atencion/atencion_02919.jpg,dataset/test/sano/sano_08833.jpg,Par pHash similar; cross_split=True.
alta,similaridad_perceptual_entre_clases,atencion|sano,decidir etiqueta canonica o enviar a revision_dudosa,0,dataset/raw/atencion/atencion_02991.jpg,dataset/validation/sano/sano_02070.jpg,Par pHash similar; cross_split=True.
alta,similaridad_perceptual_entre_clases,atencion|peligro,decidir etiqueta canonica o enviar a revision_dudosa,0,dataset/raw/atencion/atencion_03031.jpg,dataset/train/peligro/peligro_14444.jpg,Par pHash similar; cross_split=True.
alta,similaridad_perceptual_entre_clases,atencion|sano,decidir etiqueta canonica o enviar a revision_dudosa,0,dataset/raw/atencion/atencion_03246.jpg,dataset/train/sano/sano_01945.jpg,Par pHash similar; cross_split=True.
alta,similaridad_perceptual_entre_clases,atencion|sano,decidir etiqueta canonica o enviar a revision_dudosa,0,dataset/raw/atencion/atencion_03300.jpg,dataset/validation/sano/sano_02922.jpg,Par pHash similar; cross_split=True.
alta,similaridad_perceptual_entre_clases,atencion|peligro,decidir etiqueta canonica o enviar a revision_dudosa,0,dataset/raw/atencion/atencion_03329.jpg,dataset/train/peligro/peligro_03440.jpg,Par pHash similar; cross_split=True.
alta,similaridad_perceptual_entre_clases,atencion|peligro,decidir etiqueta canonica o enviar a revision_dudosa,0,dataset/raw/atencion/atencion_03340.jpg,dataset/validation/peligro/peligro_03449.jpg,Par pHash similar; cross_split=True.
alta,similaridad_perceptual_entre_clases,atencion|peligro,decidir etiqueta canonica o enviar a revision_dudosa,0,dataset/raw/atencion/atencion_03350.jpg,dataset/test/peligro/peligro_04467.jpg,Par pHash similar; cross_split=True.
alta,similaridad_perceptual_entre_clases,atencion|peligro,decidir etiqueta canonica o enviar a revision_dudosa,0,dataset/raw/atencion/atencion_03360.jpg,dataset/train/peligro/peligro_03462.jpg,Par pHash similar; cross_split=True.
alta,similaridad_perceptual_entre_clases,atencion|peligro,decidir etiqueta canonica o enviar a revision_dudosa,0,dataset/raw/atencion/atencion_03640.jpg,dataset/train/peligro/peligro_00431.jpg,Par pHash similar; cross_split=True.
alta,similaridad_perceptual_entre_clases,atencion|peligro,decidir etiqueta canonica o enviar a revision_dudosa,0,dataset/raw/atencion/atencion_03687.jpg,dataset/train/peligro/peligro_00271.jpg,Par pHash similar; cross_split=True.
alta,similaridad_perceptual_entre_clases,atencion|peligro,decidir etiqueta canonica o enviar a revision_dudosa,0,dataset/raw/atencion/atencion_03936.jpg,dataset/train/peligro/peligro_03198.jpg,Par pHash similar; cross_split=True.
alta,similaridad_perceptual_entre_clases,atencion|sano,decidir etiqueta canonica o enviar a revision_dudosa,0,dataset/raw/atencion/atencion_04016.jpg,dataset/train/sano/sano_02022.jpg,Par pHash similar; cross_split=True.
alta,similaridad_perceptual_entre_clases,atencion|peligro,decidir etiqueta canonica o enviar a revision_dudosa,0,dataset/raw/atencion/atencion_04687.jpg,dataset/train/peligro/peligro_00272.jpg,Par pHash similar; cross_split=True.
alta,similaridad_perceptual_entre_clases,atencion|peligro,decidir etiqueta canonica o enviar a revision_dudosa,0,dataset/raw/atencion/atencion_04737.jpg,dataset/train/peligro/peligro_12494.jpg,Par pHash similar; cross_split=True.
alta,similaridad_perceptual_entre_clases,atencion|peligro,decidir etiqueta canonica o enviar a revision_dudosa,0,dataset/raw/atencion/atencion_04792.jpg,dataset/train/peligro/peligro_11476.jpg,Par pHash similar; cross_split=True.
alta,similaridad_perceptual_entre_clases,atencion|peligro,decidir etiqueta canonica o enviar a revision_dudosa,0,dataset/raw/atencion/atencion_05005.jpg,dataset/train/peligro/peligro_00247.jpg,Par pHash similar; cross_split=True.
alta,similaridad_perceptual_entre_clases,atencion|peligro,decidir etiqueta canonica o enviar a revision_dudosa,0,dataset/raw/atencion/atencion_05045.jpg,dataset/train/peligro/peligro_06486.jpg,Par pHash similar; cross_split=True.
alta,similaridad_perceptual_entre_clases,atencion|peligro,decidir etiqueta canonica o enviar a revision_dudosa,0,dataset/raw/atencion/atencion_05135.jpg,dataset/train/peligro/peligro_00157.jpg,Par pHash similar; cross_split=True.
alta,similaridad_perceptual_entre_clases,atencion|sano,decidir etiqueta canonica o enviar a revision_dudosa,0,dataset/raw/atencion/atencion_05171.jpg,dataset/train/sano/sano_00211.jpg,Par pHash similar; cross_split=True.
alta,similaridad_perceptual_entre_clases,atencion|peligro,decidir etiqueta canonica o enviar a revision_dudosa,0,dataset/raw/atencion/atencion_05400.jpg,dataset/train/peligro/peligro_03981.jpg,Par pHash similar; cross_split=True.
alta,similaridad_perceptual_entre_clases,atencion|peligro,decidir etiqueta canonica o enviar a revision_dudosa,0,dataset/raw/atencion/atencion_05751.jpg,dataset/train/peligro/peligro_04745.jpg,Par pHash similar; cross_split=True.
alta,similaridad_perceptual_entre_clases,atencion|peligro,decidir etiqueta canonica o enviar a revision_dudosa,0,dataset/raw/atencion/atencion_05755.jpg,dataset/train/peligro/peligro_00677.jpg,Par pHash similar; cross_split=True.
alta,similaridad_perceptual_entre_clases,atencion|peligro,decidir etiqueta canonica o enviar a revision_dudosa,0,dataset/raw/atencion/atencion_05758.jpg,dataset/train/peligro/peligro_01522.jpg,Par pHash similar; cross_split=True.
alta,similaridad_perceptual_entre_clases,atencion|peligro,decidir etiqueta canonica o enviar a revision_dudosa,0,dataset/raw/atencion/atencion_05764.jpg,dataset/train/peligro/peligro_00042.jpg,Par pHash similar; cross_split=True.
alta,similaridad_perceptual_entre_clases,atencion|peligro,decidir etiqueta canonica o enviar a revision_dudosa,0,dataset/raw/atencion/atencion_05807.jpg,dataset/test/peligro/peligro_03041.jpg,Par pHash similar; cross_split=True.
alta,similaridad_perceptual_entre_clases,atencion|peligro,decidir etiqueta canonica o enviar a revision_dudosa,0,dataset/raw/atencion/atencion_06284.jpg,dataset/train/peligro/peligro_01963.jpg,Par pHash similar; cross_split=True.
alta,similaridad_perceptual_entre_clases,atencion|sano,decidir etiqueta canonica o enviar a revision_dudosa,0,dataset/raw/atencion/atencion_06647.jpg,dataset/train/sano/sano_00809.jpg,Par pHash similar; cross_split=True.
alta,similaridad_perceptual_entre_clases,atencion|peligro,decidir etiqueta canonica o enviar a revision_dudosa,0,dataset/raw/atencion/atencion_07034.jpg,dataset/train/peligro/peligro_05577.jpg,Par pHash similar; cross_split=True.
alta,similaridad_perceptual_entre_clases,atencion|peligro,decidir etiqueta canonica o enviar a revision_dudosa,0,dataset/raw/atencion/atencion_07549.jpg,dataset/train/peligro/peligro_02227.jpg,Par pHash similar; cross_split=True.
alta,similaridad_perceptual_entre_clases,atencion|peligro,decidir etiqueta canonica o enviar a revision_dudosa,0,dataset/raw/atencion/atencion_07781.jpg,dataset/validation/peligro/peligro_00378.jpg,Par pHash similar; cross_split=True.
alta,similaridad_perceptual_entre_clases,atencion|sano,decidir etiqueta canonica o enviar a revision_dudosa,0,dataset/raw/atencion/atencion_08131.jpg,dataset/train/sano/sano_00818.jpg,Par pHash similar; cross_split=True.
alta,similaridad_perceptual_entre_clases,atencion|sano,decidir etiqueta canonica o enviar a revision_dudosa,0,dataset/raw/atencion/atencion_08223.jpg,dataset/validation/sano/sano_00782.jpg,Par pHash similar; cross_split=True.
alta,similaridad_perceptual_entre_clases,atencion|peligro,decidir etiqueta canonica o enviar a revision_dudosa,0,dataset/raw/atencion/atencion_09665.jpg,dataset/test/peligro/peligro_00936.jpg,Par pHash similar; cross_split=True.
alta,similaridad_perceptual_entre_clases,atencion|peligro,decidir etiqueta canonica o enviar a revision_dudosa,0,dataset/raw/atencion/atencion_09857.jpg,dataset/train/peligro/peligro_00104.jpg,Par pHash similar; cross_split=True.
alta,similaridad_perceptual_entre_clases,atencion|peligro,decidir etiqueta canonica o enviar a revision_dudosa,0,dataset/raw/atencion/atencion_10354.jpg,dataset/validation/peligro/peligro_01403.jpg,Par pHash similar; cross_split=True.
alta,similaridad_perceptual_entre_clases,atencion|sano,decidir etiqueta canonica o enviar a revision_dudosa,0,dataset/raw/atencion/atencion_11964.jpg,dataset/train/sano/sano_02893.jpg,Par pHash similar; cross_split=True.
alta,similaridad_perceptual_entre_clases,atencion|peligro,decidir etiqueta canonica o enviar a revision_dudosa,0,dataset/raw/atencion/atencion_12528.jpg,dataset/train/peligro/peligro_13697.jpg,Par pHash similar; cross_split=True.
alta,similaridad_perceptual_entre_clases,peligro|atencion,decidir etiqueta canonica o enviar a revision_dudosa,0,dataset/raw/peligro/peligro_00010.jpg,dataset/test/atencion/atencion_00661.jpg,Par pHash similar; cross_split=True.
alta,similaridad_perceptual_entre_clases,peligro|atencion,decidir etiqueta canonica o enviar a revision_dudosa,0,dataset/raw/peligro/peligro_00017.jpg,dataset/train/atencion/atencion_01405.jpg,Par pHash similar; cross_split=True.
alta,similaridad_perceptual_entre_clases,peligro|atencion,decidir etiqueta canonica o enviar a revision_dudosa,0,dataset/raw/peligro/peligro_00022.jpg,dataset/train/atencion/atencion_01550.jpg,Par pHash similar; cross_split=True.
alta,similaridad_perceptual_entre_clases,peligro|atencion,decidir etiqueta canonica o enviar a revision_dudosa,0,dataset/raw/peligro/peligro_00042.jpg,dataset/train/atencion/atencion_05764.jpg,Par pHash similar; cross_split=True.
alta,similaridad_perceptual_entre_clases,peligro|atencion,decidir etiqueta canonica o enviar a revision_dudosa,0,dataset/raw/peligro/peligro_00061.jpg,dataset/train/atencion/atencion_01524.jpg,Par pHash similar; cross_split=True.
alta,similaridad_perceptual_entre_clases,peligro|atencion,decidir etiqueta canonica o enviar a revision_dudosa,0,dataset/raw/peligro/peligro_00067.jpg,dataset/train/atencion/atencion_01486.jpg,Par pHash similar; cross_split=True.
alta,similaridad_perceptual_entre_clases,peligro|atencion,decidir etiqueta canonica o enviar a revision_dudosa,0,dataset/raw/peligro/peligro_00068.jpg,dataset/train/atencion/atencion_01521.jpg,Par pHash similar; cross_split=True.
alta,similaridad_perceptual_entre_clases,peligro|atencion,decidir etiqueta canonica o enviar a revision_dudosa,0,dataset/raw/peligro/peligro_00070.jpg,dataset/train/atencion/atencion_00630.jpg,Par pHash similar; cross_split=True.
alta,similaridad_perceptual_entre_clases,peligro|atencion,decidir etiqueta canonica o enviar a revision_dudosa,0,dataset/raw/peligro/peligro_00093.jpg,dataset/validation/atencion/atencion_01398.jpg,Par pHash similar; cross_split=True.
alta,similaridad_perceptual_entre_clases,peligro|atencion,decidir etiqueta canonica o enviar a revision_dudosa,0,dataset/raw/peligro/peligro_00100.jpg,dataset/validation/atencion/atencion_00700.jpg,Par pHash similar; cross_split=True.
alta,similaridad_perceptual_entre_clases,peligro|atencion,decidir etiqueta canonica o enviar a revision_dudosa,0,dataset/raw/peligro/peligro_00101.jpg,dataset/train/atencion/atencion_00034.jpg,Par pHash similar; cross_split=True.
alta,similaridad_perceptual_entre_clases,peligro|atencion,decidir etiqueta canonica o enviar a revision_dudosa,0,dataset/raw/peligro/peligro_00104.jpg,dataset/train/atencion/atencion_09857.jpg,Par pHash similar; cross_split=True.
alta,similaridad_perceptual_entre_clases,peligro|atencion,decidir etiqueta canonica o enviar a revision_dudosa,0,dataset/raw/peligro/peligro_00111.jpg,dataset/train/atencion/atencion_00665.jpg,Par pHash similar; cross_split=True.
alta,similaridad_perceptual_entre_clases,peligro|atencion,decidir etiqueta canonica o enviar a revision_dudosa,0,dataset/raw/peligro/peligro_00113.jpg,dataset/train/atencion/atencion_00693.jpg,Par pHash similar; cross_split=True.
alta,similaridad_perceptual_entre_clases,peligro|atencion,decidir etiqueta canonica o enviar a revision_dudosa,0,dataset/raw/peligro/peligro_00118.jpg,dataset/train/atencion/atencion_00763.jpg,Par pHash similar; cross_split=True.
alta,similaridad_perceptual_entre_clases,peligro|sano,decidir etiqueta canonica o enviar a revision_dudosa,0,dataset/raw/peligro/peligro_00118.jpg,dataset/train/sano/sano_04371.jpg,Par pHash similar; cross_split=True.
alta,similaridad_perceptual_entre_clases,peligro|atencion,decidir etiqueta canonica o enviar a revision_dudosa,0,dataset/raw/peligro/peligro_00157.jpg,dataset/validation/atencion/atencion_05135.jpg,Par pHash similar; cross_split=True.
alta,similaridad_perceptual_entre_clases,peligro|atencion,decidir etiqueta canonica o enviar a revision_dudosa,0,dataset/raw/peligro/peligro_00179.jpg,dataset/train/atencion/atencion_00004.jpg,Par pHash similar; cross_split=True.
alta,similaridad_perceptual_entre_clases,peligro|sano,decidir etiqueta canonica o enviar a revision_dudosa,0,dataset/raw/peligro/peligro_00199.jpg,dataset/test/sano/sano_02864.jpg,Par pHash similar; cross_split=True.
alta,similaridad_perceptual_entre_clases,peligro|sano,decidir etiqueta canonica o enviar a revision_dudosa,0,dataset/raw/peligro/peligro_00230.jpg,dataset/test/sano/sano_02935.jpg,Par pHash similar; cross_split=True.
alta,similaridad_perceptual_entre_clases,peligro|atencion,decidir etiqueta canonica o enviar a revision_dudosa,0,dataset/raw/peligro/peligro_00247.jpg,dataset/train/atencion/atencion_05005.jpg,Par pHash similar; cross_split=True.
alta,similaridad_perceptual_entre_clases,peligro|atencion,decidir etiqueta canonica o enviar a revision_dudosa,0,dataset/raw/peligro/peligro_00271.jpg,dataset/train/atencion/atencion_03687.jpg,Par pHash similar; cross_split=True.
alta,similaridad_perceptual_entre_clases,peligro|atencion,decidir etiqueta canonica o enviar a revision_dudosa,0,dataset/raw/peligro/peligro_00272.jpg,dataset/train/atencion/atencion_04687.jpg,Par pHash similar; cross_split=True.
alta,similaridad_perceptual_entre_clases,peligro|atencion,decidir etiqueta canonica o enviar a revision_dudosa,0,dataset/raw/peligro/peligro_00277.jpg,dataset/train/atencion/atencion_00666.jpg,Par pHash similar; cross_split=True.
alta,similaridad_perceptual_entre_clases,peligro|atencion,decidir etiqueta canonica o enviar a revision_dudosa,0,dataset/raw/peligro/peligro_00300.jpg,dataset/train/atencion/atencion_00636.jpg,Par pHash similar; cross_split=True.
alta,similaridad_perceptual_entre_clases,peligro|atencion,decidir etiqueta canonica o enviar a revision_dudosa,0,dataset/raw/peligro/peligro_00378.jpg,dataset/validation/atencion/atencion_07781.jpg,Par pHash similar; cross_split=True.
alta,similaridad_perceptual_entre_clases,peligro|atencion,decidir etiqueta canonica o enviar a revision_dudosa,0,dataset/raw/peligro/peligro_00431.jpg,dataset/train/atencion/atencion_03640.jpg,Par pHash similar; cross_split=True.
alta,similaridad_perceptual_entre_clases,peligro|atencion,decidir etiqueta canonica o enviar a revision_dudosa,0,dataset/raw/peligro/peligro_00677.jpg,dataset/train/atencion/atencion_05755.jpg,Par pHash similar; cross_split=True.
alta,similaridad_perceptual_entre_clases,peligro|atencion,decidir etiqueta canonica o enviar a revision_dudosa,0,dataset/raw/peligro/peligro_00694.jpg,dataset/train/atencion/atencion_00658.jpg,Par pHash similar; cross_split=True.
alta,similaridad_perceptual_entre_clases,peligro|atencion,decidir etiqueta canonica o enviar a revision_dudosa,0,dataset/raw/peligro/peligro_00765.jpg,dataset/train/atencion/atencion_00574.jpg,Par pHash similar; cross_split=True.
alta,similaridad_perceptual_entre_clases,peligro|atencion,decidir etiqueta canonica o enviar a revision_dudosa,0,dataset/raw/peligro/peligro_00936.jpg,dataset/validation/atencion/atencion_09665.jpg,Par pHash similar; cross_split=True.
alta,similaridad_perceptual_entre_clases,peligro|atencion,decidir etiqueta canonica o enviar a revision_dudosa,0,dataset/raw/peligro/peligro_01144.jpg,dataset/train/atencion/atencion_02640.jpg,Par pHash similar; cross_split=True.
alta,similaridad_perceptual_entre_clases,peligro|atencion,decidir etiqueta canonica o enviar a revision_dudosa,0,dataset/raw/peligro/peligro_01169.jpg,dataset/validation/atencion/atencion_01412.jpg,Par pHash similar; cross_split=True.
alta,similaridad_perceptual_entre_clases,peligro|atencion,decidir etiqueta canonica o enviar a revision_dudosa,0,dataset/raw/peligro/peligro_01274.jpg,dataset/train/atencion/atencion_01399.jpg,Par pHash similar; cross_split=True.
alta,similaridad_perceptual_entre_clases,peligro|atencion,decidir etiqueta canonica o enviar a revision_dudosa,0,dataset/raw/peligro/peligro_01282.jpg,dataset/train/atencion/atencion_03350.jpg,Par pHash similar; cross_split=True.
alta,similaridad_perceptual_entre_clases,peligro|atencion,decidir etiqueta canonica o enviar a revision_dudosa,0,dataset/raw/peligro/peligro_01329.jpg,dataset/train/atencion/atencion_04737.jpg,Par pHash similar; cross_split=True.
alta,similaridad_perceptual_entre_clases,peligro|atencion,decidir etiqueta canonica o enviar a revision_dudosa,0,dataset/raw/peligro/peligro_01339.jpg,dataset/test/atencion/atencion_00716.jpg,Par pHash similar; cross_split=True.
alta,similaridad_perceptual_entre_clases,peligro|atencion,decidir etiqueta canonica o enviar a revision_dudosa,0,dataset/raw/peligro/peligro_01347.jpg,dataset/test/atencion/atencion_00555.jpg,Par pHash similar; cross_split=True.
alta,similaridad_perceptual_entre_clases,peligro|atencion,decidir etiqueta canonica o enviar a revision_dudosa,0,dataset/raw/peligro/peligro_01409.jpg,dataset/train/atencion/atencion_01120.jpg,Par pHash similar; cross_split=True.
alta,similaridad_perceptual_entre_clases,peligro|atencion,decidir etiqueta canonica o enviar a revision_dudosa,0,dataset/raw/peligro/peligro_01513.jpg,dataset/train/atencion/atencion_00656.jpg,Par pHash similar; cross_split=True.
alta,similaridad_perceptual_entre_clases,peligro|atencion,decidir etiqueta canonica o enviar a revision_dudosa,0,dataset/raw/peligro/peligro_01552.jpg,dataset/test/atencion/atencion_02510.jpg,Par pHash similar; cross_split=True.
alta,similaridad_perceptual_entre_clases,peligro|atencion,decidir etiqueta canonica o enviar a revision_dudosa,0,dataset/raw/peligro/peligro_01649.jpg,dataset/train/atencion/atencion_00782.jpg,Par pHash similar; cross_split=True.
alta,similaridad_perceptual_entre_clases,peligro|atencion,decidir etiqueta canonica o enviar a revision_dudosa,0,dataset/raw/peligro/peligro_01672.jpg,dataset/validation/atencion/atencion_00771.jpg,Par pHash similar; cross_split=True.
alta,similaridad_perceptual_entre_clases,peligro|atencion,decidir etiqueta canonica o enviar a revision_dudosa,0,dataset/raw/peligro/peligro_01717.jpg,dataset/train/atencion/atencion_01427.jpg,Par pHash similar; cross_split=True.
alta,similaridad_perceptual_entre_clases,peligro|atencion,decidir etiqueta canonica o enviar a revision_dudosa,0,dataset/raw/peligro/peligro_01775.jpg,dataset/train/atencion/atencion_01478.jpg,Par pHash similar; cross_split=True.
alta,similaridad_perceptual_entre_clases,peligro|atencion,decidir etiqueta canonica o enviar a revision_dudosa,0,dataset/raw/peligro/peligro_01805.jpg,dataset/validation/atencion/atencion_13255.jpg,Par pHash similar; cross_split=True.
alta,similaridad_perceptual_entre_clases,peligro|atencion,decidir etiqueta canonica o enviar a revision_dudosa,0,dataset/raw/peligro/peligro_01878.jpg,dataset/train/atencion/atencion_01543.jpg,Par pHash similar; cross_split=True.
alta,similaridad_perceptual_entre_clases,peligro|atencion,decidir etiqueta canonica o enviar a revision_dudosa,0,dataset/raw/peligro/peligro_01995.jpg,dataset/test/atencion/atencion_00776.jpg,Par pHash similar; cross_split=True.
alta,similaridad_perceptual_entre_clases,peligro|atencion,decidir etiqueta canonica o enviar a revision_dudosa,0,dataset/raw/peligro/peligro_02039.jpg,dataset/train/atencion/atencion_01371.jpg,Par pHash similar; cross_split=True.
alta,similaridad_perceptual_entre_clases,peligro|atencion,decidir etiqueta canonica o enviar a revision_dudosa,0,dataset/raw/peligro/peligro_02050.jpg,dataset/train/atencion/atencion_07034.jpg,Par pHash similar; cross_split=True.
alta,similaridad_perceptual_entre_clases,peligro|atencion,decidir etiqueta canonica o enviar a revision_dudosa,0,dataset/raw/peligro/peligro_02145.jpg,dataset/train/atencion/atencion_05296.jpg,Par pHash similar; cross_split=True.
alta,similaridad_perceptual_entre_clases,peligro|atencion,decidir etiqueta canonica o enviar a revision_dudosa,0,dataset/raw/peligro/peligro_02162.jpg,dataset/validation/atencion/atencion_01373.jpg,Par pHash similar; cross_split=True.
alta,similaridad_perceptual_entre_clases,peligro|sano,decidir etiqueta canonica o enviar a revision_dudosa,0,dataset/raw/peligro/peligro_02372.jpg,dataset/train/sano/sano_00540.jpg,Par pHash similar; cross_split=True.
alta,similaridad_perceptual_entre_clases,peligro|sano,decidir etiqueta canonica o enviar a revision_dudosa,0,dataset/raw/peligro/peligro_02432.jpg,dataset/train/sano/sano_00568.jpg,Par pHash similar; cross_split=True.
alta,similaridad_perceptual_entre_clases,peligro|atencion,decidir etiqueta canonica o enviar a revision_dudosa,0,dataset/raw/peligro/peligro_02499.jpg,dataset/validation/atencion/atencion_06284.jpg,Par pHash similar; cross_split=True.
alta,similaridad_perceptual_entre_clases,peligro|atencion,decidir etiqueta canonica o enviar a revision_dudosa,0,dataset/raw/peligro/peligro_02535.jpg,dataset/test/atencion/atencion_05745.jpg,Par pHash similar; cross_split=True.
alta,similaridad_perceptual_entre_clases,peligro|sano,decidir etiqueta canonica o enviar a revision_dudosa,0,dataset/raw/peligro/peligro_02606.jpg,dataset/train/sano/sano_04522.jpg,Par pHash similar; cross_split=True.
alta,similaridad_perceptual_entre_clases,peligro|atencion,decidir etiqueta canonica o enviar a revision_dudosa,0,dataset/raw/peligro/peligro_03041.jpg,dataset/train/atencion/atencion_05807.jpg,Par pHash similar; cross_split=True.
alta,similaridad_perceptual_entre_clases,peligro|atencion,decidir etiqueta canonica o enviar a revision_dudosa,0,dataset/raw/peligro/peligro_03070.jpg,dataset/train/atencion/atencion_01937.jpg,Par pHash similar; cross_split=True.
alta,similaridad_perceptual_entre_clases,peligro|atencion,decidir etiqueta canonica o enviar a revision_dudosa,0,dataset/raw/peligro/peligro_03136.jpg,dataset/train/atencion/atencion_02541.jpg,Par pHash similar; cross_split=True.
alta,similaridad_perceptual_entre_clases,peligro|sano,decidir etiqueta canonica o enviar a revision_dudosa,0,dataset/raw/peligro/peligro_03136.jpg,dataset/train/sano/sano_01982.jpg,Par pHash similar; cross_split=True.
alta,similaridad_perceptual_entre_clases,peligro|atencion,decidir etiqueta canonica o enviar a revision_dudosa,0,dataset/raw/peligro/peligro_03198.jpg,dataset/train/atencion/atencion_03936.jpg,Par pHash similar; cross_split=True.
alta,similaridad_perceptual_entre_clases,peligro|sano,decidir etiqueta canonica o enviar a revision_dudosa,0,dataset/raw/peligro/peligro_03200.jpg,dataset/train/sano/sano_04269.jpg,Par pHash similar; cross_split=True.
alta,similaridad_perceptual_entre_clases,peligro|atencion,decidir etiqueta canonica o enviar a revision_dudosa,0,dataset/raw/peligro/peligro_03200.jpg,dataset/validation/atencion/atencion_01863.jpg,Par pHash similar; cross_split=True.
alta,similaridad_perceptual_entre_clases,peligro|sano,decidir etiqueta canonica o enviar a revision_dudosa,0,dataset/raw/peligro/peligro_03233.jpg,dataset/train/sano/sano_04313.jpg,Par pHash similar; cross_split=True.
alta,similaridad_perceptual_entre_clases,peligro|atencion,decidir etiqueta canonica o enviar a revision_dudosa,0,dataset/raw/peligro/peligro_03240.jpg,dataset/validation/atencion/atencion_02626.jpg,Par pHash similar; cross_split=True.
alta,similaridad_perceptual_entre_clases,peligro|atencion,decidir etiqueta canonica o enviar a revision_dudosa,0,dataset/raw/peligro/peligro_03440.jpg,dataset/test/atencion/atencion_03329.jpg,Par pHash similar; cross_split=True.
alta,similaridad_perceptual_entre_clases,peligro|atencion,decidir etiqueta canonica o enviar a revision_dudosa,0,dataset/raw/peligro/peligro_03449.jpg,dataset/validation/atencion/atencion_03340.jpg,Par pHash similar; cross_split=True.
alta,similaridad_perceptual_entre_clases,peligro|atencion,decidir etiqueta canonica o enviar a revision_dudosa,0,dataset/raw/peligro/peligro_03462.jpg,dataset/validation/atencion/atencion_03360.jpg,Par pHash similar; cross_split=True.
alta,similaridad_perceptual_entre_clases,peligro|atencion,decidir etiqueta canonica o enviar a revision_dudosa,0,dataset/raw/peligro/peligro_03515.jpg,dataset/validation/atencion/atencion_01977.jpg,Par pHash similar; cross_split=True.
alta,similaridad_perceptual_entre_clases,peligro|atencion,decidir etiqueta canonica o enviar a revision_dudosa,0,dataset/raw/peligro/peligro_03929.jpg,dataset/train/atencion/atencion_02180.jpg,Par pHash similar; cross_split=True.
alta,similaridad_perceptual_entre_clases,peligro|atencion,decidir etiqueta canonica o enviar a revision_dudosa,0,dataset/raw/peligro/peligro_03981.jpg,dataset/train/atencion/atencion_05400.jpg,Par pHash similar; cross_split=True.
alta,similaridad_perceptual_entre_clases,peligro|atencion,decidir etiqueta canonica o enviar a revision_dudosa,0,dataset/raw/peligro/peligro_04383.jpg,dataset/train/atencion/atencion_04738.jpg,Par pHash similar; cross_split=True.
alta,similaridad_perceptual_entre_clases,peligro|atencion,decidir etiqueta canonica o enviar a revision_dudosa,0,dataset/raw/peligro/peligro_04745.jpg,dataset/validation/atencion/atencion_05751.jpg,Par pHash similar; cross_split=True.
alta,similaridad_perceptual_entre_clases,peligro|sano,decidir etiqueta canonica o enviar a revision_dudosa,0,dataset/raw/peligro/peligro_05721.jpg,dataset/train/sano/sano_09610.jpg,Par pHash similar; cross_split=True.
alta,similaridad_perceptual_entre_clases,peligro|atencion,decidir etiqueta canonica o enviar a revision_dudosa,0,dataset/raw/peligro/peligro_05954.jpg,dataset/train/atencion/atencion_01047.jpg,Par pHash similar; cross_split=True.
alta,similaridad_perceptual_entre_clases,peligro|sano,decidir etiqueta canonica o enviar a revision_dudosa,0,dataset/raw/peligro/peligro_06151.jpg,dataset/train/sano/sano_07045.jpg,Par pHash similar; cross_split=True.
alta,similaridad_perceptual_entre_clases,peligro|atencion,decidir etiqueta canonica o enviar a revision_dudosa,0,dataset/raw/peligro/peligro_06486.jpg,dataset/train/atencion/atencion_05045.jpg,Par pHash similar; cross_split=True.
alta,similaridad_perceptual_entre_clases,peligro|atencion,decidir etiqueta canonica o enviar a revision_dudosa,0,dataset/raw/peligro/peligro_06855.jpg,dataset/validation/atencion/atencion_03541.jpg,Par pHash similar; cross_split=True.
alta,similaridad_perceptual_entre_clases,peligro|atencion,decidir etiqueta canonica o enviar a revision_dudosa,0,dataset/raw/peligro/peligro_07727.jpg,dataset/train/atencion/atencion_00600.jpg,Par pHash similar; cross_split=True.
alta,similaridad_perceptual_entre_clases,peligro|atencion,decidir etiqueta canonica o enviar a revision_dudosa,0,dataset/raw/peligro/peligro_09275.jpg,dataset/train/atencion/atencion_01759.jpg,Par pHash similar; cross_split=True.
alta,similaridad_perceptual_entre_clases,peligro|atencion,decidir etiqueta canonica o enviar a revision_dudosa,0,dataset/raw/peligro/peligro_09888.jpg,dataset/test/atencion/atencion_02045.jpg,Par pHash similar; cross_split=True.
alta,similaridad_perceptual_entre_clases,peligro|sano,decidir etiqueta canonica o enviar a revision_dudosa,0,dataset/raw/peligro/peligro_10002.jpg,dataset/train/sano/sano_01099.jpg,Par pHash similar; cross_split=True.
alta,similaridad_perceptual_entre_clases,peligro|atencion,decidir etiqueta canonica o enviar a revision_dudosa,0,dataset/raw/peligro/peligro_10119.jpg,dataset/train/atencion/atencion_00528.jpg,Par pHash similar; cross_split=True.
alta,similaridad_perceptual_entre_clases,peligro|atencion,decidir etiqueta canonica o enviar a revision_dudosa,0,dataset/raw/peligro/peligro_10469.jpg,dataset/validation/atencion/atencion_01166.jpg,Par pHash similar; cross_split=True.
alta,similaridad_perceptual_entre_clases,peligro|sano,decidir etiqueta canonica o enviar a revision_dudosa,0,dataset/raw/peligro/peligro_10795.jpg,dataset/train/sano/sano_03288.jpg,Par pHash similar; cross_split=True.
alta,similaridad_perceptual_entre_clases,peligro|atencion,decidir etiqueta canonica o enviar a revision_dudosa,0,dataset/raw/peligro/peligro_11476.jpg,dataset/train/atencion/atencion_04792.jpg,Par pHash similar; cross_split=True.
alta,similaridad_perceptual_entre_clases,peligro|sano,decidir etiqueta canonica o enviar a revision_dudosa,0,dataset/raw/peligro/peligro_11991.jpg,dataset/train/sano/sano_02159.jpg,Par pHash similar; cross_split=True.
alta,similaridad_perceptual_entre_clases,peligro|sano,decidir etiqueta canonica o enviar a revision_dudosa,0,dataset/raw/peligro/peligro_12028.jpg,dataset/validation/sano/sano_06496.jpg,Par pHash similar; cross_split=True.
alta,similaridad_perceptual_entre_clases,peligro|sano,decidir etiqueta canonica o enviar a revision_dudosa,0,dataset/raw/peligro/peligro_13301.jpg,dataset/validation/sano/sano_03782.jpg,Par pHash similar; cross_split=True.
alta,similaridad_perceptual_entre_clases,peligro|atencion,decidir etiqueta canonica o enviar a revision_dudosa,0,dataset/raw/peligro/peligro_13565.jpg,dataset/train/atencion/atencion_01518.jpg,Par pHash similar; cross_split=True.
alta,similaridad_perceptual_entre_clases,peligro|atencion,decidir etiqueta canonica o enviar a revision_dudosa,0,dataset/raw/peligro/peligro_13625.jpg,dataset/train/atencion/atencion_01812.jpg,Par pHash similar; cross_split=True.
alta,similaridad_perceptual_entre_clases,peligro|sano,decidir etiqueta canonica o enviar a revision_dudosa,0,dataset/raw/peligro/peligro_13625.jpg,dataset/train/sano/sano_06516.jpg,Par pHash similar; cross_split=True.
alta,similaridad_perceptual_entre_clases,peligro|atencion,decidir etiqueta canonica o enviar a revision_dudosa,0,dataset/raw/peligro/peligro_13697.jpg,dataset/validation/atencion/atencion_12528.jpg,Par pHash similar; cross_split=True.
alta,similaridad_perceptual_entre_clases,peligro|atencion,decidir etiqueta canonica o enviar a revision_dudosa,0,dataset/raw/peligro/peligro_14444.jpg,dataset/train/atencion/atencion_03031.jpg,Par pHash similar; cross_split=True.
alta,similaridad_perceptual_entre_clases,peligro|sano,decidir etiqueta canonica o enviar a revision_dudosa,0,dataset/raw/peligro/peligro_14795.jpg,dataset/validation/sano/sano_04350.jpg,Par pHash similar; cross_split=True.
alta,similaridad_perceptual_entre_clases,peligro|atencion,decidir etiqueta canonica o enviar a revision_dudosa,0,dataset/raw/peligro/peligro_14811.jpg,dataset/train/atencion/atencion_02872.jpg,Par pHash similar; cross_split=True.
alta,similaridad_perceptual_entre_clases,sano|peligro,decidir etiqueta canonica o enviar a revision_dudosa,0,dataset/raw/sano/sano_00033.jpg,dataset/train/peligro/peligro_01200.jpg,Par pHash similar; cross_split=True.
alta,similaridad_perceptual_entre_clases,sano|atencion,decidir etiqueta canonica o enviar a revision_dudosa,0,dataset/raw/sano/sano_00139.jpg,dataset/train/atencion/atencion_00012.jpg,Par pHash similar; cross_split=True.
alta,similaridad_perceptual_entre_clases,sano|atencion,decidir etiqueta canonica o enviar a revision_dudosa,0,dataset/raw/sano/sano_00181.jpg,dataset/train/atencion/atencion_00102.jpg,Par pHash similar; cross_split=True.
alta,similaridad_perceptual_entre_clases,sano|atencion,decidir etiqueta canonica o enviar a revision_dudosa,0,dataset/raw/sano/sano_00208.jpg,dataset/train/atencion/atencion_00082.jpg,Par pHash similar; cross_split=True.
alta,similaridad_perceptual_entre_clases,sano|atencion,decidir etiqueta canonica o enviar a revision_dudosa,0,dataset/raw/sano/sano_00211.jpg,dataset/validation/atencion/atencion_05171.jpg,Par pHash similar; cross_split=True.
alta,similaridad_perceptual_entre_clases,sano|atencion,decidir etiqueta canonica o enviar a revision_dudosa,0,dataset/raw/sano/sano_00525.jpg,dataset/test/atencion/atencion_01958.jpg,Par pHash similar; cross_split=True.
alta,similaridad_perceptual_entre_clases,sano|atencion,decidir etiqueta canonica o enviar a revision_dudosa,0,dataset/raw/sano/sano_00782.jpg,dataset/train/atencion/atencion_08223.jpg,Par pHash similar; cross_split=True.
alta,similaridad_perceptual_entre_clases,sano|atencion,decidir etiqueta canonica o enviar a revision_dudosa,0,dataset/raw/sano/sano_00809.jpg,dataset/train/atencion/atencion_06647.jpg,Par pHash similar; cross_split=True.
alta,similaridad_perceptual_entre_clases,sano|atencion,decidir etiqueta canonica o enviar a revision_dudosa,0,dataset/raw/sano/sano_00818.jpg,dataset/test/atencion/atencion_08131.jpg,Par pHash similar; cross_split=True.
alta,similaridad_perceptual_entre_clases,sano|atencion,decidir etiqueta canonica o enviar a revision_dudosa,0,dataset/raw/sano/sano_00939.jpg,dataset/test/atencion/atencion_01696.jpg,Par pHash similar; cross_split=True.
alta,similaridad_perceptual_entre_clases,sano|peligro,decidir etiqueta canonica o enviar a revision_dudosa,0,dataset/raw/sano/sano_01099.jpg,dataset/train/peligro/peligro_10002.jpg,Par pHash similar; cross_split=True.
alta,similaridad_perceptual_entre_clases,sano|atencion,decidir etiqueta canonica o enviar a revision_dudosa,0,dataset/raw/sano/sano_01147.jpg,dataset/validation/atencion/atencion_01997.jpg,Par pHash similar; cross_split=True.
alta,similaridad_perceptual_entre_clases,sano|atencion,decidir etiqueta canonica o enviar a revision_dudosa,0,dataset/raw/sano/sano_01174.jpg,dataset/train/atencion/atencion_02388.jpg,Par pHash similar; cross_split=True.
alta,similaridad_perceptual_entre_clases,sano|peligro,decidir etiqueta canonica o enviar a revision_dudosa,0,dataset/raw/sano/sano_01355.jpg,dataset/train/peligro/peligro_13301.jpg,Par pHash similar; cross_split=True.
alta,similaridad_perceptual_entre_clases,sano|atencion,decidir etiqueta canonica o enviar a revision_dudosa,0,dataset/raw/sano/sano_01399.jpg,dataset/train/atencion/atencion_01560.jpg,Par pHash similar; cross_split=True.
alta,similaridad_perceptual_entre_clases,sano|atencion,decidir etiqueta canonica o enviar a revision_dudosa,0,dataset/raw/sano/sano_01435.jpg,dataset/validation/atencion/atencion_02197.jpg,Par pHash similar; cross_split=True.
alta,similaridad_perceptual_entre_clases,sano|peligro,decidir etiqueta canonica o enviar a revision_dudosa,0,dataset/raw/sano/sano_01586.jpg,dataset/train/peligro/peligro_06495.jpg,Par pHash similar; cross_split=True.
alta,similaridad_perceptual_entre_clases,sano|atencion,decidir etiqueta canonica o enviar a revision_dudosa,0,dataset/raw/sano/sano_01607.jpg,dataset/validation/atencion/atencion_01967.jpg,Par pHash similar; cross_split=True.
alta,similaridad_perceptual_entre_clases,sano|peligro,decidir etiqueta canonica o enviar a revision_dudosa,0,dataset/raw/sano/sano_01643.jpg,dataset/train/peligro/peligro_09021.jpg,Par pHash similar; cross_split=True.
alta,similaridad_perceptual_entre_clases,sano|atencion,decidir etiqueta canonica o enviar a revision_dudosa,0,dataset/raw/sano/sano_01771.jpg,dataset/train/atencion/atencion_00807.jpg,Par pHash similar; cross_split=True.
alta,similaridad_perceptual_entre_clases,sano|peligro,decidir etiqueta canonica o enviar a revision_dudosa,0,dataset/raw/sano/sano_01773.jpg,dataset/train/peligro/peligro_06855.jpg,Par pHash similar; cross_split=True.
alta,similaridad_perceptual_entre_clases,sano|atencion,decidir etiqueta canonica o enviar a revision_dudosa,0,dataset/raw/sano/sano_01773.jpg,dataset/validation/atencion/atencion_03541.jpg,Par pHash similar; cross_split=True.
alta,similaridad_perceptual_entre_clases,sano|peligro,decidir etiqueta canonica o enviar a revision_dudosa,0,dataset/raw/sano/sano_01781.jpg,dataset/train/peligro/peligro_02985.jpg,Par pHash similar; cross_split=True.
alta,similaridad_perceptual_entre_clases,sano|atencion,decidir etiqueta canonica o enviar a revision_dudosa,0,dataset/raw/sano/sano_01829.jpg,dataset/train/atencion/atencion_01371.jpg,Par pHash similar; cross_split=True.
alta,similaridad_perceptual_entre_clases,sano|atencion,decidir etiqueta canonica o enviar a revision_dudosa,0,dataset/raw/sano/sano_01844.jpg,dataset/train/atencion/atencion_01014.jpg,Par pHash similar; cross_split=True.
alta,similaridad_perceptual_entre_clases,sano|atencion,decidir etiqueta canonica o enviar a revision_dudosa,0,dataset/raw/sano/sano_01901.jpg,dataset/train/atencion/atencion_00763.jpg,Par pHash similar; cross_split=True.
alta,similaridad_perceptual_entre_clases,sano|peligro,decidir etiqueta canonica o enviar a revision_dudosa,0,dataset/raw/sano/sano_01901.jpg,dataset/train/peligro/peligro_00118.jpg,Par pHash similar; cross_split=True.
alta,similaridad_perceptual_entre_clases,sano|peligro,decidir etiqueta canonica o enviar a revision_dudosa,0,dataset/raw/sano/sano_01905.jpg,dataset/train/peligro/peligro_01963.jpg,Par pHash similar; cross_split=True.
alta,similaridad_perceptual_entre_clases,sano|atencion,decidir etiqueta canonica o enviar a revision_dudosa,0,dataset/raw/sano/sano_01905.jpg,dataset/validation/atencion/atencion_06284.jpg,Par pHash similar; cross_split=True.
alta,similaridad_perceptual_entre_clases,sano|atencion,decidir etiqueta canonica o enviar a revision_dudosa,0,dataset/raw/sano/sano_01928.jpg,dataset/train/atencion/atencion_01399.jpg,Par pHash similar; cross_split=True.
alta,similaridad_perceptual_entre_clases,sano|atencion,decidir etiqueta canonica o enviar a revision_dudosa,0,dataset/raw/sano/sano_01932.jpg,dataset/train/atencion/atencion_01028.jpg,Par pHash similar; cross_split=True.
alta,similaridad_perceptual_entre_clases,sano|atencion,decidir etiqueta canonica o enviar a revision_dudosa,0,dataset/raw/sano/sano_01990.jpg,dataset/train/atencion/atencion_00630.jpg,Par pHash similar; cross_split=True.
alta,similaridad_perceptual_entre_clases,sano|peligro,decidir etiqueta canonica o enviar a revision_dudosa,0,dataset/raw/sano/sano_01990.jpg,dataset/validation/peligro/peligro_00070.jpg,Par pHash similar; cross_split=True.
alta,similaridad_perceptual_entre_clases,sano|atencion,decidir etiqueta canonica o enviar a revision_dudosa,0,dataset/raw/sano/sano_02004.jpg,dataset/train/atencion/atencion_00782.jpg,Par pHash similar; cross_split=True.
alta,similaridad_perceptual_entre_clases,sano|peligro,decidir etiqueta canonica o enviar a revision_dudosa,0,dataset/raw/sano/sano_02004.jpg,dataset/train/peligro/peligro_05562.jpg,Par pHash similar; cross_split=True.
alta,similaridad_perceptual_entre_clases,sano|atencion,decidir etiqueta canonica o enviar a revision_dudosa,0,dataset/raw/sano/sano_02046.jpg,dataset/test/atencion/atencion_00776.jpg,Par pHash similar; cross_split=True.
alta,similaridad_perceptual_entre_clases,sano|atencion,decidir etiqueta canonica o enviar a revision_dudosa,0,dataset/raw/sano/sano_02066.jpg,dataset/train/atencion/atencion_01427.jpg,Par pHash similar; cross_split=True.
alta,similaridad_perceptual_entre_clases,sano|peligro,decidir etiqueta canonica o enviar a revision_dudosa,0,dataset/raw/sano/sano_02066.jpg,dataset/train/peligro/peligro_01274.jpg,Par pHash similar; cross_split=True.
alta,similaridad_perceptual_entre_clases,sano|atencion,decidir etiqueta canonica o enviar a revision_dudosa,0,dataset/raw/sano/sano_02083.jpg,dataset/train/atencion/atencion_00606.jpg,Par pHash similar; cross_split=True.
alta,similaridad_perceptual_entre_clases,sano|atencion,decidir etiqueta canonica o enviar a revision_dudosa,0,dataset/raw/sano/sano_02133.jpg,dataset/test/atencion/atencion_01467.jpg,Par pHash similar; cross_split=True.
alta,similaridad_perceptual_entre_clases,sano|atencion,decidir etiqueta canonica o enviar a revision_dudosa,0,dataset/raw/sano/sano_02197.jpg,dataset/train/atencion/atencion_07452.jpg,Par pHash similar; cross_split=True.
alta,similaridad_perceptual_entre_clases,sano|atencion,decidir etiqueta canonica o enviar a revision_dudosa,0,dataset/raw/sano/sano_02233.jpg,dataset/validation/atencion/atencion_01373.jpg,Par pHash similar; cross_split=True.
alta,similaridad_perceptual_entre_clases,sano|atencion,decidir etiqueta canonica o enviar a revision_dudosa,0,dataset/raw/sano/sano_02235.jpg,dataset/train/atencion/atencion_01120.jpg,Par pHash similar; cross_split=True.
alta,similaridad_perceptual_entre_clases,sano|peligro,decidir etiqueta canonica o enviar a revision_dudosa,0,dataset/raw/sano/sano_02235.jpg,dataset/validation/peligro/peligro_00189.jpg,Par pHash similar; cross_split=True.
alta,similaridad_perceptual_entre_clases,sano|atencion,decidir etiqueta canonica o enviar a revision_dudosa,0,dataset/raw/sano/sano_02258.jpg,dataset/train/atencion/atencion_00580.jpg,Par pHash similar; cross_split=True.
alta,similaridad_perceptual_entre_clases,sano|atencion,decidir etiqueta canonica o enviar a revision_dudosa,0,dataset/raw/sano/sano_02328.jpg,dataset/train/atencion/atencion_02541.jpg,Par pHash similar; cross_split=True.
alta,similaridad_perceptual_entre_clases,sano|peligro,decidir etiqueta canonica o enviar a revision_dudosa,0,dataset/raw/sano/sano_02328.jpg,dataset/train/peligro/peligro_03136.jpg,Par pHash similar; cross_split=True.
alta,similaridad_perceptual_entre_clases,sano|atencion,decidir etiqueta canonica o enviar a revision_dudosa,0,dataset/raw/sano/sano_02405.jpg,dataset/train/atencion/atencion_01704.jpg,Par pHash similar; cross_split=True.
alta,similaridad_perceptual_entre_clases,sano|peligro,decidir etiqueta canonica o enviar a revision_dudosa,0,dataset/raw/sano/sano_02864.jpg,dataset/train/peligro/peligro_00199.jpg,Par pHash similar; cross_split=True.
alta,similaridad_perceptual_entre_clases,sano|atencion,decidir etiqueta canonica o enviar a revision_dudosa,0,dataset/raw/sano/sano_02884.jpg,dataset/train/atencion/atencion_01469.jpg,Par pHash similar; cross_split=True.
alta,similaridad_perceptual_entre_clases,sano|atencion,decidir etiqueta canonica o enviar a revision_dudosa,0,dataset/raw/sano/sano_02893.jpg,dataset/train/atencion/atencion_11964.jpg,Par pHash similar; cross_split=True.
alta,similaridad_perceptual_entre_clases,sano|atencion,decidir etiqueta canonica o enviar a revision_dudosa,0,dataset/raw/sano/sano_02922.jpg,dataset/train/atencion/atencion_03300.jpg,Par pHash similar; cross_split=True.
alta,similaridad_perceptual_entre_clases,sano|peligro,decidir etiqueta canonica o enviar a revision_dudosa,0,dataset/raw/sano/sano_02935.jpg,dataset/validation/peligro/peligro_00230.jpg,Par pHash similar; cross_split=True.
alta,similaridad_perceptual_entre_clases,sano|atencion,decidir etiqueta canonica o enviar a revision_dudosa,0,dataset/raw/sano/sano_03206.jpg,dataset/test/atencion/atencion_02194.jpg,Par pHash similar; cross_split=True.
alta,similaridad_perceptual_entre_clases,sano|atencion,decidir etiqueta canonica o enviar a revision_dudosa,0,dataset/raw/sano/sano_03246.jpg,dataset/train/atencion/atencion_00349.jpg,Par pHash similar; cross_split=True.
alta,similaridad_perceptual_entre_clases,sano|peligro,decidir etiqueta canonica o enviar a revision_dudosa,0,dataset/raw/sano/sano_03288.jpg,dataset/validation/peligro/peligro_10795.jpg,Par pHash similar; cross_split=True.
alta,similaridad_perceptual_entre_clases,sano|atencion,decidir etiqueta canonica o enviar a revision_dudosa,0,dataset/raw/sano/sano_03879.jpg,dataset/train/atencion/atencion_01844.jpg,Par pHash similar; cross_split=True.
alta,similaridad_perceptual_entre_clases,sano|atencion,decidir etiqueta canonica o enviar a revision_dudosa,0,dataset/raw/sano/sano_03904.jpg,dataset/train/atencion/atencion_03941.jpg,Par pHash similar; cross_split=True.
alta,similaridad_perceptual_entre_clases,sano|atencion,decidir etiqueta canonica o enviar a revision_dudosa,0,dataset/raw/sano/sano_04266.jpg,dataset/train/atencion/atencion_01791.jpg,Par pHash similar; cross_split=True.
alta,similaridad_perceptual_entre_clases,sano|peligro,decidir etiqueta canonica o enviar a revision_dudosa,0,dataset/raw/sano/sano_04269.jpg,dataset/train/peligro/peligro_03200.jpg,Par pHash similar; cross_split=True.
alta,similaridad_perceptual_entre_clases,sano|atencion,decidir etiqueta canonica o enviar a revision_dudosa,0,dataset/raw/sano/sano_04269.jpg,dataset/validation/atencion/atencion_01863.jpg,Par pHash similar; cross_split=True.
alta,similaridad_perceptual_entre_clases,sano|atencion,decidir etiqueta canonica o enviar a revision_dudosa,0,dataset/raw/sano/sano_04292.jpg,dataset/train/atencion/atencion_02906.jpg,Par pHash similar; cross_split=True.
alta,similaridad_perceptual_entre_clases,sano|peligro,decidir etiqueta canonica o enviar a revision_dudosa,0,dataset/raw/sano/sano_04313.jpg,dataset/validation/peligro/peligro_03233.jpg,Par pHash similar; cross_split=True.
alta,similaridad_perceptual_entre_clases,sano|atencion,decidir etiqueta canonica o enviar a revision_dudosa,0,dataset/raw/sano/sano_04340.jpg,dataset/validation/atencion/atencion_01756.jpg,Par pHash similar; cross_split=True.
alta,similaridad_perceptual_entre_clases,sano|peligro,decidir etiqueta canonica o enviar a revision_dudosa,0,dataset/raw/sano/sano_04350.jpg,dataset/train/peligro/peligro_14795.jpg,Par pHash similar; cross_split=True.
alta,similaridad_perceptual_entre_clases,sano|atencion,decidir etiqueta canonica o enviar a revision_dudosa,0,dataset/raw/sano/sano_04360.jpg,dataset/train/atencion/atencion_01872.jpg,Par pHash similar; cross_split=True.
alta,similaridad_perceptual_entre_clases,sano|peligro,decidir etiqueta canonica o enviar a revision_dudosa,0,dataset/raw/sano/sano_04522.jpg,dataset/train/peligro/peligro_03481.jpg,Par pHash similar; cross_split=True.
alta,similaridad_perceptual_entre_clases,sano|atencion,decidir etiqueta canonica o enviar a revision_dudosa,0,dataset/raw/sano/sano_04696.jpg,dataset/train/atencion/atencion_00860.jpg,Par pHash similar; cross_split=True.
alta,similaridad_perceptual_entre_clases,sano|atencion,decidir etiqueta canonica o enviar a revision_dudosa,0,dataset/raw/sano/sano_04875.jpg,dataset/train/atencion/atencion_00225.jpg,Par pHash similar; cross_split=True.
alta,similaridad_perceptual_entre_clases,sano|atencion,decidir etiqueta canonica o enviar a revision_dudosa,0,dataset/raw/sano/sano_05769.jpg,dataset/train/atencion/atencion_00177.jpg,Par pHash similar; cross_split=True.
alta,similaridad_perceptual_entre_clases,sano|peligro,decidir etiqueta canonica o enviar a revision_dudosa,0,dataset/raw/sano/sano_06496.jpg,dataset/validation/peligro/peligro_12028.jpg,Par pHash similar; cross_split=True.
alta,similaridad_perceptual_entre_clases,sano|atencion,decidir etiqueta canonica o enviar a revision_dudosa,0,dataset/raw/sano/sano_06516.jpg,dataset/train/atencion/atencion_01812.jpg,Par pHash similar; cross_split=True.
alta,similaridad_perceptual_entre_clases,sano|peligro,decidir etiqueta canonica o enviar a revision_dudosa,0,dataset/raw/sano/sano_06516.jpg,dataset/train/peligro/peligro_13625.jpg,Par pHash similar; cross_split=True.
alta,similaridad_perceptual_entre_clases,sano|peligro,decidir etiqueta canonica o enviar a revision_dudosa,0,dataset/raw/sano/sano_06836.jpg,dataset/validation/peligro/peligro_02072.jpg,Par pHash similar; cross_split=True.
alta,similaridad_perceptual_entre_clases,sano|peligro,decidir etiqueta canonica o enviar a revision_dudosa,0,dataset/raw/sano/sano_07045.jpg,dataset/validation/peligro/peligro_06151.jpg,Par pHash similar; cross_split=True.
alta,similaridad_perceptual_entre_clases,sano|atencion,decidir etiqueta canonica o enviar a revision_dudosa,0,dataset/raw/sano/sano_08833.jpg,dataset/train/atencion/atencion_02919.jpg,Par pHash similar; cross_split=True.
alta,similaridad_perceptual_entre_clases,sano|atencion,decidir etiqueta canonica o enviar a revision_dudosa,0,dataset/raw/sano/sano_09177.jpg,dataset/train/atencion/atencion_01772.jpg,Par pHash similar; cross_split=True.
alta,similaridad_perceptual_entre_clases,sano|peligro,decidir etiqueta canonica o enviar a revision_dudosa,0,dataset/raw/sano/sano_09610.jpg,dataset/validation/peligro/peligro_05721.jpg,Par pHash similar; cross_split=True.
alta,similaridad_perceptual_entre_clases,sano|atencion,decidir etiqueta canonica o enviar a revision_dudosa,0,dataset/raw/sano/sano_09702.jpg,dataset/train/atencion/atencion_00233.jpg,Par pHash similar; cross_split=True.
alta,similaridad_perceptual_entre_clases,sano|atencion,decidir etiqueta canonica o enviar a revision_dudosa,0,dataset/raw/sano/sano_10191.jpg,dataset/train/atencion/atencion_01908.jpg,Par pHash similar; cross_split=True.
alta,similaridad_perceptual_entre_clases,sano|atencion,decidir etiqueta canonica o enviar a revision_dudosa,0,dataset/raw/sano/sano_11914.jpg,dataset/train/atencion/atencion_02019.jpg,Par pHash similar; cross_split=True.
alta,similaridad_perceptual_entre_clases,atencion|sano,decidir etiqueta canonica o enviar a revision_dudosa,0,dataset/train/atencion/atencion_00102.jpg,dataset/validation/sano/sano_00181.jpg,Par pHash similar; cross_split=True.
alta,similaridad_perceptual_entre_clases,atencion|sano,decidir etiqueta canonica o enviar a revision_dudosa,0,dataset/train/atencion/atencion_00233.jpg,dataset/validation/sano/sano_09702.jpg,Par pHash similar; cross_split=True.
alta,similaridad_perceptual_entre_clases,atencion|peligro,decidir etiqueta canonica o enviar a revision_dudosa,0,dataset/train/atencion/atencion_00600.jpg,dataset/test/peligro/peligro_07727.jpg,Par pHash similar; cross_split=True.
alta,similaridad_perceptual_entre_clases,atencion|peligro,decidir etiqueta canonica o enviar a revision_dudosa,0,dataset/train/atencion/atencion_00619.jpg,dataset/validation/peligro/peligro_01671.jpg,Par pHash similar; cross_split=True.
alta,similaridad_perceptual_entre_clases,atencion|peligro,decidir etiqueta canonica o enviar a revision_dudosa,0,dataset/train/atencion/atencion_00630.jpg,dataset/validation/peligro/peligro_00070.jpg,Par pHash similar; cross_split=True.
alta,similaridad_perceptual_entre_clases,atencion|peligro,decidir etiqueta canonica o enviar a revision_dudosa,0,dataset/train/atencion/atencion_00658.jpg,dataset/validation/peligro/peligro_00694.jpg,Par pHash similar; cross_split=True.
alta,similaridad_perceptual_entre_clases,atencion|peligro,decidir etiqueta canonica o enviar a revision_dudosa,0,dataset/train/atencion/atencion_00693.jpg,dataset/test/peligro/peligro_00113.jpg,Par pHash similar; cross_split=True.
alta,similaridad_perceptual_entre_clases,atencion|sano,decidir etiqueta canonica o enviar a revision_dudosa,0,dataset/train/atencion/atencion_00860.jpg,dataset/validation/sano/sano_04696.jpg,Par pHash similar; cross_split=True.
alta,similaridad_perceptual_entre_clases,atencion|peligro,decidir etiqueta canonica o enviar a revision_dudosa,0,dataset/train/atencion/atencion_01120.jpg,dataset/validation/peligro/peligro_00189.jpg,Par pHash similar; cross_split=True.
alta,similaridad_perceptual_entre_clases,atencion|peligro,decidir etiqueta canonica o enviar a revision_dudosa,0,dataset/train/atencion/atencion_01548.jpg,dataset/test/peligro/peligro_02082.jpg,Par pHash similar; cross_split=True.
alta,similaridad_perceptual_entre_clases,atencion|peligro,decidir etiqueta canonica o enviar a revision_dudosa,0,dataset/train/atencion/atencion_01550.jpg,dataset/validation/peligro/peligro_00022.jpg,Par pHash similar; cross_split=True.
alta,similaridad_perceptual_entre_clases,atencion|peligro,decidir etiqueta canonica o enviar a revision_dudosa,0,dataset/train/atencion/atencion_01759.jpg,dataset/validation/peligro/peligro_09275.jpg,Par pHash similar; cross_split=True.
alta,similaridad_perceptual_entre_clases,atencion|sano,decidir etiqueta canonica o enviar a revision_dudosa,0,dataset/train/atencion/atencion_01801.jpg,dataset/validation/sano/sano_01915.jpg,Par pHash similar; cross_split=True.
alta,similaridad_perceptual_entre_clases,atencion|peligro,decidir etiqueta canonica o enviar a revision_dudosa,0,dataset/train/atencion/atencion_01937.jpg,dataset/validation/peligro/peligro_03070.jpg,Par pHash similar; cross_split=True.
alta,similaridad_perceptual_entre_clases,atencion|sano,decidir etiqueta canonica o enviar a revision_dudosa,0,dataset/train/atencion/atencion_02906.jpg,dataset/validation/sano/sano_04292.jpg,Par pHash similar; cross_split=True.
alta,similaridad_perceptual_entre_clases,atencion|sano,decidir etiqueta canonica o enviar a revision_dudosa,0,dataset/train/atencion/atencion_02919.jpg,dataset/test/sano/sano_08833.jpg,Par pHash similar; cross_split=True.
alta,similaridad_perceptual_entre_clases,atencion|sano,decidir etiqueta canonica o enviar a revision_dudosa,0,dataset/train/atencion/atencion_03300.jpg,dataset/validation/sano/sano_02922.jpg,Par pHash similar; cross_split=True.
alta,similaridad_perceptual_entre_clases,atencion|peligro,decidir etiqueta canonica o enviar a revision_dudosa,0,dataset/train/atencion/atencion_03350.jpg,dataset/test/peligro/peligro_04467.jpg,Par pHash similar; cross_split=True.
alta,similaridad_perceptual_entre_clases,atencion|peligro,decidir etiqueta canonica o enviar a revision_dudosa,0,dataset/train/atencion/atencion_05807.jpg,dataset/test/peligro/peligro_03041.jpg,Par pHash similar; cross_split=True.
alta,similaridad_perceptual_entre_clases,atencion|sano,decidir etiqueta canonica o enviar a revision_dudosa,0,dataset/train/atencion/atencion_08223.jpg,dataset/validation/sano/sano_00782.jpg,Par pHash similar; cross_split=True.
alta,similaridad_perceptual_entre_clases,atencion|sano,decidir etiqueta canonica o enviar a revision_dudosa,0,dataset/train/atencion/atencion_09668.jpg,dataset/validation/sano/sano_02900.jpg,Par pHash similar; cross_split=True.
alta,similaridad_perceptual_entre_clases,atencion|sano,decidir etiqueta canonica o enviar a revision_dudosa,0,dataset/train/atencion/atencion_09708.jpg,dataset/test/sano/sano_02723.jpg,Par pHash similar; cross_split=True.
alta,similaridad_perceptual_entre_clases,atencion|peligro,decidir etiqueta canonica o enviar a revision_dudosa,0,dataset/train/atencion/atencion_10354.jpg,dataset/validation/peligro/peligro_01403.jpg,Par pHash similar; cross_split=True.
alta,similaridad_perceptual_entre_clases,peligro|atencion,decidir etiqueta canonica o enviar a revision_dudosa,0,dataset/train/peligro/peligro_00010.jpg,dataset/test/atencion/atencion_00661.jpg,Par pHash similar; cross_split=True.
alta,similaridad_perceptual_entre_clases,peligro|atencion,decidir etiqueta canonica o enviar a revision_dudosa,0,dataset/train/peligro/peligro_00093.jpg,dataset/validation/atencion/atencion_01398.jpg,Par pHash similar; cross_split=True.
alta,similaridad_perceptual_entre_clases,peligro|atencion,decidir etiqueta canonica o enviar a revision_dudosa,0,dataset/train/peligro/peligro_00100.jpg,dataset/validation/atencion/atencion_00700.jpg,Par pHash similar; cross_split=True.
alta,similaridad_perceptual_entre_clases,peligro|atencion,decidir etiqueta canonica o enviar a revision_dudosa,0,dataset/train/peligro/peligro_00119.jpg,dataset/validation/atencion/atencion_00771.jpg,Par pHash similar; cross_split=True.
alta,similaridad_perceptual_entre_clases,peligro|atencion,decidir etiqueta canonica o enviar a revision_dudosa,0,dataset/train/peligro/peligro_00157.jpg,dataset/validation/atencion/atencion_05135.jpg,Par pHash similar; cross_split=True.
alta,similaridad_perceptual_entre_clases,peligro|sano,decidir etiqueta canonica o enviar a revision_dudosa,0,dataset/train/peligro/peligro_00199.jpg,dataset/test/sano/sano_02864.jpg,Par pHash similar; cross_split=True.
alta,similaridad_perceptual_entre_clases,peligro|atencion,decidir etiqueta canonica o enviar a revision_dudosa,0,dataset/train/peligro/peligro_01169.jpg,dataset/validation/atencion/atencion_01412.jpg,Par pHash similar; cross_split=True.
alta,similaridad_perceptual_entre_clases,peligro|atencion,decidir etiqueta canonica o enviar a revision_dudosa,0,dataset/train/peligro/peligro_01347.jpg,dataset/test/atencion/atencion_00555.jpg,Par pHash similar; cross_split=True.
alta,similaridad_perceptual_entre_clases,peligro|atencion,decidir etiqueta canonica o enviar a revision_dudosa,0,dataset/train/peligro/peligro_01440.jpg,dataset/test/atencion/atencion_01346.jpg,Par pHash similar; cross_split=True.
alta,similaridad_perceptual_entre_clases,peligro|atencion,decidir etiqueta canonica o enviar a revision_dudosa,0,dataset/train/peligro/peligro_01500.jpg,dataset/test/atencion/atencion_02316.jpg,Par pHash similar; cross_split=True.
alta,similaridad_perceptual_entre_clases,peligro|atencion,decidir etiqueta canonica o enviar a revision_dudosa,0,dataset/train/peligro/peligro_01963.jpg,dataset/validation/atencion/atencion_06284.jpg,Par pHash similar; cross_split=True.
alta,similaridad_perceptual_entre_clases,peligro|atencion,decidir etiqueta canonica o enviar a revision_dudosa,0,dataset/train/peligro/peligro_03200.jpg,dataset/validation/atencion/atencion_01863.jpg,Par pHash similar; cross_split=True.
alta,similaridad_perceptual_entre_clases,peligro|atencion,decidir etiqueta canonica o enviar a revision_dudosa,0,dataset/train/peligro/peligro_03240.jpg,dataset/validation/atencion/atencion_02626.jpg,Par pHash similar; cross_split=True.
alta,similaridad_perceptual_entre_clases,peligro|atencion,decidir etiqueta canonica o enviar a revision_dudosa,0,dataset/train/peligro/peligro_03440.jpg,dataset/test/atencion/atencion_03329.jpg,Par pHash similar; cross_split=True.
alta,similaridad_perceptual_entre_clases,peligro|atencion,decidir etiqueta canonica o enviar a revision_dudosa,0,dataset/train/peligro/peligro_03462.jpg,dataset/validation/atencion/atencion_03360.jpg,Par pHash similar; cross_split=True.
alta,similaridad_perceptual_entre_clases,peligro|atencion,decidir etiqueta canonica o enviar a revision_dudosa,0,dataset/train/peligro/peligro_03515.jpg,dataset/validation/atencion/atencion_01977.jpg,Par pHash similar; cross_split=True.
alta,similaridad_perceptual_entre_clases,peligro|atencion,decidir etiqueta canonica o enviar a revision_dudosa,0,dataset/train/peligro/peligro_04745.jpg,dataset/validation/atencion/atencion_05751.jpg,Par pHash similar; cross_split=True.
alta,similaridad_perceptual_entre_clases,peligro|atencion,decidir etiqueta canonica o enviar a revision_dudosa,0,dataset/train/peligro/peligro_06855.jpg,dataset/validation/atencion/atencion_03541.jpg,Par pHash similar; cross_split=True.
alta,similaridad_perceptual_entre_clases,peligro|atencion,decidir etiqueta canonica o enviar a revision_dudosa,0,dataset/train/peligro/peligro_09888.jpg,dataset/test/atencion/atencion_02045.jpg,Par pHash similar; cross_split=True.
alta,similaridad_perceptual_entre_clases,peligro|atencion,decidir etiqueta canonica o enviar a revision_dudosa,0,dataset/train/peligro/peligro_10469.jpg,dataset/validation/atencion/atencion_01166.jpg,Par pHash similar; cross_split=True.
alta,similaridad_perceptual_entre_clases,peligro|sano,decidir etiqueta canonica o enviar a revision_dudosa,0,dataset/train/peligro/peligro_13301.jpg,dataset/validation/sano/sano_03782.jpg,Par pHash similar; cross_split=True.
alta,similaridad_perceptual_entre_clases,peligro|atencion,decidir etiqueta canonica o enviar a revision_dudosa,0,dataset/train/peligro/peligro_13697.jpg,dataset/validation/atencion/atencion_12528.jpg,Par pHash similar; cross_split=True.
alta,similaridad_perceptual_entre_clases,peligro|sano,decidir etiqueta canonica o enviar a revision_dudosa,0,dataset/train/peligro/peligro_14795.jpg,dataset/validation/sano/sano_04350.jpg,Par pHash similar; cross_split=True.
alta,similaridad_perceptual_entre_clases,sano|atencion,decidir etiqueta canonica o enviar a revision_dudosa,0,dataset/train/sano/sano_00211.jpg,dataset/validation/atencion/atencion_05171.jpg,Par pHash similar; cross_split=True.
alta,similaridad_perceptual_entre_clases,sano|atencion,decidir etiqueta canonica o enviar a revision_dudosa,0,dataset/train/sano/sano_00525.jpg,dataset/test/atencion/atencion_01958.jpg,Par pHash similar; cross_split=True.
alta,similaridad_perceptual_entre_clases,sano|atencion,decidir etiqueta canonica o enviar a revision_dudosa,0,dataset/train/sano/sano_00818.jpg,dataset/test/atencion/atencion_08131.jpg,Par pHash similar; cross_split=True.
alta,similaridad_perceptual_entre_clases,sano|atencion,decidir etiqueta canonica o enviar a revision_dudosa,0,dataset/train/sano/sano_01147.jpg,dataset/validation/atencion/atencion_01997.jpg,Par pHash similar; cross_split=True.
alta,similaridad_perceptual_entre_clases,sano|atencion,decidir etiqueta canonica o enviar a revision_dudosa,0,dataset/train/sano/sano_01449.jpg,dataset/validation/atencion/atencion_00207.jpg,Par pHash similar; cross_split=True.
alta,similaridad_perceptual_entre_clases,sano|atencion,decidir etiqueta canonica o enviar a revision_dudosa,0,dataset/train/sano/sano_01945.jpg,dataset/validation/atencion/atencion_03246.jpg,Par pHash similar; cross_split=True.
alta,similaridad_perceptual_entre_clases,sano|peligro,decidir etiqueta canonica o enviar a revision_dudosa,0,dataset/train/sano/sano_02008.jpg,dataset/test/peligro/peligro_02082.jpg,Par pHash similar; cross_split=True.
alta,similaridad_perceptual_entre_clases,sano|peligro,decidir etiqueta canonica o enviar a revision_dudosa,0,dataset/train/sano/sano_02159.jpg,dataset/test/peligro/peligro_11991.jpg,Par pHash similar; cross_split=True.
alta,similaridad_perceptual_entre_clases,sano|peligro,decidir etiqueta canonica o enviar a revision_dudosa,0,dataset/train/sano/sano_03288.jpg,dataset/validation/peligro/peligro_10795.jpg,Par pHash similar; cross_split=True.
alta,similaridad_perceptual_entre_clases,sano|atencion,decidir etiqueta canonica o enviar a revision_dudosa,0,dataset/train/sano/sano_04269.jpg,dataset/validation/atencion/atencion_01863.jpg,Par pHash similar; cross_split=True.
alta,similaridad_perceptual_entre_clases,sano|peligro,decidir etiqueta canonica o enviar a revision_dudosa,0,dataset/train/sano/sano_04313.jpg,dataset/validation/peligro/peligro_03233.jpg,Par pHash similar; cross_split=True.
alta,similaridad_perceptual_entre_clases,sano|atencion,decidir etiqueta canonica o enviar a revision_dudosa,0,dataset/train/sano/sano_04340.jpg,dataset/validation/atencion/atencion_01756.jpg,Par pHash similar; cross_split=True.
alta,similaridad_perceptual_entre_clases,sano|peligro,decidir etiqueta canonica o enviar a revision_dudosa,0,dataset/train/sano/sano_07045.jpg,dataset/validation/peligro/peligro_06151.jpg,Par pHash similar; cross_split=True.
alta,similaridad_perceptual_entre_clases,sano|peligro,decidir etiqueta canonica o enviar a revision_dudosa,0,dataset/train/sano/sano_09610.jpg,dataset/validation/peligro/peligro_05721.jpg,Par pHash similar; cross_split=True.
alta,similaridad_perceptual_entre_clases,atencion|peligro,decidir etiqueta canonica o enviar a revision_dudosa,0,dataset/validation/atencion/atencion_09665.jpg,dataset/test/peligro/peligro_00936.jpg,Par pHash similar; cross_split=True.
alta,similaridad_perceptual_entre_clases,peligro|atencion,decidir etiqueta canonica o enviar a revision_dudosa,0,dataset/validation/peligro/peligro_00112.jpg,dataset/test/atencion/atencion_01558.jpg,Par pHash similar; cross_split=True.
alta,similaridad_perceptual_entre_clases,peligro|sano,decidir etiqueta canonica o enviar a revision_dudosa,0,dataset/validation/peligro/peligro_00230.jpg,dataset/test/sano/sano_02935.jpg,Par pHash similar; cross_split=True.
alta,similaridad_perceptual_entre_clases,atencion|peligro,decidir etiqueta canonica o enviar a revision_dudosa,0,dataset/raw/atencion/atencion_00004.jpg,dataset/raw/peligro/peligro_00179.jpg,Par pHash similar; cross_split=False.
alta,similaridad_perceptual_entre_clases,atencion|sano,decidir etiqueta canonica o enviar a revision_dudosa,0,dataset/raw/atencion/atencion_00012.jpg,dataset/raw/sano/sano_00139.jpg,Par pHash similar; cross_split=False.
alta,similaridad_perceptual_entre_clases,atencion|peligro,decidir etiqueta canonica o enviar a revision_dudosa,0,dataset/raw/atencion/atencion_00034.jpg,dataset/raw/peligro/peligro_00101.jpg,Par pHash similar; cross_split=False.
alta,similaridad_perceptual_entre_clases,atencion|sano,decidir etiqueta canonica o enviar a revision_dudosa,0,dataset/raw/atencion/atencion_00177.jpg,dataset/raw/sano/sano_05769.jpg,Par pHash similar; cross_split=False.
alta,similaridad_perceptual_entre_clases,atencion|sano,decidir etiqueta canonica o enviar a revision_dudosa,0,dataset/raw/atencion/atencion_00225.jpg,dataset/raw/sano/sano_04875.jpg,Par pHash similar; cross_split=False.
alta,similaridad_perceptual_entre_clases,atencion|sano,decidir etiqueta canonica o enviar a revision_dudosa,0,dataset/raw/atencion/atencion_00233.jpg,dataset/raw/sano/sano_09702.jpg,Par pHash similar; cross_split=False.
alta,similaridad_perceptual_entre_clases,atencion|sano,decidir etiqueta canonica o enviar a revision_dudosa,0,dataset/raw/atencion/atencion_00349.jpg,dataset/raw/sano/sano_03246.jpg,Par pHash similar; cross_split=False.
alta,similaridad_perceptual_entre_clases,atencion|peligro,decidir etiqueta canonica o enviar a revision_dudosa,0,dataset/raw/atencion/atencion_00555.jpg,dataset/raw/peligro/peligro_01347.jpg,Par pHash similar; cross_split=False.
alta,similaridad_perceptual_entre_clases,atencion|peligro,decidir etiqueta canonica o enviar a revision_dudosa,0,dataset/raw/atencion/atencion_00574.jpg,dataset/raw/peligro/peligro_00765.jpg,Par pHash similar; cross_split=False.
alta,similaridad_perceptual_entre_clases,atencion|sano,decidir etiqueta canonica o enviar a revision_dudosa,0,dataset/raw/atencion/atencion_00580.jpg,dataset/raw/sano/sano_02258.jpg,Par pHash similar; cross_split=False.
alta,similaridad_perceptual_entre_clases,atencion|peligro,decidir etiqueta canonica o enviar a revision_dudosa,0,dataset/raw/atencion/atencion_00600.jpg,dataset/raw/peligro/peligro_07727.jpg,Par pHash similar; cross_split=False.
alta,similaridad_perceptual_entre_clases,atencion|sano,decidir etiqueta canonica o enviar a revision_dudosa,0,dataset/raw/atencion/atencion_00606.jpg,dataset/raw/sano/sano_02083.jpg,Par pHash similar; cross_split=False.
alta,similaridad_perceptual_entre_clases,atencion|peligro,decidir etiqueta canonica o enviar a revision_dudosa,0,dataset/raw/atencion/atencion_00630.jpg,dataset/raw/peligro/peligro_00070.jpg,Par pHash similar; cross_split=False.
alta,similaridad_perceptual_entre_clases,atencion|sano,decidir etiqueta canonica o enviar a revision_dudosa,0,dataset/raw/atencion/atencion_00630.jpg,dataset/raw/sano/sano_01990.jpg,Par pHash similar; cross_split=False.
alta,similaridad_perceptual_entre_clases,atencion|peligro,decidir etiqueta canonica o enviar a revision_dudosa,0,dataset/raw/atencion/atencion_00636.jpg,dataset/raw/peligro/peligro_00300.jpg,Par pHash similar; cross_split=False.
alta,similaridad_perceptual_entre_clases,atencion|peligro,decidir etiqueta canonica o enviar a revision_dudosa,0,dataset/raw/atencion/atencion_00656.jpg,dataset/raw/peligro/peligro_01513.jpg,Par pHash similar; cross_split=False.
alta,similaridad_perceptual_entre_clases,atencion|peligro,decidir etiqueta canonica o enviar a revision_dudosa,0,dataset/raw/atencion/atencion_00658.jpg,dataset/raw/peligro/peligro_00694.jpg,Par pHash similar; cross_split=False.
alta,similaridad_perceptual_entre_clases,atencion|peligro,decidir etiqueta canonica o enviar a revision_dudosa,0,dataset/raw/atencion/atencion_00661.jpg,dataset/raw/peligro/peligro_00010.jpg,Par pHash similar; cross_split=False.
alta,similaridad_perceptual_entre_clases,atencion|peligro,decidir etiqueta canonica o enviar a revision_dudosa,0,dataset/raw/atencion/atencion_00665.jpg,dataset/raw/peligro/peligro_00111.jpg,Par pHash similar; cross_split=False.
alta,similaridad_perceptual_entre_clases,atencion|peligro,decidir etiqueta canonica o enviar a revision_dudosa,0,dataset/raw/atencion/atencion_00666.jpg,dataset/raw/peligro/peligro_00277.jpg,Par pHash similar; cross_split=False.
alta,similaridad_perceptual_entre_clases,atencion|peligro,decidir etiqueta canonica o enviar a revision_dudosa,0,dataset/raw/atencion/atencion_00693.jpg,dataset/raw/peligro/peligro_00113.jpg,Par pHash similar; cross_split=False.
alta,similaridad_perceptual_entre_clases,atencion|peligro,decidir etiqueta canonica o enviar a revision_dudosa,0,dataset/raw/atencion/atencion_00700.jpg,dataset/raw/peligro/peligro_00100.jpg,Par pHash similar; cross_split=False.
alta,similaridad_perceptual_entre_clases,atencion|peligro,decidir etiqueta canonica o enviar a revision_dudosa,0,dataset/raw/atencion/atencion_00763.jpg,dataset/raw/peligro/peligro_00118.jpg,Par pHash similar; cross_split=False.
alta,similaridad_perceptual_entre_clases,atencion|sano,decidir etiqueta canonica o enviar a revision_dudosa,0,dataset/raw/atencion/atencion_00763.jpg,dataset/raw/sano/sano_01901.jpg,Par pHash similar; cross_split=False.
alta,similaridad_perceptual_entre_clases,atencion|peligro,decidir etiqueta canonica o enviar a revision_dudosa,0,dataset/raw/atencion/atencion_00782.jpg,dataset/raw/peligro/peligro_01649.jpg,Par pHash similar; cross_split=False.
alta,similaridad_perceptual_entre_clases,atencion|sano,decidir etiqueta canonica o enviar a revision_dudosa,0,dataset/raw/atencion/atencion_00782.jpg,dataset/raw/sano/sano_02004.jpg,Par pHash similar; cross_split=False.
alta,similaridad_perceptual_entre_clases,atencion|sano,decidir etiqueta canonica o enviar a revision_dudosa,0,dataset/raw/atencion/atencion_00807.jpg,dataset/raw/sano/sano_01771.jpg,Par pHash similar; cross_split=False.
alta,similaridad_perceptual_entre_clases,atencion|sano,decidir etiqueta canonica o enviar a revision_dudosa,0,dataset/raw/atencion/atencion_00860.jpg,dataset/raw/sano/sano_04696.jpg,Par pHash similar; cross_split=False.
alta,similaridad_perceptual_entre_clases,atencion|peligro,decidir etiqueta canonica o enviar a revision_dudosa,0,dataset/raw/atencion/atencion_01155.jpg,dataset/raw/peligro/peligro_01169.jpg,Par pHash similar; cross_split=False.
alta,similaridad_perceptual_entre_clases,atencion|peligro,decidir etiqueta canonica o enviar a revision_dudosa,0,dataset/raw/atencion/atencion_01180.jpg,dataset/raw/peligro/peligro_00030.jpg,Par pHash similar; cross_split=False.
alta,similaridad_perceptual_entre_clases,atencion|peligro,decidir etiqueta canonica o enviar a revision_dudosa,0,dataset/raw/atencion/atencion_01208.jpg,dataset/raw/peligro/peligro_01339.jpg,Par pHash similar; cross_split=False.
alta,similaridad_perceptual_entre_clases,atencion|peligro,decidir etiqueta canonica o enviar a revision_dudosa,0,dataset/raw/atencion/atencion_01214.jpg,dataset/raw/peligro/peligro_00064.jpg,Par pHash similar; cross_split=False.
alta,similaridad_perceptual_entre_clases,atencion|peligro,decidir etiqueta canonica o enviar a revision_dudosa,0,dataset/raw/atencion/atencion_01236.jpg,dataset/raw/peligro/peligro_01688.jpg,Par pHash similar; cross_split=False.
alta,similaridad_perceptual_entre_clases,atencion|peligro,decidir etiqueta canonica o enviar a revision_dudosa,0,dataset/raw/atencion/atencion_01248.jpg,dataset/raw/peligro/peligro_00093.jpg,Par pHash similar; cross_split=False.
alta,similaridad_perceptual_entre_clases,atencion|peligro,decidir etiqueta canonica o enviar a revision_dudosa,0,dataset/raw/atencion/atencion_01268.jpg,dataset/raw/peligro/peligro_02129.jpg,Par pHash similar; cross_split=False.
alta,similaridad_perceptual_entre_clases,atencion|peligro,decidir etiqueta canonica o enviar a revision_dudosa,0,dataset/raw/atencion/atencion_01293.jpg,dataset/raw/peligro/peligro_00017.jpg,Par pHash similar; cross_split=False.
alta,similaridad_perceptual_entre_clases,atencion|peligro,decidir etiqueta canonica o enviar a revision_dudosa,0,dataset/raw/atencion/atencion_01337.jpg,dataset/raw/peligro/peligro_01363.jpg,Par pHash similar; cross_split=False.
alta,similaridad_perceptual_entre_clases,atencion|peligro,decidir etiqueta canonica o enviar a revision_dudosa,0,dataset/raw/atencion/atencion_01361.jpg,dataset/raw/peligro/peligro_02290.jpg,Par pHash similar; cross_split=False.
alta,similaridad_perceptual_entre_clases,atencion|peligro,decidir etiqueta canonica o enviar a revision_dudosa,0,dataset/raw/atencion/atencion_01372.jpg,dataset/raw/peligro/peligro_01995.jpg,Par pHash similar; cross_split=False.
alta,similaridad_perceptual_entre_clases,atencion|sano,decidir etiqueta canonica o enviar a revision_dudosa,0,dataset/raw/atencion/atencion_01372.jpg,dataset/raw/sano/sano_02046.jpg,Par pHash similar; cross_split=False.
alta,similaridad_perceptual_entre_clases,atencion|sano,decidir etiqueta canonica o enviar a revision_dudosa,0,dataset/raw/atencion/atencion_01377.jpg,dataset/raw/sano/sano_00027.jpg,Par pHash similar; cross_split=False.
alta,similaridad_perceptual_entre_clases,atencion|peligro,decidir etiqueta canonica o enviar a revision_dudosa,0,dataset/raw/atencion/atencion_01422.jpg,dataset/raw/peligro/peligro_01672.jpg,Par pHash similar; cross_split=False.
alta,similaridad_perceptual_entre_clases,atencion|sano,decidir etiqueta canonica o enviar a revision_dudosa,0,dataset/raw/atencion/atencion_01427.jpg,dataset/raw/sano/sano_02970.jpg,Par pHash similar; cross_split=False.
alta,similaridad_perceptual_entre_clases,atencion|peligro,decidir etiqueta canonica o enviar a revision_dudosa,0,dataset/raw/atencion/atencion_01465.jpg,dataset/raw/peligro/peligro_01409.jpg,Par pHash similar; cross_split=False.
alta,similaridad_perceptual_entre_clases,atencion|sano,decidir etiqueta canonica o enviar a revision_dudosa,0,dataset/raw/atencion/atencion_01465.jpg,dataset/raw/sano/sano_02235.jpg,Par pHash similar; cross_split=False.
alta,similaridad_perceptual_entre_clases,atencion|peligro,decidir etiqueta canonica o enviar a revision_dudosa,0,dataset/raw/atencion/atencion_01470.jpg,dataset/raw/peligro/peligro_01879.jpg,Par pHash similar; cross_split=False.
alta,similaridad_perceptual_entre_clases,atencion|sano,decidir etiqueta canonica o enviar a revision_dudosa,0,dataset/raw/atencion/atencion_01470.jpg,dataset/raw/sano/sano_02308.jpg,Par pHash similar; cross_split=False.
alta,similaridad_perceptual_entre_clases,atencion|peligro,decidir etiqueta canonica o enviar a revision_dudosa,0,dataset/raw/atencion/atencion_01519.jpg,dataset/raw/peligro/peligro_00840.jpg,Par pHash similar; cross_split=False.
alta,similaridad_perceptual_entre_clases,atencion|peligro,decidir etiqueta canonica o enviar a revision_dudosa,0,dataset/raw/atencion/atencion_01529.jpg,dataset/raw/peligro/peligro_01915.jpg,Par pHash similar; cross_split=False.
alta,similaridad_perceptual_entre_clases,atencion|peligro,decidir etiqueta canonica o enviar a revision_dudosa,0,dataset/raw/atencion/atencion_01535.jpg,dataset/raw/peligro/peligro_06855.jpg,Par pHash similar; cross_split=False.
alta,similaridad_perceptual_entre_clases,atencion|sano,decidir etiqueta canonica o enviar a revision_dudosa,0,dataset/raw/atencion/atencion_01535.jpg,dataset/raw/sano/sano_01773.jpg,Par pHash similar; cross_split=False.
alta,similaridad_perceptual_entre_clases,atencion|peligro,decidir etiqueta canonica o enviar a revision_dudosa,0,dataset/raw/atencion/atencion_01543.jpg,dataset/raw/peligro/peligro_04578.jpg,Par pHash similar; cross_split=False.
alta,similaridad_perceptual_entre_clases,atencion|peligro,decidir etiqueta canonica o enviar a revision_dudosa,0,dataset/raw/atencion/atencion_01585.jpg,dataset/raw/peligro/peligro_00704.jpg,Par pHash similar; cross_split=False.
alta,similaridad_perceptual_entre_clases,atencion|peligro,decidir etiqueta canonica o enviar a revision_dudosa,0,dataset/raw/atencion/atencion_01587.jpg,dataset/raw/peligro/peligro_00445.jpg,Par pHash similar; cross_split=False.
alta,similaridad_perceptual_entre_clases,atencion|peligro,decidir etiqueta canonica o enviar a revision_dudosa,0,dataset/raw/atencion/atencion_01591.jpg,dataset/raw/peligro/peligro_01866.jpg,Par pHash similar; cross_split=False.
alta,similaridad_perceptual_entre_clases,atencion|peligro,decidir etiqueta canonica o enviar a revision_dudosa,0,dataset/raw/atencion/atencion_01594.jpg,dataset/raw/peligro/peligro_07692.jpg,Par pHash similar; cross_split=False.
alta,similaridad_perceptual_entre_clases,atencion|peligro,decidir etiqueta canonica o enviar a revision_dudosa,0,dataset/raw/atencion/atencion_01606.jpg,dataset/raw/peligro/peligro_00638.jpg,Par pHash similar; cross_split=False.
alta,similaridad_perceptual_entre_clases,atencion|peligro,decidir etiqueta canonica o enviar a revision_dudosa,0,dataset/raw/atencion/atencion_01613.jpg,dataset/raw/peligro/peligro_01986.jpg,Par pHash similar; cross_split=False.
alta,similaridad_perceptual_entre_clases,atencion|peligro,decidir etiqueta canonica o enviar a revision_dudosa,0,dataset/raw/atencion/atencion_01621.jpg,dataset/raw/peligro/peligro_01414.jpg,Par pHash similar; cross_split=False.
alta,similaridad_perceptual_entre_clases,atencion|peligro,decidir etiqueta canonica o enviar a revision_dudosa,0,dataset/raw/atencion/atencion_01630.jpg,dataset/raw/peligro/peligro_01717.jpg,Par pHash similar; cross_split=False.
alta,similaridad_perceptual_entre_clases,atencion|sano,decidir etiqueta canonica o enviar a revision_dudosa,0,dataset/raw/atencion/atencion_01630.jpg,dataset/raw/sano/sano_02066.jpg,Par pHash similar; cross_split=False.
alta,similaridad_perceptual_entre_clases,atencion|sano,decidir etiqueta canonica o enviar a revision_dudosa,0,dataset/raw/atencion/atencion_01695.jpg,dataset/raw/sano/sano_02237.jpg,Par pHash similar; cross_split=False.
alta,similaridad_perceptual_entre_clases,atencion|peligro,decidir etiqueta canonica o enviar a revision_dudosa,0,dataset/raw/atencion/atencion_01747.jpg,dataset/raw/peligro/peligro_04383.jpg,Par pHash similar; cross_split=False.
alta,similaridad_perceptual_entre_clases,atencion|peligro,decidir etiqueta canonica o enviar a revision_dudosa,0,dataset/raw/atencion/atencion_01753.jpg,dataset/raw/peligro/peligro_02985.jpg,Par pHash similar; cross_split=False.
alta,similaridad_perceptual_entre_clases,atencion|sano,decidir etiqueta canonica o enviar a revision_dudosa,0,dataset/raw/atencion/atencion_01753.jpg,dataset/raw/sano/sano_01781.jpg,Par pHash similar; cross_split=False.
alta,similaridad_perceptual_entre_clases,atencion|sano,decidir etiqueta canonica o enviar a revision_dudosa,0,dataset/raw/atencion/atencion_01759.jpg,dataset/raw/sano/sano_02099.jpg,Par pHash similar; cross_split=False.
alta,similaridad_perceptual_entre_clases,atencion|peligro,decidir etiqueta canonica o enviar a revision_dudosa,0,dataset/raw/atencion/atencion_01765.jpg,dataset/raw/peligro/peligro_00557.jpg,Par pHash similar; cross_split=False.
alta,similaridad_perceptual_entre_clases,atencion|peligro,decidir etiqueta canonica o enviar a revision_dudosa,0,dataset/raw/atencion/atencion_01791.jpg,dataset/raw/peligro/peligro_01273.jpg,Par pHash similar; cross_split=False.
alta,similaridad_perceptual_entre_clases,atencion|peligro,decidir etiqueta canonica o enviar a revision_dudosa,0,dataset/raw/atencion/atencion_01797.jpg,dataset/raw/peligro/peligro_01825.jpg,Par pHash similar; cross_split=False.
alta,similaridad_perceptual_entre_clases,atencion|peligro,decidir etiqueta canonica o enviar a revision_dudosa,0,dataset/raw/atencion/atencion_01813.jpg,dataset/raw/peligro/peligro_01805.jpg,Par pHash similar; cross_split=False.
alta,similaridad_perceptual_entre_clases,atencion|peligro,decidir etiqueta canonica o enviar a revision_dudosa,0,dataset/raw/atencion/atencion_01816.jpg,dataset/raw/peligro/peligro_01564.jpg,Par pHash similar; cross_split=False.
alta,similaridad_perceptual_entre_clases,atencion|peligro,decidir etiqueta canonica o enviar a revision_dudosa,0,dataset/raw/atencion/atencion_01842.jpg,dataset/raw/peligro/peligro_00310.jpg,Par pHash similar; cross_split=False.
alta,similaridad_perceptual_entre_clases,atencion|peligro,decidir etiqueta canonica o enviar a revision_dudosa,0,dataset/raw/atencion/atencion_02013.jpg,dataset/raw/peligro/peligro_03235.jpg,Par pHash similar; cross_split=False.
alta,similaridad_perceptual_entre_clases,atencion|peligro,decidir etiqueta canonica o enviar a revision_dudosa,0,dataset/raw/atencion/atencion_02018.jpg,dataset/raw/peligro/peligro_02505.jpg,Par pHash similar; cross_split=False.
alta,similaridad_perceptual_entre_clases,atencion|sano,decidir etiqueta canonica o enviar a revision_dudosa,0,dataset/raw/atencion/atencion_02086.jpg,dataset/raw/sano/sano_02702.jpg,Par pHash similar; cross_split=False.
alta,similaridad_perceptual_entre_clases,atencion|peligro,decidir etiqueta canonica o enviar a revision_dudosa,0,dataset/raw/atencion/atencion_02094.jpg,dataset/raw/peligro/peligro_02606.jpg,Par pHash similar; cross_split=False.
alta,similaridad_perceptual_entre_clases,atencion|sano,decidir etiqueta canonica o enviar a revision_dudosa,0,dataset/raw/atencion/atencion_02094.jpg,dataset/raw/sano/sano_04522.jpg,Par pHash similar; cross_split=False.
alta,similaridad_perceptual_entre_clases,atencion|peligro,decidir etiqueta canonica o enviar a revision_dudosa,0,dataset/raw/atencion/atencion_02102.jpg,dataset/raw/peligro/peligro_02591.jpg,Par pHash similar; cross_split=False.
alta,similaridad_perceptual_entre_clases,atencion|sano,decidir etiqueta canonica o enviar a revision_dudosa,0,dataset/raw/atencion/atencion_02102.jpg,dataset/raw/sano/sano_02724.jpg,Par pHash similar; cross_split=False.
alta,similaridad_perceptual_entre_clases,atencion|sano,decidir etiqueta canonica o enviar a revision_dudosa,0,dataset/raw/atencion/atencion_02194.jpg,dataset/raw/sano/sano_03206.jpg,Par pHash similar; cross_split=False.
alta,similaridad_perceptual_entre_clases,atencion|sano,decidir etiqueta canonica o enviar a revision_dudosa,0,dataset/raw/atencion/atencion_02388.jpg,dataset/raw/sano/sano_01174.jpg,Par pHash similar; cross_split=False.
alta,similaridad_perceptual_entre_clases,atencion|peligro,decidir etiqueta canonica o enviar a revision_dudosa,0,dataset/raw/atencion/atencion_02510.jpg,dataset/raw/peligro/peligro_01552.jpg,Par pHash similar; cross_split=False.
alta,similaridad_perceptual_entre_clases,atencion|peligro,decidir etiqueta canonica o enviar a revision_dudosa,0,dataset/raw/atencion/atencion_02541.jpg,dataset/raw/peligro/peligro_03136.jpg,Par pHash similar; cross_split=False.
alta,similaridad_perceptual_entre_clases,atencion|sano,decidir etiqueta canonica o enviar a revision_dudosa,0,dataset/raw/atencion/atencion_02541.jpg,dataset/raw/sano/sano_02328.jpg,Par pHash similar; cross_split=False.
alta,similaridad_perceptual_entre_clases,atencion|peligro,decidir etiqueta canonica o enviar a revision_dudosa,0,dataset/raw/atencion/atencion_02626.jpg,dataset/raw/peligro/peligro_03240.jpg,Par pHash similar; cross_split=False.
alta,similaridad_perceptual_entre_clases,atencion|peligro,decidir etiqueta canonica o enviar a revision_dudosa,0,dataset/raw/atencion/atencion_02640.jpg,dataset/raw/peligro/peligro_01144.jpg,Par pHash similar; cross_split=False.
alta,similaridad_perceptual_entre_clases,atencion|peligro,decidir etiqueta canonica o enviar a revision_dudosa,0,dataset/raw/atencion/atencion_02872.jpg,dataset/raw/peligro/peligro_14811.jpg,Par pHash similar; cross_split=False.
alta,similaridad_perceptual_entre_clases,atencion|sano,decidir etiqueta canonica o enviar a revision_dudosa,0,dataset/raw/atencion/atencion_02906.jpg,dataset/raw/sano/sano_04292.jpg,Par pHash similar; cross_split=False.
alta,similaridad_perceptual_entre_clases,atencion|sano,decidir etiqueta canonica o enviar a revision_dudosa,0,dataset/raw/atencion/atencion_02919.jpg,dataset/raw/sano/sano_08833.jpg,Par pHash similar; cross_split=False.
alta,similaridad_perceptual_entre_clases,atencion|peligro,decidir etiqueta canonica o enviar a revision_dudosa,0,dataset/raw/atencion/atencion_03031.jpg,dataset/raw/peligro/peligro_14444.jpg,Par pHash similar; cross_split=False.
alta,similaridad_perceptual_entre_clases,atencion|sano,decidir etiqueta canonica o enviar a revision_dudosa,0,dataset/raw/atencion/atencion_03300.jpg,dataset/raw/sano/sano_02922.jpg,Par pHash similar; cross_split=False.
alta,similaridad_perceptual_entre_clases,atencion|peligro,decidir etiqueta canonica o enviar a revision_dudosa,0,dataset/raw/atencion/atencion_03329.jpg,dataset/raw/peligro/peligro_03440.jpg,Par pHash similar; cross_split=False.
alta,similaridad_perceptual_entre_clases,atencion|peligro,decidir etiqueta canonica o enviar a revision_dudosa,0,dataset/raw/atencion/atencion_03340.jpg,dataset/raw/peligro/peligro_03449.jpg,Par pHash similar; cross_split=False.
alta,similaridad_perceptual_entre_clases,atencion|peligro,decidir etiqueta canonica o enviar a revision_dudosa,0,dataset/raw/atencion/atencion_03350.jpg,dataset/raw/peligro/peligro_01282.jpg,Par pHash similar; cross_split=False.
alta,similaridad_perceptual_entre_clases,atencion|peligro,decidir etiqueta canonica o enviar a revision_dudosa,0,dataset/raw/atencion/atencion_03360.jpg,dataset/raw/peligro/peligro_03462.jpg,Par pHash similar; cross_split=False.
alta,similaridad_perceptual_entre_clases,atencion|peligro,decidir etiqueta canonica o enviar a revision_dudosa,0,dataset/raw/atencion/atencion_03640.jpg,dataset/raw/peligro/peligro_00431.jpg,Par pHash similar; cross_split=False.
alta,similaridad_perceptual_entre_clases,atencion|peligro,decidir etiqueta canonica o enviar a revision_dudosa,0,dataset/raw/atencion/atencion_03687.jpg,dataset/raw/peligro/peligro_00271.jpg,Par pHash similar; cross_split=False.
alta,similaridad_perceptual_entre_clases,atencion|peligro,decidir etiqueta canonica o enviar a revision_dudosa,0,dataset/raw/atencion/atencion_03936.jpg,dataset/raw/peligro/peligro_03198.jpg,Par pHash similar; cross_split=False.
alta,similaridad_perceptual_entre_clases,atencion|peligro,decidir etiqueta canonica o enviar a revision_dudosa,0,dataset/raw/atencion/atencion_04687.jpg,dataset/raw/peligro/peligro_00272.jpg,Par pHash similar; cross_split=False.
alta,similaridad_perceptual_entre_clases,atencion|peligro,decidir etiqueta canonica o enviar a revision_dudosa,0,dataset/raw/atencion/atencion_04737.jpg,dataset/raw/peligro/peligro_01329.jpg,Par pHash similar; cross_split=False.
alta,similaridad_perceptual_entre_clases,atencion|peligro,decidir etiqueta canonica o enviar a revision_dudosa,0,dataset/raw/atencion/atencion_04792.jpg,dataset/raw/peligro/peligro_11476.jpg,Par pHash similar; cross_split=False.
alta,similaridad_perceptual_entre_clases,atencion|peligro,decidir etiqueta canonica o enviar a revision_dudosa,0,dataset/raw/atencion/atencion_05005.jpg,dataset/raw/peligro/peligro_00247.jpg,Par pHash similar; cross_split=False.
alta,similaridad_perceptual_entre_clases,atencion|peligro,decidir etiqueta canonica o enviar a revision_dudosa,0,dataset/raw/atencion/atencion_05045.jpg,dataset/raw/peligro/peligro_06486.jpg,Par pHash similar; cross_split=False.
alta,similaridad_perceptual_entre_clases,atencion|peligro,decidir etiqueta canonica o enviar a revision_dudosa,0,dataset/raw/atencion/atencion_05135.jpg,dataset/raw/peligro/peligro_00157.jpg,Par pHash similar; cross_split=False.
alta,similaridad_perceptual_entre_clases,atencion|sano,decidir etiqueta canonica o enviar a revision_dudosa,0,dataset/raw/atencion/atencion_05171.jpg,dataset/raw/sano/sano_00211.jpg,Par pHash similar; cross_split=False.
alta,similaridad_perceptual_entre_clases,atencion|peligro,decidir etiqueta canonica o enviar a revision_dudosa,0,dataset/raw/atencion/atencion_05296.jpg,dataset/raw/peligro/peligro_02145.jpg,Par pHash similar; cross_split=False.
alta,similaridad_perceptual_entre_clases,atencion|peligro,decidir etiqueta canonica o enviar a revision_dudosa,0,dataset/raw/atencion/atencion_05400.jpg,dataset/raw/peligro/peligro_03981.jpg,Par pHash similar; cross_split=False.
alta,similaridad_perceptual_entre_clases,atencion|peligro,decidir etiqueta canonica o enviar a revision_dudosa,0,dataset/raw/atencion/atencion_05751.jpg,dataset/raw/peligro/peligro_04745.jpg,Par pHash similar; cross_split=False.
alta,similaridad_perceptual_entre_clases,atencion|peligro,decidir etiqueta canonica o enviar a revision_dudosa,0,dataset/raw/atencion/atencion_05755.jpg,dataset/raw/peligro/peligro_00677.jpg,Par pHash similar; cross_split=False.
alta,similaridad_perceptual_entre_clases,atencion|peligro,decidir etiqueta canonica o enviar a revision_dudosa,0,dataset/raw/atencion/atencion_05764.jpg,dataset/raw/peligro/peligro_00042.jpg,Par pHash similar; cross_split=False.
alta,similaridad_perceptual_entre_clases,atencion|peligro,decidir etiqueta canonica o enviar a revision_dudosa,0,dataset/raw/atencion/atencion_05807.jpg,dataset/raw/peligro/peligro_03041.jpg,Par pHash similar; cross_split=False.
alta,similaridad_perceptual_entre_clases,atencion|peligro,decidir etiqueta canonica o enviar a revision_dudosa,0,dataset/raw/atencion/atencion_06284.jpg,dataset/raw/peligro/peligro_02499.jpg,Par pHash similar; cross_split=False.
alta,similaridad_perceptual_entre_clases,atencion|sano,decidir etiqueta canonica o enviar a revision_dudosa,0,dataset/raw/atencion/atencion_06284.jpg,dataset/raw/sano/sano_01905.jpg,Par pHash similar; cross_split=False.
alta,similaridad_perceptual_entre_clases,atencion|sano,decidir etiqueta canonica o enviar a revision_dudosa,0,dataset/raw/atencion/atencion_06647.jpg,dataset/raw/sano/sano_00809.jpg,Par pHash similar; cross_split=False.
alta,similaridad_perceptual_entre_clases,atencion|peligro,decidir etiqueta canonica o enviar a revision_dudosa,0,dataset/raw/atencion/atencion_07034.jpg,dataset/raw/peligro/peligro_02050.jpg,Par pHash similar; cross_split=False.
alta,similaridad_perceptual_entre_clases,atencion|sano,decidir etiqueta canonica o enviar a revision_dudosa,0,dataset/raw/atencion/atencion_07452.jpg,dataset/raw/sano/sano_02197.jpg,Par pHash similar; cross_split=False.
alta,similaridad_perceptual_entre_clases,atencion|peligro,decidir etiqueta canonica o enviar a revision_dudosa,0,dataset/raw/atencion/atencion_07781.jpg,dataset/raw/peligro/peligro_00378.jpg,Par pHash similar; cross_split=False.
alta,similaridad_perceptual_entre_clases,atencion|sano,decidir etiqueta canonica o enviar a revision_dudosa,0,dataset/raw/atencion/atencion_08131.jpg,dataset/raw/sano/sano_00818.jpg,Par pHash similar; cross_split=False.
alta,similaridad_perceptual_entre_clases,atencion|sano,decidir etiqueta canonica o enviar a revision_dudosa,0,dataset/raw/atencion/atencion_08223.jpg,dataset/raw/sano/sano_00782.jpg,Par pHash similar; cross_split=False.
alta,similaridad_perceptual_entre_clases,atencion|peligro,decidir etiqueta canonica o enviar a revision_dudosa,0,dataset/raw/atencion/atencion_09665.jpg,dataset/raw/peligro/peligro_00936.jpg,Par pHash similar; cross_split=False.
alta,similaridad_perceptual_entre_clases,atencion|peligro,decidir etiqueta canonica o enviar a revision_dudosa,0,dataset/raw/atencion/atencion_09857.jpg,dataset/raw/peligro/peligro_00104.jpg,Par pHash similar; cross_split=False.
alta,similaridad_perceptual_entre_clases,atencion|sano,decidir etiqueta canonica o enviar a revision_dudosa,0,dataset/raw/atencion/atencion_11964.jpg,dataset/raw/sano/sano_02893.jpg,Par pHash similar; cross_split=False.
alta,similaridad_perceptual_entre_clases,atencion|peligro,decidir etiqueta canonica o enviar a revision_dudosa,0,dataset/raw/atencion/atencion_12528.jpg,dataset/raw/peligro/peligro_13697.jpg,Par pHash similar; cross_split=False.
alta,similaridad_perceptual_entre_clases,peligro|sano,decidir etiqueta canonica o enviar a revision_dudosa,0,dataset/raw/peligro/peligro_00070.jpg,dataset/raw/sano/sano_01990.jpg,Par pHash similar; cross_split=False.
alta,similaridad_perceptual_entre_clases,peligro|sano,decidir etiqueta canonica o enviar a revision_dudosa,0,dataset/raw/peligro/peligro_00118.jpg,dataset/raw/sano/sano_01901.jpg,Par pHash similar; cross_split=False.
alta,similaridad_perceptual_entre_clases,peligro|sano,decidir etiqueta canonica o enviar a revision_dudosa,0,dataset/raw/peligro/peligro_00199.jpg,dataset/raw/sano/sano_02864.jpg,Par pHash similar; cross_split=False.
alta,similaridad_perceptual_entre_clases,peligro|sano,decidir etiqueta canonica o enviar a revision_dudosa,0,dataset/raw/peligro/peligro_00230.jpg,dataset/raw/sano/sano_02935.jpg,Par pHash similar; cross_split=False.
alta,similaridad_perceptual_entre_clases,peligro|sano,decidir etiqueta canonica o enviar a revision_dudosa,0,dataset/raw/peligro/peligro_01274.jpg,dataset/raw/sano/sano_01928.jpg,Par pHash similar; cross_split=False.
alta,similaridad_perceptual_entre_clases,peligro|sano,decidir etiqueta canonica o enviar a revision_dudosa,0,dataset/raw/peligro/peligro_01409.jpg,dataset/raw/sano/sano_02235.jpg,Par pHash similar; cross_split=False.
alta,similaridad_perceptual_entre_clases,peligro|sano,decidir etiqueta canonica o enviar a revision_dudosa,0,dataset/raw/peligro/peligro_01649.jpg,dataset/raw/sano/sano_02004.jpg,Par pHash similar; cross_split=False.
alta,similaridad_perceptual_entre_clases,peligro|sano,decidir etiqueta canonica o enviar a revision_dudosa,0,dataset/raw/peligro/peligro_01717.jpg,dataset/raw/sano/sano_02066.jpg,Par pHash similar; cross_split=False.
alta,similaridad_perceptual_entre_clases,peligro|sano,decidir etiqueta canonica o enviar a revision_dudosa,0,dataset/raw/peligro/peligro_01879.jpg,dataset/raw/sano/sano_02308.jpg,Par pHash similar; cross_split=False.
alta,similaridad_perceptual_entre_clases,peligro|sano,decidir etiqueta canonica o enviar a revision_dudosa,0,dataset/raw/peligro/peligro_01995.jpg,dataset/raw/sano/sano_02046.jpg,Par pHash similar; cross_split=False.
alta,similaridad_perceptual_entre_clases,peligro|sano,decidir etiqueta canonica o enviar a revision_dudosa,0,dataset/raw/peligro/peligro_02039.jpg,dataset/raw/sano/sano_01829.jpg,Par pHash similar; cross_split=False.
alta,similaridad_perceptual_entre_clases,peligro|sano,decidir etiqueta canonica o enviar a revision_dudosa,0,dataset/raw/peligro/peligro_02162.jpg,dataset/raw/sano/sano_02233.jpg,Par pHash similar; cross_split=False.
alta,similaridad_perceptual_entre_clases,peligro|sano,decidir etiqueta canonica o enviar a revision_dudosa,0,dataset/raw/peligro/peligro_02294.jpg,dataset/raw/sano/sano_02339.jpg,Par pHash similar; cross_split=False.
alta,similaridad_perceptual_entre_clases,peligro|sano,decidir etiqueta canonica o enviar a revision_dudosa,0,dataset/raw/peligro/peligro_02329.jpg,dataset/raw/sano/sano_02085.jpg,Par pHash similar; cross_split=False.
alta,similaridad_perceptual_entre_clases,peligro|sano,decidir etiqueta canonica o enviar a revision_dudosa,0,dataset/raw/peligro/peligro_02332.jpg,dataset/raw/sano/sano_02141.jpg,Par pHash similar; cross_split=False.
alta,similaridad_perceptual_entre_clases,peligro|sano,decidir etiqueta canonica o enviar a revision_dudosa,0,dataset/raw/peligro/peligro_02345.jpg,dataset/raw/sano/sano_02151.jpg,Par pHash similar; cross_split=False.
alta,similaridad_perceptual_entre_clases,peligro|sano,decidir etiqueta canonica o enviar a revision_dudosa,0,dataset/raw/peligro/peligro_02362.jpg,dataset/raw/sano/sano_02119.jpg,Par pHash similar; cross_split=False.
alta,similaridad_perceptual_entre_clases,peligro|sano,decidir etiqueta canonica o enviar a revision_dudosa,0,dataset/raw/peligro/peligro_02372.jpg,dataset/raw/sano/sano_00540.jpg,Par pHash similar; cross_split=False.
alta,similaridad_perceptual_entre_clases,peligro|sano,decidir etiqueta canonica o enviar a revision_dudosa,0,dataset/raw/peligro/peligro_02432.jpg,dataset/raw/sano/sano_00568.jpg,Par pHash similar; cross_split=False.
alta,similaridad_perceptual_entre_clases,peligro|sano,decidir etiqueta canonica o enviar a revision_dudosa,0,dataset/raw/peligro/peligro_02492.jpg,dataset/raw/sano/sano_02560.jpg,Par pHash similar; cross_split=False.
alta,similaridad_perceptual_entre_clases,peligro|sano,decidir etiqueta canonica o enviar a revision_dudosa,0,dataset/raw/peligro/peligro_02499.jpg,dataset/raw/sano/sano_01905.jpg,Par pHash similar; cross_split=False.
alta,similaridad_perceptual_entre_clases,peligro|sano,decidir etiqueta canonica o enviar a revision_dudosa,0,dataset/raw/peligro/peligro_02523.jpg,dataset/raw/sano/sano_02612.jpg,Par pHash similar; cross_split=False.
alta,similaridad_perceptual_entre_clases,peligro|sano,decidir etiqueta canonica o enviar a revision_dudosa,0,dataset/raw/peligro/peligro_02591.jpg,dataset/raw/sano/sano_02724.jpg,Par pHash similar; cross_split=False.
alta,similaridad_perceptual_entre_clases,peligro|sano,decidir etiqueta canonica o enviar a revision_dudosa,0,dataset/raw/peligro/peligro_02606.jpg,dataset/raw/sano/sano_04522.jpg,Par pHash similar; cross_split=False.
alta,similaridad_perceptual_entre_clases,peligro|sano,decidir etiqueta canonica o enviar a revision_dudosa,0,dataset/raw/peligro/peligro_02613.jpg,dataset/raw/sano/sano_02567.jpg,Par pHash similar; cross_split=False.
alta,similaridad_perceptual_entre_clases,peligro|sano,decidir etiqueta canonica o enviar a revision_dudosa,0,dataset/raw/peligro/peligro_02985.jpg,dataset/raw/sano/sano_01781.jpg,Par pHash similar; cross_split=False.
alta,similaridad_perceptual_entre_clases,peligro|sano,decidir etiqueta canonica o enviar a revision_dudosa,0,dataset/raw/peligro/peligro_03136.jpg,dataset/raw/sano/sano_02328.jpg,Par pHash similar; cross_split=False.
alta,similaridad_perceptual_entre_clases,peligro|sano,decidir etiqueta canonica o enviar a revision_dudosa,0,dataset/raw/peligro/peligro_03200.jpg,dataset/raw/sano/sano_04269.jpg,Par pHash similar; cross_split=False.
alta,similaridad_perceptual_entre_clases,peligro|sano,decidir etiqueta canonica o enviar a revision_dudosa,0,dataset/raw/peligro/peligro_03233.jpg,dataset/raw/sano/sano_04313.jpg,Par pHash similar; cross_split=False.
alta,similaridad_perceptual_entre_clases,peligro|sano,decidir etiqueta canonica o enviar a revision_dudosa,0,dataset/raw/peligro/peligro_05721.jpg,dataset/raw/sano/sano_09610.jpg,Par pHash similar; cross_split=False.
alta,similaridad_perceptual_entre_clases,peligro|sano,decidir etiqueta canonica o enviar a revision_dudosa,0,dataset/raw/peligro/peligro_06151.jpg,dataset/raw/sano/sano_07045.jpg,Par pHash similar; cross_split=False.
alta,similaridad_perceptual_entre_clases,peligro|sano,decidir etiqueta canonica o enviar a revision_dudosa,0,dataset/raw/peligro/peligro_06495.jpg,dataset/raw/sano/sano_01586.jpg,Par pHash similar; cross_split=False.
alta,similaridad_perceptual_entre_clases,peligro|sano,decidir etiqueta canonica o enviar a revision_dudosa,0,dataset/raw/peligro/peligro_06855.jpg,dataset/raw/sano/sano_01773.jpg,Par pHash similar; cross_split=False.
alta,similaridad_perceptual_entre_clases,peligro|sano,decidir etiqueta canonica o enviar a revision_dudosa,0,dataset/raw/peligro/peligro_10002.jpg,dataset/raw/sano/sano_01099.jpg,Par pHash similar; cross_split=False.
alta,similaridad_perceptual_entre_clases,peligro|sano,decidir etiqueta canonica o enviar a revision_dudosa,0,dataset/raw/peligro/peligro_10795.jpg,dataset/raw/sano/sano_03288.jpg,Par pHash similar; cross_split=False.
alta,similaridad_perceptual_entre_clases,peligro|sano,decidir etiqueta canonica o enviar a revision_dudosa,0,dataset/raw/peligro/peligro_12028.jpg,dataset/raw/sano/sano_06496.jpg,Par pHash similar; cross_split=False.
alta,similaridad_perceptual_entre_clases,peligro|sano,decidir etiqueta canonica o enviar a revision_dudosa,0,dataset/raw/peligro/peligro_13301.jpg,dataset/raw/sano/sano_01355.jpg,Par pHash similar; cross_split=False.
alta,similaridad_perceptual_entre_clases,peligro|sano,decidir etiqueta canonica o enviar a revision_dudosa,0,dataset/raw/peligro/peligro_13625.jpg,dataset/raw/sano/sano_06516.jpg,Par pHash similar; cross_split=False.
alta,similaridad_perceptual_entre_clases,peligro|sano,decidir etiqueta canonica o enviar a revision_dudosa,0,dataset/raw/peligro/peligro_14795.jpg,dataset/raw/sano/sano_04350.jpg,Par pHash similar; cross_split=False.
alta,similaridad_perceptual_entre_clases,atencion|sano,decidir etiqueta canonica o enviar a revision_dudosa,0,dataset/test/atencion/atencion_01696.jpg,dataset/test/sano/sano_00939.jpg,Par pHash similar; cross_split=False.
alta,similaridad_perceptual_entre_clases,atencion|sano,decidir etiqueta canonica o enviar a revision_dudosa,0,dataset/test/atencion/atencion_02194.jpg,dataset/test/sano/sano_03206.jpg,Par pHash similar; cross_split=False.
alta,similaridad_perceptual_entre_clases,atencion|peligro,decidir etiqueta canonica o enviar a revision_dudosa,0,dataset/test/atencion/atencion_07007.jpg,dataset/test/peligro/peligro_01895.jpg,Par pHash similar; cross_split=False.
alta,similaridad_perceptual_entre_clases,atencion|peligro,decidir etiqueta canonica o enviar a revision_dudosa,0,dataset/train/atencion/atencion_00004.jpg,dataset/train/peligro/peligro_00179.jpg,Par pHash similar; cross_split=False.
alta,similaridad_perceptual_entre_clases,atencion|sano,decidir etiqueta canonica o enviar a revision_dudosa,0,dataset/train/atencion/atencion_00012.jpg,dataset/train/sano/sano_00139.jpg,Par pHash similar; cross_split=False.
alta,similaridad_perceptual_entre_clases,atencion|peligro,decidir etiqueta canonica o enviar a revision_dudosa,0,dataset/train/atencion/atencion_00034.jpg,dataset/train/peligro/peligro_00101.jpg,Par pHash similar; cross_split=False.
alta,similaridad_perceptual_entre_clases,atencion|sano,decidir etiqueta canonica o enviar a revision_dudosa,0,dataset/train/atencion/atencion_00082.jpg,dataset/train/sano/sano_00208.jpg,Par pHash similar; cross_split=False.
alta,similaridad_perceptual_entre_clases,atencion|sano,decidir etiqueta canonica o enviar a revision_dudosa,0,dataset/train/atencion/atencion_00177.jpg,dataset/train/sano/sano_05769.jpg,Par pHash similar; cross_split=False.
alta,similaridad_perceptual_entre_clases,atencion|sano,decidir etiqueta canonica o enviar a revision_dudosa,0,dataset/train/atencion/atencion_00202.jpg,dataset/train/sano/sano_01813.jpg,Par pHash similar; cross_split=False.
alta,similaridad_perceptual_entre_clases,atencion|sano,decidir etiqueta canonica o enviar a revision_dudosa,0,dataset/train/atencion/atencion_00225.jpg,dataset/train/sano/sano_04875.jpg,Par pHash similar; cross_split=False.
alta,similaridad_perceptual_entre_clases,atencion|sano,decidir etiqueta canonica o enviar a revision_dudosa,0,dataset/train/atencion/atencion_00349.jpg,dataset/train/sano/sano_03246.jpg,Par pHash similar; cross_split=False.
alta,similaridad_perceptual_entre_clases,atencion|peligro,decidir etiqueta canonica o enviar a revision_dudosa,0,dataset/train/atencion/atencion_00528.jpg,dataset/train/peligro/peligro_10119.jpg,Par pHash similar; cross_split=False.
alta,similaridad_perceptual_entre_clases,atencion|peligro,decidir etiqueta canonica o enviar a revision_dudosa,0,dataset/train/atencion/atencion_00574.jpg,dataset/train/peligro/peligro_00765.jpg,Par pHash similar; cross_split=False.
alta,similaridad_perceptual_entre_clases,atencion|peligro,decidir etiqueta canonica o enviar a revision_dudosa,0,dataset/train/atencion/atencion_00636.jpg,dataset/train/peligro/peligro_00300.jpg,Par pHash similar; cross_split=False.
alta,similaridad_perceptual_entre_clases,atencion|peligro,decidir etiqueta canonica o enviar a revision_dudosa,0,dataset/train/atencion/atencion_00665.jpg,dataset/train/peligro/peligro_00111.jpg,Par pHash similar; cross_split=False.
alta,similaridad_perceptual_entre_clases,atencion|peligro,decidir etiqueta canonica o enviar a revision_dudosa,0,dataset/train/atencion/atencion_00666.jpg,dataset/train/peligro/peligro_00277.jpg,Par pHash similar; cross_split=False.
alta,similaridad_perceptual_entre_clases,atencion|peligro,decidir etiqueta canonica o enviar a revision_dudosa,0,dataset/train/atencion/atencion_00732.jpg,dataset/train/peligro/peligro_01489.jpg,Par pHash similar; cross_split=False.
alta,similaridad_perceptual_entre_clases,atencion|peligro,decidir etiqueta canonica o enviar a revision_dudosa,0,dataset/train/atencion/atencion_00763.jpg,dataset/train/peligro/peligro_00118.jpg,Par pHash similar; cross_split=False.
alta,similaridad_perceptual_entre_clases,atencion|sano,decidir etiqueta canonica o enviar a revision_dudosa,0,dataset/train/atencion/atencion_00763.jpg,dataset/train/sano/sano_04371.jpg,Par pHash similar; cross_split=False.
alta,similaridad_perceptual_entre_clases,atencion|peligro,decidir etiqueta canonica o enviar a revision_dudosa,0,dataset/train/atencion/atencion_00782.jpg,dataset/train/peligro/peligro_05562.jpg,Par pHash similar; cross_split=False.
alta,similaridad_perceptual_entre_clases,atencion|peligro,decidir etiqueta canonica o enviar a revision_dudosa,0,dataset/train/atencion/atencion_01047.jpg,dataset/train/peligro/peligro_05954.jpg,Par pHash similar; cross_split=False.
alta,similaridad_perceptual_entre_clases,atencion|peligro,decidir etiqueta canonica o enviar a revision_dudosa,0,dataset/train/atencion/atencion_01405.jpg,dataset/train/peligro/peligro_00017.jpg,Par pHash similar; cross_split=False.
alta,similaridad_perceptual_entre_clases,atencion|peligro,decidir etiqueta canonica o enviar a revision_dudosa,0,dataset/train/atencion/atencion_01427.jpg,dataset/train/peligro/peligro_01274.jpg,Par pHash similar; cross_split=False.
alta,similaridad_perceptual_entre_clases,atencion|peligro,decidir etiqueta canonica o enviar a revision_dudosa,0,dataset/train/atencion/atencion_01440.jpg,dataset/train/peligro/peligro_01871.jpg,Par pHash similar; cross_split=False.
alta,similaridad_perceptual_entre_clases,atencion|sano,decidir etiqueta canonica o enviar a revision_dudosa,0,dataset/train/atencion/atencion_01469.jpg,dataset/train/sano/sano_02884.jpg,Par pHash similar; cross_split=False.
alta,similaridad_perceptual_entre_clases,atencion|peligro,decidir etiqueta canonica o enviar a revision_dudosa,0,dataset/train/atencion/atencion_01478.jpg,dataset/train/peligro/peligro_01699.jpg,Par pHash similar; cross_split=False.
alta,similaridad_perceptual_entre_clases,atencion|peligro,decidir etiqueta canonica o enviar a revision_dudosa,0,dataset/train/atencion/atencion_01486.jpg,dataset/train/peligro/peligro_00067.jpg,Par pHash similar; cross_split=False.
alta,similaridad_perceptual_entre_clases,atencion|peligro,decidir etiqueta canonica o enviar a revision_dudosa,0,dataset/train/atencion/atencion_01518.jpg,dataset/train/peligro/peligro_13565.jpg,Par pHash similar; cross_split=False.
alta,similaridad_perceptual_entre_clases,atencion|peligro,decidir etiqueta canonica o enviar a revision_dudosa,0,dataset/train/atencion/atencion_01521.jpg,dataset/train/peligro/peligro_00068.jpg,Par pHash similar; cross_split=False.
alta,similaridad_perceptual_entre_clases,atencion|peligro,decidir etiqueta canonica o enviar a revision_dudosa,0,dataset/train/atencion/atencion_01524.jpg,dataset/train/peligro/peligro_00061.jpg,Par pHash similar; cross_split=False.
alta,similaridad_perceptual_entre_clases,atencion|sano,decidir etiqueta canonica o enviar a revision_dudosa,0,dataset/train/atencion/atencion_01548.jpg,dataset/train/sano/sano_02008.jpg,Par pHash similar; cross_split=False.
alta,similaridad_perceptual_entre_clases,atencion|sano,decidir etiqueta canonica o enviar a revision_dudosa,0,dataset/train/atencion/atencion_01704.jpg,dataset/train/sano/sano_01868.jpg,Par pHash similar; cross_split=False.
alta,similaridad_perceptual_entre_clases,atencion|sano,decidir etiqueta canonica o enviar a revision_dudosa,0,dataset/train/atencion/atencion_01772.jpg,dataset/train/sano/sano_09177.jpg,Par pHash similar; cross_split=False.
alta,similaridad_perceptual_entre_clases,atencion|sano,decidir etiqueta canonica o enviar a revision_dudosa,0,dataset/train/atencion/atencion_01791.jpg,dataset/train/sano/sano_04266.jpg,Par pHash similar; cross_split=False.
alta,similaridad_perceptual_entre_clases,atencion|peligro,decidir etiqueta canonica o enviar a revision_dudosa,0,dataset/train/atencion/atencion_01812.jpg,dataset/train/peligro/peligro_13625.jpg,Par pHash similar; cross_split=False.
alta,similaridad_perceptual_entre_clases,atencion|sano,decidir etiqueta canonica o enviar a revision_dudosa,0,dataset/train/atencion/atencion_01812.jpg,dataset/train/sano/sano_06516.jpg,Par pHash similar; cross_split=False.
alta,similaridad_perceptual_entre_clases,atencion|sano,decidir etiqueta canonica o enviar a revision_dudosa,0,dataset/train/atencion/atencion_01844.jpg,dataset/train/sano/sano_03879.jpg,Par pHash similar; cross_split=False.
alta,similaridad_perceptual_entre_clases,atencion|sano,decidir etiqueta canonica o enviar a revision_dudosa,0,dataset/train/atencion/atencion_01872.jpg,dataset/train/sano/sano_04360.jpg,Par pHash similar; cross_split=False.
alta,similaridad_perceptual_entre_clases,atencion|sano,decidir etiqueta canonica o enviar a revision_dudosa,0,dataset/train/atencion/atencion_01908.jpg,dataset/train/sano/sano_10191.jpg,Par pHash similar; cross_split=False.
alta,similaridad_perceptual_entre_clases,atencion|sano,decidir etiqueta canonica o enviar a revision_dudosa,0,dataset/train/atencion/atencion_02019.jpg,dataset/train/sano/sano_11914.jpg,Par pHash similar; cross_split=False.
alta,similaridad_perceptual_entre_clases,atencion|peligro,decidir etiqueta canonica o enviar a revision_dudosa,0,dataset/train/atencion/atencion_02063.jpg,dataset/train/peligro/peligro_01348.jpg,Par pHash similar; cross_split=False.
alta,similaridad_perceptual_entre_clases,atencion|peligro,decidir etiqueta canonica o enviar a revision_dudosa,0,dataset/train/atencion/atencion_02180.jpg,dataset/train/peligro/peligro_03929.jpg,Par pHash similar; cross_split=False.
alta,similaridad_perceptual_entre_clases,atencion|sano,decidir etiqueta canonica o enviar a revision_dudosa,0,dataset/train/atencion/atencion_02375.jpg,dataset/train/sano/sano_02854.jpg,Par pHash similar; cross_split=False.
alta,similaridad_perceptual_entre_clases,atencion|sano,decidir etiqueta canonica o enviar a revision_dudosa,0,dataset/train/atencion/atencion_02388.jpg,dataset/train/sano/sano_01174.jpg,Par pHash similar; cross_split=False.
alta,similaridad_perceptual_entre_clases,atencion|sano,decidir etiqueta canonica o enviar a revision_dudosa,0,dataset/train/atencion/atencion_02462.jpg,dataset/train/sano/sano_01896.jpg,Par pHash similar; cross_split=False.
alta,similaridad_perceptual_entre_clases,atencion|peligro,decidir etiqueta canonica o enviar a revision_dudosa,0,dataset/train/atencion/atencion_02541.jpg,dataset/train/peligro/peligro_03136.jpg,Par pHash similar; cross_split=False.
alta,similaridad_perceptual_entre_clases,atencion|sano,decidir etiqueta canonica o enviar a revision_dudosa,0,dataset/train/atencion/atencion_02541.jpg,dataset/train/sano/sano_01982.jpg,Par pHash similar; cross_split=False.
alta,similaridad_perceptual_entre_clases,atencion|peligro,decidir etiqueta canonica o enviar a revision_dudosa,0,dataset/train/atencion/atencion_02640.jpg,dataset/train/peligro/peligro_01144.jpg,Par pHash similar; cross_split=False.
alta,similaridad_perceptual_entre_clases,atencion|peligro,decidir etiqueta canonica o enviar a revision_dudosa,0,dataset/train/atencion/atencion_02872.jpg,dataset/train/peligro/peligro_14811.jpg,Par pHash similar; cross_split=False.
alta,similaridad_perceptual_entre_clases,atencion|peligro,decidir etiqueta canonica o enviar a revision_dudosa,0,dataset/train/atencion/atencion_03031.jpg,dataset/train/peligro/peligro_14444.jpg,Par pHash similar; cross_split=False.
alta,similaridad_perceptual_entre_clases,atencion|peligro,decidir etiqueta canonica o enviar a revision_dudosa,0,dataset/train/atencion/atencion_03354.jpg,dataset/train/peligro/peligro_03461.jpg,Par pHash similar; cross_split=False.
alta,similaridad_perceptual_entre_clases,atencion|peligro,decidir etiqueta canonica o enviar a revision_dudosa,0,dataset/train/atencion/atencion_03640.jpg,dataset/train/peligro/peligro_00431.jpg,Par pHash similar; cross_split=False.
alta,similaridad_perceptual_entre_clases,atencion|peligro,decidir etiqueta canonica o enviar a revision_dudosa,0,dataset/train/atencion/atencion_03687.jpg,dataset/train/peligro/peligro_00271.jpg,Par pHash similar; cross_split=False.
alta,similaridad_perceptual_entre_clases,atencion|peligro,decidir etiqueta canonica o enviar a revision_dudosa,0,dataset/train/atencion/atencion_03936.jpg,dataset/train/peligro/peligro_03198.jpg,Par pHash similar; cross_split=False.
alta,similaridad_perceptual_entre_clases,atencion|sano,decidir etiqueta canonica o enviar a revision_dudosa,0,dataset/train/atencion/atencion_03941.jpg,dataset/train/sano/sano_03904.jpg,Par pHash similar; cross_split=False.
alta,similaridad_perceptual_entre_clases,atencion|sano,decidir etiqueta canonica o enviar a revision_dudosa,0,dataset/train/atencion/atencion_04016.jpg,dataset/train/sano/sano_02022.jpg,Par pHash similar; cross_split=False.
alta,similaridad_perceptual_entre_clases,atencion|peligro,decidir etiqueta canonica o enviar a revision_dudosa,0,dataset/train/atencion/atencion_04687.jpg,dataset/train/peligro/peligro_00272.jpg,Par pHash similar; cross_split=False.
alta,similaridad_perceptual_entre_clases,atencion|peligro,decidir etiqueta canonica o enviar a revision_dudosa,0,dataset/train/atencion/atencion_04737.jpg,dataset/train/peligro/peligro_12494.jpg,Par pHash similar; cross_split=False.
alta,similaridad_perceptual_entre_clases,atencion|peligro,decidir etiqueta canonica o enviar a revision_dudosa,0,dataset/train/atencion/atencion_04738.jpg,dataset/train/peligro/peligro_04383.jpg,Par pHash similar; cross_split=False.
alta,similaridad_perceptual_entre_clases,atencion|peligro,decidir etiqueta canonica o enviar a revision_dudosa,0,dataset/train/atencion/atencion_04792.jpg,dataset/train/peligro/peligro_11476.jpg,Par pHash similar; cross_split=False.
alta,similaridad_perceptual_entre_clases,atencion|peligro,decidir etiqueta canonica o enviar a revision_dudosa,0,dataset/train/atencion/atencion_05005.jpg,dataset/train/peligro/peligro_00247.jpg,Par pHash similar; cross_split=False.
alta,similaridad_perceptual_entre_clases,atencion|peligro,decidir etiqueta canonica o enviar a revision_dudosa,0,dataset/train/atencion/atencion_05045.jpg,dataset/train/peligro/peligro_06486.jpg,Par pHash similar; cross_split=False.
alta,similaridad_perceptual_entre_clases,atencion|peligro,decidir etiqueta canonica o enviar a revision_dudosa,0,dataset/train/atencion/atencion_05334.jpg,dataset/train/peligro/peligro_05043.jpg,Par pHash similar; cross_split=False.
alta,similaridad_perceptual_entre_clases,atencion|peligro,decidir etiqueta canonica o enviar a revision_dudosa,0,dataset/train/atencion/atencion_05400.jpg,dataset/train/peligro/peligro_03981.jpg,Par pHash similar; cross_split=False.
alta,similaridad_perceptual_entre_clases,atencion|peligro,decidir etiqueta canonica o enviar a revision_dudosa,0,dataset/train/atencion/atencion_05755.jpg,dataset/train/peligro/peligro_00677.jpg,Par pHash similar; cross_split=False.
alta,similaridad_perceptual_entre_clases,atencion|peligro,decidir etiqueta canonica o enviar a revision_dudosa,0,dataset/train/atencion/atencion_05758.jpg,dataset/train/peligro/peligro_01522.jpg,Par pHash similar; cross_split=False.
alta,similaridad_perceptual_entre_clases,atencion|peligro,decidir etiqueta canonica o enviar a revision_dudosa,0,dataset/train/atencion/atencion_05764.jpg,dataset/train/peligro/peligro_00042.jpg,Par pHash similar; cross_split=False.
alta,similaridad_perceptual_entre_clases,atencion|sano,decidir etiqueta canonica o enviar a revision_dudosa,0,dataset/train/atencion/atencion_06647.jpg,dataset/train/sano/sano_00809.jpg,Par pHash similar; cross_split=False.
alta,similaridad_perceptual_entre_clases,atencion|sano,decidir etiqueta canonica o enviar a revision_dudosa,0,dataset/train/atencion/atencion_06905.jpg,dataset/train/sano/sano_00309.jpg,Par pHash similar; cross_split=False.
alta,similaridad_perceptual_entre_clases,atencion|peligro,decidir etiqueta canonica o enviar a revision_dudosa,0,dataset/train/atencion/atencion_07034.jpg,dataset/train/peligro/peligro_05577.jpg,Par pHash similar; cross_split=False.
alta,similaridad_perceptual_entre_clases,atencion|peligro,decidir etiqueta canonica o enviar a revision_dudosa,0,dataset/train/atencion/atencion_07549.jpg,dataset/train/peligro/peligro_02227.jpg,Par pHash similar; cross_split=False.
alta,similaridad_perceptual_entre_clases,atencion|peligro,decidir etiqueta canonica o enviar a revision_dudosa,0,dataset/train/atencion/atencion_07914.jpg,dataset/train/peligro/peligro_08886.jpg,Par pHash similar; cross_split=False.
alta,similaridad_perceptual_entre_clases,atencion|peligro,decidir etiqueta canonica o enviar a revision_dudosa,0,dataset/train/atencion/atencion_09857.jpg,dataset/train/peligro/peligro_00104.jpg,Par pHash similar; cross_split=False.
alta,similaridad_perceptual_entre_clases,atencion|sano,decidir etiqueta canonica o enviar a revision_dudosa,0,dataset/train/atencion/atencion_11964.jpg,dataset/train/sano/sano_02893.jpg,Par pHash similar; cross_split=False.
alta,similaridad_perceptual_entre_clases,peligro|sano,decidir etiqueta canonica o enviar a revision_dudosa,0,dataset/train/peligro/peligro_00118.jpg,dataset/train/sano/sano_04371.jpg,Par pHash similar; cross_split=False.
alta,similaridad_perceptual_entre_clases,peligro|sano,decidir etiqueta canonica o enviar a revision_dudosa,0,dataset/train/peligro/peligro_01200.jpg,dataset/train/sano/sano_00033.jpg,Par pHash similar; cross_split=False.
alta,similaridad_perceptual_entre_clases,peligro|sano,decidir etiqueta canonica o enviar a revision_dudosa,0,dataset/train/peligro/peligro_03136.jpg,dataset/train/sano/sano_01982.jpg,Par pHash similar; cross_split=False.
alta,similaridad_perceptual_entre_clases,peligro|sano,decidir etiqueta canonica o enviar a revision_dudosa,0,dataset/train/peligro/peligro_03200.jpg,dataset/train/sano/sano_04269.jpg,Par pHash similar; cross_split=False.
alta,similaridad_perceptual_entre_clases,peligro|sano,decidir etiqueta canonica o enviar a revision_dudosa,0,dataset/train/peligro/peligro_03481.jpg,dataset/train/sano/sano_04522.jpg,Par pHash similar; cross_split=False.
alta,similaridad_perceptual_entre_clases,peligro|sano,decidir etiqueta canonica o enviar a revision_dudosa,0,dataset/train/peligro/peligro_10002.jpg,dataset/train/sano/sano_01099.jpg,Par pHash similar; cross_split=False.
alta,similaridad_perceptual_entre_clases,peligro|sano,decidir etiqueta canonica o enviar a revision_dudosa,0,dataset/train/peligro/peligro_13625.jpg,dataset/train/sano/sano_06516.jpg,Par pHash similar; cross_split=False.
alta,similaridad_perceptual_entre_clases,atencion|sano,decidir etiqueta canonica o enviar a revision_dudosa,0,dataset/validation/atencion/atencion_01733.jpg,dataset/validation/sano/sano_01917.jpg,Par pHash similar; cross_split=False.
alta,similaridad_perceptual_entre_clases,atencion|sano,decidir etiqueta canonica o enviar a revision_dudosa,0,dataset/validation/atencion/atencion_02991.jpg,dataset/validation/sano/sano_02070.jpg,Par pHash similar; cross_split=False.
alta,similaridad_perceptual_entre_clases,atencion|peligro,decidir etiqueta canonica o enviar a revision_dudosa,0,dataset/validation/atencion/atencion_03340.jpg,dataset/validation/peligro/peligro_03449.jpg,Par pHash similar; cross_split=False.
alta,similaridad_perceptual_entre_clases,atencion|peligro,decidir etiqueta canonica o enviar a revision_dudosa,0,dataset/validation/atencion/atencion_07781.jpg,dataset/validation/peligro/peligro_00378.jpg,Par pHash similar; cross_split=False.
alta,similaridad_perceptual_entre_clases,peligro|sano,decidir etiqueta canonica o enviar a revision_dudosa,0,dataset/validation/peligro/peligro_02072.jpg,dataset/validation/sano/sano_06836.jpg,Par pHash similar; cross_split=False.
alta,similaridad_perceptual_entre_clases,peligro|sano,decidir etiqueta canonica o enviar a revision_dudosa,0,dataset/validation/peligro/peligro_12028.jpg,dataset/validation/sano/sano_06496.jpg,Par pHash similar; cross_split=False.
alta,similaridad_perceptual_entre_clases,atencion|peligro,decidir etiqueta canonica o enviar a revision_dudosa,2,dataset/raw/atencion/atencion_00606.jpg,dataset/validation/peligro/peligro_00218.jpg,Par pHash similar; cross_split=True.
alta,similaridad_perceptual_entre_clases,atencion|sano,decidir etiqueta canonica o enviar a revision_dudosa,2,dataset/raw/atencion/atencion_01159.jpg,dataset/train/sano/sano_08933.jpg,Par pHash similar; cross_split=True.
alta,similaridad_perceptual_entre_clases,atencion|peligro,decidir etiqueta canonica o enviar a revision_dudosa,2,dataset/raw/atencion/atencion_01399.jpg,dataset/train/peligro/peligro_00489.jpg,Par pHash similar; cross_split=True.
alta,similaridad_perceptual_entre_clases,atencion|peligro,decidir etiqueta canonica o enviar a revision_dudosa,2,dataset/raw/atencion/atencion_01551.jpg,dataset/train/peligro/peligro_00955.jpg,Par pHash similar; cross_split=True.
alta,similaridad_perceptual_entre_clases,atencion|peligro,decidir etiqueta canonica o enviar a revision_dudosa,2,dataset/raw/atencion/atencion_01573.jpg,dataset/train/peligro/peligro_00106.jpg,Par pHash similar; cross_split=True.
alta,similaridad_perceptual_entre_clases,atencion|peligro,decidir etiqueta canonica o enviar a revision_dudosa,2,dataset/raw/atencion/atencion_01586.jpg,dataset/train/peligro/peligro_00051.jpg,Par pHash similar; cross_split=True.
alta,similaridad_perceptual_entre_clases,atencion|peligro,decidir etiqueta canonica o enviar a revision_dudosa,2,dataset/raw/atencion/atencion_01643.jpg,dataset/validation/peligro/peligro_00022.jpg,Par pHash similar; cross_split=True.
alta,similaridad_perceptual_entre_clases,atencion|peligro,decidir etiqueta canonica o enviar a revision_dudosa,2,dataset/raw/atencion/atencion_01775.jpg,dataset/train/peligro/peligro_02140.jpg,Par pHash similar; cross_split=True.
alta,similaridad_perceptual_entre_clases,atencion|peligro,decidir etiqueta canonica o enviar a revision_dudosa,2,dataset/raw/atencion/atencion_03882.jpg,dataset/train/peligro/peligro_02150.jpg,Par pHash similar; cross_split=True.
alta,similaridad_perceptual_entre_clases,atencion|peligro,decidir etiqueta canonica o enviar a revision_dudosa,2,dataset/raw/atencion/atencion_05788.jpg,dataset/train/peligro/peligro_09211.jpg,Par pHash similar; cross_split=True.
alta,similaridad_perceptual_entre_clases,atencion|sano,decidir etiqueta canonica o enviar a revision_dudosa,2,dataset/raw/atencion/atencion_06629.jpg,dataset/validation/sano/sano_00346.jpg,Par pHash similar; cross_split=True.
alta,similaridad_perceptual_entre_clases,peligro|atencion,decidir etiqueta canonica o enviar a revision_dudosa,2,dataset/raw/peligro/peligro_00218.jpg,dataset/train/atencion/atencion_00606.jpg,Par pHash similar; cross_split=True.
alta,similaridad_perceptual_entre_clases,peligro|atencion,decidir etiqueta canonica o enviar a revision_dudosa,2,dataset/raw/peligro/peligro_01841.jpg,dataset/train/atencion/atencion_03518.jpg,Par pHash similar; cross_split=True.
alta,similaridad_perceptual_entre_clases,peligro|sano,decidir etiqueta canonica o enviar a revision_dudosa,2,dataset/raw/peligro/peligro_03337.jpg,dataset/train/sano/sano_02071.jpg,Par pHash similar; cross_split=True.
alta,similaridad_perceptual_entre_clases,peligro|atencion,decidir etiqueta canonica o enviar a revision_dudosa,2,dataset/raw/peligro/peligro_09211.jpg,dataset/train/atencion/atencion_05788.jpg,Par pHash similar; cross_split=True.
alta,similaridad_perceptual_entre_clases,sano|atencion,decidir etiqueta canonica o enviar a revision_dudosa,2,dataset/raw/sano/sano_00346.jpg,dataset/test/atencion/atencion_06629.jpg,Par pHash similar; cross_split=True.
alta,similaridad_perceptual_entre_clases,sano|atencion,decidir etiqueta canonica o enviar a revision_dudosa,2,dataset/raw/sano/sano_01278.jpg,dataset/train/atencion/atencion_01542.jpg,Par pHash similar; cross_split=True.
alta,similaridad_perceptual_entre_clases,sano|peligro,decidir etiqueta canonica o enviar a revision_dudosa,2,dataset/raw/sano/sano_02054.jpg,dataset/train/peligro/peligro_00093.jpg,Par pHash similar; cross_split=True.
alta,similaridad_perceptual_entre_clases,sano|atencion,decidir etiqueta canonica o enviar a revision_dudosa,2,dataset/raw/sano/sano_02054.jpg,dataset/validation/atencion/atencion_01398.jpg,Par pHash similar; cross_split=True.
alta,similaridad_perceptual_entre_clases,sano|peligro,decidir etiqueta canonica o enviar a revision_dudosa,2,dataset/raw/sano/sano_02083.jpg,dataset/validation/peligro/peligro_00218.jpg,Par pHash similar; cross_split=True.
alta,similaridad_perceptual_entre_clases,sano|atencion,decidir etiqueta canonica o enviar a revision_dudosa,2,dataset/raw/sano/sano_02209.jpg,dataset/train/atencion/atencion_01486.jpg,Par pHash similar; cross_split=True.
alta,similaridad_perceptual_entre_clases,sano|peligro,decidir etiqueta canonica o enviar a revision_dudosa,2,dataset/raw/sano/sano_02209.jpg,dataset/train/peligro/peligro_00067.jpg,Par pHash similar; cross_split=True.
alta,similaridad_perceptual_entre_clases,sano|peligro,decidir etiqueta canonica o enviar a revision_dudosa,2,dataset/raw/sano/sano_02233.jpg,dataset/train/peligro/peligro_05722.jpg,Par pHash similar; cross_split=True.
alta,similaridad_perceptual_entre_clases,atencion|peligro,decidir etiqueta canonica o enviar a revision_dudosa,2,dataset/train/atencion/atencion_00606.jpg,dataset/validation/peligro/peligro_00218.jpg,Par pHash similar; cross_split=True.
alta,similaridad_perceptual_entre_clases,atencion|sano,decidir etiqueta canonica o enviar a revision_dudosa,2,dataset/train/atencion/atencion_01542.jpg,dataset/validation/sano/sano_01278.jpg,Par pHash similar; cross_split=True.
alta,similaridad_perceptual_entre_clases,atencion|peligro,decidir etiqueta canonica o enviar a revision_dudosa,2,dataset/train/atencion/atencion_01751.jpg,dataset/test/peligro/peligro_01846.jpg,Par pHash similar; cross_split=True.
alta,similaridad_perceptual_entre_clases,peligro|atencion,decidir etiqueta canonica o enviar a revision_dudosa,2,dataset/train/peligro/peligro_05722.jpg,dataset/validation/atencion/atencion_01373.jpg,Par pHash similar; cross_split=True.
alta,similaridad_perceptual_entre_clases,sano|peligro,decidir etiqueta canonica o enviar a revision_dudosa,2,dataset/train/sano/sano_02071.jpg,dataset/test/peligro/peligro_03337.jpg,Par pHash similar; cross_split=True.
alta,similaridad_perceptual_entre_clases,sano|atencion,decidir etiqueta canonica o enviar a revision_dudosa,2,dataset/validation/sano/sano_00346.jpg,dataset/test/atencion/atencion_06629.jpg,Par pHash similar; cross_split=True.
alta,similaridad_perceptual_entre_clases,atencion|peligro,decidir etiqueta canonica o enviar a revision_dudosa,2,dataset/raw/atencion/atencion_00606.jpg,dataset/raw/peligro/peligro_00218.jpg,Par pHash similar; cross_split=False.
alta,similaridad_perceptual_entre_clases,atencion|sano,decidir etiqueta canonica o enviar a revision_dudosa,2,dataset/raw/atencion/atencion_01159.jpg,dataset/raw/sano/sano_08933.jpg,Par pHash similar; cross_split=False.
alta,similaridad_perceptual_entre_clases,atencion|sano,decidir etiqueta canonica o enviar a revision_dudosa,2,dataset/raw/atencion/atencion_01248.jpg,dataset/raw/sano/sano_02054.jpg,Par pHash similar; cross_split=False.
alta,similaridad_perceptual_entre_clases,atencion|peligro,decidir etiqueta canonica o enviar a revision_dudosa,2,dataset/raw/atencion/atencion_01399.jpg,dataset/raw/peligro/peligro_00489.jpg,Par pHash similar; cross_split=False.
alta,similaridad_perceptual_entre_clases,atencion|peligro,decidir etiqueta canonica o enviar a revision_dudosa,2,dataset/raw/atencion/atencion_01551.jpg,dataset/raw/peligro/peligro_00955.jpg,Par pHash similar; cross_split=False.
alta,similaridad_perceptual_entre_clases,atencion|peligro,decidir etiqueta canonica o enviar a revision_dudosa,2,dataset/raw/atencion/atencion_01573.jpg,dataset/raw/peligro/peligro_00106.jpg,Par pHash similar; cross_split=False.
alta,similaridad_perceptual_entre_clases,atencion|peligro,decidir etiqueta canonica o enviar a revision_dudosa,2,dataset/raw/atencion/atencion_01586.jpg,dataset/raw/peligro/peligro_00051.jpg,Par pHash similar; cross_split=False.
alta,similaridad_perceptual_entre_clases,atencion|peligro,decidir etiqueta canonica o enviar a revision_dudosa,2,dataset/raw/atencion/atencion_01643.jpg,dataset/raw/peligro/peligro_00022.jpg,Par pHash similar; cross_split=False.
alta,similaridad_perceptual_entre_clases,atencion|peligro,decidir etiqueta canonica o enviar a revision_dudosa,2,dataset/raw/atencion/atencion_03518.jpg,dataset/raw/peligro/peligro_01841.jpg,Par pHash similar; cross_split=False.
alta,similaridad_perceptual_entre_clases,atencion|peligro,decidir etiqueta canonica o enviar a revision_dudosa,2,dataset/raw/atencion/atencion_05788.jpg,dataset/raw/peligro/peligro_09211.jpg,Par pHash similar; cross_split=False.
alta,similaridad_perceptual_entre_clases,atencion|sano,decidir etiqueta canonica o enviar a revision_dudosa,2,dataset/raw/atencion/atencion_06629.jpg,dataset/raw/sano/sano_00346.jpg,Par pHash similar; cross_split=False.
alta,similaridad_perceptual_entre_clases,peligro|sano,decidir etiqueta canonica o enviar a revision_dudosa,2,dataset/raw/peligro/peligro_00067.jpg,dataset/raw/sano/sano_02209.jpg,Par pHash similar; cross_split=False.
alta,similaridad_perceptual_entre_clases,peligro|sano,decidir etiqueta canonica o enviar a revision_dudosa,2,dataset/raw/peligro/peligro_00093.jpg,dataset/raw/sano/sano_02054.jpg,Par pHash similar; cross_split=False.
alta,similaridad_perceptual_entre_clases,peligro|sano,decidir etiqueta canonica o enviar a revision_dudosa,2,dataset/raw/peligro/peligro_00218.jpg,dataset/raw/sano/sano_02083.jpg,Par pHash similar; cross_split=False.
alta,similaridad_perceptual_entre_clases,peligro|sano,decidir etiqueta canonica o enviar a revision_dudosa,2,dataset/raw/peligro/peligro_02347.jpg,dataset/raw/sano/sano_02415.jpg,Par pHash similar; cross_split=False.
alta,similaridad_perceptual_entre_clases,atencion|peligro,decidir etiqueta canonica o enviar a revision_dudosa,2,dataset/train/atencion/atencion_03882.jpg,dataset/train/peligro/peligro_02150.jpg,Par pHash similar; cross_split=False.
alta,similaridad_perceptual_entre_clases,atencion|peligro,decidir etiqueta canonica o enviar a revision_dudosa,2,dataset/train/atencion/atencion_05788.jpg,dataset/train/peligro/peligro_09211.jpg,Par pHash similar; cross_split=False.
alta,similaridad_perceptual_entre_clases,atencion|peligro,decidir etiqueta canonica o enviar a revision_dudosa,4,dataset/raw/atencion/atencion_09628.jpg,dataset/train/peligro/peligro_05181.jpg,Par pHash similar; cross_split=True.
alta,similaridad_perceptual_entre_clases,peligro|sano,decidir etiqueta canonica o enviar a revision_dudosa,4,dataset/raw/peligro/peligro_01008.jpg,dataset/train/sano/sano_04480.jpg,Par pHash similar; cross_split=True.
alta,similaridad_perceptual_entre_clases,peligro|atencion,decidir etiqueta canonica o enviar a revision_dudosa,4,dataset/raw/peligro/peligro_02042.jpg,dataset/train/atencion/atencion_00772.jpg,Par pHash similar; cross_split=True.
alta,similaridad_perceptual_entre_clases,peligro|atencion,decidir etiqueta canonica o enviar a revision_dudosa,4,dataset/raw/peligro/peligro_05181.jpg,dataset/validation/atencion/atencion_09628.jpg,Par pHash similar; cross_split=True.
alta,similaridad_perceptual_entre_clases,sano|atencion,decidir etiqueta canonica o enviar a revision_dudosa,4,dataset/raw/sano/sano_00676.jpg,dataset/train/atencion/atencion_01115.jpg,Par pHash similar; cross_split=True.
alta,similaridad_perceptual_entre_clases,sano|peligro,decidir etiqueta canonica o enviar a revision_dudosa,4,dataset/raw/sano/sano_04480.jpg,dataset/train/peligro/peligro_01008.jpg,Par pHash similar; cross_split=True.
alta,similaridad_perceptual_entre_clases,peligro|atencion,decidir etiqueta canonica o enviar a revision_dudosa,4,dataset/train/peligro/peligro_05181.jpg,dataset/validation/atencion/atencion_09628.jpg,Par pHash similar; cross_split=True.
alta,similaridad_perceptual_entre_clases,atencion|peligro,decidir etiqueta canonica o enviar a revision_dudosa,4,dataset/raw/atencion/atencion_09628.jpg,dataset/raw/peligro/peligro_05181.jpg,Par pHash similar; cross_split=False.
alta,similaridad_perceptual_entre_clases,peligro|sano,decidir etiqueta canonica o enviar a revision_dudosa,4,dataset/raw/peligro/peligro_01008.jpg,dataset/raw/sano/sano_04480.jpg,Par pHash similar; cross_split=False.
alta,similaridad_perceptual_entre_clases,atencion|sano,decidir etiqueta canonica o enviar a revision_dudosa,4,dataset/train/atencion/atencion_01115.jpg,dataset/train/sano/sano_00676.jpg,Par pHash similar; cross_split=False.
alta,similaridad_perceptual_entre_clases,atencion|sano,decidir etiqueta canonica o enviar a revision_dudosa,4,dataset/train/atencion/atencion_01539.jpg,dataset/train/sano/sano_00639.jpg,Par pHash similar; cross_split=False.
alta,similaridad_perceptual_entre_clases,peligro|sano,decidir etiqueta canonica o enviar a revision_dudosa,4,dataset/train/peligro/peligro_01008.jpg,dataset/train/sano/sano_04480.jpg,Par pHash similar; cross_split=False.
media,modelo_error_atencion,atencion,revisar si es atencion real o deberia ser peligro,0.3622143268585205,dataset/test/atencion/atencion_01369.jpg,,Error del modelo actual; revisar sintomas visibles y borde sano/peligro.
media,modelo_error_atencion,atencion,revisar si es atencion real o deberia ser sano,0.38360708951950073,dataset/validation/atencion/atencion_07420.jpg,,Error del modelo actual; revisar sintomas visibles y borde sano/peligro.
media,modelo_error_atencion,atencion,revisar si es atencion real o deberia ser peligro,0.38439205288887024,dataset/test/atencion/atencion_01183.jpg,,Error del modelo actual; revisar sintomas visibles y borde sano/peligro.
media,modelo_error_atencion,atencion,revisar si es atencion real o deberia ser sano,0.388510525226593,dataset/validation/atencion/atencion_02092.jpg,,Error del modelo actual; revisar sintomas visibles y borde sano/peligro.
media,modelo_error_atencion,atencion,revisar si es atencion real o deberia ser peligro,0.4032762944698334,dataset/test/atencion/atencion_01293.jpg,,Error del modelo actual; revisar sintomas visibles y borde sano/peligro.
media,modelo_error_atencion,atencion,revisar si es atencion real o deberia ser sano,0.4057491421699524,dataset/test/atencion/atencion_02034.jpg,,Error del modelo actual; revisar sintomas visibles y borde sano/peligro.
media,modelo_error_atencion,atencion,revisar si es atencion real o deberia ser peligro,0.4176103174686432,dataset/validation/atencion/atencion_12441.jpg,,Error del modelo actual; revisar sintomas visibles y borde sano/peligro.
media,modelo_error_atencion,atencion,revisar si es atencion real o deberia ser sano,0.41810017824172974,dataset/validation/atencion/atencion_06284.jpg,,Error del modelo actual; revisar sintomas visibles y borde sano/peligro.
media,modelo_error_atencion,atencion,revisar si es atencion real o deberia ser peligro,0.44426244497299194,dataset/validation/atencion/atencion_02659.jpg,,Error del modelo actual; revisar sintomas visibles y borde sano/peligro.
media,modelo_error_atencion,atencion,revisar si es atencion real o deberia ser sano,0.4445538818836212,dataset/test/atencion/atencion_02380.jpg,,Error del modelo actual; revisar sintomas visibles y borde sano/peligro.
media,modelo_error_atencion,atencion,revisar si es atencion real o deberia ser sano,0.44588345289230347,dataset/validation/atencion/atencion_00722.jpg,,Error del modelo actual; revisar sintomas visibles y borde sano/peligro.
media,modelo_error_atencion,atencion,revisar si es atencion real o deberia ser peligro,0.4683479368686676,dataset/validation/atencion/atencion_01464.jpg,,Error del modelo actual; revisar sintomas visibles y borde sano/peligro.
media,modelo_error_atencion,atencion,revisar si es atencion real o deberia ser sano,0.47483983635902405,dataset/validation/atencion/atencion_00329.jpg,,Error del modelo actual; revisar sintomas visibles y borde sano/peligro.
media,modelo_error_atencion,atencion,revisar si es atencion real o deberia ser peligro,0.48109233379364014,dataset/test/atencion/atencion_02122.jpg,,Error del modelo actual; revisar sintomas visibles y borde sano/peligro.
media,modelo_error_atencion,atencion,revisar si es atencion real o deberia ser peligro,0.48136812448501587,dataset/validation/atencion/atencion_10975.jpg,,Error del modelo actual; revisar sintomas visibles y borde sano/peligro.
media,modelo_error_atencion,atencion,revisar si es atencion real o deberia ser sano,0.48482802510261536,dataset/validation/atencion/atencion_01067.jpg,,Error del modelo actual; revisar sintomas visibles y borde sano/peligro.
media,modelo_error_atencion,atencion,revisar si es atencion real o deberia ser peligro,0.4852147400379181,dataset/test/atencion/atencion_01467.jpg,,Error del modelo actual; revisar sintomas visibles y borde sano/peligro.
media,modelo_error_atencion,atencion,revisar si es atencion real o deberia ser peligro,0.48721036314964294,dataset/validation/atencion/atencion_03035.jpg,,Error del modelo actual; revisar sintomas visibles y borde sano/peligro.
media,modelo_error_atencion,atencion,revisar si es atencion real o deberia ser peligro,0.4933611750602722,dataset/test/atencion/atencion_01761.jpg,,Error del modelo actual; revisar sintomas visibles y borde sano/peligro.
media,modelo_error_atencion,atencion,revisar si es atencion real o deberia ser sano,0.49922022223472595,dataset/test/atencion/atencion_01696.jpg,,Error del modelo actual; revisar sintomas visibles y borde sano/peligro.
media,modelo_error_atencion,atencion,revisar si es atencion real o deberia ser peligro,0.5072007179260254,dataset/test/atencion/atencion_02158.jpg,,Error del modelo actual; revisar sintomas visibles y borde sano/peligro.
media,modelo_error_atencion,atencion,revisar si es atencion real o deberia ser peligro,0.50733882188797,dataset/validation/atencion/atencion_00311.jpg,,Error del modelo actual; revisar sintomas visibles y borde sano/peligro.
media,modelo_error_atencion,atencion,revisar si es atencion real o deberia ser sano,0.5144284963607788,dataset/validation/atencion/atencion_03467.jpg,,Error del modelo actual; revisar sintomas visibles y borde sano/peligro.
media,modelo_error_atencion,atencion,revisar si es atencion real o deberia ser peligro,0.517451822757721,dataset/validation/atencion/atencion_05117.jpg,,Error del modelo actual; revisar sintomas visibles y borde sano/peligro.
media,modelo_error_atencion,atencion,revisar si es atencion real o deberia ser peligro,0.5201085805892944,dataset/validation/atencion/atencion_01752.jpg,,Error del modelo actual; revisar sintomas visibles y borde sano/peligro.
media,modelo_error_atencion,atencion,revisar si es atencion real o deberia ser sano,0.5258949995040894,dataset/test/atencion/atencion_10275.jpg,,Error del modelo actual; revisar sintomas visibles y borde sano/peligro.
media,modelo_error_atencion,atencion,revisar si es atencion real o deberia ser sano,0.5343625545501709,dataset/validation/atencion/atencion_08896.jpg,,Error del modelo actual; revisar sintomas visibles y borde sano/peligro.
media,modelo_error_atencion,atencion,revisar si es atencion real o deberia ser sano,0.5343747138977051,dataset/test/atencion/atencion_11672.jpg,,Error del modelo actual; revisar sintomas visibles y borde sano/peligro.
media,modelo_error_atencion,atencion,revisar si es atencion real o deberia ser sano,0.5370692610740662,dataset/validation/atencion/atencion_01463.jpg,,Error del modelo actual; revisar sintomas visibles y borde sano/peligro.
media,modelo_error_atencion,atencion,revisar si es atencion real o deberia ser peligro,0.5433259606361389,dataset/test/atencion/atencion_06629.jpg,,Error del modelo actual; revisar sintomas visibles y borde sano/peligro.
media,modelo_error_atencion,atencion,revisar si es atencion real o deberia ser peligro,0.5442675948143005,dataset/validation/atencion/atencion_14075.jpg,,Error del modelo actual; revisar sintomas visibles y borde sano/peligro.
media,modelo_error_atencion,atencion,revisar si es atencion real o deberia ser sano,0.5474050045013428,dataset/validation/atencion/atencion_01863.jpg,,Error del modelo actual; revisar sintomas visibles y borde sano/peligro.
media,modelo_error_atencion,atencion,revisar si es atencion real o deberia ser sano,0.5508360862731934,dataset/validation/atencion/atencion_01430.jpg,,Error del modelo actual; revisar sintomas visibles y borde sano/peligro.
media,modelo_error_atencion,atencion,revisar si es atencion real o deberia ser sano,0.5537852048873901,dataset/test/atencion/atencion_11486.jpg,,Error del modelo actual; revisar sintomas visibles y borde sano/peligro.
media,modelo_error_atencion,atencion,revisar si es atencion real o deberia ser sano,0.5571519732475281,dataset/validation/atencion/atencion_02528.jpg,,Error del modelo actual; revisar sintomas visibles y borde sano/peligro.
media,modelo_error_atencion,atencion,revisar si es atencion real o deberia ser sano,0.5608669519424438,dataset/validation/atencion/atencion_01882.jpg,,Error del modelo actual; revisar sintomas visibles y borde sano/peligro.
media,modelo_error_atencion,atencion,revisar si es atencion real o deberia ser sano,0.5609607696533203,dataset/test/atencion/atencion_14220.jpg,,Error del modelo actual; revisar sintomas visibles y borde sano/peligro.
media,modelo_error_atencion,atencion,revisar si es atencion real o deberia ser peligro,0.5615494847297668,dataset/test/atencion/atencion_00776.jpg,,Error del modelo actual; revisar sintomas visibles y borde sano/peligro.
media,modelo_error_atencion,atencion,revisar si es atencion real o deberia ser sano,0.5627368092536926,dataset/validation/atencion/atencion_02286.jpg,,Error del modelo actual; revisar sintomas visibles y borde sano/peligro.
media,modelo_error_atencion,atencion,revisar si es atencion real o deberia ser sano,0.5665192604064941,dataset/validation/atencion/atencion_01319.jpg,,Error del modelo actual; revisar sintomas visibles y borde sano/peligro.
media,modelo_error_atencion,atencion,revisar si es atencion real o deberia ser peligro,0.5711217522621155,dataset/test/atencion/atencion_01346.jpg,,Error del modelo actual; revisar sintomas visibles y borde sano/peligro.
media,modelo_error_atencion,atencion,revisar si es atencion real o deberia ser sano,0.5748863816261292,dataset/test/atencion/atencion_02174.jpg,,Error del modelo actual; revisar sintomas visibles y borde sano/peligro.
media,modelo_error_atencion,atencion,revisar si es atencion real o deberia ser peligro,0.5756523013114929,dataset/validation/atencion/atencion_02566.jpg,,Error del modelo actual; revisar sintomas visibles y borde sano/peligro.
media,modelo_error_atencion,atencion,revisar si es atencion real o deberia ser sano,0.5761423707008362,dataset/test/atencion/atencion_04063.jpg,,Error del modelo actual; revisar sintomas visibles y borde sano/peligro.
media,modelo_error_atencion,atencion,revisar si es atencion real o deberia ser sano,0.5763447284698486,dataset/validation/atencion/atencion_05425.jpg,,Error del modelo actual; revisar sintomas visibles y borde sano/peligro.
media,modelo_error_atencion,atencion,revisar si es atencion real o deberia ser sano,0.5768742561340332,dataset/test/atencion/atencion_03338.jpg,,Error del modelo actual; revisar sintomas visibles y borde sano/peligro.
media,modelo_error_atencion,atencion,revisar si es atencion real o deberia ser peligro,0.5782784819602966,dataset/validation/atencion/atencion_02111.jpg,,Error del modelo actual; revisar sintomas visibles y borde sano/peligro.
media,modelo_error_atencion,atencion,revisar si es atencion real o deberia ser peligro,0.5857668519020081,dataset/validation/atencion/atencion_10878.jpg,,Error del modelo actual; revisar sintomas visibles y borde sano/peligro.
media,modelo_error_atencion,atencion,revisar si es atencion real o deberia ser peligro,0.586997389793396,dataset/test/atencion/atencion_12027.jpg,,Error del modelo actual; revisar sintomas visibles y borde sano/peligro.
media,modelo_error_atencion,atencion,revisar si es atencion real o deberia ser sano,0.588941752910614,dataset/test/atencion/atencion_14208.jpg,,Error del modelo actual; revisar sintomas visibles y borde sano/peligro.
media,modelo_error_atencion,atencion,revisar si es atencion real o deberia ser sano,0.5941191911697388,dataset/validation/atencion/atencion_02402.jpg,,Error del modelo actual; revisar sintomas visibles y borde sano/peligro.
media,modelo_error_atencion,atencion,revisar si es atencion real o deberia ser sano,0.5978243350982666,dataset/validation/atencion/atencion_11512.jpg,,Error del modelo actual; revisar sintomas visibles y borde sano/peligro.
media,modelo_error_atencion,atencion,revisar si es atencion real o deberia ser peligro,0.6007232666015625,dataset/test/atencion/atencion_00555.jpg,,Error del modelo actual; revisar sintomas visibles y borde sano/peligro.
media,modelo_error_atencion,atencion,revisar si es atencion real o deberia ser peligro,0.6015262007713318,dataset/validation/atencion/atencion_01398.jpg,,Error del modelo actual; revisar sintomas visibles y borde sano/peligro.
media,modelo_error_atencion,atencion,revisar si es atencion real o deberia ser peligro,0.6105265617370605,dataset/test/atencion/atencion_03329.jpg,,Error del modelo actual; revisar sintomas visibles y borde sano/peligro.
media,modelo_error_atencion,atencion,revisar si es atencion real o deberia ser peligro,0.6112852692604065,dataset/test/atencion/atencion_05781.jpg,,Error del modelo actual; revisar sintomas visibles y borde sano/peligro.
media,modelo_error_atencion,atencion,revisar si es atencion real o deberia ser sano,0.6115399599075317,dataset/test/atencion/atencion_01579.jpg,,Error del modelo actual; revisar sintomas visibles y borde sano/peligro.
media,modelo_error_atencion,atencion,revisar si es atencion real o deberia ser sano,0.6116469502449036,dataset/test/atencion/atencion_01670.jpg,,Error del modelo actual; revisar sintomas visibles y borde sano/peligro.
media,modelo_error_atencion,atencion,revisar si es atencion real o deberia ser peligro,0.6123897433280945,dataset/validation/atencion/atencion_05416.jpg,,Error del modelo actual; revisar sintomas visibles y borde sano/peligro.
media,modelo_error_atencion,atencion,revisar si es atencion real o deberia ser sano,0.6173587441444397,dataset/test/atencion/atencion_02638.jpg,,Error del modelo actual; revisar sintomas visibles y borde sano/peligro.
media,modelo_error_atencion,atencion,revisar si es atencion real o deberia ser peligro,0.6185354590415955,dataset/validation/atencion/atencion_14102.jpg,,Error del modelo actual; revisar sintomas visibles y borde sano/peligro.
media,modelo_error_atencion,atencion,revisar si es atencion real o deberia ser sano,0.6205963492393494,dataset/validation/atencion/atencion_14176.jpg,,Error del modelo actual; revisar sintomas visibles y borde sano/peligro.
media,modelo_error_atencion,atencion,revisar si es atencion real o deberia ser sano,0.6238723993301392,dataset/test/atencion/atencion_02512.jpg,,Error del modelo actual; revisar sintomas visibles y borde sano/peligro.
media,modelo_error_atencion,atencion,revisar si es atencion real o deberia ser sano,0.6325666308403015,dataset/validation/atencion/atencion_04993.jpg,,Error del modelo actual; revisar sintomas visibles y borde sano/peligro.
media,modelo_error_atencion,atencion,revisar si es atencion real o deberia ser peligro,0.6349426507949829,dataset/validation/atencion/atencion_00540.jpg,,Error del modelo actual; revisar sintomas visibles y borde sano/peligro.
media,modelo_error_atencion,atencion,revisar si es atencion real o deberia ser peligro,0.6379992365837097,dataset/validation/atencion/atencion_07781.jpg,,Error del modelo actual; revisar sintomas visibles y borde sano/peligro.
media,modelo_error_atencion,atencion,revisar si es atencion real o deberia ser sano,0.6419414281845093,dataset/validation/atencion/atencion_01659.jpg,,Error del modelo actual; revisar sintomas visibles y borde sano/peligro.
media,modelo_error_atencion,atencion,revisar si es atencion real o deberia ser peligro,0.6430777907371521,dataset/validation/atencion/atencion_01920.jpg,,Error del modelo actual; revisar sintomas visibles y borde sano/peligro.
media,modelo_error_atencion,atencion,revisar si es atencion real o deberia ser sano,0.6451932787895203,dataset/validation/atencion/atencion_07324.jpg,,Error del modelo actual; revisar sintomas visibles y borde sano/peligro.
media,modelo_error_atencion,atencion,revisar si es atencion real o deberia ser peligro,0.6510375142097473,dataset/validation/atencion/atencion_01628.jpg,,Error del modelo actual; revisar sintomas visibles y borde sano/peligro.
media,modelo_error_atencion,atencion,revisar si es atencion real o deberia ser peligro,0.6517941355705261,dataset/test/atencion/atencion_01723.jpg,,Error del modelo actual; revisar sintomas visibles y borde sano/peligro.
media,modelo_error_atencion,atencion,revisar si es atencion real o deberia ser sano,0.6562211513519287,dataset/test/atencion/atencion_01554.jpg,,Error del modelo actual; revisar sintomas visibles y borde sano/peligro.
media,modelo_error_atencion,atencion,revisar si es atencion real o deberia ser sano,0.6618393063545227,dataset/validation/atencion/atencion_01675.jpg,,Error del modelo actual; revisar sintomas visibles y borde sano/peligro.
media,modelo_error_atencion,atencion,revisar si es atencion real o deberia ser sano,0.6629968881607056,dataset/test/atencion/atencion_01906.jpg,,Error del modelo actual; revisar sintomas visibles y borde sano/peligro.
media,modelo_error_atencion,atencion,revisar si es atencion real o deberia ser sano,0.6709505915641785,dataset/validation/atencion/atencion_14161.jpg,,Error del modelo actual; revisar sintomas visibles y borde sano/peligro.
media,modelo_error_atencion,atencion,revisar si es atencion real o deberia ser peligro,0.671675980091095,dataset/test/atencion/atencion_01717.jpg,,Error del modelo actual; revisar sintomas visibles y borde sano/peligro.
media,modelo_error_atencion,atencion,revisar si es atencion real o deberia ser sano,0.6732677817344666,dataset/validation/atencion/atencion_00393.jpg,,Error del modelo actual; revisar sintomas visibles y borde sano/peligro.
media,modelo_error_atencion,atencion,revisar si es atencion real o deberia ser peligro,0.6782703995704651,dataset/test/atencion/atencion_00319.jpg,,Error del modelo actual; revisar sintomas visibles y borde sano/peligro.
media,modelo_error_atencion,atencion,revisar si es atencion real o deberia ser sano,0.6809778809547424,dataset/test/atencion/atencion_08050.jpg,,Error del modelo actual; revisar sintomas visibles y borde sano/peligro.
media,modelo_error_atencion,atencion,revisar si es atencion real o deberia ser peligro,0.6838793754577637,dataset/validation/atencion/atencion_09807.jpg,,Error del modelo actual; revisar sintomas visibles y borde sano/peligro.
media,modelo_error_atencion,atencion,revisar si es atencion real o deberia ser sano,0.6845109462738037,dataset/validation/atencion/atencion_14156.jpg,,Error del modelo actual; revisar sintomas visibles y borde sano/peligro.
media,modelo_error_atencion,atencion,revisar si es atencion real o deberia ser sano,0.6848069429397583,dataset/validation/atencion/atencion_02128.jpg,,Error del modelo actual; revisar sintomas visibles y borde sano/peligro.
media,modelo_error_atencion,atencion,revisar si es atencion real o deberia ser sano,0.6861249208450317,dataset/test/atencion/atencion_05187.jpg,,Error del modelo actual; revisar sintomas visibles y borde sano/peligro.
media,modelo_error_atencion,atencion,revisar si es atencion real o deberia ser peligro,0.690463125705719,dataset/test/atencion/atencion_00661.jpg,,Error del modelo actual; revisar sintomas visibles y borde sano/peligro.
media,modelo_error_atencion,atencion,revisar si es atencion real o deberia ser sano,0.6949177384376526,dataset/validation/atencion/atencion_02141.jpg,,Error del modelo actual; revisar sintomas visibles y borde sano/peligro.
media,modelo_error_atencion,atencion,revisar si es atencion real o deberia ser sano,0.6962171792984009,dataset/test/atencion/atencion_02045.jpg,,Error del modelo actual; revisar sintomas visibles y borde sano/peligro.
media,modelo_error_atencion,atencion,revisar si es atencion real o deberia ser sano,0.6993334293365479,dataset/validation/atencion/atencion_00001.jpg,,Error del modelo actual; revisar sintomas visibles y borde sano/peligro.
media,similaridad_perceptual_entre_clases,sano|atencion,decidir etiqueta canonica o enviar a revision_dudosa,8,dataset/raw/sano/sano_00370.jpg,dataset/validation/atencion/atencion_01060.jpg,Par pHash similar; cross_split=True.
media,similaridad_perceptual_entre_clases,atencion|sano,decidir etiqueta canonica o enviar a revision_dudosa,8,dataset/validation/atencion/atencion_01060.jpg,dataset/test/sano/sano_00370.jpg,Par pHash similar; cross_split=True.
