decision,reason,original_class,path,sha256,phash
revision_dudosa,similaridad perceptual con etiqueta conflictiva,atencion,dataset/raw/atencion/atencion_01293.jpg,06f8d9d0e1be55d3c309efe116fdb8a6978e7e78925d51f16ab035ca5090f72c,d7590ee90127fce0
revision_dudosa,duplicado exacto con etiqueta conflictiva,atencion,dataset/raw/atencion/atencion_03640.jpg,07acc8f77d3538079d799e57cd8284d8ae089b4f4e217241da5d4ae652a657c1,b9c202b4db7b243d
revision_dudosa,similaridad perceptual con etiqueta conflictiva,atencion,dataset/raw/atencion/atencion_01573.jpg,0c720943ab5a283bc62713ed499282ddde7df22013a4c2c95be00e305adabeb8,adf315a6da2c3984
revision_dudosa,similaridad perceptual con etiqueta conflictiva,atencion,dataset/raw/atencion/atencion_01630.jpg,10a5a7ed9479f1e5ce8b78106afe4535b53eeeefb4ab0ca0b6d82504e893c78c,d738e027dc1d938a
revision_dudosa,duplicado exacto con etiqueta conflictiva,atencion,dataset/raw/atencion/atencion_03360.jpg,10b6ea441d46fe09dbf63bcc22c78ecb988e78fdc7cff59e569c450a68bea3dc,e23f80f09de5d588
revision_dudosa,duplicado exacto con etiqueta conflictiva,atencion,dataset/raw/atencion/atencion_01816.jpg,117cb3af528e2f0372d11e80d47d7f2fcca92e61bb6cb6b9dc50a1ec9c189bd6,f209724cbeacf08d
revision_dudosa,duplicado exacto con etiqueta conflictiva,atencion,dataset/raw/atencion/atencion_05005.jpg,129094eb99692c784d422f62050d911de54454c3d60e06fbf973f1dc818f6f34,9c526b8dc62939e6
revision_dudosa,similaridad perceptual con etiqueta conflictiva,atencion,dataset/raw/atencion/atencion_02462.jpg,198b75a472ebfa2f0ae770f3f47920f7a731f1371b8c3507a1880ed2469d658b,9f6370d28719ac74
revision_dudosa,duplicado exacto con etiqueta conflictiva,atencion,dataset/raw/atencion/atencion_02640.jpg,1a31babf856f85c30e6d846049ba6be5b687a7db7c5cad1ddb9351e30cb8bd2c,d703630fca7d1f02
revision_dudosa,similaridad perceptual con etiqueta conflictiva,atencion,dataset/raw/atencion/atencion_02013.jpg,1a8050209dc44e51838e302325348a7d2ea17d09a348e1da32aee2bba27b7ad1,e3d8b40a8bf568ac
revision_dudosa,duplicado exacto con etiqueta conflictiva,atencion,dataset/raw/atencion/atencion_02018.jpg,1c8dfdf8c06b6e5643bb67e08233a47aa10d798cfbc4a2e303b8f8059c30b86d,efd1011e18271f2f
revision_dudosa,duplicado exacto con etiqueta conflictiva,atencion,dataset/raw/atencion/atencion_02086.jpg,1c948e05f4ec313c73449d1ee4d27e676fb86f4ec5808c91faf323239832353f,a5cef02dda248fa1
revision_dudosa,duplicado exacto con etiqueta conflictiva,atencion,dataset/raw/atencion/atencion_03936.jpg,1d6f473c6c019eccfd40143524eb06203359cd27d5690a965dfc5b317771cf28,bf87cf5ce0b09203
revision_dudosa,similaridad perceptual con etiqueta conflictiva,atencion,dataset/raw/atencion/atencion_01519.jpg,1e5b33c0002abaf940a829aa50fc76722db66d945540b41068ba62fecc4f8aec,ddb16bd60cc99254
revision_dudosa,similaridad perceptual con etiqueta conflictiva,atencion,dataset/raw/atencion/atencion_01613.jpg,200e09b06659a233839757bad8b95c86748d320d89a6bd325b5361ebfd1ac9b5,a0f0b7d0478bbcc5
revision_dudosa,similaridad perceptual con etiqueta conflictiva,atencion,dataset/raw/atencion/atencion_08131.jpg,205591a98c17b997264da5dca712c28c79d1697a3410154d217796aad5d0103f,bed51502792b04bf
revision_dudosa,similaridad perceptual con etiqueta conflictiva,atencion,dataset/raw/atencion/atencion_01765.jpg,22c4a981b56f31429766a88a0b2e3d2d9cd8b3c4585259ecd6a064f018886ae2,c4ac37b139d0bc6a
revision_dudosa,similaridad perceptual con etiqueta conflictiva,atencion,dataset/raw/atencion/atencion_01695.jpg,2362f9ee2d0eef155f28e01eb2f0cfa375bc9e9ea0ffa4be82ff5d8d8fad5c05,f991e33c08149ef6
revision_dudosa,similaridad perceptual con etiqueta conflictiva,atencion,dataset/raw/atencion/atencion_00782.jpg,23a5ae707f9cbe892f06c572eb010e36193b9dce5008bd8d6cd06f690d947dba,f0f42e7a1e0ba391
revision_dudosa,duplicado exacto con etiqueta conflictiva,atencion,dataset/raw/atencion/atencion_01753.jpg,2424dbf8c4abb4a56727c70a8eaa5bc9b842d3949db34a46b08e68c2d7a99b23,ee8b3cf074d0605e
revision_dudosa,duplicado exacto con etiqueta conflictiva,atencion,dataset/raw/atencion/atencion_03329.jpg,2507e6a6c3cb7af450e39bb1ec031d1d316e313a1801338fcae7cf282171fa01,a5c3361b1b745c5a
revision_dudosa,similaridad perceptual con etiqueta conflictiva,atencion,dataset/raw/atencion/atencion_01747.jpg,290a2df61d1c079efbd71852ccb37a8c2c624b6fc32c72b9c6bfe17d1576f9a4,9e97dd40c16ccd1c
revision_dudosa,similaridad perceptual con etiqueta conflictiva,atencion,dataset/raw/atencion/atencion_06284.jpg,2e2ed7083a7ada06eb4b0b3cd8cd5a09e81785b8b9c8263f52b7bbfd13cc2825,d89a33275bd50a27
revision_dudosa,duplicado exacto con etiqueta conflictiva,atencion,dataset/raw/atencion/atencion_05171.jpg,2e5461923f6840d1b16c2f24e89aaff63a0109ef17e7704fd153b35ef5656bd9,a61bafe47010f2f1
revision_dudosa,duplicado exacto con etiqueta conflictiva,atencion,dataset/raw/atencion/atencion_00700.jpg,31062db8e14f2b216eec7b472026ab23e54d87df5e7eb272361deb2c72d4ed27,c2d56ac225aff454
revision_dudosa,similaridad perceptual con etiqueta conflictiva,atencion,dataset/raw/atencion/atencion_05758.jpg,329a70ba32588a03a1b12ea7c0b750cd2025796d7f1111c22f353e2445af9114,ebd209935d780c7c
revision_dudosa,duplicado exacto con etiqueta conflictiva,atencion,dataset/raw/atencion/atencion_09665.jpg,34723c1084085ab231318cd2ffd8e761db6860cb3b3b6c0de8d8150902639d2d,ff8f6a30b41c90cc
revision_dudosa,duplicado exacto con etiqueta conflictiva,atencion,dataset/raw/atencion/atencion_05400.jpg,3529384e742e70ccf88294544b21961fc55b4dbda8922d1d76062f43a5f4668c,d3f08fbcdcc11226
revision_dudosa,similaridad perceptual con etiqueta conflictiva,atencion,dataset/raw/atencion/atencion_01248.jpg,37d205b2d28d84d3152d5b52dce1fec9b889ece36a011f1fec67b604c24c928d,f50afdf62b90824a
revision_dudosa,duplicado exacto con etiqueta conflictiva,atencion,dataset/raw/atencion/atencion_01470.jpg,3827ea2f0b2f99f064db069b6fe1ce6221b5ef75012985d980f3d89d4b5b3b24,b1d55ed82d3e4825
revision_dudosa,duplicado exacto con etiqueta conflictiva,atencion,dataset/raw/atencion/atencion_00004.jpg,39012e72cfdde87a3d4e0fe81e635b9bef6590ef922fb8f6ded8753fdceb13a5,faa525503de2a64b
revision_dudosa,similaridad perceptual con etiqueta conflictiva,atencion,dataset/raw/atencion/atencion_00580.jpg,3a57c2961d2bb8b0654fa790ec059b4c3978cd477178a98a385effb87dde2426,b6fc6681f8af0170
revision_dudosa,similaridad perceptual con etiqueta conflictiva,atencion,dataset/raw/atencion/atencion_01155.jpg,3fdc3ded8c746109e4d42a1451e56a8ccd42340c6b637090eb5a053a694060fa,a0c8563e7b9663e4
revision_dudosa,duplicado exacto con etiqueta conflictiva,atencion,dataset/raw/atencion/atencion_01797.jpg,416521f2ed23f7348c4c80febed1246b7ac13505b8cb896a4f0b33b72650b881,81cb1a6e49977d2c
revision_dudosa,duplicado exacto con etiqueta conflictiva,atencion,dataset/raw/atencion/atencion_12528.jpg,439e1bb703a7e13230f61d5da8a3e8c62cc31cbc9718d5f75e520122de1c748a,cc8c350336f903fb
revision_dudosa,duplicado exacto con etiqueta conflictiva,atencion,dataset/raw/atencion/atencion_01759.jpg,48130ec1f5d868346da6c7f04d611db597ed6606c47bb840a456859e4dd24908,af944c0fcdad50a3
revision_dudosa,similaridad perceptual con etiqueta conflictiva,atencion,dataset/raw/atencion/atencion_09628.jpg,4900f519ff1ef1c93e546a59b0fb5ae6dfe7e008aaa3383396ef5aff68492863,e56de43239c07c8e
revision_dudosa,similaridad perceptual con etiqueta conflictiva,atencion,dataset/raw/atencion/atencion_03882.jpg,49326f6ebd8f050b3a550833ddc6b3274f53cfe303cabef3c446b1474949435c,cac2b7b490c505ef
revision_dudosa,similaridad perceptual con etiqueta conflictiva,atencion,dataset/raw/atencion/atencion_03300.jpg,4990344e2a42a6eaae5cf650487dc00d9ab785f5a4f7f5995b90f4a8f1a4145f,abdfb763c4218a22
revision_dudosa,similaridad perceptual con etiqueta conflictiva,atencion,dataset/raw/atencion/atencion_04737.jpg,4a832fb815a4b50db48287ddd840e5ab93e939459f980fd09f97ab7e750d9b19,c0781acf0f343e67
revision_dudosa,similaridad perceptual con etiqueta conflictiva,atencion,dataset/raw/atencion/atencion_00574.jpg,4ad9d8f15fa9a4127b543bc31ca1cea6cefd9d5cba337b56d7e718c830e01501,8c763349c4eb9655
revision_dudosa,similaridad perceptual con etiqueta conflictiva,atencion,dataset/raw/atencion/atencion_03031.jpg,4c45be9235260af50ca074ea6b49a17a18e2cc02247342949f20a64306ab9cdb,d6c4817a09763ed5
revision_dudosa,duplicado exacto con etiqueta conflictiva,atencion,dataset/raw/atencion/atencion_01529.jpg,4ed7291bba747ab406f05a53c31e268afaa82a825d7dddadfc0659946c5bf639,ce98877423a77133
revision_dudosa,similaridad perceptual con etiqueta conflictiva,atencion,dataset/raw/atencion/atencion_02031.jpg,52703b2d874fe9d734b68d8c1f3bbb8e9a8a6d6c755107290c687f645dfff4bd,a6da7183c9b8478d
revision_dudosa,duplicado exacto con etiqueta conflictiva,atencion,dataset/raw/atencion/atencion_01208.jpg,5800d94359a2bb16bf81cbc2d26bb687d8600a4cab54d4d2b7b7e94ccab244e6,88c3eda18ee1bf81
revision_dudosa,duplicado exacto con etiqueta conflictiva,atencion,dataset/raw/atencion/atencion_00666.jpg,5940067c3ecd566f7a1028f6168dace8eb71aca38ecae9262611bbc1a522d324,dc5bb366e219f009
revision_dudosa,similaridad perceptual con etiqueta conflictiva,atencion,dataset/raw/atencion/atencion_01269.jpg,59dccbdf7aa0b6c0f4683dc712ed984c96d48a0157028781a72c0691752427e0,b1e57710269c86e7
revision_dudosa,similaridad perceptual con etiqueta conflictiva,atencion,dataset/raw/atencion/atencion_01621.jpg,5a4ad2016dcd2ebc7f9b2636ac2bf273c0b95fd4efc28eaf8181f3de638a5a55,8b903629b14b57e7
revision_dudosa,similaridad perceptual con etiqueta conflictiva,atencion,dataset/raw/atencion/atencion_00656.jpg,5ac6e43284cb5c117da1650b94816d2cae988854e048c47c781df221435b0fa0,8d097af0fac6059e
revision_dudosa,duplicado exacto con etiqueta conflictiva,atencion,dataset/raw/atencion/atencion_01236.jpg,5c3d8f42d8d634dcdf2a1ded3d65d0182e5002c1181dd3e636db8adb64aa64f0,829036c7bc3b47ec
revision_dudosa,similaridad perceptual con etiqueta conflictiva,atencion,dataset/raw/atencion/atencion_04687.jpg,5e80b557e11c7f29f40eaf153056771cea0c6a2b4c7fad7f44f0e091ad9fd983,94159b35ed61ec43
revision_dudosa,duplicado exacto con etiqueta conflictiva,atencion,dataset/raw/atencion/atencion_05807.jpg,5fc484787819b421f09e840c354ff40852f7bf9cce234b104ea0ee063351a3cd,8d2a7cda17d5309c
revision_dudosa,duplicado exacto con etiqueta conflictiva,atencion,dataset/raw/atencion/atencion_01361.jpg,5fe6e6f37a6f2a39ce99f68601d8cb10740acf9043c2c9dabe40b06a2fad106b,f632dadb4b48c078
revision_dudosa,similaridad perceptual con etiqueta conflictiva,atencion,dataset/raw/atencion/atencion_02919.jpg,601a340db7929f5b656eb909bd9c7e2126a34caae5ea6248bfc910ed6cd4870f,a9038f4af01fde1c
revision_dudosa,similaridad perceptual con etiqueta conflictiva,atencion,dataset/raw/atencion/atencion_00619.jpg,61175d5ff4442e27b6a7fafb01644072de5ecdef52cd0071afe57653b0ae085f,eb569025c41bcf4d
revision_dudosa,duplicado exacto con etiqueta conflictiva,atencion,dataset/raw/atencion/atencion_00661.jpg,618443ecea6a7d943b4458f4fde23f8d942b2a95abe1bbca4cd6b43d3397c484,b5e80b37bf14c234
revision_dudosa,duplicado exacto con etiqueta conflictiva,atencion,dataset/raw/atencion/atencion_02541.jpg,6612ab5b6070f67677c538eca4c44929d57b01f6e2a4eb7f5feeba41c0ddfc45,a73adc0d8bd0b315
revision_dudosa,similaridad perceptual con etiqueta conflictiva,atencion,dataset/raw/atencion/atencion_02991.jpg,66f53cc8ea63b1af168f5e4b782a49ea9e08959216788f6946bab90551836a23,fee5e005926e9a8c
revision_dudosa,similaridad perceptual con etiqueta conflictiva,atencion,dataset/raw/atencion/atencion_03350.jpg,67a1e8d0c96156a83cf700940141d4e2c9e660e894b434f4713f90c8b5b30a2b,86d6b6b0d09e93b4
revision_dudosa,duplicado exacto con etiqueta conflictiva,atencion,dataset/raw/atencion/atencion_02102.jpg,6c7b024cfdec9a205f977d8545a2c5f087ada66caada60f72a6574fd1cab3cce,d3912477534b5cb2
revision_dudosa,duplicado exacto con etiqueta conflictiva,atencion,dataset/raw/atencion/atencion_00555.jpg,6d19e236caa90d68b14c65f9edea7d01f8dc5911dd6f53dc5425b55d643ffc2c,80b07183debcbf25
revision_dudosa,duplicado exacto con etiqueta conflictiva,atencion,dataset/raw/atencion/atencion_00225.jpg,6dd5f8afb2a9f6fdf63afd2941e8ad871a8b2d5d20aef4dcf8b6f08dc1f27790,c5a03894d348efb7
revision_dudosa,duplicado exacto con etiqueta conflictiva,atencion,dataset/raw/atencion/atencion_05135.jpg,6e046c7288de30d7566f3e64243f6146eec8b5f13040022b2e191b902b66d5d5,971a29efc229e43c
revision_dudosa,duplicado exacto con etiqueta conflictiva,atencion,dataset/raw/atencion/atencion_00630.jpg,703d3291996e2d76b40fe6920c228cbe23346c7736431aa807a2640b054faa77,a5631cf62f286e29
revision_dudosa,duplicado exacto con etiqueta conflictiva,atencion,dataset/raw/atencion/atencion_02194.jpg,72bc51495b4630559eb42867588d7e8214d5e55d7bb860f057f8d4575c52507d,e82ea015ce7be54a
revision_dudosa,similaridad perceptual con etiqueta conflictiva,atencion,dataset/raw/atencion/atencion_06647.jpg,73b0c0804ab510691acdc2d35d3f467e1f8b1772f8b133b2c9e4daf7d8fc42b4,e89667791a873439
revision_dudosa,similaridad perceptual con etiqueta conflictiva,atencion,dataset/raw/atencion/atencion_03246.jpg,764249ab07f60a141dffc1104ea670bba54baebac27d0a5a12b37a86b14a2a01,e0dca9711cce7439
revision_dudosa,duplicado exacto con etiqueta conflictiva,atencion,dataset/raw/atencion/atencion_01791.jpg,78c1390231bb6c782fd157917dd9a0e067260f13cc1437a559f676d9caf6ed5f,f7c5dad421899658
revision_dudosa,duplicado exacto con etiqueta conflictiva,atencion,dataset/raw/atencion/atencion_02872.jpg,7a2f05d7063e6f144a0943ceea8431be6514d683d54f74a0a8ab2ad7ac0b26d8,eb0ee5fcc5c08683
revision_dudosa,duplicado exacto con etiqueta conflictiva,atencion,dataset/raw/atencion/atencion_05751.jpg,7a4693431ffe127bbacf304e014e762827207dbed5082b5f2d7fb49dcf40f87c,82c560353fa73e0f
revision_dudosa,similaridad perceptual con etiqueta conflictiva,atencion,dataset/raw/atencion/atencion_01775.jpg,7c87c5ebf4dc6cc9fca7e96546f0f37ec48f1450442b0893dea6c822ea48bfcd,d4493f94598d44f6
revision_dudosa,similaridad perceptual con etiqueta conflictiva,atencion,dataset/raw/atencion/atencion_03518.jpg,7c892630128479b8c4a54d1014080778e529b85e6c8084a37decc34bbd0a22d2,c3907e63a9b4564b
revision_dudosa,duplicado exacto con etiqueta conflictiva,atencion,dataset/raw/atencion/atencion_11964.jpg,7dd89b9035ec0b783a11553fa83ed14a10baad6a9c43f66b40d6a8d5e237b99e,92d02d3c39b69fe0
revision_dudosa,similaridad perceptual con etiqueta conflictiva,atencion,dataset/raw/atencion/atencion_00807.jpg,7eb8d8709c4a0415cdf1b35819362f35e842f02735c2e010f7299cfd27b43525,c793d6571196f4a0
revision_dudosa,similaridad perceptual con etiqueta conflictiva,atencion,dataset/raw/atencion/atencion_01606.jpg,8036d22543d5aeac7d421650b9fd6d0433fc110099f5a31bc1ca7587fceae49c,89d251894f56b9ad
revision_dudosa,duplicado exacto con etiqueta conflictiva,atencion,dataset/raw/atencion/atencion_00636.jpg,83f6f5811f4aebb41d2aee7147c236ac9402ba0f3aa4d5132ba33ecd36521759,9bb50642cd3e07d3
revision_dudosa,similaridad perceptual con etiqueta conflictiva,atencion,dataset/raw/atencion/atencion_01643.jpg,8666f02f615b795b0e43b131988dbb21b85f07ad559deb0aaa5f47ebcf3811bc,b67289c3a5df4087
revision_dudosa,similaridad perceptual con etiqueta conflictiva,atencion,dataset/raw/atencion/atencion_00665.jpg,8a27702dfb71f8de95fa75dfa2094a7d48baeec7c78e9cb05a1056fe5f19b89e,ce9b308f590e730e
revision_dudosa,similaridad perceptual con etiqueta conflictiva,atencion,dataset/raw/atencion/atencion_01180.jpg,8a29ef59652b095a170b62bda9473741e13c014f7658fed9dacbd818eaf9b44b,f48fc920f6f90847
revision_dudosa,duplicado exacto con etiqueta conflictiva,atencion,dataset/raw/atencion/atencion_01337.jpg,8a473c854f4ce0c7a8f81cdf5f881880bbfeeb459d820cb58b711f1db89ab61c,a80f8f7cb0e3a19c
revision_dudosa,similaridad perceptual con etiqueta conflictiva,atencion,dataset/raw/atencion/atencion_02316.jpg,8bb318bd0ee6e91e432818179093baaa004c1b159ef5e4b562ba2ffc0b89ee73,d86868d97079e1cd
revision_dudosa,duplicado exacto con etiqueta conflictiva,atencion,dataset/raw/atencion/atencion_00693.jpg,8d7d666c21b28a0fdbcec3c7dd061a386d3292727de65a7a5ac94a6440126736,e5a0b20eec5da92e
revision_dudosa,duplicado exacto con etiqueta conflictiva,atencion,dataset/raw/atencion/atencion_00763.jpg,9211632258824eb97dee38c8763096412c52da81498bb0fde01bfd284bd20bd5,c544e567a47bb24c
revision_dudosa,similaridad perceptual con etiqueta conflictiva,atencion,dataset/raw/atencion/atencion_01586.jpg,93e248cbe0945bb42c4d6b5a3557523096ef86cd3fbf7557cac17be4a2740c6b,81d03f6b0c9b73ac
revision_dudosa,similaridad perceptual con etiqueta conflictiva,atencion,dataset/raw/atencion/atencion_10354.jpg,96ebe8573fa656a73b60a943d5cf85af4928fdca567b5aec08f6d5c93b93d9a9,c1bd9b8695eb6160
revision_dudosa,duplicado exacto con etiqueta conflictiva,atencion,dataset/raw/atencion/atencion_00233.jpg,96f43dbcabdbfa21d784bdcaa3f6edc1dd59c9548a9bf1717f5b73922653ec4f,c311b17ebc32b546
revision_dudosa,similaridad perceptual con etiqueta conflictiva,atencion,dataset/raw/atencion/atencion_01399.jpg,97b2f021b68d7560dd8ddd82c06f45d0539481b56075e9e46ca3dfabb6ca8692,d8303597cf1a527a
revision_dudosa,duplicado exacto con etiqueta conflictiva,atencion,dataset/raw/atencion/atencion_02094.jpg,9c654cf6a627ac6181de011abf08f83853d7802157d120248d7fec17c3972893,bee8920bd9c4c99c
revision_dudosa,similaridad perceptual con etiqueta conflictiva,atencion,dataset/raw/atencion/atencion_01427.jpg,9fdbf7f7a24a7ddfda4e244407101bad6e38e09f2a5b78138d464ed0553a2a57,87e0cc338d75331b
revision_dudosa,similaridad perceptual con etiqueta conflictiva,atencion,dataset/raw/atencion/atencion_00606.jpg,a0f135a140a5773ac8b4b52400a4db225a85b109e2168471ceea514adfcb5f6e,d403e1cf382f9ec1
revision_dudosa,similaridad perceptual con etiqueta conflictiva,atencion,dataset/raw/atencion/atencion_01587.jpg,a2a7ae9c58c674e798965f3f65d1dbbc4797f239c67e6ff38c1b6653179dbd44,b906dece86a6a683
revision_dudosa,similaridad perceptual con etiqueta conflictiva,atencion,dataset/raw/atencion/atencion_01260.jpg,a6d91fd76531ac2b65aebae1093640002ca2d7ad734359eb7c6a6f0ca72fbe99,fde4c88e32333711
revision_dudosa,duplicado exacto con etiqueta conflictiva,atencion,dataset/raw/atencion/atencion_00860.jpg,a85b047f28dc83dcdf9a852562284b94f3beb4ce258d3234d4e1362bab288310,f8f38caa05538b4d
revision_dudosa,duplicado exacto con etiqueta conflictiva,atencion,dataset/raw/atencion/atencion_00177.jpg,a9523199e3ab8caaf05dd7c05df9b3d4b7cf57d855a915d0a38c449460cce7c9,d7be79c12e7060c2
revision_dudosa,similaridad perceptual con etiqueta conflictiva,atencion,dataset/raw/atencion/atencion_07452.jpg,a9dca6cf0f172d15c167b48b46d036daf8239c66dd784534bea790b4f0c1098f,8f87f0c88d59a64b
revision_dudosa,similaridad perceptual con etiqueta conflictiva,atencion,dataset/raw/atencion/atencion_02626.jpg,acbc3170ea316a3166afcbccfc4ac940ef8fa3f19910d3622668f6430c77d396,f0889fa5289da3f4
revision_dudosa,duplicado exacto con etiqueta conflictiva,atencion,dataset/raw/atencion/atencion_05755.jpg,acfeb7a213103ef76ddfd3d99995289553aad2ed8a2a2f254307b932cc0ed4c9,dc1a0fb37c62a507
revision_dudosa,duplicado exacto con etiqueta conflictiva,atencion,dataset/raw/atencion/atencion_05045.jpg,af17962ff6966af2d2c402ea9324541d334d5f2ea3e7831040874c7f4656029e,ab72c799a10cf83a
revision_dudosa,similaridad perceptual con etiqueta conflictiva,atencion,dataset/raw/atencion/atencion_01594.jpg,b0bfdd4d3370f186c99f19d9196b523a9c6c4820f1c94dddf007ee1393eafb9b,b89d588b588fba52
revision_dudosa,duplicado exacto con etiqueta conflictiva,atencion,dataset/raw/atencion/atencion_07781.jpg,b18c1b7d419b367d797ce1a35175281092cad39a593f7781de798a97fab79861,e78d3660d3e0179a
revision_dudosa,similaridad perceptual con etiqueta conflictiva,atencion,dataset/raw/atencion/atencion_01842.jpg,b2f45b4675f1df39770ddfbd344e5745987d4a136716c394aec883ea536307f3,ad52cbcd053c323b
revision_dudosa,duplicado exacto con etiqueta conflictiva,atencion,dataset/raw/atencion/atencion_00349.jpg,b6e0b1c9ef480d5263f5053dc805918204de2a7c4761ec8723f8eb263bca37f4,eef0c409b3cb9a13
revision_dudosa,duplicado exacto con etiqueta conflictiva,atencion,dataset/raw/atencion/atencion_01465.jpg,b7e6e40080af368d87f9a5bccafc07d893e0671ff3a9a836be15474cf9f1769f,c21c7d29d9c2e3d2
revision_dudosa,duplicado exacto con etiqueta conflictiva,atencion,dataset/raw/atencion/atencion_02388.jpg,b97e99cc522727264ff97f14304bbad1e3dc9301d0a79dadc71e0f802af5925e,a30b9e34e11cddd2
revision_dudosa,similaridad perceptual con etiqueta conflictiva,atencion,dataset/raw/atencion/atencion_01560.jpg,b9fcd28ead8a7866c450a07679f1bf0b3b4ef1749b081e8812c184d9a46c1efa,dde6213c1638f0ad
revision_dudosa,similaridad perceptual con etiqueta conflictiva,atencion,dataset/raw/atencion/atencion_01422.jpg,ba27a5a5e66bfb3c6c7527196150572fa3b5827e8e51b9f4cfe31a3fcf087f81,f74b591078a786cc
revision_dudosa,similaridad perceptual con etiqueta conflictiva,atencion,dataset/raw/atencion/atencion_01543.jpg,ba4a16e26aed505a352dc9c7a7f45228bbda7044a4ac5968bb97db4c571d59d6,d7527d64426227b6
revision_dudosa,similaridad perceptual con etiqueta conflictiva,atencion,dataset/raw/atencion/atencion_01268.jpg,c093b8572ecd91704bc284b070fe9241a52b00a62092e608d498b3f3d33f7bc5,da8aa4f2d19033f3
revision_dudosa,duplicado exacto con etiqueta conflictiva,atencion,dataset/raw/atencion/atencion_02906.jpg,c1c630506bffec069ee6ef8d4f5657614e759c7efa7644e05140c9d1eb317876,db92a07c8c0e4f5e
revision_dudosa,similaridad perceptual con etiqueta conflictiva,atencion,dataset/raw/atencion/atencion_01535.jpg,c89d4de13f435f4ae0a18c9a2493b7ae9ec51a4b01a64a3d1deee7e14a35e2bf,9fe57c0e251c7a0a
revision_dudosa,similaridad perceptual con etiqueta conflictiva,atencion,dataset/raw/atencion/atencion_00732.jpg,caa2587df87e75a2ca8c27c4e71aff41d7a1a339819fb1cfb37a09a3dcd3153f,ede6369201e693a6
revision_dudosa,duplicado exacto con etiqueta conflictiva,atencion,dataset/raw/atencion/atencion_09857.jpg,ccd48f8c9ff7e8ecdcb0dff3900c3458d5627f3684f341a435db7c8ca5120c8a,c12f33aa2fa9a195
revision_dudosa,duplicado exacto con etiqueta conflictiva,atencion,dataset/raw/atencion/atencion_03340.jpg,cf19bb86bf849387f88244d36a62ed46c73254269f696eff3fc223e0e4b2c955,85ca5d3d4a663a72
revision_dudosa,duplicado exacto con etiqueta conflictiva,atencion,dataset/raw/atencion/atencion_08223.jpg,d09a1b570b1c450491c654b59c48f4851f1e56ee109886f1f526e436946e5c45,9c1b4af131251ee7
revision_dudosa,duplicado exacto con etiqueta conflictiva,atencion,dataset/raw/atencion/atencion_00600.jpg,d0fe2e0d0188ea61991ac8996afa4f356367896ac2759e4e1f4d0e33bba21342,ae609426daf7c1d2
revision_dudosa,duplicado exacto con etiqueta conflictiva,atencion,dataset/raw/atencion/atencion_00658.jpg,d9c06f0831f508740af8301ffa39edbf28c12697ee050ab9fd871b21140fa3d4,9455f421a3351fa7
revision_dudosa,similaridad perceptual con etiqueta conflictiva,atencion,dataset/raw/atencion/atencion_02510.jpg,dd09dbaf3a4a3b383f980941820323833e0dd5cb089f94de7a67d3aa488fad22,c71e3f27096ab0c6
revision_dudosa,similaridad perceptual con etiqueta conflictiva,atencion,dataset/raw/atencion/atencion_01214.jpg,df42c701b11209409d588bf0e68e83915773ec2925ddd4ee634dc529177a4d89,d7836c60c735f09a
revision_dudosa,duplicado exacto con etiqueta conflictiva,atencion,dataset/raw/atencion/atencion_00034.jpg,df6a17ee52c8373fe86f0a2ed0ed7a8cc88e4a091ad983304f89194f570319c3,d2c1bba47a88b4ae
revision_dudosa,similaridad perceptual con etiqueta conflictiva,atencion,dataset/raw/atencion/atencion_01585.jpg,e1c7210ff814ccdce3fbf7a861c5d3212717a92bc0246f8b824bde0c9851e1c6,c24f98bb3264a2af
revision_dudosa,duplicado exacto con etiqueta conflictiva,atencion,dataset/raw/atencion/atencion_04792.jpg,e39f16c788d3015118ee451ecfee522fa790d9389399cba99249cf9dcd633313,dceb81061bbaf1c1
revision_dudosa,similaridad perceptual con etiqueta conflictiva,atencion,dataset/raw/atencion/atencion_07034.jpg,e3d56d0422f1e7aace64f7f5b05512ada2a32175cfb2e8460876497bb394bbcb,ea9380957c687b2d
revision_dudosa,similaridad perceptual con etiqueta conflictiva,atencion,dataset/raw/atencion/atencion_01159.jpg,e6efdad90a5de3d29383cf2f0a6919f2849839401829586ae4ae0874c100d6b1,b4eacb392ad76224
revision_dudosa,similaridad perceptual con etiqueta conflictiva,atencion,dataset/raw/atencion/atencion_05788.jpg,e8b57f0c1841e52bbdbe6d660456079ec15ef6d6d974a503dcdc522edf8cef1c,ec9338ac533e218f
revision_dudosa,similaridad perceptual con etiqueta conflictiva,atencion,dataset/raw/atencion/atencion_05764.jpg,ec853e893a0aa4d4db1682993588ef4e02668b9498ba20a75dd055dfa9a7288f,b4d80e9ca0ddb347
revision_dudosa,similaridad perceptual con etiqueta conflictiva,atencion,dataset/raw/atencion/atencion_06629.jpg,ed115f351c4ccadd705daafa66cbcda3839b0eb66cb774ce55525ac8f4125529,daa1e6ac1d3ad131
revision_dudosa,duplicado exacto con etiqueta conflictiva,atencion,dataset/raw/atencion/atencion_03687.jpg,f106c11fc6cb20108a58fe0e4ce889fb4ff1f5ce94b2b48123d279776595f666,d78ca0e65894cba7
revision_dudosa,duplicado exacto con etiqueta conflictiva,atencion,dataset/raw/atencion/atencion_01813.jpg,f16d99bf659b5073228393c930b7aa1cf58fd72cfdfbeccc6c7bbedf6c330049,f1b349986bc41b6c
revision_dudosa,similaridad perceptual con etiqueta conflictiva,atencion,dataset/raw/atencion/atencion_05296.jpg,f3ffa94045f074d7b53df960d8b426a1ef2ce5427dcf25701f7f369b0e518ceb,d13b6abc2dd0d10b
revision_dudosa,duplicado exacto con etiqueta conflictiva,atencion,dataset/raw/atencion/atencion_00012.jpg,f4e2f07b14fd467101ed0655b6f802765707da6533c202f28d7d5e722df7708c,96eae0e9cc643dc4
revision_dudosa,similaridad perceptual con etiqueta conflictiva,atencion,dataset/raw/atencion/atencion_00202.jpg,f65bfe198cdd6b8632dbd5f92922d826ef1ba9c4bad8ab49547eef0bcee6367b,c18f3c64e8f98cb4
revision_dudosa,similaridad perceptual con etiqueta conflictiva,atencion,dataset/raw/atencion/atencion_01551.jpg,f8e48607c6f01c89d25a5b9e796358ec96111688171ad610e9ed20d7d3b0f07f,c9aaf49c0e89eee0
revision_dudosa,similaridad perceptual con etiqueta conflictiva,atencion,dataset/raw/atencion/atencion_04016.jpg,f903fc283f346de82f86a22ee6819df74e2f26b61eb87480521b6978dece6acc,ccb3c709a6912de6
revision_dudosa,similaridad perceptual con etiqueta conflictiva,atencion,dataset/raw/atencion/atencion_01377.jpg,fa536e018559570ff002ffd6746781ab5e041a6599319409923dc69f3b98775d,c2c38f8cb83e3f48
revision_dudosa,similaridad perceptual con etiqueta conflictiva,atencion,dataset/raw/atencion/atencion_07549.jpg,faca3121d3c93b2049d63f5045f60d07844b6dbc19298c2345327fff812efa5b,eaf968a5d41413f4
revision_dudosa,duplicado exacto con etiqueta conflictiva,atencion,dataset/raw/atencion/atencion_01591.jpg,fc1ebda7d648141e7bd8357e967cd6dd1990718ce35ade2aa26afb17f5c814d3,c18d6db34b9386a5
revision_dudosa,duplicado exacto con etiqueta conflictiva,atencion,dataset/raw/atencion/atencion_01372.jpg,fdf18e34b87771807ead2dbef64e3f07a0ecd347d27b055ca8e546eac08c4ad7,81aa65e7fc84591b
revision_dudosa,similaridad perceptual con etiqueta conflictiva,peligro,dataset/raw/peligro/peligro_00017.jpg,01e62b13464b092606632d5d78d50f53228b178cfacd4404e3168cf098b8fdb4,d7590ee90127fce0
revision_dudosa,similaridad perceptual con etiqueta conflictiva,peligro,dataset/raw/peligro/peligro_02492.jpg,0483fa45e2f7b92527171dd9bfe5562b0af74cb14bc41b24972fd331c5908760,ad91f80d1ee08fe2
revision_dudosa,similaridad perceptual con etiqueta conflictiva,peligro,dataset/raw/peligro/peligro_00445.jpg,06c1f5db85ca96254fdec7e3dd8cca5c4f5e00949aea5b8b443d1d7fa2921e03,b906dece86a6a683
revision_dudosa,duplicado exacto con etiqueta conflictiva,peligro,dataset/raw/peligro/peligro_00431.jpg,07acc8f77d3538079d799e57cd8284d8ae089b4f4e217241da5d4ae652a657c1,b9c202b4db7b243d
revision_dudosa,duplicado exacto con etiqueta conflictiva,peligro,dataset/raw/peligro/peligro_00199.jpg,09c2b147874bd0033278851342ee62e60e5d13a465cb63313996cdf04755a79a,ae91d14e93ec4d94
revision_dudosa,similaridad perceptual con etiqueta conflictiva,peligro,dataset/raw/peligro/peligro_09888.jpg,0af46d4b5e7003c488900ad6d7dca8d9e9605012382e5d63ff1c45c25b9a03c1,a1cf9e30636b3cc4
revision_dudosa,similaridad perceptual con etiqueta conflictiva,peligro,dataset/raw/peligro/peligro_03515.jpg,0dd9c906a98cfd7a2157c5931bdba570aa23697eaba3adc09878b44917aa9f7b,b19243228727ebf6
revision_dudosa,duplicado exacto con etiqueta conflictiva,peligro,dataset/raw/peligro/peligro_03462.jpg,10b6ea441d46fe09dbf63bcc22c78ecb988e78fdc7cff59e569c450a68bea3dc,e23f80f09de5d588
revision_dudosa,duplicado exacto con etiqueta conflictiva,peligro,dataset/raw/peligro/peligro_01564.jpg,117cb3af528e2f0372d11e80d47d7f2fcca92e61bb6cb6b9dc50a1ec9c189bd6,f209724cbeacf08d
revision_dudosa,duplicado exacto con etiqueta conflictiva,peligro,dataset/raw/peligro/peligro_00247.jpg,129094eb99692c784d422f62050d911de54454c3d60e06fbf973f1dc818f6f34,9c526b8dc62939e6
revision_dudosa,duplicado exacto con etiqueta conflictiva,peligro,dataset/raw/peligro/peligro_01274.jpg,162023206f93412b985137207938f6c40db0597702424ef0c862f8a314d2d7b1,b1994cb60f379163
revision_dudosa,similaridad perceptual con etiqueta conflictiva,peligro,dataset/raw/peligro/peligro_05181.jpg,18129f862a01c69df8e4067abc9b6a08a2c219716a52fb744fe7e0148e09085b,e54de49239c47c8e
revision_dudosa,similaridad perceptual con etiqueta conflictiva,peligro,dataset/raw/peligro/peligro_05954.jpg,18667dbce9160511f49d31aece6310f621535687d6bda56975cbff3ecaaa19ae,9615f42da35bb314
revision_dudosa,duplicado exacto con etiqueta conflictiva,peligro,dataset/raw/peligro/peligro_01144.jpg,1a31babf856f85c30e6d846049ba6be5b687a7db7c5cad1ddb9351e30cb8bd2c,d703630fca7d1f02
revision_dudosa,similaridad perceptual con etiqueta conflictiva,peligro,dataset/raw/peligro/peligro_00557.jpg,1adf9a684a91b6012fad3ed4726f0561ae29e9677addde373bff5f497c7b9c22,c4ac37b139d0bc6a
revision_dudosa,duplicado exacto con etiqueta conflictiva,peligro,dataset/raw/peligro/peligro_02505.jpg,1c8dfdf8c06b6e5643bb67e08233a47aa10d798cfbc4a2e303b8f8059c30b86d,efd1011e18271f2f
revision_dudosa,duplicado exacto con etiqueta conflictiva,peligro,dataset/raw/peligro/peligro_03198.jpg,1d6f473c6c019eccfd40143524eb06203359cd27d5690a965dfc5b317771cf28,bf87cf5ce0b09203
revision_dudosa,similaridad perceptual con etiqueta conflictiva,peligro,dataset/raw/peligro/peligro_00638.jpg,1dd193dd974ae4dc42c15c1a631fdfe8d48c0889e645327489819b9e4e83b6f0,89d251894f56b9ad
revision_dudosa,duplicado exacto con etiqueta conflictiva,peligro,dataset/raw/peligro/peligro_03440.jpg,2507e6a6c3cb7af450e39bb1ec031d1d316e313a1801338fcae7cf282171fa01,a5c3361b1b745c5a
revision_dudosa,similaridad perceptual con etiqueta conflictiva,peligro,dataset/raw/peligro/peligro_01414.jpg,251a1eebb760041a7aeaf6fce88deffc45f5bcc46f611d58ea95e6b8adf509ae,8b903629b14b57e7
revision_dudosa,duplicado exacto con etiqueta conflictiva,peligro,dataset/raw/peligro/peligro_12028.jpg,2a71f17a7baa5bb22e3bbe02a42a38678caf758ab737e8935b88193c82e9c578,c9ad0eb64cc0d5e9
revision_dudosa,duplicado exacto con etiqueta conflictiva,peligro,dataset/raw/peligro/peligro_14795.jpg,2d49fa04f7ece0215e86743d52e94640728a80af547da09e9309ebef7e7e70ef,aa8f180ff1d24ed1
revision_dudosa,similaridad perceptual con etiqueta conflictiva,peligro,dataset/raw/peligro/peligro_00765.jpg,2e7a1db4ad321418adc788002b1703bfb5da3e4c00a28a53d52b5c40fe556155,8c763349c4eb9655
revision_dudosa,duplicado exacto con etiqueta conflictiva,peligro,dataset/raw/peligro/peligro_02329.jpg,30b7c04949ec8eeee331cc9e935519d077d81677cc9d971363d5b3bad21d9523,a1ca5ab607bf2629
revision_dudosa,duplicado exacto con etiqueta conflictiva,peligro,dataset/raw/peligro/peligro_00100.jpg,31062db8e14f2b216eec7b472026ab23e54d87df5e7eb272361deb2c72d4ed27,c2d56ac225aff454
revision_dudosa,similaridad perceptual con etiqueta conflictiva,peligro,dataset/raw/peligro/peligro_00310.jpg,32458fdb0429d3b231cae6edbcda7cb6f496c59b2edba1718bc9c514708a35dc,ad52cbcd053c323b
revision_dudosa,duplicado exacto con etiqueta conflictiva,peligro,dataset/raw/peligro/peligro_00936.jpg,34723c1084085ab231318cd2ffd8e761db6860cb3b3b6c0de8d8150902639d2d,ff8f6a30b41c90cc
revision_dudosa,duplicado exacto con etiqueta conflictiva,peligro,dataset/raw/peligro/peligro_03981.jpg,3529384e742e70ccf88294544b21961fc55b4dbda8922d1d76062f43a5f4668c,d3f08fbcdcc11226
revision_dudosa,similaridad perceptual con etiqueta conflictiva,peligro,dataset/raw/peligro/peligro_00704.jpg,355202c7be996123fbe6989b7ddd929d145e918216e2d543a95931b044b2cf7b,c24f98bb3264a2af
revision_dudosa,similaridad perceptual con etiqueta conflictiva,peligro,dataset/raw/peligro/peligro_10002.jpg,37d868001b241f5ba62eba0122c486cdbcde9c3760086b03e9aa5f16988eb77b,bc7230e2c943daad
revision_dudosa,duplicado exacto con etiqueta conflictiva,peligro,dataset/raw/peligro/peligro_01879.jpg,3827ea2f0b2f99f064db069b6fe1ce6221b5ef75012985d980f3d89d4b5b3b24,b1d55ed82d3e4825
revision_dudosa,duplicado exacto con etiqueta conflictiva,peligro,dataset/raw/peligro/peligro_00179.jpg,39012e72cfdde87a3d4e0fe81e635b9bef6590ef922fb8f6ded8753fdceb13a5,faa525503de2a64b
revision_dudosa,similaridad perceptual con etiqueta conflictiva,peligro,dataset/raw/peligro/peligro_14444.jpg,3a7c11932db0a0d3df18c4a7945414adfda6df1cad70a0aa33baa78bb438c8e9,d6c4817a09763ed5
revision_dudosa,similaridad perceptual con etiqueta conflictiva,peligro,dataset/raw/peligro/peligro_03337.jpg,3a94d2540a0f90264e8796b22478597ad3214304acd5ec70fa1224539d39a53b,d4d0312a6b0f2f2f
revision_dudosa,similaridad perceptual con etiqueta conflictiva,peligro,dataset/raw/peligro/peligro_03929.jpg,3c3e997451d55a48c2a2dff5643b047d6048dc0a7b3ae0df5c27c7a1f86f8c39,c090c827ed29bff4
revision_dudosa,similaridad perceptual con etiqueta conflictiva,peligro,dataset/raw/peligro/peligro_00022.jpg,3e98faef7685c71faf3cbab303de80d4bc3f8beaafe491887d646399d70577d6,b77289c3a1df4087
revision_dudosa,duplicado exacto con etiqueta conflictiva,peligro,dataset/raw/peligro/peligro_01825.jpg,416521f2ed23f7348c4c80febed1246b7ac13505b8cb896a4f0b33b72650b881,81cb1a6e49977d2c
revision_dudosa,similaridad perceptual con etiqueta conflictiva,peligro,dataset/raw/peligro/peligro_00218.jpg,418a76ec281ee786e722ba902bdc6cd5cee2943852bb3a89e12a049907f82772,d407e1c7382f9ec1
revision_dudosa,duplicado exacto con etiqueta conflictiva,peligro,dataset/raw/peligro/peligro_02523.jpg,430e0879a632869ffb541a1fc182ffb4f2f7ef45814b8d4b0c72a928e8322daa,afbc924bc9c3c883
revision_dudosa,duplicado exacto con etiqueta conflictiva,peligro,dataset/raw/peligro/peligro_13697.jpg,439e1bb703a7e13230f61d5da8a3e8c62cc31cbc9718d5f75e520122de1c748a,cc8c350336f903fb
revision_dudosa,similaridad perceptual con etiqueta conflictiva,peligro,dataset/raw/peligro/peligro_00840.jpg,44c099d50ef783e163cfffdbf7710943f78b3f5675454cf2fd2c909571fcbbec,ddb16bd60cc99254
revision_dudosa,similaridad perceptual con etiqueta conflictiva,peligro,dataset/raw/peligro/peligro_00030.jpg,4d735b2f02c9c74dd940dd694d72b3b45d55742b9e3204f3fa7b11c6f3956ea5,f48fc920f6f90847
revision_dudosa,duplicado exacto con etiqueta conflictiva,peligro,dataset/raw/peligro/peligro_01915.jpg,4ed7291bba747ab406f05a53c31e268afaa82a825d7dddadfc0659946c5bf639,ce98877423a77133
revision_dudosa,similaridad perceptual con etiqueta conflictiva,peligro,dataset/raw/peligro/peligro_00111.jpg,4fcfc686b0f535e7a1a6608568caf32776712e370ca3cfbe666dbf5d025923bc,ce9b308f590e730e
revision_dudosa,similaridad perceptual con etiqueta conflictiva,peligro,dataset/raw/peligro/peligro_02345.jpg,55638703fb121bb59d7056e15369ad5d1a9adc921c9792f06be82a0191b4a402,e36296b5e9cb6848
revision_dudosa,similaridad perceptual con etiqueta conflictiva,peligro,dataset/raw/peligro/peligro_01329.jpg,561b578753bf919d3cea0fbf3508d30644cd96146fc1fec30d7839d100848176,c0781acf0f343e67
revision_dudosa,duplicado exacto con etiqueta conflictiva,peligro,dataset/raw/peligro/peligro_06151.jpg,57c2e22b9d9ff764291a5dd969f730c93048703c8868beabfce8e0ed10fe44b1,f53b839036ca98b6
revision_dudosa,duplicado exacto con etiqueta conflictiva,peligro,dataset/raw/peligro/peligro_01339.jpg,5800d94359a2bb16bf81cbc2d26bb687d8600a4cab54d4d2b7b7e94ccab244e6,88c3eda18ee1bf81
revision_dudosa,duplicado exacto con etiqueta conflictiva,peligro,dataset/raw/peligro/peligro_00277.jpg,5940067c3ecd566f7a1028f6168dace8eb71aca38ecae9262611bbc1a522d324,dc5bb366e219f009
revision_dudosa,duplicado exacto con etiqueta conflictiva,peligro,dataset/raw/peligro/peligro_01688.jpg,5c3d8f42d8d634dcdf2a1ded3d65d0182e5002c1181dd3e636db8adb64aa64f0,829036c7bc3b47ec
revision_dudosa,similaridad perceptual con etiqueta conflictiva,peligro,dataset/raw/peligro/peligro_00272.jpg,5d91baf8b055353e7a22fed54ea77c9471637cc9cc55c706a7e7721f0f4aab39,94159b35ed61ec43
revision_dudosa,duplicado exacto con etiqueta conflictiva,peligro,dataset/raw/peligro/peligro_03041.jpg,5fc484787819b421f09e840c354ff40852f7bf9cce234b104ea0ee063351a3cd,8d2a7cda17d5309c
revision_dudosa,duplicado exacto con etiqueta conflictiva,peligro,dataset/raw/peligro/peligro_02290.jpg,5fe6e6f37a6f2a39ce99f68601d8cb10740acf9043c2c9dabe40b06a2fad106b,f632dadb4b48c078
revision_dudosa,duplicado exacto con etiqueta conflictiva,peligro,dataset/raw/peligro/peligro_10795.jpg,601f38d1809d33e4a5dd99fae56d1415db6d1dec2f31a7c34ec9d5887a1ee315,f824c6ccd6728277
revision_dudosa,similaridad perceptual con etiqueta conflictiva,peligro,dataset/raw/peligro/peligro_00068.jpg,6063369b7245d4800d7b31917709cd006f2c328e1cde2524a615808297f6c22b,c60b87ae8e8587b3
revision_dudosa,similaridad perceptual con etiqueta conflictiva,peligro,dataset/raw/peligro/peligro_10469.jpg,6159c38c913bb1f6b9ecf61f56a64dbdc4e4b6b80bfd4b1f6263119e8153ac5e,c5393ea1c0593fe4
revision_dudosa,duplicado exacto con etiqueta conflictiva,peligro,dataset/raw/peligro/peligro_00010.jpg,618443ecea6a7d943b4458f4fde23f8d942b2a95abe1bbca4cd6b43d3397c484,b5e80b37bf14c234
revision_dudosa,similaridad perceptual con etiqueta conflictiva,peligro,dataset/raw/peligro/peligro_13565.jpg,644df13b588896ca3f1c9318a833eff53c6c97f22aafce9c55ad28a3b85ef2b5,ac6dc134891bf5b1
revision_dudosa,similaridad perceptual con etiqueta conflictiva,peligro,dataset/raw/peligro/peligro_02145.jpg,64a63e44b3880e04da49ea83ba0fba51ecc2931059b6ff70d8de5fb34cc21a65,d13b6abc2dd0d10b
revision_dudosa,similaridad perceptual con etiqueta conflictiva,peligro,dataset/raw/peligro/peligro_11991.jpg,65f3e5e7774645ccc8484d12c9737bea68baf8b0cbbf85b1e0460a5e40b61d9a,968d70bb2c903be5
revision_dudosa,duplicado exacto con etiqueta conflictiva,peligro,dataset/raw/peligro/peligro_03136.jpg,6612ab5b6070f67677c538eca4c44929d57b01f6e2a4eb7f5feeba41c0ddfc45,a73adc0d8bd0b315
revision_dudosa,similaridad perceptual con etiqueta conflictiva,peligro,dataset/raw/peligro/peligro_00051.jpg,6a7541b2871f317edee99b3d666ccd0f5dd7fe0b6337e36159323a135ebfc62f,80d03f6b0c9f73ac
revision_dudosa,duplicado exacto con etiqueta conflictiva,peligro,dataset/raw/peligro/peligro_02591.jpg,6c7b024cfdec9a205f977d8545a2c5f087ada66caada60f72a6574fd1cab3cce,d3912477534b5cb2
revision_dudosa,similaridad perceptual con etiqueta conflictiva,peligro,dataset/raw/peligro/peligro_07692.jpg,6cc00619af3065709c77ca9fb1daec1299a91545f0d8e0741273032bbc3c9c5f,b89d588b588fba52
revision_dudosa,duplicado exacto con etiqueta conflictiva,peligro,dataset/raw/peligro/peligro_01347.jpg,6d19e236caa90d68b14c65f9edea7d01f8dc5911dd6f53dc5425b55d643ffc2c,80b07183debcbf25
revision_dudosa,duplicado exacto con etiqueta conflictiva,peligro,dataset/raw/peligro/peligro_00157.jpg,6e046c7288de30d7566f3e64243f6146eec8b5f13040022b2e191b902b66d5d5,971a29efc229e43c
revision_dudosa,duplicado exacto con etiqueta conflictiva,peligro,dataset/raw/peligro/peligro_00070.jpg,703d3291996e2d76b40fe6920c228cbe23346c7736431aa807a2640b054faa77,a5631cf62f286e29
revision_dudosa,similaridad perceptual con etiqueta conflictiva,peligro,dataset/raw/peligro/peligro_01552.jpg,74005d3ffe841a2c49241b5c24e7b0488b40fdf7a94807f0a1b7fc3be933102e,c71e3f27096ab0c6
revision_dudosa,similaridad perceptual con etiqueta conflictiva,peligro,dataset/raw/peligro/peligro_01878.jpg,76fb366872bfd7899887c3fa825ff4237ed49ef3974f3873dcb80f710de727bb,e60fbd5490739760
revision_dudosa,duplicado exacto con etiqueta conflictiva,peligro,dataset/raw/peligro/peligro_01273.jpg,78c1390231bb6c782fd157917dd9a0e067260f13cc1437a559f676d9caf6ed5f,f7c5dad421899658
revision_dudosa,duplicado exacto con etiqueta conflictiva,peligro,dataset/raw/peligro/peligro_14811.jpg,7a2f05d7063e6f144a0943ceea8431be6514d683d54f74a0a8ab2ad7ac0b26d8,eb0ee5fcc5c08683
revision_dudosa,duplicado exacto con etiqueta conflictiva,peligro,dataset/raw/peligro/peligro_04745.jpg,7a4693431ffe127bbacf304e014e762827207dbed5082b5f2d7fb49dcf40f87c,82c560353fa73e0f
revision_dudosa,duplicado exacto con etiqueta conflictiva,peligro,dataset/raw/peligro/peligro_00300.jpg,83f6f5811f4aebb41d2aee7147c236ac9402ba0f3aa4d5132ba33ecd36521759,9bb50642cd3e07d3
revision_dudosa,duplicado exacto con etiqueta conflictiva,peligro,dataset/raw/peligro/peligro_02362.jpg,85dc131da68095a68773c621fb51878c437b71b8933743b81d63cb03307ee0ee,e8cb92368531676d
revision_dudosa,similaridad perceptual con etiqueta conflictiva,peligro,dataset/raw/peligro/peligro_02042.jpg,883e73399efe42384929b18310595c9da3f3a281d86df6134f1526b1714d8f48,e525f3579b2b8250
revision_dudosa,duplicado exacto con etiqueta conflictiva,peligro,dataset/raw/peligro/peligro_02162.jpg,893aab1acef48bb40d3908a5f878d3a6753675179f9208d2638530da5370dfc6,d2c21996362b5b37
revision_dudosa,duplicado exacto con etiqueta conflictiva,peligro,dataset/raw/peligro/peligro_01363.jpg,8a473c854f4ce0c7a8f81cdf5f881880bbfeeb459d820cb58b711f1db89ab61c,a80f8f7cb0e3a19c
revision_dudosa,similaridad perceptual con etiqueta conflictiva,peligro,dataset/raw/peligro/peligro_02432.jpg,8b67125f77920c8b4b1816c430633cafba0a62cad42a0d4e335bf6cbcf8a9999,ab25622e5e16ed13
revision_dudosa,similaridad perceptual con etiqueta conflictiva,peligro,dataset/raw/peligro/peligro_02050.jpg,8b8de651a37b00c8340db19a2fa78683a71756b3851847a14c6401ecac4ea999,ea9380957c687b2d
revision_dudosa,similaridad perceptual con etiqueta conflictiva,peligro,dataset/raw/peligro/peligro_00093.jpg,8c9dc0b1456370daabef0bf588d696243745656c3113057125e8d9e03cc1cceb,f50afdf62b90824a
revision_dudosa,duplicado exacto con etiqueta conflictiva,peligro,dataset/raw/peligro/peligro_00113.jpg,8d7d666c21b28a0fdbcec3c7dd061a386d3292727de65a7a5ac94a6440126736,e5a0b20eec5da92e
revision_dudosa,similaridad perceptual con etiqueta conflictiva,peligro,dataset/raw/peligro/peligro_06495.jpg,8f92c2e18a33eb7768aedcf32bcffa04e0c636c032372ca2cfba7d7ce0a28651,d0c69ba4ead4b895
revision_dudosa,duplicado exacto con etiqueta conflictiva,peligro,dataset/raw/peligro/peligro_02613.jpg,90e15d5e2cffad148418b8a0e873e7b0d758d88f77204f5a138b71c314a23ff5,e6d019a36e0d19bd
revision_dudosa,duplicado exacto con etiqueta conflictiva,peligro,dataset/raw/peligro/peligro_00118.jpg,9211632258824eb97dee38c8763096412c52da81498bb0fde01bfd284bd20bd5,c544e567a47bb24c
revision_dudosa,similaridad perceptual con etiqueta conflictiva,peligro,dataset/raw/peligro/peligro_03240.jpg,96ca3143510139edaea0c3fe388580a4168cd5ccd8dd2ce2e4c06fbf439bc129,f0889fa5289da3f4
revision_dudosa,similaridad perceptual con etiqueta conflictiva,peligro,dataset/raw/peligro/peligro_04578.jpg,97eb8fb8e190f74ff5233de55f19d6dce3ab6493eb30a3e453806f386a0afc3b,d7527d64426227b6
revision_dudosa,similaridad perceptual con etiqueta conflictiva,peligro,dataset/raw/peligro/peligro_13301.jpg,99de0649b9e312d82b5b0e69fb7e46c81cc06ca7054af6a985fa63fb082b7506,93a3a6e3e9e8e848
revision_dudosa,duplicado exacto con etiqueta conflictiva,peligro,dataset/raw/peligro/peligro_03200.jpg,9bac0d320c922a015e0db4c09cc2e387010a17ac021e8bce32415a03b2acebb0,82b16bdca04fbd85
revision_dudosa,duplicado exacto con etiqueta conflictiva,peligro,dataset/raw/peligro/peligro_02606.jpg,9c654cf6a627ac6181de011abf08f83853d7802157d120248d7fec17c3972893,bee8920bd9c4c99c
revision_dudosa,similaridad perceptual con etiqueta conflictiva,peligro,dataset/raw/peligro/peligro_00042.jpg,9d2a3043c9754d8b462abe6b924a598fe98bdae70f69614edb6adddb45dc65a8,b4d80e9ca0ddb347
revision_dudosa,similaridad perceptual con etiqueta conflictiva,peligro,dataset/raw/peligro/peligro_00067.jpg,9e90b68c9ac2ff9d8897c14aa6d1a26f1e5bc6f596ab36c9bf6347cb8c0f795b,864c7b11e3e2c5d6
revision_dudosa,similaridad perceptual con etiqueta conflictiva,peligro,dataset/raw/peligro/peligro_00106.jpg,a0a4e868e741e84ec7566f2da0adc033f153c66258a0b03b08038e22a3945740,adf315a2da2c39a4
revision_dudosa,similaridad perceptual con etiqueta conflictiva,peligro,dataset/raw/peligro/peligro_02129.jpg,a6d9b1cbed7c2fe1a789ff71c0a22d5a3d938c03dad7a413d849da47015dc784,da8aa4f2d19033f3
revision_dudosa,similaridad perceptual con etiqueta conflictiva,peligro,dataset/raw/peligro/peligro_09211.jpg,a875bfb825a557de6fec0115bb38e04d95632b923d658540a90577a7546475ec,ecb330ac533e218f
revision_dudosa,similaridad perceptual con etiqueta conflictiva,peligro,dataset/raw/peligro/peligro_02985.jpg,a88476e7855877816771f084b5ee08c7a89c88060385a214a7162908cb182659,ee8b3cf074d0605e
revision_dudosa,similaridad perceptual con etiqueta conflictiva,peligro,dataset/raw/peligro/peligro_02535.jpg,a8c5154f7e7fd3e16369bb603a40c745a8f2e6d04c399103556366d8ac4c668a,b987067b6e6664c8
revision_dudosa,similaridad perceptual con etiqueta conflictiva,peligro,dataset/raw/peligro/peligro_04383.jpg,aaccd8dae915ac554a3019bc930b5f4f3a77381cb1b7cac8c3d2ce22cb279d0d,9e97dd40c16ccd1c
revision_dudosa,similaridad perceptual con etiqueta conflictiva,peligro,dataset/raw/peligro/peligro_01841.jpg,ab257c4bf48bd51fa0ea093da4692ed0c4afeee52d7a1dc368eecffae8c1cb4b,e1907e63a9b4564b
revision_dudosa,similaridad perceptual con etiqueta conflictiva,peligro,dataset/raw/peligro/peligro_10119.jpg,acd649b5a4ca4871babac43b21103d1f577fb82008aa183c3fa9c7ea9ec1c924,c03a6d737647664c
revision_dudosa,duplicado exacto con etiqueta conflictiva,peligro,dataset/raw/peligro/peligro_00677.jpg,acfeb7a213103ef76ddfd3d99995289553aad2ed8a2a2f254307b932cc0ed4c9,dc1a0fb37c62a507
revision_dudosa,duplicado exacto con etiqueta conflictiva,peligro,dataset/raw/peligro/peligro_13625.jpg,aeae6bd6bd9663870ab74af677b3c12daca43147f95a24b23f921bbf3fd7e84e,dbcb6aad36682498
revision_dudosa,duplicado exacto con etiqueta conflictiva,peligro,dataset/raw/peligro/peligro_06486.jpg,af17962ff6966af2d2c402ea9324541d334d5f2ea3e7831040874c7f4656029e,ab72c799a10cf83a
revision_dudosa,duplicado exacto con etiqueta conflictiva,peligro,dataset/raw/peligro/peligro_00378.jpg,b18c1b7d419b367d797ce1a35175281092cad39a593f7781de798a97fab79861,e78d3660d3e0179a
revision_dudosa,duplicado exacto con etiqueta conflictiva,peligro,dataset/raw/peligro/peligro_05721.jpg,b4ab28cf7886d47babf1667e83b37778073a5d3067c078f6a96f145f7ee5d54d,f3840c3d65b0d13f
revision_dudosa,similaridad perceptual con etiqueta conflictiva,peligro,dataset/raw/peligro/peligro_00061.jpg,b77199409e13fdc00987062a5b5032c087ee1e43fa18ae3221155d51cfac3d61,9bc6e8d4362b6721
revision_dudosa,duplicado exacto con etiqueta conflictiva,peligro,dataset/raw/peligro/peligro_01409.jpg,b7e6e40080af368d87f9a5bccafc07d893e0671ff3a9a836be15474cf9f1769f,c21c7d29d9c2e3d2
revision_dudosa,similaridad perceptual con etiqueta conflictiva,peligro,dataset/raw/peligro/peligro_00064.jpg,b89cfaa58d3453924dcff04246cb9764473342cb7ba6e3423c10a5032d0f012f,d7836c60c735f09a
revision_dudosa,similaridad perceptual con etiqueta conflictiva,peligro,dataset/raw/peligro/peligro_01282.jpg,bafaf3b1c695b92f147cfd94a6e8d142308c393335797442553bac790250aff9,86d6b6b0d09e93b4
revision_dudosa,similaridad perceptual con etiqueta conflictiva,peligro,dataset/raw/peligro/peligro_01672.jpg,bd266287cfab32a0e3894b092525b2e4b6d8048c8960a3c6952be08abd032041,f74b591078a786cc
revision_dudosa,duplicado exacto con etiqueta conflictiva,peligro,dataset/raw/peligro/peligro_01649.jpg,bd8a90c8b6d851eb77ace1d6a4de07e01cb59bd8b11fcaac61149226f600263f,f0f42e7a1e0ba391
revision_dudosa,similaridad perceptual con etiqueta conflictiva,peligro,dataset/raw/peligro/peligro_06855.jpg,c0f06051533de796def5d925c00cf12a7c33ecdc4ec75ede038ffc215ca0feb4,9fe57c0e251c7a0a
revision_dudosa,similaridad perceptual con etiqueta conflictiva,peligro,dataset/raw/peligro/peligro_01169.jpg,c3d271278124b58ba01c4fa68a0bff4312c1dcd1fc38202c1430eb41b23e4be2,a0c8563e7b9663e4
revision_dudosa,similaridad perceptual con etiqueta conflictiva,peligro,dataset/raw/peligro/peligro_03070.jpg,c759639ac57f563ffbdb42196fc19e12001a6b2f42aed42078e1434917f2015e,e50f326bf5a44e05
revision_dudosa,duplicado exacto con etiqueta conflictiva,peligro,dataset/raw/peligro/peligro_02039.jpg,c8c1e674eaae5e6b5245957f39de6db26ff5f9ca989997c0c1456d052aff05fe,c0fe18e0e9c8a6cf
revision_dudosa,similaridad perceptual con etiqueta conflictiva,peligro,dataset/raw/peligro/peligro_01775.jpg,ca5b33542ce0339e9791c8f7fbd107d68e387b6e1e7b5953cbb6c1bd3e3df99c,dbbc5970f1813585
revision_dudosa,similaridad perceptual con etiqueta conflictiva,peligro,dataset/raw/peligro/peligro_09275.jpg,cac66c226152befee911cf604a411fac9b27ef96c0d65b52e8bc131258395c80,d4664ab768242df6
revision_dudosa,similaridad perceptual con etiqueta conflictiva,peligro,dataset/raw/peligro/peligro_01513.jpg,cb1dc2f5e3ef9de33a6b5f69802098fce08be49cc4f9c7700f59084865c7c271,8d097af0fac6059e
revision_dudosa,similaridad perceptual con etiqueta conflictiva,peligro,dataset/raw/peligro/peligro_02294.jpg,ccc0018f38c9c7aa6956c20b2fcf04451cfe39e2557f024e4a32fde4e0389865,9a292f3ee7346438
revision_dudosa,duplicado exacto con etiqueta conflictiva,peligro,dataset/raw/peligro/peligro_00104.jpg,ccd48f8c9ff7e8ecdcb0dff3900c3458d5627f3684f341a435db7c8ca5120c8a,c12f33aa2fa9a195
revision_dudosa,duplicado exacto con etiqueta conflictiva,peligro,dataset/raw/peligro/peligro_03449.jpg,cf19bb86bf849387f88244d36a62ed46c73254269f696eff3fc223e0e4b2c955,85ca5d3d4a663a72
revision_dudosa,duplicado exacto con etiqueta conflictiva,peligro,dataset/raw/peligro/peligro_01717.jpg,cf715f06c0146cdbb8422910b2904e4ac2158fda1c5e9a34faf3b075060cc0ca,d738e027dc1d938a
revision_dudosa,duplicado exacto con etiqueta conflictiva,peligro,dataset/raw/peligro/peligro_07727.jpg,d0fe2e0d0188ea61991ac8996afa4f356367896ac2759e4e1f4d0e33bba21342,ae609426daf7c1d2
revision_dudosa,duplicado exacto con etiqueta conflictiva,peligro,dataset/raw/peligro/peligro_03233.jpg,d3646f9acffb381575a17aa39c291a85f34d864a4ec1695d029272f23aa15033,b866c28cd7a3a45e
revision_dudosa,similaridad perceptual con etiqueta conflictiva,peligro,dataset/raw/peligro/peligro_00955.jpg,d816aeb988a7a339f23fc3a9e0298f367ce648a92e1964cb086c47caa603237a,c9aaf49c0e89efc0
revision_dudosa,duplicado exacto con etiqueta conflictiva,peligro,dataset/raw/peligro/peligro_00694.jpg,d9c06f0831f508740af8301ffa39edbf28c12697ee050ab9fd871b21140fa3d4,9455f421a3351fa7
revision_dudosa,duplicado exacto con etiqueta conflictiva,peligro,dataset/raw/peligro/peligro_00101.jpg,df6a17ee52c8373fe86f0a2ed0ed7a8cc88e4a091ad983304f89194f570319c3,d2c1bba47a88b4ae
revision_dudosa,similaridad perceptual con etiqueta conflictiva,peligro,dataset/raw/peligro/peligro_02332.jpg,e2ef74701d58e3d3bf1a14d0811ec5d8a7cf2a6be32f4db4d98fefa7e4499cc9,bf9fc06896639868
revision_dudosa,duplicado exacto con etiqueta conflictiva,peligro,dataset/raw/peligro/peligro_11476.jpg,e39f16c788d3015118ee451ecfee522fa790d9389399cba99249cf9dcd633313,dceb81061bbaf1c1
revision_dudosa,similaridad perceptual con etiqueta conflictiva,peligro,dataset/raw/peligro/peligro_01008.jpg,ec5ecf260ebc62fd90ba0e0c67849a500e58e2a37d26d0786d01fcd4f0e4b5b5,beb2c3813b0f843d
revision_dudosa,duplicado exacto con etiqueta conflictiva,peligro,dataset/raw/peligro/peligro_02499.jpg,eddaa15696ba729523f5616d5474598d7eaad6405cc960c4bc175aa40b9510a5,d89a33275bd50a27
revision_dudosa,duplicado exacto con etiqueta conflictiva,peligro,dataset/raw/peligro/peligro_00271.jpg,f106c11fc6cb20108a58fe0e4ce889fb4ff1f5ce94b2b48123d279776595f666,d78ca0e65894cba7
revision_dudosa,duplicado exacto con etiqueta conflictiva,peligro,dataset/raw/peligro/peligro_01805.jpg,f16d99bf659b5073228393c930b7aa1cf58fd72cfdfbeccc6c7bbedf6c330049,f1b349986bc41b6c
revision_dudosa,similaridad perceptual con etiqueta conflictiva,peligro,dataset/raw/peligro/peligro_00489.jpg,f198441d2f509af290a3e7e4afee4a47415666640bbc796cfcc5e0f176cce535,d8303597cf1e526a
revision_dudosa,similaridad perceptual con etiqueta conflictiva,peligro,dataset/raw/peligro/peligro_01986.jpg,f438293f7d5d45792756386b86e55a81c77ea9ea0af096ddc10abf29d82cbbe8,a0f0b7d0478bbcc5
revision_dudosa,similaridad perceptual con etiqueta conflictiva,peligro,dataset/raw/peligro/peligro_03235.jpg,f8bdcc03501ba36dd92486ec9433e6c47875e13088066c453a7dc0488a82c560,e3d8b40a8bf568ac
revision_dudosa,duplicado exacto con etiqueta conflictiva,peligro,dataset/raw/peligro/peligro_00230.jpg,f993781a3e621b6fc71167a721a4926c054abc67a87270a054b74f81be6edeb7,e6cc68d358e18b0f
revision_dudosa,similaridad perceptual con etiqueta conflictiva,peligro,dataset/raw/peligro/peligro_02347.jpg,f9a46c1f7b1da8a5b28584bd61acc0f05f91afbf8937170ed64f57bae816bb82,b098cf67249b3399
revision_dudosa,similaridad perceptual con etiqueta conflictiva,peligro,dataset/raw/peligro/peligro_02372.jpg,fc072aabfc42bd50e69580334c70a5ecfd09d0b6d3469c21a779110e28434a2f,f3c0f464c34ba26e
revision_dudosa,duplicado exacto con etiqueta conflictiva,peligro,dataset/raw/peligro/peligro_01866.jpg,fc1ebda7d648141e7bd8357e967cd6dd1990718ce35ade2aa26afb17f5c814d3,c18d6db34b9386a5
revision_dudosa,duplicado exacto con etiqueta conflictiva,peligro,dataset/raw/peligro/peligro_01995.jpg,fdf18e34b87771807ead2dbef64e3f07a0ecd347d27b055ca8e546eac08c4ad7,81aa65e7fc84591b
revision_dudosa,similaridad perceptual con etiqueta conflictiva,sano,dataset/raw/sano/sano_04360.jpg,0024c1373d608e53c3ae73f5021fb3cae30d0d02f2e54a44bb4b453fa4ef8ab0,adf46c030f88c7b9
revision_dudosa,similaridad perceptual con etiqueta conflictiva,sano,dataset/raw/sano/sano_02151.jpg,0098f89b6b75176e7f9fae524948047e23069b72f7f96b3fb179a926c3ed67d4,e36296b5e9cb6848
revision_dudosa,similaridad perceptual con etiqueta conflictiva,sano,dataset/raw/sano/sano_01773.jpg,03926a9776081b38c52e0c40005be6014c5c8743d0df6042cf504a40ec174802,9fe57c0e251c7a0a
revision_dudosa,similaridad perceptual con etiqueta conflictiva,sano,dataset/raw/sano/sano_06836.jpg,039a3326d23f8c640cb976e0235db4d63cc34971923d07cf5b182e479fab9ac6,f7be3bdc0cc0c860
revision_dudosa,similaridad perceptual con etiqueta conflictiva,sano,dataset/raw/sano/sano_00676.jpg,09b0b7a98b581620694d924cf916cb2a9903601a2ddaf60fca410e5292212a71,9d0ef21b685ca74c
revision_dudosa,duplicado exacto con etiqueta conflictiva,sano,dataset/raw/sano/sano_02864.jpg,09c2b147874bd0033278851342ee62e60e5d13a465cb63313996cdf04755a79a,ae91d14e93ec4d94
revision_dudosa,similaridad perceptual con etiqueta conflictiva,sano,dataset/raw/sano/sano_02405.jpg,1038158de4725a77d7f444a1d776dd782a7ba92b88851b47f89b71b3bf53051a,e8b4d34b8d459c65
revision_dudosa,similaridad perceptual con etiqueta conflictiva,sano,dataset/raw/sano/sano_02884.jpg,11a9c515f2d0c1ada183356387b1cf85c114bc313a518fe78c9f00504bc0b028,ba82e0600ffc97ae
revision_dudosa,similaridad perceptual con etiqueta conflictiva,sano,dataset/raw/sano/sano_02054.jpg,12e2e40b806ea9d5364e29a3d1a15b6fe9172533f2aeeeeb8538e0f44d4ca388,f50bfdf60b90824a
revision_dudosa,similaridad perceptual con etiqueta conflictiva,sano,dataset/raw/sano/sano_03879.jpg,145fc19953a9e7ec6e454b9ec07529fdb4732882678ec5fa46da04d680d889a3,946dfc5acb26ac14
revision_dudosa,similaridad perceptual con etiqueta conflictiva,sano,dataset/raw/sano/sano_02133.jpg,15e44f6c6ef396765c007d712d85b29c057bdc36a67a29a43faed9df44ceda65,bfc4909dcc731338
revision_dudosa,duplicado exacto con etiqueta conflictiva,sano,dataset/raw/sano/sano_01928.jpg,162023206f93412b985137207938f6c40db0597702424ef0c862f8a314d2d7b1,b1994cb60f379163
revision_dudosa,similaridad perceptual con etiqueta conflictiva,sano,dataset/raw/sano/sano_11914.jpg,188031888eae3651fe943407e046d328013dfced8430a40722ad5bb9c3a942f9,afc4983b9863913b
revision_dudosa,similaridad perceptual con etiqueta conflictiva,sano,dataset/raw/sano/sano_02922.jpg,198ea030572b4f50e471833303a9a112f320797a38cc66526e6423f18690f7b3,abdfb763c4218a22
revision_dudosa,similaridad perceptual con etiqueta conflictiva,sano,dataset/raw/sano/sano_01643.jpg,19a0a1a1274a6ee884f1617be9d66a56118ec7c5159a8e3cd5d1907c85dffaf8,f0d1034f4d07f1cd
revision_dudosa,similaridad perceptual con etiqueta conflictiva,sano,dataset/raw/sano/sano_02258.jpg,1b777adb51ed136eb1798d11c84150af8feca2c52d13b441c9483b7863fa4469,b6fc6681f8af0170
revision_dudosa,duplicado exacto con etiqueta conflictiva,sano,dataset/raw/sano/sano_02702.jpg,1c948e05f4ec313c73449d1ee4d27e676fb86f4ec5808c91faf323239832353f,a5cef02dda248fa1
revision_dudosa,similaridad perceptual con etiqueta conflictiva,sano,dataset/raw/sano/sano_01771.jpg,1d177050d617068e5ebb31060563eb70bfcd174004be8f8e748394000afad2fd,c793d6571196f4a0
revision_dudosa,similaridad perceptual con etiqueta conflictiva,sano,dataset/raw/sano/sano_04480.jpg,2177bc454bc45440129f23fa72bfd574461e89a06e871b2628a09653094678fd,bcb2c3813b1f863c
revision_dudosa,duplicado exacto con etiqueta conflictiva,sano,dataset/raw/sano/sano_01781.jpg,2424dbf8c4abb4a56727c70a8eaa5bc9b842d3949db34a46b08e68c2d7a99b23,ee8b3cf074d0605e
revision_dudosa,similaridad perceptual con etiqueta conflictiva,sano,dataset/raw/sano/sano_02141.jpg,243dbbc14156b812b7add3aa18382a78e9009ef05d04dfdd35723693f475b71e,bf9fc06896639868
revision_dudosa,similaridad perceptual con etiqueta conflictiva,sano,dataset/raw/sano/sano_02339.jpg,26ddace12f1de186738b362c274ce3dd0f935da3b7b6c0879883b11ceaaaea0e,9a292f3ee7346438
revision_dudosa,duplicado exacto con etiqueta conflictiva,sano,dataset/raw/sano/sano_06496.jpg,2a71f17a7baa5bb22e3bbe02a42a38678caf758ab737e8935b88193c82e9c578,c9ad0eb64cc0d5e9
revision_dudosa,duplicado exacto con etiqueta conflictiva,sano,dataset/raw/sano/sano_04350.jpg,2d49fa04f7ece0215e86743d52e94640728a80af547da09e9309ebef7e7e70ef,aa8f180ff1d24ed1
revision_dudosa,duplicado exacto con etiqueta conflictiva,sano,dataset/raw/sano/sano_00211.jpg,2e5461923f6840d1b16c2f24e89aaff63a0109ef17e7704fd153b35ef5656bd9,a61bafe47010f2f1
revision_dudosa,duplicado exacto con etiqueta conflictiva,sano,dataset/raw/sano/sano_02085.jpg,30b7c04949ec8eeee331cc9e935519d077d81677cc9d971363d5b3bad21d9523,a1ca5ab607bf2629
revision_dudosa,similaridad perceptual con etiqueta conflictiva,sano,dataset/raw/sano/sano_01932.jpg,37b66a0682e186166d3e54b3c14c8e5a5d0344dac04f80bcc40c779ea4b7c540,8b7070ce6638d74e
revision_dudosa,duplicado exacto con etiqueta conflictiva,sano,dataset/raw/sano/sano_02308.jpg,3827ea2f0b2f99f064db069b6fe1ce6221b5ef75012985d980f3d89d4b5b3b24,b1d55ed82d3e4825
revision_dudosa,similaridad perceptual con etiqueta conflictiva,sano,dataset/raw/sano/sano_08833.jpg,3fb19cb912477e3e67c5ee8d5fcdcf4bca4ecf3c373fd7ddb9bec6afba7331bc,a9038f4af01fde1c
revision_dudosa,duplicado exacto con etiqueta conflictiva,sano,dataset/raw/sano/sano_02612.jpg,430e0879a632869ffb541a1fc182ffb4f2f7ef45814b8d4b0c72a928e8322daa,afbc924bc9c3c883
revision_dudosa,similaridad perceptual con etiqueta conflictiva,sano,dataset/raw/sano/sano_00939.jpg,4337a91233f9c0b36566e7474b4375a138034043104688652dcec380c4c8f195,9e61c3bc97e0384b
revision_dudosa,similaridad perceptual con etiqueta conflictiva,sano,dataset/raw/sano/sano_01844.jpg,439ef9a16a7a9cf584f9f58cfbdb6b551439f4a68ee5fefbc3526031522a0d2c,bff1c00fd91cc464
revision_dudosa,similaridad perceptual con etiqueta conflictiva,sano,dataset/raw/sano/sano_03904.jpg,457ec28ca5d877637ddb3ffe349867fdf9d23827396b7219670623063a8cafb6,a2b3b7a079587998
revision_dudosa,duplicado exacto con etiqueta conflictiva,sano,dataset/raw/sano/sano_02099.jpg,48130ec1f5d868346da6c7f04d611db597ed6606c47bb840a456859e4dd24908,af944c0fcdad50a3
revision_dudosa,similaridad perceptual con etiqueta conflictiva,sano,dataset/raw/sano/sano_04266.jpg,4b5bc0bfcd2db1c5b5265e9f8aa1ec5eafa161cf01ed483c82a8df1fcda31221,c95ce662994af625
revision_dudosa,duplicado exacto con etiqueta conflictiva,sano,dataset/raw/sano/sano_07045.jpg,57c2e22b9d9ff764291a5dd969f730c93048703c8868beabfce8e0ed10fe44b1,f53b839036ca98b6
revision_dudosa,similaridad perceptual con etiqueta conflictiva,sano,dataset/raw/sano/sano_02197.jpg,58fb3243f0f89f57f889f12af7d64f0bb4061fab2d1e09d26862381fd743ab05,8f87f0c88d59a64b
revision_dudosa,duplicado exacto con etiqueta conflictiva,sano,dataset/raw/sano/sano_03288.jpg,601f38d1809d33e4a5dd99fae56d1415db6d1dec2f31a7c34ec9d5887a1ee315,f824c6ccd6728277
revision_dudosa,duplicado exacto con etiqueta conflictiva,sano,dataset/raw/sano/sano_02724.jpg,6c7b024cfdec9a205f977d8545a2c5f087ada66caada60f72a6574fd1cab3cce,d3912477534b5cb2
revision_dudosa,duplicado exacto con etiqueta conflictiva,sano,dataset/raw/sano/sano_04875.jpg,6dd5f8afb2a9f6fdf63afd2941e8ad871a8b2d5d20aef4dcf8b6f08dc1f27790,c5a03894d348efb7
revision_dudosa,similaridad perceptual con etiqueta conflictiva,sano,dataset/raw/sano/sano_00027.jpg,707e858da7142e09a6dca29dd6f74d52d81a54173ae7d1bea2ebec159b8a4987,c2c38f8cb83e3f48
revision_dudosa,duplicado exacto con etiqueta conflictiva,sano,dataset/raw/sano/sano_03206.jpg,72bc51495b4630559eb42867588d7e8214d5e55d7bb860f057f8d4575c52507d,e82ea015ce7be54a
revision_dudosa,similaridad perceptual con etiqueta conflictiva,sano,dataset/raw/sano/sano_00181.jpg,7417f44fdcd07543c074f39771f8670f4149830d5df5d415b7a569a3ee850c6b,daf260092afc745d
revision_dudosa,similaridad perceptual con etiqueta conflictiva,sano,dataset/raw/sano/sano_01607.jpg,746a6ad31abd13a724e59ef9f4aa1384302cee920f25c0c196de246e23ac0e3b,ce10662ccf8d353d
revision_dudosa,similaridad perceptual con etiqueta conflictiva,sano,dataset/raw/sano/sano_00370.jpg,7967966390987530fbaaf7d83f9a6447987c7bd63cc6a14644ead9796b272484,bb46e43fd81d841a
revision_dudosa,similaridad perceptual con etiqueta conflictiva,sano,dataset/raw/sano/sano_01355.jpg,7b4e979d67d41ba31042094c6d733b2485ddda84a451d8e6c5066545b917d7d1,93a3a6e3e9e8e848
revision_dudosa,similaridad perceptual con etiqueta conflictiva,sano,dataset/raw/sano/sano_01147.jpg,7d029c43c7300fe43de591063d2387d96e2d5d3a81a75d6d549e54df49584f49,b0d3cf2c30932d67
revision_dudosa,similaridad perceptual con etiqueta conflictiva,sano,dataset/raw/sano/sano_01901.jpg,7d27f4fd52b3596971577583d0b4bc5a896dd5da96a3da4fecc0efe345994696,c544e567a47bb24c
revision_dudosa,duplicado exacto con etiqueta conflictiva,sano,dataset/raw/sano/sano_02893.jpg,7dd89b9035ec0b783a11553fa83ed14a10baad6a9c43f66b40d6a8d5e237b99e,92d02d3c39b69fe0
revision_dudosa,similaridad perceptual con etiqueta conflictiva,sano,dataset/raw/sano/sano_01278.jpg,829a451b7d20633db49a90397f55479c1761a309670857bfd4164e0f3b76b1d1,93e86eafecc4201b
revision_dudosa,duplicado exacto con etiqueta conflictiva,sano,dataset/raw/sano/sano_02119.jpg,85dc131da68095a68773c621fb51878c437b71b8933743b81d63cb03307ee0ee,e8cb92368531676d
revision_dudosa,duplicado exacto con etiqueta conflictiva,sano,dataset/raw/sano/sano_02233.jpg,893aab1acef48bb40d3908a5f878d3a6753675179f9208d2638530da5370dfc6,d2c21996362b5b37
revision_dudosa,similaridad perceptual con etiqueta conflictiva,sano,dataset/raw/sano/sano_04522.jpg,8c16c87a80d3e80719fe8168565661eced086cbfa0ad38c21a20f3e26869c0be,bee8920bd9c4c99c
revision_dudosa,similaridad perceptual con etiqueta conflictiva,sano,dataset/raw/sano/sano_00809.jpg,8f616c03a3e1aeb811bf8da75c5ab5c235a9b3cb4eb478aa4af002f0b5ca0141,e89667791a873439
revision_dudosa,duplicado exacto con etiqueta conflictiva,sano,dataset/raw/sano/sano_02567.jpg,90e15d5e2cffad148418b8a0e873e7b0d758d88f77204f5a138b71c314a23ff5,e6d019a36e0d19bd
revision_dudosa,similaridad perceptual con etiqueta conflictiva,sano,dataset/raw/sano/sano_00818.jpg,9199d6185d372b016da03b38f8f122429a482515050a4b4ff2847b43eac92121,bed51502792b04bf
revision_dudosa,similaridad perceptual con etiqueta conflictiva,sano,dataset/raw/sano/sano_00568.jpg,920bb0892a53f5d695acd03bbd215e091513140c1e06c574a24160f0ad13a89b,ab25622e5e16ed13
revision_dudosa,similaridad perceptual con etiqueta conflictiva,sano,dataset/raw/sano/sano_08933.jpg,94bfc27b8c9ffb9240def4b4e94b1d4d71c9073c7d8bbf6122718a2737682dab,b4eacbb92ad66224
revision_dudosa,duplicado exacto con etiqueta conflictiva,sano,dataset/raw/sano/sano_09702.jpg,96f43dbcabdbfa21d784bdcaa3f6edc1dd59c9548a9bf1717f5b73922653ec4f,c311b17ebc32b546
revision_dudosa,similaridad perceptual con etiqueta conflictiva,sano,dataset/raw/sano/sano_01586.jpg,99221af54f13a1f9ca0739ca8c66ed3eea2a18b39d71297ea77dfcf786b54260,d0c69ba4ead4b895
revision_dudosa,duplicado exacto con etiqueta conflictiva,sano,dataset/raw/sano/sano_04269.jpg,9bac0d320c922a015e0db4c09cc2e387010a17ac021e8bce32415a03b2acebb0,82b16bdca04fbd85
revision_dudosa,similaridad perceptual con etiqueta conflictiva,sano,dataset/raw/sano/sano_01990.jpg,9d4dac8cb08dcaed4df316b73b170d985c495114956ac4064882fb6dbf8d1f09,a5631cf62f286e29
revision_dudosa,similaridad perceptual con etiqueta conflictiva,sano,dataset/raw/sano/sano_00540.jpg,a400597e877b61f944fe00b8d85055524c8b768d984be4060ae0c6ba088e8c02,f3c0f464c34ba26e
revision_dudosa,duplicado exacto con etiqueta conflictiva,sano,dataset/raw/sano/sano_04696.jpg,a85b047f28dc83dcdf9a852562284b94f3beb4ce258d3234d4e1362bab288310,f8f38caa05538b4d
revision_dudosa,similaridad perceptual con etiqueta conflictiva,sano,dataset/raw/sano/sano_02237.jpg,a8d8fd66c176751db4a8cbdd670355121e9ec81e14405b82f5bb73525f3c094c,f991e33c08149ef6
revision_dudosa,duplicado exacto con etiqueta conflictiva,sano,dataset/raw/sano/sano_05769.jpg,a9523199e3ab8caaf05dd7c05df9b3d4b7cf57d855a915d0a38c449460cce7c9,d7be79c12e7060c2
revision_dudosa,similaridad perceptual con etiqueta conflictiva,sano,dataset/raw/sano/sano_02209.jpg,a980b02e55ecd5a596b750a4332edd6080e9e3b3493701f026b8c00f5de83869,864c3b11e3e2c7d6
revision_dudosa,duplicado exacto con etiqueta conflictiva,sano,dataset/raw/sano/sano_06516.jpg,aeae6bd6bd9663870ab74af677b3c12daca43147f95a24b23f921bbf3fd7e84e,dbcb6aad36682498
revision_dudosa,similaridad perceptual con etiqueta conflictiva,sano,dataset/raw/sano/sano_02415.jpg,b15064ba8c4c363f43d3a077191cac7432419236e508eaa6600c2af6ce478af9,b098cf67349b3319
revision_dudosa,similaridad perceptual con etiqueta conflictiva,sano,dataset/raw/sano/sano_00033.jpg,b292b9fdf01c6f1e7d009d4e5e715bcd4914f007553ec57f6abca693a5ac5316,d6e9d2b789109356
revision_dudosa,similaridad perceptual con etiqueta conflictiva,sano,dataset/raw/sano/sano_02083.jpg,b49e8492ee15f9605517095b56b18367060311bc5948751702f8362182bb43c7,d403e1cf382f9ec1
revision_dudosa,duplicado exacto con etiqueta conflictiva,sano,dataset/raw/sano/sano_09610.jpg,b4ab28cf7886d47babf1667e83b37778073a5d3067c078f6a96f145f7ee5d54d,f3840c3d65b0d13f
revision_dudosa,similaridad perceptual con etiqueta conflictiva,sano,dataset/raw/sano/sano_00525.jpg,b60dbda86a4b5f5d7b1ccc69e925cf5a30f82bf9cbb500329030e0ce6b3991cb,d8e6699824b0b72f
revision_dudosa,duplicado exacto con etiqueta conflictiva,sano,dataset/raw/sano/sano_03246.jpg,b6e0b1c9ef480d5263f5053dc805918204de2a7c4761ec8723f8eb263bca37f4,eef0c409b3cb9a13
revision_dudosa,duplicado exacto con etiqueta conflictiva,sano,dataset/raw/sano/sano_02235.jpg,b7e6e40080af368d87f9a5bccafc07d893e0671ff3a9a836be15474cf9f1769f,c21c7d29d9c2e3d2
revision_dudosa,duplicado exacto con etiqueta conflictiva,sano,dataset/raw/sano/sano_01174.jpg,b97e99cc522727264ff97f14304bbad1e3dc9301d0a79dadc71e0f802af5925e,a30b9e34e11cddd2
revision_dudosa,duplicado exacto con etiqueta conflictiva,sano,dataset/raw/sano/sano_02004.jpg,bd8a90c8b6d851eb77ace1d6a4de07e01cb59bd8b11fcaac61149226f600263f,f0f42e7a1e0ba391
revision_dudosa,similaridad perceptual con etiqueta conflictiva,sano,dataset/raw/sano/sano_02970.jpg,bf04cd9ada13bd0f0fef826fe923de5c0d86e18a0ef5979de2eef5b68075994c,87e0cc338d75331b
revision_dudosa,similaridad perceptual con etiqueta conflictiva,sano,dataset/raw/sano/sano_10191.jpg,bf1b569ea8440865dadb0beaf183d86c9cc5d02c6305be96ddbffb52aa005a8e,a7838305fc54f05f
revision_dudosa,duplicado exacto con etiqueta conflictiva,sano,dataset/raw/sano/sano_04292.jpg,c1c630506bffec069ee6ef8d4f5657614e759c7efa7644e05140c9d1eb317876,db92a07c8c0e4f5e
revision_dudosa,similaridad perceptual con etiqueta conflictiva,sano,dataset/raw/sano/sano_00346.jpg,c34ca70b876995403c735cfe0162fe1b6e28a3b7f265c0cbacf5f19a2515e4b0,da21e6ac1d3ad135
revision_dudosa,duplicado exacto con etiqueta conflictiva,sano,dataset/raw/sano/sano_01829.jpg,c8c1e674eaae5e6b5245957f39de6db26ff5f9ca989997c0c1456d052aff05fe,c0fe18e0e9c8a6cf
revision_dudosa,similaridad perceptual con etiqueta conflictiva,sano,dataset/raw/sano/sano_01399.jpg,c9a8c3fe8439082b24f3b9c298c7d9129afea47b7c6bbc1c0b2e70c22e26baf3,bc9ecef0504f2b24
revision_dudosa,duplicado exacto con etiqueta conflictiva,sano,dataset/raw/sano/sano_02066.jpg,cf715f06c0146cdbb8422910b2904e4ac2158fda1c5e9a34faf3b075060cc0ca,d738e027dc1d938a
revision_dudosa,similaridad perceptual con etiqueta conflictiva,sano,dataset/raw/sano/sano_00208.jpg,d07aa89baed5e5f206b6efcd634198c3b322d4d38bfb3c2629bf1eabc62e32af,94ed63b589d24cc6
revision_dudosa,duplicado exacto con etiqueta conflictiva,sano,dataset/raw/sano/sano_00782.jpg,d09a1b570b1c450491c654b59c48f4851f1e56ee109886f1f526e436946e5c45,9c1b4af131251ee7
revision_dudosa,duplicado exacto con etiqueta conflictiva,sano,dataset/raw/sano/sano_04313.jpg,d3646f9acffb381575a17aa39c291a85f34d864a4ec1695d029272f23aa15033,b866c28cd7a3a45e
revision_dudosa,similaridad perceptual con etiqueta conflictiva,sano,dataset/raw/sano/sano_01099.jpg,d91f89632a52fd43c6c0f232814775680405f4132b316bf8cefc7cb76bd97692,bc7230e2c943daad
revision_dudosa,similaridad perceptual con etiqueta conflictiva,sano,dataset/raw/sano/sano_01435.jpg,dd69b9411a97ac0d829cf7ca48160371ce183df3911f37a6a48dfa12091e688b,eacfb2b06b80dd06
revision_dudosa,similaridad perceptual con etiqueta conflictiva,sano,dataset/raw/sano/sano_02328.jpg,e9a190826750a69255ec2228460ff41bc4a2ac77ab01d5373c86c35d23a121e8,a73adc0d8bd0b315
revision_dudosa,similaridad perceptual con etiqueta conflictiva,sano,dataset/raw/sano/sano_04340.jpg,e9e7412eb53f9ac6bf5474b28873e273e645846ab28cad8318dbbb2d21622447,cad97590819eccb3
revision_dudosa,duplicado exacto con etiqueta conflictiva,sano,dataset/raw/sano/sano_01905.jpg,eddaa15696ba729523f5616d5474598d7eaad6405cc960c4bc175aa40b9510a5,d89a33275bd50a27
revision_dudosa,duplicado exacto con etiqueta conflictiva,sano,dataset/raw/sano/sano_00139.jpg,f4e2f07b14fd467101ed0655b6f802765707da6533c202f28d7d5e722df7708c,96eae0e9cc643dc4
revision_dudosa,duplicado exacto con etiqueta conflictiva,sano,dataset/raw/sano/sano_02935.jpg,f993781a3e621b6fc71167a721a4926c054abc67a87270a054b74f81be6edeb7,e6cc68d358e18b0f
revision_dudosa,similaridad perceptual con etiqueta conflictiva,sano,dataset/raw/sano/sano_02560.jpg,f99babb9f648ef97d8383ac3334b56205c9f49ae3c5359ef5f4f4acdf1c27735,ad91f80d1ee08fe2
revision_dudosa,similaridad perceptual con etiqueta conflictiva,sano,dataset/raw/sano/sano_09177.jpg,fa4926a004771d0c590a2f383599a341a9711978feab86bcf70fcfd0e245e68c,e5a3e214866bdd32
revision_dudosa,duplicado exacto con etiqueta conflictiva,sano,dataset/raw/sano/sano_02046.jpg,fdf18e34b87771807ead2dbef64e3f07a0ecd347d27b055ca8e546eac08c4ad7,81aa65e7fc84591b
revision_dudosa,excedente por balance de clases,peligro,dataset/raw/peligro/peligro_02539.jpg,b088cf1d96361938a673e9e87005abb85f6f6980a2d44d30a1d7a5c9253b4beb,8761f171645961eb
revision_dudosa,excedente por balance de clases,peligro,dataset/raw/peligro/peligro_12040.jpg,b0af8db37e697e915c375fb51e46f72a717ba366b00dcc60e5bc51989d2361b8,b1d865403c9d96e7
revision_dudosa,excedente por balance de clases,peligro,dataset/raw/peligro/peligro_00584.jpg,b0e62ea4e85d95c5bc40f14c6554cf7ec5000d6feec81f8d6a51d2ffb96db4b3,af65d2d094bc90ab
revision_dudosa,excedente por balance de clases,peligro,dataset/raw/peligro/peligro_05559.jpg,b11ca911226ffcc1b9bf3d983406504f0a5523d610968ec367e835760c6b7a32,cccef3e9c359c050
revision_dudosa,excedente por balance de clases,peligro,dataset/raw/peligro/peligro_05378.jpg,b134bcf4016c66fb2819859e475dc5f2cf5d64622f209bf40262cdc0181c97c3,d8c4e465a726b517
revision_dudosa,excedente por balance de clases,peligro,dataset/raw/peligro/peligro_00544.jpg,b1c896d07a3d355dd8dfef3760eff2464d28ec7b72df2a9aa2922cb5b632aad6,95e92480bd878ede
revision_dudosa,excedente por balance de clases,peligro,dataset/raw/peligro/peligro_06708.jpg,b1cbb08405fc2a7a960911fc2f391568533aa5ba80a3e663315a52d4d6e2422a,b5ead2077839f304
revision_dudosa,excedente por balance de clases,peligro,dataset/raw/peligro/peligro_01263.jpg,b1de52d70d3047c70f1ceb71a41562977ae14802fae3f12acba8a4cc8507fa68,afc9988e3e266992
revision_dudosa,excedente por balance de clases,peligro,dataset/raw/peligro/peligro_01033.jpg,b21b0530d637efb386efaca20a171173feafd8e9b9c52adb69b6f63cb1bf71a3,825887d766ff5142
revision_dudosa,excedente por balance de clases,peligro,dataset/raw/peligro/peligro_10161.jpg,b253dc803edc1b0f927679bf686f5a44487ecc6583a787d6b845f43b60f95195,d3e5726a6e4044b7
revision_dudosa,excedente por balance de clases,peligro,dataset/raw/peligro/peligro_06446.jpg,b2b35d50a04c877f3f0ae3a27dc178b8a69386a8d7ef30ba59ba969840396b79,acaca3b19c56669a
revision_dudosa,excedente por balance de clases,peligro,dataset/raw/peligro/peligro_01084.jpg,b2ffe1ab72577fd2722aa8379198aac306d1a179d592e9401cf31f8bef3ac954,863b658e78a037f2
revision_dudosa,excedente por balance de clases,peligro,dataset/raw/peligro/peligro_02140.jpg,b3cf20ed523fc8141e48c54e3c943c7afdf1473b9f1618f1ae260455cd16cd09,a88d69f48c0f65d3
revision_dudosa,excedente por balance de clases,peligro,dataset/raw/peligro/peligro_01762.jpg,b463a0b2c69441df9b0729fdb55bb0d5b6eef1e6c863a85b247d69d50cbb3c56,a6b7991ade0cd02b
revision_dudosa,excedente por balance de clases,peligro,dataset/raw/peligro/peligro_00934.jpg,b46fd4a1046f3798eb1dd19361969a3991468574356b801a7058b5449bd035b9,873bbd1da91fa00c
revision_dudosa,excedente por balance de clases,peligro,dataset/raw/peligro/peligro_09532.jpg,b486d57f5c1b391fc53649ec52012f7a972fd69f55f8b384515b941cfc83e17d,855534dc1ae3c78e
revision_dudosa,excedente por balance de clases,peligro,dataset/raw/peligro/peligro_01954.jpg,b4b1c1fb4127caee63810a33527bcd7f478fb922bfc719d4098078d78fe233d8,a42b57ed3a946970
revision_dudosa,excedente por balance de clases,peligro,dataset/raw/peligro/peligro_02141.jpg,b4c919bd91c7ad0e1fcb4a779d8a3a238741d8851e24abced39d65b888b17355,d38d40872d9efe84
revision_dudosa,excedente por balance de clases,peligro,dataset/raw/peligro/peligro_00852.jpg,b4f711beb875f0d08b94d6b6549a7554e112ba193b3ec204d29b72afc8edde98,ef5ec96cf009eb00
revision_dudosa,excedente por balance de clases,peligro,dataset/raw/peligro/peligro_09197.jpg,b4fcf16d0ec9ee34df3b327b6fad467b91f00b3d97a3b28a077c8e12b8bb36b9,90a4786c3b1e5b3e
revision_dudosa,excedente por balance de clases,peligro,dataset/raw/peligro/peligro_12800.jpg,b51843aa99746e5389ac1bb67b0e89d9b483d5142baf3f421fa9e505d61305a7,94f383483b8bec8d
revision_dudosa,excedente por balance de clases,peligro,dataset/raw/peligro/peligro_09019.jpg,b52ad3bc2c278c8d97f77c47c894acf3b59c5313577ab70e773e5f1bb61f2fce,8e2a6b9f3a2129e6
revision_dudosa,excedente por balance de clases,peligro,dataset/raw/peligro/peligro_01319.jpg,b54226e3e075f38e58ed03ed74803e10cf6271b36f71e16f9a433519c3e6f885,bdc205e62b39721d
revision_dudosa,excedente por balance de clases,peligro,dataset/raw/peligro/peligro_07156.jpg,b592c4d439afd14886fca738ace7cc2bda1ac43dfa80f4aca8f38a617c2e91ce,bcd4cde113075a69
revision_dudosa,excedente por balance de clases,peligro,dataset/raw/peligro/peligro_02364.jpg,b596b1358ffea92272a114052a23862404774451ed14573a8015ea68c52aa1fd,9935668e63b3464b
revision_dudosa,excedente por balance de clases,peligro,dataset/raw/peligro/peligro_07646.jpg,b5bb3fc548768800addae998d02ec1ee0e3f858c86f6142520aab96cd4abd654,cf91e004b01fb2bf
revision_dudosa,excedente por balance de clases,peligro,dataset/raw/peligro/peligro_00137.jpg,b5bdb4679a57820de5868ccabc036a5f3f5fb91cd45e9d8327326235832f41fd,d4adda15cdb0626a
revision_dudosa,excedente por balance de clases,peligro,dataset/raw/peligro/peligro_02004.jpg,b5cfdb951937231aa579dfa52d0d07c580b0fb40f83bece9060ccd259f9f0f79,8753663ce5f40993
revision_dudosa,excedente por balance de clases,peligro,dataset/raw/peligro/peligro_02623.jpg,b5f0a6786b7bd5a251c489356fa3e26e3374b9f61c501bb6471341140581c5c3,81de12e26a658fa7
revision_dudosa,excedente por balance de clases,peligro,dataset/raw/peligro/peligro_02584.jpg,b656e32c5cbd71d1201f8bf7012f13bf84e62e9adc1a5fe30c0be1fe05102fd7,c8cb0818bf9e3c57
revision_dudosa,excedente por balance de clases,peligro,dataset/raw/peligro/peligro_10279.jpg,b6d5a92d5d0af8d7c78dcdeed1b2631277872bdb5ef997aeecc6f9e150b2b47a,ff9b19516ddc0421
revision_dudosa,excedente por balance de clases,peligro,dataset/raw/peligro/peligro_01869.jpg,b6f94bfca79c491b4540c6b94e3d25b9f37fcdfc1afe7dcfce7f242e061e968a,c097e9c6aa4da995
revision_dudosa,excedente por balance de clases,peligro,dataset/raw/peligro/peligro_05662.jpg,b70cd1c1ae5c1e0fb9d1136b4b487415354e7d7b2625510aa6ab534a3fee0504,ec5b9ae14b1c87d0
revision_dudosa,excedente por balance de clases,peligro,dataset/raw/peligro/peligro_03236.jpg,b72f828a8521a4d4d34f74e29b04ef2d65dc06e71bc56f892f3e3676bf1648d2,c6d3edd294990a99
revision_dudosa,excedente por balance de clases,peligro,dataset/raw/peligro/peligro_00071.jpg,b7bde8e3a69711f8bd53174c954c79915d35a55ca7f42a1b2b551f221f993170,9b743c81e82fb562
revision_dudosa,excedente por balance de clases,peligro,dataset/raw/peligro/peligro_13445.jpg,b803d9c52d58c2b9210e9f2728f14bb07d795d5b3b14a134bcc625516e6d0531,df937007e93084f5
revision_dudosa,excedente por balance de clases,peligro,dataset/raw/peligro/peligro_02152.jpg,b8685ac8457c6f034ae16e51be56a9309968c49efc14025838b5fd0c982aed85,a495a0fb52ec7b0c
revision_dudosa,excedente por balance de clases,peligro,dataset/raw/peligro/peligro_02220.jpg,b88f19c05513ef93f999f1d959235f8f733749ae31f3ff1650c03e8a42b32459,d7556a2621b1d83e
revision_dudosa,excedente por balance de clases,peligro,dataset/raw/peligro/peligro_06111.jpg,b8a18e2ae4bd383c63fb8cb87319d5f8f58989fcb755ebe1615781ecafecf960,8580bc59d19e5eec
revision_dudosa,excedente por balance de clases,peligro,dataset/raw/peligro/peligro_01349.jpg,b8a2b5ec1b90f7102da2bac857bffc152b94bad96a9d899328edb4504244907c,9b8b88ebfb0302d6
revision_dudosa,excedente por balance de clases,peligro,dataset/raw/peligro/peligro_02049.jpg,b8b89dab9f49e3c44260352d6acc7b3f08e1c311c272ac5480166b69456d007d,d28a4b61687c4ff2
revision_dudosa,excedente por balance de clases,peligro,dataset/raw/peligro/peligro_00980.jpg,b96b17fe7fbe2b099282b0a4832c691088bdbc4879ef557e70b31a87addf979d,e99e964ee9944263
revision_dudosa,excedente por balance de clases,peligro,dataset/raw/peligro/peligro_08295.jpg,b9a437e7a1e8c2da8a2cc4a2ec2cb13fb90943f365473f1b242bbee0af00d51c,90dc49e33bd554d8
revision_dudosa,excedente por balance de clases,peligro,dataset/raw/peligro/peligro_00642.jpg,b9c91ed1d78444822b07e4d4771a9c738ebcf4308233c6c2c9b7ac85e663bd08,97346b4d589b22b6
revision_dudosa,excedente por balance de clases,peligro,dataset/raw/peligro/peligro_09257.jpg,b9f41fabc2e4264406f47ac1ec3744a808f679b06db9039689cc9e0b2285b2b1,b5f1836bb4a31495
revision_dudosa,excedente por balance de clases,peligro,dataset/raw/peligro/peligro_01297.jpg,ba0b7a68948a14846da2a1155c850c7b0fc148fb2445f15f2882c108d4a65ac6,d9cdd8d3c35c0f10
revision_dudosa,excedente por balance de clases,peligro,dataset/raw/peligro/peligro_01696.jpg,ba0c616322a21aadde3feaa35c3f6a2c19ce720c63d19121b62f27e3a46cbbae,d495b41f86722766
revision_dudosa,excedente por balance de clases,peligro,dataset/raw/peligro/peligro_05047.jpg,ba0cc8132595c4c61982ff7df222a066e9059a1a08cf7cba255f94250c67914c,d99963ee64658cb0
revision_dudosa,excedente por balance de clases,peligro,dataset/raw/peligro/peligro_07462.jpg,ba0ecbae7fb8d3c1bf79470dd9f8a55f0b3ad9de59c7458c8ca5c813401314d1,eb4a466c9996e564
revision_dudosa,excedente por balance de clases,peligro,dataset/raw/peligro/peligro_03098.jpg,ba62c2c742e275b82cc4c1616dec71143ba680d5e14af401450ecb46b0573fa5,a7e74c8cc19c5993
revision_dudosa,excedente por balance de clases,peligro,dataset/raw/peligro/peligro_07031.jpg,ba70a2db996501ecee6adb5b0c477f2e91843e7304cc63a9fa23d31dab36d842,9292eacb2d1197ec
revision_dudosa,excedente por balance de clases,peligro,dataset/raw/peligro/peligro_01377.jpg,ba738b145b2d1474552e11e9478eb71bc95a3e76f13ff7a95ed6716ede960dcf,aa568d06fce8d187
revision_dudosa,excedente por balance de clases,peligro,dataset/raw/peligro/peligro_08826.jpg,baa8cce2e4f46bc42b883cb52a475338ae2f607ffa987e8843d887e961ff61dc,e6f3eacc2811ccd1
revision_dudosa,excedente por balance de clases,peligro,dataset/raw/peligro/peligro_01352.jpg,bafda30c387ef5e5a02eb975229a1ffcc11e91ebad962b07445d91a385658ab1,c169c037bd8daea2
revision_dudosa,excedente por balance de clases,peligro,dataset/raw/peligro/peligro_02063.jpg,bb2e2dfa60884e2eae3d36eef7141a8457ce2d65def7385375760b8803ca3ac4,bd87c07a8778166c
revision_dudosa,excedente por balance de clases,peligro,dataset/raw/peligro/peligro_00176.jpg,bb85a09b82f3806fb1a1b11ccea424f13a3d2368b0db5ea2cd1076967a2fbd12,e4c21b7b7d1e0a07
revision_dudosa,excedente por balance de clases,peligro,dataset/raw/peligro/peligro_06385.jpg,bc1004ae500cdca552079a09c646317e8da9e51e002c82f956782c940d34e192,90176cf3905efb0a
revision_dudosa,excedente por balance de clases,peligro,dataset/raw/peligro/peligro_00731.jpg,bc3a2235320c6a03b3a20a5919e45c379b8265aa9e635258b8f18456d9545a28,810f143f77e056ad
revision_dudosa,excedente por balance de clases,peligro,dataset/raw/peligro/peligro_03920.jpg,bc96e583c1965e2f0df9b8124a7e60ad9ea228b2a7ae6c6e72a275cdd9e40f27,fe27c0f8c1c0f196
revision_dudosa,excedente por balance de clases,peligro,dataset/raw/peligro/peligro_01371.jpg,bcb14b09b1d06058f13c492929c463b716f4f1ea867874b4ede527dad0dd6f17,b4c5917a5e07dc49
revision_dudosa,excedente por balance de clases,peligro,dataset/raw/peligro/peligro_01308.jpg,bcecdc1211d7dea48162e2e3c2ada1d5825b7289baa88deedf4888aa930362e2,b36071adfa82c6a9
revision_dudosa,excedente por balance de clases,peligro,dataset/raw/peligro/peligro_10205.jpg,bd2a51c2fb3a0fe7333892d59529840dd443aca782cc7b27fd1464c08360ebda,9e9263c764cc9c8d
revision_dudosa,excedente por balance de clases,peligro,dataset/raw/peligro/peligro_00678.jpg,bd4a4016de0f6ac834c9a423addbf09b19b264f888a68abd643132e51fdc7746,a881a24ecd5fdb49
revision_dudosa,excedente por balance de clases,peligro,dataset/raw/peligro/peligro_00506.jpg,bd586b13dbb03ba3bfb0a75caa87e49478ffd0d86dab0310ff38a04ec42cae4f,9d26a091fd1ea1ce
revision_dudosa,excedente por balance de clases,peligro,dataset/raw/peligro/peligro_00788.jpg,bdcfcb61dd9d8c134348bbf28b66b698dd54b600928cdfebf211845b047f0139,c0446da4b75edb26
revision_dudosa,excedente por balance de clases,peligro,dataset/raw/peligro/peligro_01247.jpg,bde8bade0f4eae836650cb34dae6bb79c4f6fc951cc46c474a75768304de065d,8d7430a6cf59a64d
revision_dudosa,excedente por balance de clases,peligro,dataset/raw/peligro/peligro_00171.jpg,be31480631cc622f78f04c39d78a673b5cdff06052186b710958dbaa849fe3cc,cf1e7c4d829e1c70
revision_dudosa,excedente por balance de clases,peligro,dataset/raw/peligro/peligro_01520.jpg,be325bd07c1122ddc000f94471c58371a9e1339e5165da30a3a276fae3fc2a16,e896cb69314e3669
revision_dudosa,excedente por balance de clases,peligro,dataset/raw/peligro/peligro_02461.jpg,be37819c22bb5661f1b68227a2bd9e0d1c0664b664fa6e8532fb80669c2ceb85,eaa321c89ba86e3d
revision_dudosa,excedente por balance de clases,peligro,dataset/raw/peligro/peligro_10122.jpg,befd0b005198da1377f77b40268b79302c9413f8146ada3d2454c71cdf25ec19,87476b607e6364d2
revision_dudosa,excedente por balance de clases,peligro,dataset/raw/peligro/peligro_02833.jpg,bf17834c2bd7b30f108f6eda7308fdecc7591265322f6f58a9c5126a0266678f,d27c6d6df6603203
revision_dudosa,excedente por balance de clases,peligro,dataset/raw/peligro/peligro_03118.jpg,bf20ed6e7f998fe2b0c17965280e6d60f5f07d00ba2671e30e6a83c31a8f8f47,bda3c1168b6996b2
revision_dudosa,excedente por balance de clases,peligro,dataset/raw/peligro/peligro_01942.jpg,bf3dff53d4120f8626792d80227134d6ab4417e46cf8aaefb1471f144c10611c,dd214e1819fa7475
revision_dudosa,excedente por balance de clases,peligro,dataset/raw/peligro/peligro_06097.jpg,bf6750a62e59a13536c87a115f2ffa3ef300d757710127db35146dbb68f78c25,a99a1aa37f6f8302
revision_dudosa,excedente por balance de clases,peligro,dataset/raw/peligro/peligro_03779.jpg,bffe408604c86aba5dc19d663a7268532b02dd916fa14bfb6cf388db9179d389,e45c91a1cfd5454b
revision_dudosa,excedente por balance de clases,peligro,dataset/raw/peligro/peligro_00054.jpg,c00b8067e4f32a5fd8b2f446655d663972ba89ed56e9f2ce48d94c4f750a2dd6,9fd85194c9cd236a
revision_dudosa,excedente por balance de clases,peligro,dataset/raw/peligro/peligro_00085.jpg,c04773aae2dd7fdb8f247b2cca7c18c53b3292420c2175f921e035dafc576259,87f3a6a6a6aca468
revision_dudosa,excedente por balance de clases,peligro,dataset/raw/peligro/peligro_00997.jpg,c089403eae233f07dd92961614e91e9db7d396e74948205be7601da7dcef8d90,a6ee6e8a2a4b6919
revision_dudosa,excedente por balance de clases,peligro,dataset/raw/peligro/peligro_05321.jpg,c0ad0d03cb20c275f80fb320c39209ae97c7a03bb42b19236f459727488d55cc,c11dbe52856bf10b
revision_dudosa,excedente por balance de clases,peligro,dataset/raw/peligro/peligro_06478.jpg,c0d9befd26e047a6b3cba62c7bea28d7de4ca3edc72f19627fe4c2885ccf4f79,d2f6a2a383afc8c2
revision_dudosa,excedente por balance de clases,peligro,dataset/raw/peligro/peligro_00821.jpg,c13743490783f8e8daf29ea561a17380beba05e4b8f2a44b94bac6ce69f42ea7,c01f7af46242b74e
revision_dudosa,excedente por balance de clases,peligro,dataset/raw/peligro/peligro_06416.jpg,c14d1eafc8e7ca3d33861a50786b80ec1b8d42c837b233839fe458307e320e2f,e56aab2990de5349
revision_dudosa,excedente por balance de clases,peligro,dataset/raw/peligro/peligro_07377.jpg,c1943836bee26925f9a36b9d398fc75ce65610af2c63b82c76b84bfd24ae5dfa,b1c8cc8ff3310cd9
revision_dudosa,excedente por balance de clases,peligro,dataset/raw/peligro/peligro_12324.jpg,c1dc0d63f30bc2ba63361a971dcb99acc20091720ac985d0f685902fc33a9d84,ffccaee903875101
revision_dudosa,excedente por balance de clases,peligro,dataset/raw/peligro/peligro_00910.jpg,c20d648125b1864f554fe5fd98dcfcd19063bf85e00947c0af797f9bd4f990e8,c416e92dff40af41
revision_dudosa,excedente por balance de clases,peligro,dataset/raw/peligro/peligro_11556.jpg,c21dd1f2adb15a856ea19e92b246c45dc28379a4576064f2a5f863aa6e455429,8fda46b8444fc35c
revision_dudosa,excedente por balance de clases,peligro,dataset/raw/peligro/peligro_04911.jpg,c24cf2a3482fa9f47027adab2ea20da4d9cef608db9b4eddf913d7e4cc3dae40,8b7e9ce0b389069e
revision_dudosa,excedente por balance de clases,peligro,dataset/raw/peligro/peligro_01489.jpg,c2aed14550e522659a6df9e13dc09f3f765d7da0c5657d2dae4267017123a239,8e9bc0dcf88fcc18
revision_dudosa,excedente por balance de clases,peligro,dataset/raw/peligro/peligro_14005.jpg,c2dfe9d6bd1898030bddb8bc77032d3c88a664e043b943373de3a9b7d3c135d4,848c1d0f7b7e6272
revision_dudosa,excedente por balance de clases,peligro,dataset/raw/peligro/peligro_03171.jpg,c3366b2e73ff92336288476cd15ef8237705ef78f8768e468f6c13006565da25,fdbdc0e83c25043e
revision_dudosa,excedente por balance de clases,peligro,dataset/raw/peligro/peligro_02211.jpg,c37e0e47e8e9932b4c398f4e86e3f2ae98a673020a72ba2615ba449dadad7932,8101bcf696783fe8
revision_dudosa,excedente por balance de clases,peligro,dataset/raw/peligro/peligro_00098.jpg,c382553e4c1a4d1ddfeee520c9c1a40f2fd48321c33517e3bd63bd4003de2af4,d6b3ac16db4ac2d0
revision_dudosa,excedente por balance de clases,peligro,dataset/raw/peligro/peligro_03862.jpg,c3ed6f6d11af878f02727233e3553bca470075d4da1df12177a493693571cfa0,dd863ad96768414b
revision_dudosa,excedente por balance de clases,peligro,dataset/raw/peligro/peligro_00559.jpg,c4033491f07ed2ef518ace16bf90cb319692aa08efde4129f58a160ab33552ca,cbe0fc4f608259c7
revision_dudosa,excedente por balance de clases,peligro,dataset/raw/peligro/peligro_03631.jpg,c471a7286bd3b0b2057df06613d7f9426a4a2a9d14e3da29523104aa3d5849cc,cd900719aee713bc
revision_dudosa,excedente por balance de clases,peligro,dataset/raw/peligro/peligro_00024.jpg,c47dea3f7b33d61891addbc72019bbccb61c02b51ab2570cd6bc0cf08801bb58,e6b18f28b32c49a7
revision_dudosa,excedente por balance de clases,peligro,dataset/raw/peligro/peligro_00543.jpg,c53bc5ee00d3e7a8d81f3a1bef1fe0ac0939013034478e48775ad5966a00ad2e,e6a38a9d3f1961c2
revision_dudosa,excedente por balance de clases,peligro,dataset/raw/peligro/peligro_02034.jpg,c5b3c805c63f91a6dc3cb441218ed74ed968f7a6114aaf22001f8040ae3686ca,dcaba61598e2e147
revision_dudosa,excedente por balance de clases,peligro,dataset/raw/peligro/peligro_07247.jpg,c5cfb3245a98b10fe6d0de1d3962245a306e2fc9b44c346cb6e54f3cfb2c96f9,c13f3f76b81e3120
revision_dudosa,excedente por balance de clases,peligro,dataset/raw/peligro/peligro_00890.jpg,c5f0cb3e1018c08fed61db49d13a4d3b37493cb6aea5001b754153da87c8b931,8f52f02fb14abd14
revision_dudosa,excedente por balance de clases,peligro,dataset/raw/peligro/peligro_01783.jpg,c626eb6eca45f94600fa41f8237ba340b1ea3d798d6cfd23a2498b091be3215a,dcd0850d56fd920f
revision_dudosa,excedente por balance de clases,peligro,dataset/raw/peligro/peligro_00701.jpg,c6900bbc0fd72865cab4c99f788299434245d03e2caafbdbfbf284f6dc973f27,dca53ae42798c6d2
revision_dudosa,excedente por balance de clases,peligro,dataset/raw/peligro/peligro_11522.jpg,c6a1bcfaff1723fb8003dc5d7b91bae1739ee0e3f98d36c1129c3980168f4634,bcb9e146934e16ca
revision_dudosa,excedente por balance de clases,peligro,dataset/raw/peligro/peligro_14097.jpg,c6e2e0f310b786737478b5166b12fb26410661518fe0bee0b4830dbde011cc4c,93cb359a49b0c1e7
revision_dudosa,excedente por balance de clases,peligro,dataset/raw/peligro/peligro_02072.jpg,c733bfb122144dee5419ed084b7f496bc2d4801859ce405a39ae9a6f4dc96b9a,84c8d1d74fc47cb8
revision_dudosa,excedente por balance de clases,peligro,dataset/raw/peligro/peligro_01389.jpg,c73cad30cbf40fd074d90f82021d6309a02f6ddc2944531733989ae3284d57c2,ca8b6f3c34d8017d
revision_dudosa,excedente por balance de clases,peligro,dataset/raw/peligro/peligro_02706.jpg,c7418d6bd3af11f14457c338d4aa79b8998a3de8a49840f72cac9c33163961ae,cacf7413a35dc941
revision_dudosa,excedente por balance de clases,peligro,dataset/raw/peligro/peligro_00480.jpg,c77644b903930511b439fbc28496164f8648e40d0ce2f1a5eb78030afebf3562,b8fab6e92f838091
revision_dudosa,excedente por balance de clases,peligro,dataset/raw/peligro/peligro_02269.jpg,c79c8e2941b1b02d80923a1337556fe7342f0dc8cbd66578ca16d99c069ca46b,92a7623d70536f2a
revision_dudosa,excedente por balance de clases,peligro,dataset/raw/peligro/peligro_02781.jpg,c7a807ab4afb7ba440a464ef84f1f23ace73088b7bd34d907744bb52039a6204,ff88dad348484a76
revision_dudosa,excedente por balance de clases,peligro,dataset/raw/peligro/peligro_01916.jpg,c804d31527f318875b55be51437f004df7b7d8a3f510cb558486dcbbe9aad80e,8b4af189e7f1c432
revision_dudosa,excedente por balance de clases,peligro,dataset/raw/peligro/peligro_03148.jpg,c813adf20756ff13d159720513decc560331d6b95db308aaee75236bd3604797,d26ec90d1b0dccd6
revision_dudosa,excedente por balance de clases,peligro,dataset/raw/peligro/peligro_01756.jpg,c835da2bda03ef75ba525e8dd176f84323f3d837d1bf26bfde9e3b484c64e448,a8dfe3e6216128d9
revision_dudosa,excedente por balance de clases,peligro,dataset/raw/peligro/peligro_01997.jpg,c844b1b4a7a1763eceb95bad5575ac99214c07a5e1e4403d6762139775e20592,f5f8dad251256862
revision_dudosa,excedente por balance de clases,peligro,dataset/raw/peligro/peligro_03932.jpg,c87b83b578f8093ab76b1fb372c481c8ee3b9841bec6194b933a9336ef903a69,abbcbac7936a6081
revision_dudosa,excedente por balance de clases,peligro,dataset/raw/peligro/peligro_03229.jpg,c8f2dc38c1b7db3a545a430559fe88b89828bc05dc9b5c846b3067bad76a654c,b632c9c83c3773c1
revision_dudosa,excedente por balance de clases,peligro,dataset/raw/peligro/peligro_01342.jpg,c91888d662656b076ada1d5b44108b65a3e44f59c9860f6df3ca1df9152456d1,cecc361e23b8ec31
revision_dudosa,excedente por balance de clases,peligro,dataset/raw/peligro/peligro_01280.jpg,c9218632c9e077704bca440a9f021c4c617e84310bfae3ee4bde780c016858f5,dc0eb4e6d48dba42
revision_dudosa,excedente por balance de clases,peligro,dataset/raw/peligro/peligro_11370.jpg,ca11239558e1a7f0766f9a125921b5ec0d28b12830beebd66725df28329c90d8,834aec6d78487e71
revision_dudosa,excedente por balance de clases,peligro,dataset/raw/peligro/peligro_09028.jpg,ca6ae3e04724704a6db7d3856769779606b01965728eb8056704bde3700c085a,d2c76db9903c1bc2
revision_dudosa,excedente por balance de clases,peligro,dataset/raw/peligro/peligro_01092.jpg,ca8c73db1e2461f51afb343e089ef0272277d1797f152e2108f059843cd4dc2c,93b528dd0e9f9852
revision_dudosa,excedente por balance de clases,peligro,dataset/raw/peligro/peligro_00510.jpg,ca94f83f01b42748a4b5a33a1f9444b66d9d97a7910dece62defabca1a8f36eb,80163fe9f149c8ed
revision_dudosa,excedente por balance de clases,peligro,dataset/raw/peligro/peligro_07431.jpg,caa872fb1392f5d16d6c94fbb5be676795fdad170c03e96d48f5cf5fb84c4239,ff2d253b07c0606b
revision_dudosa,excedente por balance de clases,peligro,dataset/raw/peligro/peligro_10247.jpg,caaaf6be3fa1e07f886b49e0f47d9c21631cc8c137791289a4cc25563f92de39,95f13e297b01929e
revision_dudosa,excedente por balance de clases,peligro,dataset/raw/peligro/peligro_00718.jpg,cadbd760d28a8b3200e00ac723deee4b64326c3ae1d30001c039d88f944863fa,db013e2a6574ea1e
revision_dudosa,excedente por balance de clases,peligro,dataset/raw/peligro/peligro_00325.jpg,cae4901cc46a368a48decc4ebeefeec046f89e2beedea65daf44652884c76929,e03d53476e52aca3
revision_dudosa,excedente por balance de clases,peligro,dataset/raw/peligro/peligro_03096.jpg,cb4a30ae73729165f41b6ecc9c8f142c29b9e81a5afc3a1e2f4144b66ddf74d1,fbc0c52f709a2ec4
revision_dudosa,excedente por balance de clases,peligro,dataset/raw/peligro/peligro_02459.jpg,cbb2e61c55bbdad0a2c6c127bc22866a2fe585c3b32da971ae36a14cc9fba3d4,f30c64b346e0b9c7
revision_dudosa,excedente por balance de clases,peligro,dataset/raw/peligro/peligro_01646.jpg,cbbce824bcbdf192e513c072193831ef6f947588218998a066cbccab66c82f2a,b032da1bb63ccc4d
revision_dudosa,excedente por balance de clases,peligro,dataset/raw/peligro/peligro_13601.jpg,cc6138d09c28d2a4bbae751d150777cd6d6fbbaee5bee3f3c68e9aea7ed4b4a6,c709ee5f8566e141
revision_dudosa,excedente por balance de clases,peligro,dataset/raw/peligro/peligro_02192.jpg,ccdeafe1c334f1a9bd680e26f40ea1b14c99b328c6a3b636a44107ee2f70c84f,91385b55ceca2d87
revision_dudosa,excedente por balance de clases,peligro,dataset/raw/peligro/peligro_00396.jpg,cce90c0ffe211252607f3653d2e2295f4f6ceee97f0d7350c2aceab8199ec272,c4a0d917b27ecc3c
revision_dudosa,excedente por balance de clases,peligro,dataset/raw/peligro/peligro_13898.jpg,cd0f80127963981ec98372407c46b52b3e6b9e82e2343a53ae5c3a4d032834f3,b742da079c4f8077
revision_dudosa,excedente por balance de clases,peligro,dataset/raw/peligro/peligro_00947.jpg,cd49cfa8c9f8f4be57513f6f5635324fb7b6f3ab65a9ead8dbc6738a8af2cec0,b6b56a184ca2b3ea
revision_dudosa,excedente por balance de clases,peligro,dataset/raw/peligro/peligro_00593.jpg,cd9641043b3547119cf2b692b0f4223150e644294172873e4620bb57fdee70b6,e64c3979c27964ca
revision_dudosa,excedente por balance de clases,peligro,dataset/raw/peligro/peligro_01307.jpg,cda2334ac9bd9c36ac9943f47e27e8efe2993c34f86a4802cef48ee6c1842b20,c8cd7986b04a773c
revision_dudosa,excedente por balance de clases,peligro,dataset/raw/peligro/peligro_11255.jpg,ce28426d5a5f5dd95f48f3b05868c8380aa2da26300fb9667670ede65f616945,dba09b15d45b064f
revision_dudosa,excedente por balance de clases,peligro,dataset/raw/peligro/peligro_08085.jpg,cf02792e46b634e1bf8cfac344590da374a8c485ba788683bc70ed649c07bc88,8bd6ac259db61233
revision_dudosa,excedente por balance de clases,peligro,dataset/raw/peligro/peligro_01137.jpg,cf151c42cd444da2dadb6469fa5a63dad2d48d1ede3eb9069629364783349151,a9c0ca993db971a3
revision_dudosa,excedente por balance de clases,peligro,dataset/raw/peligro/peligro_00599.jpg,cf1af350c1b057df67ac22081d8dececa642ac4ea79df49adca238341761e9aa,f60b1d62b109f4e5
revision_dudosa,excedente por balance de clases,peligro,dataset/raw/peligro/peligro_03304.jpg,cf2d4f6f48015b023e2121f7210e936d18fbb3d56b3ce64ca85761e71de96fd5,c8e6f398473b0c9c
revision_dudosa,excedente por balance de clases,peligro,dataset/raw/peligro/peligro_11022.jpg,cf5feff6d044f421623541c590070509b51f0e071241387bd786a3e3510589a8,a3a5ea463fa4a4d8
revision_dudosa,excedente por balance de clases,peligro,dataset/raw/peligro/peligro_00440.jpg,cfdb54141c4214cc9ec0b2e7407acfc7cafa79a79f4b1d62b8c1884a3ca251e4,d5ca2a15693687f4
revision_dudosa,excedente por balance de clases,peligro,dataset/raw/peligro/peligro_01138.jpg,d027ac5180ba1152fd31940ed1c5d180f7faabe98b0c9f6fd29aae3942bf53c7,d58d0f92f0497e2a
revision_dudosa,excedente por balance de clases,peligro,dataset/raw/peligro/peligro_02873.jpg,d02c6f9310a94c57211c241479f2310d49b51d650f4e0a1a5ab822a87b75786b,bc546172e5dac5a8
revision_dudosa,excedente por balance de clases,peligro,dataset/raw/peligro/peligro_02820.jpg,d0330501dcce386785223afac1a7615df733a43605e540ed15c7e5c119eece09,c31c3e61cd97c41d
revision_dudosa,excedente por balance de clases,peligro,dataset/raw/peligro/peligro_02032.jpg,d0a7bdc80ecd070c9c4cecf70ae1c34c689459af32457596eda9f4a4ea1b8e1f,cdc9d9d114762d34
revision_dudosa,excedente por balance de clases,peligro,dataset/raw/peligro/peligro_13714.jpg,d0daf16c4b31bd98b5bd7923e44ecdf330ee48680a405f34720b3ca375431963,cc68233d764b9af0
revision_dudosa,excedente por balance de clases,peligro,dataset/raw/peligro/peligro_00456.jpg,d0fe2b0b61564f3992a655a13ed60c787e528627a22b09378ce71ecb99976a79,bacfa0f19f141a38
revision_dudosa,excedente por balance de clases,peligro,dataset/raw/peligro/peligro_00950.jpg,d13e826f79af2242b1294fbd8d462a55d0c838df6baac689710a02b5441a026e,85ee2ec0f98646bc
revision_dudosa,excedente por balance de clases,peligro,dataset/raw/peligro/peligro_08091.jpg,d15debf55fa2c0008f9b1073065f50be1c3d01d318d92016d199801817c121e9,98d69c21de851fa3
revision_dudosa,excedente por balance de clases,peligro,dataset/raw/peligro/peligro_02292.jpg,d178b5ebefb42e523be38ba2d311055cf47483db023eb47eadf87f95a270988f,8dd16a116d8f7598
revision_dudosa,excedente por balance de clases,peligro,dataset/raw/peligro/peligro_01760.jpg,d249d53d984b94260edaf4de0c197f5b4825f6f0e839676e29857ef87dbbe538,9ac625a5d93d386a
revision_dudosa,excedente por balance de clases,peligro,dataset/raw/peligro/peligro_01479.jpg,d2630b96a4c3ce76bc7297623b78fcfa1da8cb587dcd0981348dcc9e03eb3367,c6526cb48d8d6766
revision_dudosa,excedente por balance de clases,peligro,dataset/raw/peligro/peligro_08050.jpg,d3418e897db5f474d13eca0918ee05c492b56536f5d7ca828423dd55e45ecb4a,80a66eb5d751a33a
revision_dudosa,excedente por balance de clases,peligro,dataset/raw/peligro/peligro_01471.jpg,d37f5421cf8a9487605daa46d43919b545c32f942b10d05814bbf992cbe2b4d6,d6ef759d434448a4
revision_dudosa,excedente por balance de clases,peligro,dataset/raw/peligro/peligro_00795.jpg,d3b67fd4b2e4de686ab941a03b98b2587fb3ae79293d337c77cbc4aacea3dd25,c63f6a51b766244c
revision_dudosa,excedente por balance de clases,peligro,dataset/raw/peligro/peligro_06508.jpg,d3bc2777f01c7aca70312cb564c7f714c293391b68424873a7717e798a1a13ec,ada5b127dcb550a2
revision_dudosa,excedente por balance de clases,peligro,dataset/raw/peligro/peligro_02090.jpg,d41eabfdfe55b89719ab8bb5048dd4b94393566a8a6ce06bd7961ff8a1400216,fe8addb4226a841d
revision_dudosa,excedente por balance de clases,peligro,dataset/raw/peligro/peligro_05360.jpg,d45e35f50cf9b978cb45ab71a44ad7d03117930b236583aa63fe37309aac9e8a,b0a34db794d75a28
revision_dudosa,excedente por balance de clases,peligro,dataset/raw/peligro/peligro_02416.jpg,d48751265f0ea65ac843e911cc1c7564bafcc198e5d92b5b2629e7fba3b44a18,911af878aaf58e32
revision_dudosa,excedente por balance de clases,peligro,dataset/raw/peligro/peligro_15027.jpg,d4983515f6d625af082c034eba69e8b1cddbf27b6e39c169519ae418cf8e09ae,b22afbf28c9db081
revision_dudosa,excedente por balance de clases,peligro,dataset/raw/peligro/peligro_00266.jpg,d4fd2befed388ad9824bda1311f36087d81412743ffc727f0fcfd183e78fad8b,dfbb3d3647418902
revision_dudosa,excedente por balance de clases,peligro,dataset/raw/peligro/peligro_01437.jpg,d53edb7f22d0202dde00bc0c0ef7f9ebf459cb8dcda07ec6ebed2dba365e4202,978896859b962d9d
revision_dudosa,excedente por balance de clases,peligro,dataset/raw/peligro/peligro_03310.jpg,d5a0c2a397789205ee7219152498194781e77f21d8d9952d2c3bf06c4e2ca12d,c5212f4e5cdcd591
revision_dudosa,excedente por balance de clases,peligro,dataset/raw/peligro/peligro_00572.jpg,d612e61716d1c38b6c6ffd37d95f4cc19c3cc66c42f84c50789ad1fcc5412e29,e3ec20bb413ed652
revision_dudosa,excedente por balance de clases,peligro,dataset/raw/peligro/peligro_07474.jpg,d63a6b18ac05b374a48bd93578c010d32888a2d288776d37b8e191e6e468a5da,90094f3750f4fb0f
revision_dudosa,excedente por balance de clases,peligro,dataset/raw/peligro/peligro_01180.jpg,d67a97fff3745c4f03ee174be90c88ab5945da4adcca449590864a8c2209e1db,be2d5811ae50a3de
revision_dudosa,excedente por balance de clases,peligro,dataset/raw/peligro/peligro_11360.jpg,d6e50cb4ddf56aaf9765f35f51d8902325b0ee4a3999a92f3e18ccf7fe34576f,af34f258e663ac42
revision_dudosa,excedente por balance de clases,peligro,dataset/raw/peligro/peligro_08697.jpg,d6f72aea839a23d967d0b77efd8f784a6f7cd13ee7e9698046fe37831a4b3e22,c883db5a63564967
revision_dudosa,excedente por balance de clases,peligro,dataset/raw/peligro/peligro_14517.jpg,d792eb03e82c9d7e07e06b8845205e25fb2816b80f492ff03e797aa3bfc692a7,f1f09c6483f28bb8
revision_dudosa,excedente por balance de clases,peligro,dataset/raw/peligro/peligro_00566.jpg,d84559cce71e8db4de2281d0707313cf51782fa529e6200743730f12a01ef21b,d6e369941a4ba3a9
revision_dudosa,excedente por balance de clases,peligro,dataset/raw/peligro/peligro_03058.jpg,d84b5b97fd0fc6618a5a7318b9a3fb839ac36e24f92e8d5d167bb00261b22f0c,bccec31cc9f086b1
revision_dudosa,excedente por balance de clases,peligro,dataset/raw/peligro/peligro_05339.jpg,d8b6971760d606b9dbaf3121033e40d65e5186dfdec8094e2bbabd9dc148590f,901dadf899c38f4c
revision_dudosa,excedente por balance de clases,peligro,dataset/raw/peligro/peligro_03583.jpg,d8c75c0d1fb99d4df9b2f79e8801f7a11e0583e4bfe2040cf727fc1d4902ad26,98fa328bdc2a374c
revision_dudosa,excedente por balance de clases,peligro,dataset/raw/peligro/peligro_00889.jpg,d8fb16f251a66a306edc589e388b214059faf78d3f6a5185c40ca5cb453f6d44,da0c2dcb3ffac120
revision_dudosa,excedente por balance de clases,peligro,dataset/raw/peligro/peligro_01810.jpg,d9071ca868af9908d49d2331451366cc6fa7281707781d222f93f3463ed7a10f,a7e8f2be1838d162
revision_dudosa,excedente por balance de clases,peligro,dataset/raw/peligro/peligro_08290.jpg,d99d80f37e0037b523c3aa6eb663349cbf8a4e754b07f0a085922f863ef8748a,cba4b65b0bc935c4
revision_dudosa,excedente por balance de clases,peligro,dataset/raw/peligro/peligro_02437.jpg,d9cdb6c297cf6a4da36bfd9e910dfdf5d80c084a00ee59d0fc1d0d12be24842b,a522d074adb8ced3
revision_dudosa,excedente por balance de clases,peligro,dataset/raw/peligro/peligro_01128.jpg,d9e3a0fdb43f6dbcce19c111aa7b20dc30db9a4fd3087e31b589e6c8e536aea7,d940e158b307ad5f
revision_dudosa,excedente por balance de clases,peligro,dataset/raw/peligro/peligro_02191.jpg,d9f2589eea5d90c0f7b6943aac19c4a15b7b9cf5513236bc81abe8745ee7f692,82d75be1d9401b2f
revision_dudosa,excedente por balance de clases,peligro,dataset/raw/peligro/peligro_14423.jpg,da14ba300cf1772cc280fae6e31fe13a5537b422b6d4ef6efcf274cfe42cbcc9,bb3a64e4e60d5c52
revision_dudosa,excedente por balance de clases,peligro,dataset/raw/peligro/peligro_02891.jpg,da30bf75329ed3fc4cf1dbb2a2e539a316c61da1f511f0444758541c55ebaef7,c6945b861499b6d7
revision_dudosa,excedente por balance de clases,peligro,dataset/raw/peligro/peligro_05776.jpg,da3498397584ebc9c6b4d0fd20ae2464381bb4b197385b40b91da76dd1ec92e0,a07f2798c1ef270c
revision_dudosa,excedente por balance de clases,peligro,dataset/raw/peligro/peligro_01572.jpg,dabcd768e854802eef4efad364aa7fb475023841bd30497d5350a3ba8a304fc6,875f48ad9711f44a
revision_dudosa,excedente por balance de clases,peligro,dataset/raw/peligro/peligro_13885.jpg,db0d41d4f51c6a355c755ee920dc78942d23a82901ffb6d9714da37536bd1e14,81599f15cb05b967
revision_dudosa,excedente por balance de clases,peligro,dataset/raw/peligro/peligro_01080.jpg,db32fa3ee8bf89d311ed3ec04a6d055f3ae2d62a1e1ea84aa6736bd622bf2930,d30c3db290e6cdc5
revision_dudosa,excedente por balance de clases,peligro,dataset/raw/peligro/peligro_10494.jpg,db49b31b9c32b6c637fee7bfcf66791e8e5d12bb7f2e4537c4ce41a09395bff4,8f813c8ef7f1a824
revision_dudosa,excedente por balance de clases,peligro,dataset/raw/peligro/peligro_01846.jpg,dba16d0451682bb2b6aa41f7df6fa933c2a366bdca7c1a51fe7308d04910e87e,d6c65d4721e872b8
revision_dudosa,excedente por balance de clases,peligro,dataset/raw/peligro/peligro_01854.jpg,dbff55034e79ded919f300c47f15354851eaefa4dc268745e253ff38d3e94d55,f19ad00d1afd80fa
revision_dudosa,excedente por balance de clases,peligro,dataset/raw/peligro/peligro_02847.jpg,dc16539bcc4759596b3f941b11fe5a8ab156c9d96eb00ed9dcefac727662736a,e5747a1c06f31a8d
revision_dudosa,excedente por balance de clases,peligro,dataset/raw/peligro/peligro_11946.jpg,dc5e20815f36911d7fedad38f7db3e64abcc2c5721bfec6ea6f0ff6ce5590c62,c99cf7d1490b2ee0
revision_dudosa,excedente por balance de clases,peligro,dataset/raw/peligro/peligro_11415.jpg,dc902998f784d849bf2e802439cc1f810be1120ccd14115fc0b923e4fdfe0e79,81e0788f71ac579d
revision_dudosa,excedente por balance de clases,peligro,dataset/raw/peligro/peligro_02696.jpg,dca3bde010d3a12885149e83686f659e871ec5f399e9b4b39d30c570f3ec1eea,fa969519846b1e65
revision_dudosa,excedente por balance de clases,peligro,dataset/raw/peligro/peligro_01785.jpg,dcf659b8fa4636baaf46c45e8c52e6c60f05996f56cec14f675483f8d9def2be,f1f39488b7c2b582
revision_dudosa,excedente por balance de clases,peligro,dataset/raw/peligro/peligro_01417.jpg,dd1c60c4390d3b28aaceb7bd0f7305a427843368444959a703bef5e1a22fd27a,be27a1b2598496da
revision_dudosa,excedente por balance de clases,peligro,dataset/raw/peligro/peligro_06359.jpg,dd2749478e8e7b1c3f6c4a064514d7552b998265786b59ceeae16c903af7afe9,c68db9b2c64f1938
revision_dudosa,excedente por balance de clases,peligro,dataset/raw/peligro/peligro_02826.jpg,dd31966022dbd3fd768a3012f05eb922e8a37d4c29dac130610442700157a51e,cc274c7e1e987037
revision_dudosa,excedente por balance de clases,peligro,dataset/raw/peligro/peligro_14729.jpg,dd43b8d7ed0a316e940329441e42b1d8b0e5fead787e87b1e053f2999469267c,f88c893bc2034f6f
revision_dudosa,excedente por balance de clases,peligro,dataset/raw/peligro/peligro_09761.jpg,dd4fdae3dd73b8b051fd9e6a9de52c8a43879a3164053c2eb88ee87343c1f226,a962163d5a31674f
revision_dudosa,excedente por balance de clases,peligro,dataset/raw/peligro/peligro_00448.jpg,dd5eaed4feb22f2209f0af6b53100700342263dc3187a5b5bcca092772a1b450,ba24b4dd9226c99d
revision_dudosa,excedente por balance de clases,peligro,dataset/raw/peligro/peligro_04916.jpg,dd9693d5e745f0b56d6ad176132244ed394332ffc40c04b37849a40aba133b18,92dfae41b4a1546e
revision_dudosa,excedente por balance de clases,peligro,dataset/raw/peligro/peligro_03139.jpg,dd9bc20e52b55f6bd77c2cb423da1655efc3310af7a74e04cdb7b17769d4da6f,a43c077d69cb03ce
revision_dudosa,excedente por balance de clases,peligro,dataset/raw/peligro/peligro_01353.jpg,ddbf42113b820623e93fe21536db4ce1d4c331fd8a819aa64767f3452bfc5b26,ea975aa311e03aea
revision_dudosa,excedente por balance de clases,peligro,dataset/raw/peligro/peligro_02857.jpg,de61c33faad40afbe907db3bdd12b540d8538829705795fd1958c925e038f3d1,eee1742f37008f8c
revision_dudosa,excedente por balance de clases,peligro,dataset/raw/peligro/peligro_00989.jpg,deb9a06c879381730ac555f089af183fc456bf391e6f969525649c3fc84cb05c,d2f15c5332c95e25
revision_dudosa,excedente por balance de clases,peligro,dataset/raw/peligro/peligro_07894.jpg,df7e08f7ad8526c4cf035c81eae8b8a5a2b682362716cbbb2c2a51b918ebcd97,bcdec169896c0e1e
revision_dudosa,excedente por balance de clases,peligro,dataset/raw/peligro/peligro_02108.jpg,df7ed6f8d14194eb7efe8bc358a04a8fd9dc3aa0f8b705dd8075948fe3302547,c69c8b46594e1e79
revision_dudosa,excedente por balance de clases,peligro,dataset/raw/peligro/peligro_01372.jpg,df7f85ae7c2edc90f9b07223db2e62ecfcbc3548740a3458a9b4d65140ad334c,9de5c2ed21aa3d24
revision_dudosa,excedente por balance de clases,peligro,dataset/raw/peligro/peligro_07930.jpg,dfb9a08cffac540379dbd390dfa01aa3019e7440111aa1e525a1edbc26c8d512,8670fab15e976851
revision_dudosa,excedente por balance de clases,peligro,dataset/raw/peligro/peligro_03688.jpg,e00490d35f2c821d73557920d7927c8e62de0a4fe41fc1ce4e92388db387894f,cf3830e633c78c9c
revision_dudosa,excedente por balance de clases,peligro,dataset/raw/peligro/peligro_01336.jpg,e10b6c89e272132d9b81e3b8747681872f92f526439320adb8e1e43b0ed0fbbb,8e0b696117dd7d30
revision_dudosa,excedente por balance de clases,peligro,dataset/raw/peligro/peligro_02871.jpg,e12a73bbec332a68f3c0b542dbbff886b96fe0fdfc44336326b7bd2ed5d4078c,f9f9d8108282e71f
revision_dudosa,excedente por balance de clases,peligro,dataset/raw/peligro/peligro_01454.jpg,e17a7ad61cde6a5303735a1723a53382833f0eb7bfd018e4787eae241d084827,a9d5d34bed44d40a
revision_dudosa,excedente por balance de clases,peligro,dataset/raw/peligro/peligro_11386.jpg,e17ef938fef70ec51832f02327550ed3d10d2ac02fa6c662344efc41fae0f065,b69589d2c79298dc
revision_dudosa,excedente por balance de clases,peligro,dataset/raw/peligro/peligro_06021.jpg,e1b39c11cd49c84e1f415af23971eb9f28f1bf5f6f308dae6db8b44a27e37c50,c06f3fc0c33e99c1
revision_dudosa,excedente por balance de clases,peligro,dataset/raw/peligro/peligro_13437.jpg,e227da2975287c891b1d59891b2861c1f1ec331d78bc78d97561a1e6b72bf04a,e78078cfc141bc2f
revision_dudosa,excedente por balance de clases,peligro,dataset/raw/peligro/peligro_08153.jpg,e27b1586cf693df6abd9215e808c5d00d150119375f8fc3cbed2063cbdd5f243,b9b8b6712440bb97
revision_dudosa,excedente por balance de clases,peligro,dataset/raw/peligro/peligro_03608.jpg,e2870bc104e47c158eda6bb29fe7192e75cc01219a5774480f018d2c3ba129ad,fc23e110d9d2197e
revision_dudosa,excedente por balance de clases,peligro,dataset/raw/peligro/peligro_00930.jpg,e2998a06453a0750b6176daab4e36b77b9921aad542d52fb9c40a2bea6c8d2fe,8ef7d90c332ca15a
revision_dudosa,excedente por balance de clases,peligro,dataset/raw/peligro/peligro_00783.jpg,e2aa69d75cf1e72fa64d12609daf838afa69579db8d59f1254e72147e2fc297a,d12e190fd69558d6
revision_dudosa,excedente por balance de clases,peligro,dataset/raw/peligro/peligro_00324.jpg,e2bf2cf425217c653d5d036bb50afbff9aa7e9fc7ba9cf12ac98ecfa3babfc9c,aa333ad2d232529f
revision_dudosa,excedente por balance de clases,peligro,dataset/raw/peligro/peligro_00749.jpg,e2f41757fce841b8ed6ac32467c22fa51431998e309c10681f5f223526f310f7,cbdcac61974ac01f
revision_dudosa,excedente por balance de clases,peligro,dataset/raw/peligro/peligro_12104.jpg,e37910d0776da4b17202f31b961ef412493961bd5520effeb31c7baf341e6ebc,ae5d54aa0de359a4
revision_dudosa,excedente por balance de clases,peligro,dataset/raw/peligro/peligro_13593.jpg,e3c5a5fd884617d0cdb1139c0d9ff35b578bd36952648f37316e429aea04c1ca,c40967f6d99155b1
revision_dudosa,excedente por balance de clases,peligro,dataset/raw/peligro/peligro_01902.jpg,e3d12c38fa026b34e67fb7dd06c92e0cf8212ee8e85249e2f833b42495c08361,d0af69d523da24d8
revision_dudosa,excedente por balance de clases,peligro,dataset/raw/peligro/peligro_01438.jpg,e4186a1e9f5becb7ef972df47e9d0e278b75d54a2643947e7a9d8368a7270411,91129c6f65ec64cd
revision_dudosa,excedente por balance de clases,peligro,dataset/raw/peligro/peligro_00670.jpg,e483f8a0ff8ba7befc55075f6237ce536fbd74ff3c146e1d797129ed725e3176,d459b46db0ad8a2e
revision_dudosa,excedente por balance de clases,peligro,dataset/raw/peligro/peligro_01040.jpg,e4c290bcccab13aa4236f8fe174fe0abd16c28236c35856b7a88be974e85ac37,9237b403e44ce75d
revision_dudosa,excedente por balance de clases,peligro,dataset/raw/peligro/peligro_12229.jpg,e50ce8d7eaf6ba1034183e9aef8063397ae1c6fe7ea681a8c69d8597d24587d0,e6e1a9c6b389906e
revision_dudosa,excedente por balance de clases,peligro,dataset/raw/peligro/peligro_07700.jpg,e53263858c8e747e7ff44f9fca98197e711f5e1863f5b51c8748f0a51b365480,819017855f876f57
revision_dudosa,excedente por balance de clases,peligro,dataset/raw/peligro/peligro_01302.jpg,e575cae8c4419ff6e1f08afce65f845a95d59fa9b26562ee6534d7f8434fdbad,c6a4e1d6367073c5
revision_dudosa,excedente por balance de clases,peligro,dataset/raw/peligro/peligro_00834.jpg,e57f8832d834349b478c775bafa8be85877f9a6fe398302e81fa1129a71dfefd,f75c2a25cb620d87
revision_dudosa,excedente por balance de clases,peligro,dataset/raw/peligro/peligro_01927.jpg,e5e5aaad70d1d5a496744e6e15ac7aa9593b937b37d3667321b5b3867fcccb56,9d687840c7d7a897
revision_dudosa,excedente por balance de clases,peligro,dataset/raw/peligro/peligro_01842.jpg,e63014306369ddfef79248a23acadd829a36ac60265f25c91ab1f29cfa6c5fb0,e65cf812b241e667
revision_dudosa,excedente por balance de clases,peligro,dataset/raw/peligro/peligro_02864.jpg,e68844dbe35c0fd969d3e4662145524c762e589fc3653c8a3d821e3a23ca23cf,c2ff3d843d780945
revision_dudosa,excedente por balance de clases,peligro,dataset/raw/peligro/peligro_01710.jpg,e68c063e509549194df093110ad0ff307c37ee17c0297a36c161528c5c9a3fe3,8d17bc38f164f826
revision_dudosa,excedente por balance de clases,peligro,dataset/raw/peligro/peligro_14638.jpg,e6d024a78672707a2369bd1f6724263a46c1d7c1e623ed70f644ebc4de5f2b38,a3b4f50a7638f0e8
revision_dudosa,excedente por balance de clases,peligro,dataset/raw/peligro/peligro_00820.jpg,e6e41b78c522de8d339e5e1ac1db9cc8ed6fd3b42dde54b3c49cc23dad8c1a67,875a284d3f257786
revision_dudosa,excedente por balance de clases,peligro,dataset/raw/peligro/peligro_02452.jpg,e747f93ac18620fe09a1801426fe9cdfd054d28ae0e4140437ca6215f3f4cf21,e698cc6699b29933
revision_dudosa,excedente por balance de clases,peligro,dataset/raw/peligro/peligro_08118.jpg,e79305ff3266632284e142a74b51c5c99de18244a63367cedb7dadb11615437b,e68d7f9639818cc4
revision_dudosa,excedente por balance de clases,peligro,dataset/raw/peligro/peligro_07831.jpg,e7ab20d597074af74f46f5163e22373bd3b041275fad878b43af30c8e501c1fc,8731743f4e4ac2cb
revision_dudosa,excedente por balance de clases,peligro,dataset/raw/peligro/peligro_00531.jpg,e7cc6b48750074ce3321c2ecd7d2ef0c6e9e2add1ace6d2ef3a34aef8f0ff331,fb8c90930f764ed0
revision_dudosa,excedente por balance de clases,peligro,dataset/raw/peligro/peligro_00741.jpg,e8062ad41dabaad561f223409ef05f8701e17383d0bd0b44a052ae16bc4933e7,8fe778dac455602a
revision_dudosa,excedente por balance de clases,peligro,dataset/raw/peligro/peligro_12145.jpg,e8221b6377159888eb1ac0c41a73aa0e4d0ef9d96ccfd7c2fca2a6dec5238bd6,a0fcb790568b19ad
revision_dudosa,excedente por balance de clases,peligro,dataset/raw/peligro/peligro_07137.jpg,e84b3902c07922077ca260d2d8914627495b4ab912f4916a87c9bda8aaf8890e,8f1f7c686386b0c3
revision_dudosa,excedente por balance de clases,peligro,dataset/raw/peligro/peligro_03376.jpg,e8ddea217cb1217910e15e562b51759505608beb06c2bfda41f1bd401cadce5b,fce0cab53fe21142
revision_dudosa,excedente por balance de clases,peligro,dataset/raw/peligro/peligro_10977.jpg,e8ffd62f21b185e6dca01041dd03d28b46f84243fa9abd1742284d09cd10a545,a496c9335b4d2597
revision_dudosa,excedente por balance de clases,peligro,dataset/raw/peligro/peligro_01885.jpg,e928f47c4bbe4728031f441cf2f50b28f02b60b58800a2dfc5583724c6d88e18,82c3663ac26b3bdc
revision_dudosa,excedente por balance de clases,peligro,dataset/raw/peligro/peligro_07954.jpg,e93664b086e7acb7b7e343761f7558b0f9c075ac76eea885e35f7d1191a9ea91,d6a45a36cc5ae09b
revision_dudosa,excedente por balance de clases,peligro,dataset/raw/peligro/peligro_00627.jpg,e96f60c453070bf091bbfb7d8746a6a7df85cad1754562e5e808683e18569aeb,d85ba6a6b313c436
revision_dudosa,excedente por balance de clases,peligro,dataset/raw/peligro/peligro_00516.jpg,e97c44a3a2472297e1d5b937ed18f6d42a20b19f277b65eff5d2fc628890bfa8,d461a59ccbe25c0f
revision_dudosa,excedente por balance de clases,peligro,dataset/raw/peligro/peligro_03296.jpg,e99dc4120aa55033f423b598d007c3267b7dd1b93706491f5937fe26047f5704,89b4de33461bc06f
revision_dudosa,excedente por balance de clases,peligro,dataset/raw/peligro/peligro_02147.jpg,e9d7d43479c2107407a6b30fc056ec4f9b82b3d77de95093eb4c88875b7d6827,8de6e068e1c9cae6
revision_dudosa,excedente por balance de clases,peligro,dataset/raw/peligro/peligro_00635.jpg,ea7b80cece852f509e2d974e11e79fe1a0ab5794a3bc01a404c227c55defaf79,91854e747b5a2f4c
revision_dudosa,excedente por balance de clases,peligro,dataset/raw/peligro/peligro_00698.jpg,eb0296faa538c4e752d72bb7eda7dfd610fca68b7490a75a2d7ecfd34e6f91ca,d5df2c6a204dfb04
revision_dudosa,excedente por balance de clases,peligro,dataset/raw/peligro/peligro_01467.jpg,eb15c6bf2c4825cd9e49822fe53921d0a4e9df2b6aa6f1850ebec38cf4620ee6,f79a0b65bc0b8c1c
revision_dudosa,excedente por balance de clases,peligro,dataset/raw/peligro/peligro_03572.jpg,eb17cdb503b0410981d28ce973a306518c6e80e3c001ca7d2505b80ea2488f35,d3db5925129399d8
revision_dudosa,excedente por balance de clases,peligro,dataset/raw/peligro/peligro_07348.jpg,eb4c2d0145d4f1821573c9d1f0787ac529806be2098dca9402346fc02c29e320,ebd66331ce44b123
revision_dudosa,excedente por balance de clases,peligro,dataset/raw/peligro/peligro_01729.jpg,eb574e62a307ab48d149df73185dc5e9d9558d5fcab9ef94c6ca3baf881e4f40,f6b84fe1fc0fd000
revision_dudosa,excedente por balance de clases,peligro,dataset/raw/peligro/peligro_01036.jpg,eb797cce7ec680afb0d7497df3aa40da0935cecf7d7f843745ddd3e9d2787147,e8951cd56c369a63
revision_dudosa,excedente por balance de clases,peligro,dataset/raw/peligro/peligro_02909.jpg,eb87b8045a7e5413ab9b30105d3203039648238bb6ab367f7eeb9c51d3af2e9f,f1186d9e92d9641d
revision_dudosa,excedente por balance de clases,peligro,dataset/raw/peligro/peligro_00644.jpg,ec8768c47017066d86d53c72595084c4daae237332e0dd563f75bcaa1d49174d,8b256b29569c37a9
revision_dudosa,excedente por balance de clases,peligro,dataset/raw/peligro/peligro_03717.jpg,ec88ee5c649715a1c9e5128cc0bb7fb25c17c6d49d6f0b10b29ec9762293a000,8fc03e17907e4772
revision_dudosa,excedente por balance de clases,peligro,dataset/raw/peligro/peligro_11344.jpg,ece34a9362c03cbdaabe02e980aed06e5066e2fa681e8e26b60a39f7c04d7f66,94151ee8d7c05ee3
revision_dudosa,excedente por balance de clases,peligro,dataset/raw/peligro/peligro_01983.jpg,ecfec28adff07ccbf443dab4606f7d1e9f87462e7c8d7006a87fa428c7d70387,a2cd2d52e04e55bb
revision_dudosa,excedente por balance de clases,peligro,dataset/raw/peligro/peligro_01969.jpg,ed8cc9777a54eb38b2ad2087b9ae415b5c6370a64dd7a65000d645187f7e4287,92121b4be9996d1f
revision_dudosa,excedente por balance de clases,peligro,dataset/raw/peligro/peligro_02206.jpg,eda6aee3b150b6ed100dfad7c63f7b6605eb2dc483c782e79fa3bb5f270a2bd9,b13de6e06d2d49c2
revision_dudosa,excedente por balance de clases,peligro,dataset/raw/peligro/peligro_00894.jpg,eddd25bbfd6e01a2a2be79f088c1f81a9a5752389107f8bf0bc95829665e4063,be810987539c69f3
revision_dudosa,excedente por balance de clases,peligro,dataset/raw/peligro/peligro_10584.jpg,ee9018b583f5bd276634a678a4b8099581bd4fc0b9ed5b42fa151e4d37f69c54,fcf419aab5b2818a
revision_dudosa,excedente por balance de clases,peligro,dataset/raw/peligro/peligro_00823.jpg,ee9ff7d83ca2a9461cfee7706b1cd39c108cc57d6e911a35c1ff83c94046abee,ac10677bfd0104fd
revision_dudosa,excedente por balance de clases,peligro,dataset/raw/peligro/peligro_10208.jpg,eeac1614e962b563578ee929f131ec27d3e7d83e923c31c05320ccc6f238d0e2,d9c6b4dc1432938f
revision_dudosa,excedente por balance de clases,peligro,dataset/raw/peligro/peligro_05696.jpg,eed2355f3b9e50d641e1d19c138e26560c430ebe385da50523394667ef36dca8,c507ece07e8479d8
revision_dudosa,excedente por balance de clases,peligro,dataset/raw/peligro/peligro_03052.jpg,ef20e12f9aeebe20f395902b3231f61e12dd29a8f5eff3629402d0ce2ff1fd88,c39c3c4fb030db59
revision_dudosa,excedente por balance de clases,peligro,dataset/raw/peligro/peligro_09634.jpg,ef8a36b04967588d63eeec51635d39fb9c75c42229803f8d171266daf4594042,f4a7699893a13699
revision_dudosa,excedente por balance de clases,peligro,dataset/raw/peligro/peligro_01279.jpg,f02bcddd4999a5a096b6908443559a0f8f8609a45c05014014b72837f64db4c8,9463bf60e146bea4
revision_dudosa,excedente por balance de clases,peligro,dataset/raw/peligro/peligro_02328.jpg,f0399daac11c7471f4be2ff8dd0da0a04b89d3e618de2bcd486adbd018afd529,ec92936c3838ed93
revision_dudosa,excedente por balance de clases,peligro,dataset/raw/peligro/peligro_04922.jpg,f04ffc24e91df86b70694e42d7170f06bf1d0ac1cacf9591551f36a64b912dc5,8fd4db04aea197c4
revision_dudosa,excedente por balance de clases,peligro,dataset/raw/peligro/peligro_11136.jpg,f146e4a0a95ff25f856db71e3c02474b248aae73b0a11625786af61384259038,f5524e63964c8e6a
revision_dudosa,excedente por balance de clases,peligro,dataset/raw/peligro/peligro_11128.jpg,f1c6cfc88f717a665585858e7ce25ec29d734c48bc7224053146d1b92a7ba585,e8a841529fed85f4
revision_dudosa,excedente por balance de clases,peligro,dataset/raw/peligro/peligro_02028.jpg,f1ea1f4b4297502fbc6368ec62fa2e4d60e82e8a7610191f10afc8e0023c9df8,aa942563ea9914fe
revision_dudosa,excedente por balance de clases,peligro,dataset/raw/peligro/peligro_00006.jpg,f22ebd9c428307b55f4875e4af52ce06a7fe9d2db8608efb2e6a428bc5581e36,f8b45aa23f48c762
revision_dudosa,excedente por balance de clases,peligro,dataset/raw/peligro/peligro_00932.jpg,f2562963e125d7be5f7367fa5e761ab23088f9bb752530cdafc1997d96064332,b5a7c5a85cb341a9
revision_dudosa,excedente por balance de clases,peligro,dataset/raw/peligro/peligro_07669.jpg,f2836bacc628f5d8185ea20cad0dddfad1b45d90025000bc53ce4c6f986e1fe7,ff36c0e098c7e390
revision_dudosa,excedente por balance de clases,peligro,dataset/raw/peligro/peligro_13457.jpg,f2bcc5448c2a85c0a95d6db0116e51bdfceb39811d7d28085355a51821b21db8,d49039e94b3ff484
revision_dudosa,excedente por balance de clases,peligro,dataset/raw/peligro/peligro_10521.jpg,f2d4957e57f5415f8b9f8de287a5848736ddba0a24ab05cf41ac49529d1bbdf2,bc96d6f04246e43d
revision_dudosa,excedente por balance de clases,peligro,dataset/raw/peligro/peligro_05850.jpg,f31cc1de272c6d396a28710a6be30e9ef3c4323a8d57468ed0fce5202b834bcc,a36abbaed246b114
revision_dudosa,excedente por balance de clases,peligro,dataset/raw/peligro/peligro_02745.jpg,f32044dad5329c73613854c023e1f108cc388418f8250be2ebf4d1a3284dbd78,d57df5500a29a596
revision_dudosa,excedente por balance de clases,peligro,dataset/raw/peligro/peligro_00029.jpg,f34a3e8382bad1991d22908ba3766e882653d602e3771f1fbb6bd631b78c6d58,fb12a479c325c9a3
revision_dudosa,excedente por balance de clases,peligro,dataset/raw/peligro/peligro_07436.jpg,f3754446b31f4c8a7918302fbac11640fab7f94a71b8e221a9d10644395aeb0a,b5b4256368c0d99f
revision_dudosa,excedente por balance de clases,peligro,dataset/raw/peligro/peligro_01487.jpg,f38c9bf77a1273b53a00f4e23da6dee0f87251e00404b0cd530a5ba1e88aadfe,c69529c695f270f8
revision_dudosa,excedente por balance de clases,peligro,dataset/raw/peligro/peligro_02016.jpg,f38d154c26d1d83013491795483a36e9e3b358bda1326f9bc858e00dce540ab6,942e6d94356e5af0
revision_dudosa,excedente por balance de clases,peligro,dataset/raw/peligro/peligro_13343.jpg,f3bf5b99c6e2434e2bbda1c5cc1b3a08485f4e097d9aa8a2f10eaa889330bf3b,bb436467f530b312
revision_dudosa,excedente por balance de clases,peligro,dataset/raw/peligro/peligro_01290.jpg,f3cccbc027d17f21daba8eb0b5e8b7096fd1c3a4f978894ace7675ba20d04046,f0f860a02d67f6d2
revision_dudosa,excedente por balance de clases,peligro,dataset/raw/peligro/peligro_01351.jpg,f3fcbbe8ed9c9c50708f0ab2ce7b5ade451f542854e82627e7b48423aff9c7fe,ec139c18af9864f6
revision_dudosa,excedente por balance de clases,peligro,dataset/raw/peligro/peligro_03160.jpg,f4a05ca511e27dd11bb76065c923cca98281b050ca63cd1db3d2258344f496a6,eaa656960fc884dd
revision_dudosa,excedente por balance de clases,peligro,dataset/raw/peligro/peligro_04525.jpg,f4b023a6ef030630310d023d24eecb664de5af4860ccc46298de3abfd193c66f,e38e43b6c81299fa
revision_dudosa,excedente por balance de clases,peligro,dataset/raw/peligro/peligro_01028.jpg,f4da308029e4573414c4bad4ad72136c81d9c585cfd43abd0b99d96274552696,93d84a2b30bf74a6
revision_dudosa,excedente por balance de clases,peligro,dataset/raw/peligro/peligro_08045.jpg,f5653fd51a63703a36c07d4936af7d6583427332709b8bb601d583a1d577201e,c2a00d14f1bcf7f4
revision_dudosa,excedente por balance de clases,peligro,dataset/raw/peligro/peligro_02853.jpg,f58934142e02de482001178df053cebcd0d86bccaa48276b7bd16564fda955bc,ad16d07a3aa8a9ad
revision_dudosa,excedente por balance de clases,peligro,dataset/raw/peligro/peligro_01446.jpg,f5c712a526c589e7657a86d69c5e7f544020573fa6ea4466bdb4900fcad1b289,ff05e03f031ce718
revision_dudosa,excedente por balance de clases,peligro,dataset/raw/peligro/peligro_00782.jpg,f5e385ec6f3346ea743aafb63f0523a37de4a44ef23a6316cc9b97879938507a,948bb26f04fbc689
revision_dudosa,excedente por balance de clases,peligro,dataset/raw/peligro/peligro_06515.jpg,f614afbda67a3af2c1a045b2aa97cf4ac925b9ae982bd5e77eddf9001f13ec61,c2b73fd8604f9324
revision_dudosa,excedente por balance de clases,peligro,dataset/raw/peligro/peligro_00860.jpg,f6eaa5e14f59c352abd3e0bca2cc69eea2707c78edf20ef4a9809daec95542be,959458931eeb1ce9
revision_dudosa,excedente por balance de clases,peligro,dataset/raw/peligro/peligro_00946.jpg,f6eaae8e146a64a52189539afedc3327132494e58b4ce047fc62cda2d36dd5fd,c1917bd02337e4ce
revision_dudosa,excedente por balance de clases,peligro,dataset/raw/peligro/peligro_01390.jpg,f6fa28d738bdda9acc43e220b5ea4f49db921bb7f9b2c4c3aef99cb0f28e0656,946b2ed4a4fc68a6
revision_dudosa,excedente por balance de clases,peligro,dataset/raw/peligro/peligro_00838.jpg,f71efdcefedd889fbf1723b2fcbffc44bd22556f6d37f379e395e7e1175b2257,ce845eac75e28743
revision_dudosa,excedente por balance de clases,peligro,dataset/raw/peligro/peligro_14431.jpg,f747e0cef4681e37e3da70b6c78bf7e7c012c23110acb7fb113de24b8466fbb8,d17a05c439917e6d
revision_dudosa,excedente por balance de clases,peligro,dataset/raw/peligro/peligro_00679.jpg,f7a6d5ca207dd89af91c4bde0769b13cd3ddc2e05cdccebd6078611fe28a1b61,9d21dadfe34e8281
revision_dudosa,excedente por balance de clases,peligro,dataset/raw/peligro/peligro_02374.jpg,f7b95b38fa0069fc940a62c78fb58f05e28dd7773e9a68c3f12eba654e0e3fac,fc8283d92b15a97c
revision_dudosa,excedente por balance de clases,peligro,dataset/raw/peligro/peligro_14401.jpg,f7e7f5d0efd81d5b047380b4fb760aa5b9cf020794ac841e19284923473b9a08,e824155adb4f3e94
revision_dudosa,excedente por balance de clases,peligro,dataset/raw/peligro/peligro_01913.jpg,f83fcc4f1ff53d1eaf1fb7b93168da37cc9cbcbdb147f1aa7a82366f48ec53f1,c9f6f20499d32678
revision_dudosa,excedente por balance de clases,peligro,dataset/raw/peligro/peligro_02286.jpg,f88e1190b39115d79c4a639619d3e3e1f20b0447d0bf696e94fa7ec5b3275f16,95e3789045cb398f
revision_dudosa,excedente por balance de clases,peligro,dataset/raw/peligro/peligro_00806.jpg,f89deeb1058668389fe1a6f35ca8f95e3bd29df4e1fe709501fc90bd01d1b282,dca3a385a9696b64
revision_dudosa,excedente por balance de clases,peligro,dataset/raw/peligro/peligro_02503.jpg,f8d11c3ac46785787e8cfbc5a03fb15620beb21732f1e09847e8ff4772a149ac,8b9bd5a72087768c
revision_dudosa,excedente por balance de clases,peligro,dataset/raw/peligro/peligro_03777.jpg,f8dce8d3ff207859bfe3c320affbff2a1dea3123a2f15767620fa082f0215e70,a1f984066fb9964e
revision_dudosa,excedente por balance de clases,peligro,dataset/raw/peligro/peligro_02450.jpg,f900f3ccb7fa31227e85c7ef16c9b0fcc58691f0f511a0d3c5edd6b6a8e9487f,9fa4e02b1fa4d03b
revision_dudosa,excedente por balance de clases,peligro,dataset/raw/peligro/peligro_05166.jpg,f95f42676630d388fcdd19ff384c51412b345f257c56461174cf9ebad965a6e8,9aa43c9e7e0263b3
revision_dudosa,excedente por balance de clases,peligro,dataset/raw/peligro/peligro_03327.jpg,f9812368268cdc995ff97397e706c2dd6a5f66bee0c5dc865ddbee5c2ea52238,81d639bd54b9ea42
revision_dudosa,excedente por balance de clases,peligro,dataset/raw/peligro/peligro_12478.jpg,f9a69c4e1029e2e7985f68e506dce45c01509e593ac6c2f58875bbfc445a72cf,8b397d8226ce666c
revision_dudosa,excedente por balance de clases,peligro,dataset/raw/peligro/peligro_00837.jpg,fa04888f8fb245a41868c56097973d0dea9c3845c51602e7a73361531c8ed5ba,f6962663e034f0ea
revision_dudosa,excedente por balance de clases,peligro,dataset/raw/peligro/peligro_07188.jpg,fa0ebce9573d7cc46f0946577e480561e748fa8d121d9d65d34467bdb7ea12f1,ddb9b20e599ce640
revision_dudosa,excedente por balance de clases,peligro,dataset/raw/peligro/peligro_10142.jpg,fa214856b90d47efd418fbc52f0daa6a9d50337358e2f067e1bcadee119f447b,a3cab1c9c7b44ca5
revision_dudosa,excedente por balance de clases,peligro,dataset/raw/peligro/peligro_02219.jpg,fa751dc4ffc7a23a363c50bd807247184f0241c78551cbf4d472c83b918964c1,bc13cccb34df1a06
revision_dudosa,excedente por balance de clases,peligro,dataset/raw/peligro/peligro_03218.jpg,fa982f6a440b622dc33fc8318d6bc9e4f9bbdbaacfcfc6f60093b1be16b3b844,c884e8bbc28f9be4
revision_dudosa,excedente por balance de clases,peligro,dataset/raw/peligro/peligro_04018.jpg,faa2f30ea4a104f7179bbd3e929153694f7fc57189cf8e6254e2bd166f00b895,94ca2f3ec62735c8
revision_dudosa,excedente por balance de clases,peligro,dataset/raw/peligro/peligro_05279.jpg,fab0a3f209ad59750e839726635645f70d2ca5d9212fec144902d23e8d942bfe,c1dbf723ee0d9808
revision_dudosa,excedente por balance de clases,peligro,dataset/raw/peligro/peligro_01935.jpg,fac0659e9a2c6f5cc8ec671e898ec8d9982da25e5813cdd85e6c681302524703,fca021a76359d996
revision_dudosa,excedente por balance de clases,peligro,dataset/raw/peligro/peligro_00377.jpg,fb5cc8698735584bfbf7d21666cfa3566457948e32e21d27ee097eddf5628e39,948d72302935f5fc
revision_dudosa,excedente por balance de clases,peligro,dataset/raw/peligro/peligro_10248.jpg,fbc513df5ffade7c45e55e7c6fd0969b51dc787a7a632235d93a4151dc516cc6,d4776a1a07694b8d
revision_dudosa,excedente por balance de clases,peligro,dataset/raw/peligro/peligro_13862.jpg,fc21beffebdf4b14b41be177f99416f56d1fe8e46316ac7ba7f6e125e651067e,f034f499e7483f42
revision_dudosa,excedente por balance de clases,peligro,dataset/raw/peligro/peligro_09538.jpg,fc4e688ece82ecced9e55d119211a6cf418a3252e47694c3afbded86c30a8094,9668add45abcd8b0
revision_dudosa,excedente por balance de clases,peligro,dataset/raw/peligro/peligro_03189.jpg,fd12c16dde21dd8f3620fe3117c0f5cedb6bcc6d479e073e5b007fc8e9d39faa,b0c11ed4bf5f2113
revision_dudosa,excedente por balance de clases,peligro,dataset/raw/peligro/peligro_01946.jpg,fd8bba5f9451a5a3c6a32eb13b7d746ac19671fdabb31fbdd856909edc6bd968,8ce344e9369ab46e
revision_dudosa,excedente por balance de clases,peligro,dataset/raw/peligro/peligro_01891.jpg,fdfed899e139e4246aa70fce21ffc82a59113f7ee871375093f39570303e92e4,fd2021e3d95c8769
revision_dudosa,excedente por balance de clases,peligro,dataset/raw/peligro/peligro_07976.jpg,fe1afa56c9ebef0f362c160d3be0af7e8b1d08d37af808a7c6713bf24e13f17d,ffafc1508a60bc64
revision_dudosa,excedente por balance de clases,peligro,dataset/raw/peligro/peligro_06637.jpg,fe46af224b9102815cfd48e6d8a17a060302e33665f3f521f0935c06257a8dad,ba3165c5438efac2
revision_dudosa,excedente por balance de clases,peligro,dataset/raw/peligro/peligro_00308.jpg,fe4b6c87693622018e72475fa855688e3d408ae9bda45010589d790b504613a1,ce9e9b1a7060e4e3
revision_dudosa,excedente por balance de clases,peligro,dataset/raw/peligro/peligro_00423.jpg,fe8d51c9e9a3f7b751ce5b4387564b91e98e4bf81deb2782215bd6065275be5b,c3a6132e35563e3c
revision_dudosa,excedente por balance de clases,peligro,dataset/raw/peligro/peligro_12624.jpg,ff108ab38d07ac45b3d67a084f1b6e49e4d0cf7b80e16c370c4c75df10fd3c06,bd87026a3c8f43ba
revision_dudosa,excedente por balance de clases,peligro,dataset/raw/peligro/peligro_13922.jpg,ff8120a16a386498132b83e879dcda4e0a5613dcb9a6ac6b0276423c3f2a1330,84e1ebbd654a3287
revision_dudosa,excedente por balance de clases,peligro,dataset/raw/peligro/peligro_00933.jpg,ffdab8054e2a6429b602ade67472df7b60ef9ae8caf374e38057bc9444354b8e,d3f0e482c3414fd7
revision_dudosa,excedente por balance de clases,peligro,dataset/raw/peligro/peligro_03367.jpg,ffea9834d375f7ce343540e6f2171d7f56efdb71fdc69830d16c330d346fdf7b,e8f2341c6bb293c6
revision_dudosa,excedente por balance de clases,sano,dataset/raw/sano/sano_02448.jpg,a56f25469080b6f046a0bca491782f3408b09fc08ab3b7da07610e7c1d633d5a,990b381a72b557ce
revision_dudosa,excedente por balance de clases,sano,dataset/raw/sano/sano_05508.jpg,a56fdd21fd835901cd7f67122407c4ba65bdb7f1bd9dcc8f76820b9d0e888a8e,bbf88890f86c9b0b
revision_dudosa,excedente por balance de clases,sano,dataset/raw/sano/sano_02663.jpg,a58e79b3c3dda8ba1b2830da42576a227183fd2791ab70738ed5af49288ff3b9,8e86e507d5616dd8
revision_dudosa,excedente por balance de clases,sano,dataset/raw/sano/sano_02373.jpg,a59f13e0a022a7cfeb2ea27981c14e0abad943cda937344c2b17aa68e6f1d521,bfc79038c8382f39
revision_dudosa,excedente por balance de clases,sano,dataset/raw/sano/sano_04286.jpg,a5f4e477f517849afe130a79a6474448af45f9c1aadb52485f7ae01606e44a6a,bc3c9b55d05ef802
revision_dudosa,excedente por balance de clases,sano,dataset/raw/sano/sano_12430.jpg,a60619122677487a288c0051ca05843e53da4bed0126fcd8fb1b66dd79ad6740,9ccc934751ad666a
revision_dudosa,excedente por balance de clases,sano,dataset/raw/sano/sano_05228.jpg,a60f21e8345932db8be8dc8280c051c44638b097633e67c6c563887e48fe6963,f47b0dc9f386c490
revision_dudosa,excedente por balance de clases,sano,dataset/raw/sano/sano_00143.jpg,a65089bf1adca9f6e602e68ac3ec114b2c3dd6fad8578c5bd2ec616a3869ae22,e08dc78a9f2750dc
revision_dudosa,excedente por balance de clases,sano,dataset/raw/sano/sano_01560.jpg,a680bec01877ca1c366099dc2c679522ece1f07914011fc48253fcc4c7b5fde7,9ba2724d4a3231df
revision_dudosa,excedente por balance de clases,sano,dataset/raw/sano/sano_01008.jpg,a69489a4910805c4dbee4bbf10add2be07dd0fe32bbca1a374d0a2752b9e5c08,f2e99a458b3c89d2
revision_dudosa,excedente por balance de clases,sano,dataset/raw/sano/sano_03922.jpg,a6df5ca33e12af1865d833535130f8c566048fbc92d9727000808bed378df505,d580782e79683b73
revision_dudosa,excedente por balance de clases,sano,dataset/raw/sano/sano_12398.jpg,a704b3a67b0206e06ea1c178edace7ffacfb88d090bf70c5c00315c202271aba,b7dc82a3d838833b
revision_dudosa,excedente por balance de clases,sano,dataset/raw/sano/sano_07588.jpg,a739145f52810d52f8803d88078be5cc2a8053f2dbfe062dc26b6444de8b7729,c03f837f211fa0ba
revision_dudosa,excedente por balance de clases,sano,dataset/raw/sano/sano_11570.jpg,a74883aa5280ead261a2725d0b552e9ca95f2dafb4996c94788608037577cd62,97838ea22943eafa
revision_dudosa,excedente por balance de clases,sano,dataset/raw/sano/sano_02243.jpg,a77eb362f1df59720a4053cdaf41bc4ca96235795495c63dec75e05dd918cb0d,ebd08a3afc51f920
revision_dudosa,excedente por balance de clases,sano,dataset/raw/sano/sano_00954.jpg,a7b85dcc12974e39a2ff1b5a7686d2fb548a67eb4d0d053e801b1a2866e4379e,f070e3f31c97e130
revision_dudosa,excedente por balance de clases,sano,dataset/raw/sano/sano_07323.jpg,a89e0c71e5a0a4790b91bfeb25d42715207fb41b6045084abb49c5579a600917,d6ce67716549980d
revision_dudosa,excedente por balance de clases,sano,dataset/raw/sano/sano_01589.jpg,a8c18b2a27d4e1ed7b2c7d57000cd9e7edc4eb6872cfc6cc442ed38f5ea76b63,f910e4669d59b169
revision_dudosa,excedente por balance de clases,sano,dataset/raw/sano/sano_02253.jpg,a96c214d29f61672e02e77c5dcea47d860b08b6dcd36d3660819b0229c660996,94b1961e02c735ef
revision_dudosa,excedente por balance de clases,sano,dataset/raw/sano/sano_08742.jpg,a9a6556d174d472e7c46eb9ea8a3be6cd80833c2a6d69281dc1a86a92e167cec,c7fc859e186750c5
revision_dudosa,excedente por balance de clases,sano,dataset/raw/sano/sano_09710.jpg,aa7e875698cb75ead7515a2a468923d3e02224f161d96b0b6935b209f0b4fcb3,ae88855e63b5905f
revision_dudosa,excedente por balance de clases,sano,dataset/raw/sano/sano_00306.jpg,aa8364d5541d8b799b9c63e312b4bedcd5d0b5da2ecb37301d1fba6beb3a4fa9,bf65db16e940a431
revision_dudosa,excedente por balance de clases,sano,dataset/raw/sano/sano_10066.jpg,aaba18eeb01403c0228e371a13d4da49fafe77fff60daf5f00bb4fd77d110145,8c1bb09ccb3cfe44
revision_dudosa,excedente por balance de clases,sano,dataset/raw/sano/sano_04372.jpg,ab743b377c90127690975bc0d768c69217afdffb44ffdfe1f3aeaa2b24c1381e,86295957a909b77c
revision_dudosa,excedente por balance de clases,sano,dataset/raw/sano/sano_12428.jpg,abb7d9bbe59c4cf164b72af5bffb283a1665b0802bb97635556c443c8e467d52,a0dacb16792996ec
revision_dudosa,excedente por balance de clases,sano,dataset/raw/sano/sano_12560.jpg,ac523423ca2f08d92ebda296d718f4081a6d65366b8845beccb3f4db0473d999,e299d886c47d7370
revision_dudosa,excedente por balance de clases,sano,dataset/raw/sano/sano_02024.jpg,ac53352c745321341772216bbd016393300dbbdf82f264beff99792ba92c994a,8ec93f90e166a63a
revision_dudosa,excedente por balance de clases,sano,dataset/raw/sano/sano_12419.jpg,ac53596ed5db1647716afa60b44b1d3846c3fb40f34bcd54895d5d55adc4c19e,f0a99e19e95aca0d
revision_dudosa,excedente por balance de clases,sano,dataset/raw/sano/sano_12363.jpg,ac600ac9a4552e2be602acc4de5d82c59e6b53f3b27e91d37c2bec857f9553e5,b6db85a2998dd4c2
revision_dudosa,excedente por balance de clases,sano,dataset/raw/sano/sano_12555.jpg,aca831709f29f65eddb0250e1ffc7bc7b1862331ef788c11f11cb815a251dd3d,a49c95e99ec2a1ec
revision_dudosa,excedente por balance de clases,sano,dataset/raw/sano/sano_01766.jpg,ad473127b7977cf2a6f267e32b96557a7e053c60bc155205f581fbb4dcd40347,c6be00da6d46e6c9
revision_dudosa,excedente por balance de clases,sano,dataset/raw/sano/sano_00668.jpg,adc3a6d8ac2a8eb5142094dd28130cf68d5d664925d8cb10527fd1e081f0f8cf,fe454936a26bab14
revision_dudosa,excedente por balance de clases,sano,dataset/raw/sano/sano_03436.jpg,ae0e929ae6a34d12ea5f75518486c1db26b34880ef9c49dd324549451c4b3739,e196bab5021e6d71
revision_dudosa,excedente por balance de clases,sano,dataset/raw/sano/sano_00936.jpg,ae1da4aab8d3ecab8e1e2e99564dee792c0289331e86db7bc8dde8b292dd7c43,bc49c334995aad5a
revision_dudosa,excedente por balance de clases,sano,dataset/raw/sano/sano_01577.jpg,ae2cdf615b5b6c92cd76c187de899c52140cf1d79388bac339d7e50f156e9f0e,dc0bd6f222176d8a
revision_dudosa,excedente por balance de clases,sano,dataset/raw/sano/sano_02613.jpg,aef89e996f69fe220c6803be9f5d7d005466fbdb0a6747f9890f5197c6c3fa85,e9b6a519c31acb92
revision_dudosa,excedente por balance de clases,sano,dataset/raw/sano/sano_09491.jpg,af6ad7d8cf5027b464abdc2c3860f33d9a86da0828d9d04c2a6f108f3ce42f06,fb9a9c1d41ecc10b
revision_dudosa,excedente por balance de clases,sano,dataset/raw/sano/sano_01840.jpg,afed40fc263bc769bbb0f6ac4fc65d9eb34557b241602f3d5a5cca1c6982538b,a5657c330a581e9f
revision_dudosa,excedente por balance de clases,sano,dataset/raw/sano/sano_03492.jpg,b004264d72bd1977787ecb741cbd13dbe30b8410768c84827081f4d76ed5ca67,829214e76999cff4
revision_dudosa,excedente por balance de clases,sano,dataset/raw/sano/sano_03008.jpg,b06cf9adc546b91c828ed970c3e40fbb056815ba35cf790a4f7e98e7b0003497,bdf378ec539061c0
revision_dudosa,excedente por balance de clases,sano,dataset/raw/sano/sano_09635.jpg,b0a7ebbfd433ea57511604f08a2d7a54383db0c2205d898789ebad82db609803,91b6a71a37381727
revision_dudosa,excedente por balance de clases,sano,dataset/raw/sano/sano_12370.jpg,b0efe985070fce7fd97a4e857f79185ce19b2896cc8292af9dc4046499bdfb48,e17cd10a8e3ab69c
revision_dudosa,excedente por balance de clases,sano,dataset/raw/sano/sano_05921.jpg,b0f5b36b8b4538929a636981a97063a9b2b4edc9c7540866b9bf851d00be0c0f,ce32b3be8488c6cb
revision_dudosa,excedente por balance de clases,sano,dataset/raw/sano/sano_12499.jpg,b12cf47cf63f39215ca9959dd855331daef738751b02f7a3c85bbfd53e21f13f,fff08942d4183f32
revision_dudosa,excedente por balance de clases,sano,dataset/raw/sano/sano_12548.jpg,b14bdc6d70d5197902dda5844f1dc2ec36273e3d772018b10722289bc0835fc9,a4e7d20cdb3a0e1b
revision_dudosa,excedente por balance de clases,sano,dataset/raw/sano/sano_12457.jpg,b198b315a26fa9bdbbf57c92976cd18877e49453ec87c2ade0719381b9d71e18,e33c4279acd770a4
revision_dudosa,excedente por balance de clases,sano,dataset/raw/sano/sano_12423.jpg,b1c3ec49414f15f635fab15a1d2a2a4c4035bb6fac676544013270e3daa83c5c,a313c246bd4a8bf9
revision_dudosa,excedente por balance de clases,sano,dataset/raw/sano/sano_00149.jpg,b1da8455bc282d05e8f1886bfce91be4ec7301b907efa45f55b0d37205a5c5c9,9df83b8bdd900383
revision_dudosa,excedente por balance de clases,sano,dataset/raw/sano/sano_12511.jpg,b257d6a4b45f5a68768c80b326fa0377c8c8d894243a514c155ab06cb0d03ea8,fff990cca380d192
revision_dudosa,excedente por balance de clases,sano,dataset/raw/sano/sano_11137.jpg,b26cb56e7dda5154cc55b7f972c4ac2a0e6fe5f88c58e156f61a0b737fc1fd16,bb21a05db36f40f2
revision_dudosa,excedente por balance de clases,sano,dataset/raw/sano/sano_02129.jpg,b2b8d88404cae0e49f5971581e62aeb432548362fc29d9b108fdc017184b380b,b4cec1379eb13438
revision_dudosa,excedente por balance de clases,sano,dataset/raw/sano/sano_12540.jpg,b2d27e1f76d5368c33b15434dce0820214c1172370b09e71fd9227410c4c89bb,e305dc7e1d0f2aa4
revision_dudosa,excedente por balance de clases,sano,dataset/raw/sano/sano_03082.jpg,b2d2fc885bc23873794d14377c6b3db5a0f9991b62745fda9d835ad7d91515cb,cb991d36ac22f187
revision_dudosa,excedente por balance de clases,sano,dataset/raw/sano/sano_12362.jpg,b2d995b591454f86a2ca89f89c5f19598569ef79ba23a7ec9b2e1445b97e1cd7,8a82d4d6f520b77c
revision_dudosa,excedente por balance de clases,sano,dataset/raw/sano/sano_03753.jpg,b3188551d38323d5143893e4ff8ff5e5e85e48f8cbbd2fffda4ea7a7ceebe374,add6a954a5a27d09
revision_dudosa,excedente por balance de clases,sano,dataset/raw/sano/sano_03658.jpg,b3827219570c8f40045f1269e9b009c846bb97ef451f280d5d2b5b93bcbe53a8,eb94acc15e71c6a8
revision_dudosa,excedente por balance de clases,sano,dataset/raw/sano/sano_08870.jpg,b3bd625a9faaed13b3a10d83b1bfd1402482e8d2e52d162a6ef26b210280b8bc,8098ff47bd5ee009
revision_dudosa,excedente por balance de clases,sano,dataset/raw/sano/sano_01327.jpg,b3d58d7f9cf96e6b7fb6f9abacbd718986a231b2aefa60616287768f8f56a92d,99849f39c03e6af8
revision_dudosa,excedente por balance de clases,sano,dataset/raw/sano/sano_05992.jpg,b4840dfa72be5b558c14b3b492d003eba5b9dbd206b87303d198354bf62a0275,c265a85a96d2ad79
revision_dudosa,excedente por balance de clases,sano,dataset/raw/sano/sano_12374.jpg,b4be5b7f5d4ca868e328b33ce1d986271ef3d312a0aff6111226e266e42b97fe,f0b6bf93ca02c913
revision_dudosa,excedente por balance de clases,sano,dataset/raw/sano/sano_00790.jpg,b4d968b19956ec9c97ef893f7741ab3ae7f6eb9558aa638792cb8a62720dcf48,bfa3b096d24aa86c
revision_dudosa,excedente por balance de clases,sano,dataset/raw/sano/sano_06874.jpg,b4e545b21c2d73d6b7452d92efe1edadb54f6f22b946b4248a28589c89af3c8e,f5cfacc91d308887
revision_dudosa,excedente por balance de clases,sano,dataset/raw/sano/sano_06580.jpg,b5372ac16bbfad7a773b4ea6bc607ba3015303fb27ea2d035d46f64d90bdb3e0,91ec329563223d77
revision_dudosa,excedente por balance de clases,sano,dataset/raw/sano/sano_05272.jpg,b53a52ff1276643755c11939f313d4e97a9224846c6642c7519f8822e0aa99e7,99132f66e6269b61
revision_dudosa,excedente por balance de clases,sano,dataset/raw/sano/sano_02082.jpg,b55cd2d14b9ba3781aec0415ca8862a93ee220f96913c154907e30f63a1adcaf,bfbd21526e694145
revision_dudosa,excedente por balance de clases,sano,dataset/raw/sano/sano_04273.jpg,b593791ed8e1e650c593efa0be1eb2570d22c7553e506af821491cc3b54b27e7,facc91279539cab0
revision_dudosa,excedente por balance de clases,sano,dataset/raw/sano/sano_01429.jpg,b5c979ef83673f42d6d6f83f1b2e997224b69c17b0a318bc2a74a444c134a5cf,fd8c695ac24d1b19
revision_dudosa,excedente por balance de clases,sano,dataset/raw/sano/sano_02380.jpg,b5ed513c2a1e575bdd7b4c06cfa7fc9d056dd40dd4c52751ed66bc97626e9520,cb5b570808f7cc8d
revision_dudosa,excedente por balance de clases,sano,dataset/raw/sano/sano_04790.jpg,b5fbc8b1e2dabcc2bcf5605c6f7f5f598ccd162ad4a450469475b70c263ece92,c8a6d915e253af68
revision_dudosa,excedente por balance de clases,sano,dataset/raw/sano/sano_12481.jpg,b695469b6e74d943225314a1b7904b9d494dd4b50c8094ad784f35de564c0c22,941ab48eb9546be6
revision_dudosa,excedente por balance de clases,sano,dataset/raw/sano/sano_12527.jpg,b6bc8a0bfb4e67d99d705d1aa4b1ba59ffce085b23c93f2d4fc4e59608dddeb0,e0d3808cf58eb9d3
revision_dudosa,excedente por balance de clases,sano,dataset/raw/sano/sano_05565.jpg,b6f380fc246c3673feeee42a2850686a2348bd6f00818571a595cefe339f0c67,9dccc2c2a2f1b179
revision_dudosa,excedente por balance de clases,sano,dataset/raw/sano/sano_04498.jpg,b743c9f7c57c02c5799e9d0a90cdf8460f5e2e3be249310bbf840e5eb4695a58,c7853d7f72252431
revision_dudosa,excedente por balance de clases,sano,dataset/raw/sano/sano_05690.jpg,b761487749d08bdab445f4e1803e9e28263cfca9eab1cf4d30dd5a3a8e8d42e4,cbe2d61c7c198752
revision_dudosa,excedente por balance de clases,sano,dataset/raw/sano/sano_02774.jpg,b7a245a9f22027394fd6ca757bf7ad18fda008fd166b37b571bb686a66305300,aa54856ee60ad23f
revision_dudosa,excedente por balance de clases,sano,dataset/raw/sano/sano_00177.jpg,b7b89cca2aaa798342d10d381573890f124ffabf4c2ca20a620a453deb5df1b3,f3c9e916c02f4c78
revision_dudosa,excedente por balance de clases,sano,dataset/raw/sano/sano_01655.jpg,b8755350e9be30e21a73dbe321db7e045ee25767355d71e391ef14619311ff35,ede33a0c085d3735
revision_dudosa,excedente por balance de clases,sano,dataset/raw/sano/sano_03286.jpg,b8872d7bcc72d361254de1caebc7f5d4fb59c941ecd972c65850e2bd59858a72,e1e6a65c79a84ce8
revision_dudosa,excedente por balance de clases,sano,dataset/raw/sano/sano_04781.jpg,b9038e65e789823cbfd3c88bf4cdc607fc95310a77d48258c9d595fdf8a198e1,97eb69b40e39b2a0
revision_dudosa,excedente por balance de clases,sano,dataset/raw/sano/sano_01877.jpg,b912b2555ae4bf489d3fc91209cfa324244fbcdf95c235d01e1994310e6736d7,894328ce4fd93f54
revision_dudosa,excedente por balance de clases,sano,dataset/raw/sano/sano_00871.jpg,b915bb35a213da78766a99b09002a3595a00bf09d36829d0c45c822beebb72b1,cadcd1c9e52b09b8
revision_dudosa,excedente por balance de clases,sano,dataset/raw/sano/sano_07471.jpg,b93716119869890c77fe10afaa382cfb015b374f541a4acf26983c7df46d044d,d2e59d226cd32aaa
revision_dudosa,excedente por balance de clases,sano,dataset/raw/sano/sano_12522.jpg,b94ed61ca8d5b99b183376cf5701228d9b85af0ec4201b531f4369e7edd6086f,ea81d5987a2e885f
revision_dudosa,excedente por balance de clases,sano,dataset/raw/sano/sano_00566.jpg,b95113887ea3f128de14441063e9cca2007f3f377300c2e45764f34068fb9bee,e817d56807d76a83
revision_dudosa,excedente por balance de clases,sano,dataset/raw/sano/sano_02892.jpg,b9856d9c358a8d949f9d59d2e7db1413f083211851fc28b25d75b31fad237e49,a73ec9948dc39469
revision_dudosa,excedente por balance de clases,sano,dataset/raw/sano/sano_05349.jpg,b9a0c8362d4481a4bf37c2d80dd85e97f8d9fb04131888ce40b5db40865d97b5,82967cdc16e0e36d
revision_dudosa,excedente por balance de clases,sano,dataset/raw/sano/sano_02775.jpg,b9bd0bb9f82f9f94a368bad1cf82a2971505cbbb49f21f262b14dc3fc284b080,d31a0e5ba4cfe309
revision_dudosa,excedente por balance de clases,sano,dataset/raw/sano/sano_00250.jpg,b9db5563cc0b4bba6b42e0534ba6b139c3dce194b1877d5447cc2b83a026eadc,a2db958451f76586
revision_dudosa,excedente por balance de clases,sano,dataset/raw/sano/sano_08644.jpg,b9ddf39d1df382efdb7141c3e0246e0d8ee7c9647c9494f806dc79003d8b4ecf,d9b64f0776643416
revision_dudosa,excedente por balance de clases,sano,dataset/raw/sano/sano_01384.jpg,b9f418bbb7c2aae632ab58e11237a96309ec2b7d2cb6097408ec1f60a7e01abb,fbdec471d550c8a0
revision_dudosa,excedente por balance de clases,sano,dataset/raw/sano/sano_10527.jpg,ba3ce424043ca5b6b30a83caa8e6a5aa85d96668d0490f34f2ad4031dc53dbd9,ad94deaa2f50c15c
revision_dudosa,excedente por balance de clases,sano,dataset/raw/sano/sano_02108.jpg,ba49efd9b93b740152a7ef89619b2728dc175b1b8c4c908c467e396c1e5e193a,ce7c73b493a19862
revision_dudosa,excedente por balance de clases,sano,dataset/raw/sano/sano_03689.jpg,badc1005093fbb9e4783b6c660910449219c07fa5aa6ac14e32a1f09bdf2cbf6,93e67a0c245edce1
revision_dudosa,excedente por balance de clases,sano,dataset/raw/sano/sano_04365.jpg,bb0f93d8c87d17140725e220925d900b454db64b6213283ef14875ccad0e289c,b5ea823d254ae5d2
revision_dudosa,excedente por balance de clases,sano,dataset/raw/sano/sano_06719.jpg,bb81d9e2d0e02fb6296a2eb478a76f7e75a4d93dbe18feb050e898ad7556c6bb,eefe51d1c01191cd
revision_dudosa,excedente por balance de clases,sano,dataset/raw/sano/sano_12440.jpg,bbaed1af0b8128ce5e7bfdea6363558eb5061864ec127d6033951bae02e0eea3,f996b0b1d358c5c4
revision_dudosa,excedente por balance de clases,sano,dataset/raw/sano/sano_03156.jpg,bc9104b11f5c72cbb95ed2e1e55e6e413c0dc85f023102128355951e19ad043b,deb36b86661bc089
revision_dudosa,excedente por balance de clases,sano,dataset/raw/sano/sano_12467.jpg,bc9b5fd9568ee6eaab0bc9700fc83c708fbce2086f7973bbe8b0fcf684e320ff,97af483531123e73
revision_dudosa,excedente por balance de clases,sano,dataset/raw/sano/sano_00109.jpg,bcbae9c7244a973601728b208db6f05ddff6b0fd719dedb5d4cf113f42e0bf31,c6a0fd9db115911b
revision_dudosa,excedente por balance de clases,sano,dataset/raw/sano/sano_00004.jpg,bcf1ad632191ccda47dc2548e837a755dee72ef22dde2b381ea6719927e27469,9ccad8691bbc0a9e
revision_dudosa,excedente por balance de clases,sano,dataset/raw/sano/sano_11304.jpg,bd01a60cbc52a0bfe7a4cf6a6f8eab74e1968c3993c70b263f9ca1659118c9e3,c49bd7d559262a85
revision_dudosa,excedente por balance de clases,sano,dataset/raw/sano/sano_12446.jpg,bd2a6588156690ecf408e39aed6f6c5b654129e35c0a228fb7e6a46b06879f52,add2d10c126976ed
revision_dudosa,excedente por balance de clases,sano,dataset/raw/sano/sano_12542.jpg,bd71b499f0aa05eb77ebe0e628756f159bc8f441453975e6639d7ee96bbce322,fbd388c484caa795
revision_dudosa,excedente por balance de clases,sano,dataset/raw/sano/sano_02207.jpg,bd8b68dde24617e84a106566226b3b84d6d98e00e76c652a52dee3e74705bbbb,831e212d276f0f3e
revision_dudosa,excedente por balance de clases,sano,dataset/raw/sano/sano_06427.jpg,bdc361a9d7eb1f57ed4fb21a61d23619e14b47df5a316db77ac335be3e5d18f8,b5d5d5cac90c8764
revision_dudosa,excedente por balance de clases,sano,dataset/raw/sano/sano_02234.jpg,bde061fcd19316f856b38560b4e15bd56987e394e79844834cc1ed01d92d62e4,f6f363e20441dcb1
revision_dudosa,excedente por balance de clases,sano,dataset/raw/sano/sano_05526.jpg,be07562e56df9f2f9ae04780bfa7de15acfbb2e67b3bf6df780840e35a6f5917,88d064b93bb1bbe4
revision_dudosa,excedente por balance de clases,sano,dataset/raw/sano/sano_01950.jpg,bec7e167c8da6070850d9d090e13a63ef7b6e172db129fdbad5852944e621f1c,fb2504dadb0f6093
revision_dudosa,excedente por balance de clases,sano,dataset/raw/sano/sano_03029.jpg,bf264440b91d59e0adad4d257a73f9bdf9d441ab5b0ce92f4ede77b60aeebec6,dd88dabed260f052
revision_dudosa,excedente por balance de clases,sano,dataset/raw/sano/sano_01120.jpg,bf753bf9dae0ec53284654661be67d655df34246b51648cd32ef19c4e86fcbbf,afd05112bfbd2930
revision_dudosa,excedente por balance de clases,sano,dataset/raw/sano/sano_05225.jpg,c03d1701c1b1e4b9272ee5f71b9eab44c97ba14c85a2a019118fff3fcca09740,dc8e56c32ed15d90
revision_dudosa,excedente por balance de clases,sano,dataset/raw/sano/sano_00584.jpg,c0d8eb2662d5ba6fb905260b5c13698dbd3c4d264871a5245c99ed7510833245,a9de873aedb408e0
revision_dudosa,excedente por balance de clases,sano,dataset/raw/sano/sano_01150.jpg,c0dbdd234e496bda644c4d331bfd4aa99d9da7822a7ae51f5abb229d28c51785,bd56349279944bc3
revision_dudosa,excedente por balance de clases,sano,dataset/raw/sano/sano_12366.jpg,c0e99f2fc1066e093bd03023343bb6a0aede1f8dcdcb42dfd26ff5fa895ad242,b449c125cdb4e2dd
revision_dudosa,excedente por balance de clases,sano,dataset/raw/sano/sano_01012.jpg,c0f189b859f95fbe6683d0cf2a6f2b9dbf100f76a98de0451ee022485ad7dcda,e85c85b34a971fa4
revision_dudosa,excedente por balance de clases,sano,dataset/raw/sano/sano_02518.jpg,c0f5a17fe9d9a3b9af1da99590de13ebbdfb8b3021a49ae90a83fed97f4bfa68,edc5921a941bd86d
revision_dudosa,excedente por balance de clases,sano,dataset/raw/sano/sano_01552.jpg,c19acc6def40fe29e4136bae446cb44371539279178ba52fcf83d9af1b751f85,fa85e856a1da82cb
revision_dudosa,excedente por balance de clases,sano,dataset/raw/sano/sano_12532.jpg,c221908d82d22005d299fde5add059a1299abbea7c39acdd81c685d7ec85c28c,b6c8c916f8d68ca5
revision_dudosa,excedente por balance de clases,sano,dataset/raw/sano/sano_02168.jpg,c25f006833dc0791908a9c0fa718a8bbbe30583c7cbc97672283ad4d9f5aeec9,f8f391c0954c1d7c
revision_dudosa,excedente por balance de clases,sano,dataset/raw/sano/sano_01644.jpg,c33386fdc33f012ab0bc4ad84067950fa5f65d3c74a228d8db6728d49b9e4e6a,b2d2f14e88cc969e
revision_dudosa,excedente por balance de clases,sano,dataset/raw/sano/sano_02349.jpg,c41b0034f7eef1748490558303c639a5cc8c823752e390786a88ebaf01acd28b,8a17f548dc5ca25d
revision_dudosa,excedente por balance de clases,sano,dataset/raw/sano/sano_05786.jpg,c42a51b3793a2934d2a2e106747461cd0dde2e8841d7ee0d3b54fec6c4e5913e,d3ac92ae0cabf063
revision_dudosa,excedente por balance de clases,sano,dataset/raw/sano/sano_00589.jpg,c48ed933902b0f5b99b1edaae342e2dd677702a38fefe74287186eaecb920a31,c3e3ca3e49d9e421
revision_dudosa,excedente por balance de clases,sano,dataset/raw/sano/sano_02181.jpg,c4a42668b29ef9c959442aea31d98781e992e1c55d15f5d9b2b15b19f6b975b2,e1b83cc1bcf08a3b
revision_dudosa,excedente por balance de clases,sano,dataset/raw/sano/sano_01205.jpg,c4c90129690183741d795ceac530c7c2d9ab33bfcfb047d611a5e61f1ae1f4cd,b3c06cdb2d9552a5
revision_dudosa,excedente por balance de clases,sano,dataset/raw/sano/sano_07745.jpg,c51231d5ec3cb9345a95db2a7a8ecdf15613af0d724ae3370b5b861039248a68,b2e07db48ff13058
revision_dudosa,excedente por balance de clases,sano,dataset/raw/sano/sano_01362.jpg,c53486462fb7bd28d2ceb8f242992fb2b0b0919bfd44e5e7069779bc5a097b75,bdccbf6e1a160483
revision_dudosa,excedente por balance de clases,sano,dataset/raw/sano/sano_12445.jpg,c5459d683ab523b744ec882653e645497cafcd36e336867e0fdc47ea946ffad9,ad50dd249f258e3a
revision_dudosa,excedente por balance de clases,sano,dataset/raw/sano/sano_06082.jpg,c549366d3e9f6104ca359736cd82e8a1a0320ec2d74eabf48bbb895f007827be,d6ad10367df6484a
revision_dudosa,excedente por balance de clases,sano,dataset/raw/sano/sano_02312.jpg,c562541dacd6ca7b35d8df60f8fd2bae79c311becfc7fdce27b62fb1d33853e9,85dbdcd1a58ba072
revision_dudosa,excedente por balance de clases,sano,dataset/raw/sano/sano_02208.jpg,c5bd3cb3d10445aeaebbcec366abf5067baca30c18aeb51008e55192b4aaf0ad,ff80f18174bf7204
revision_dudosa,excedente por balance de clases,sano,dataset/raw/sano/sano_02114.jpg,c5f9535b8017e1a8345fec5bc723244f3b767fca9feed435fd260513e83f2bd1,e39ccbb44a396493
revision_dudosa,excedente por balance de clases,sano,dataset/raw/sano/sano_01216.jpg,c61b2b5e529bbed97693eb0d723a4292a687ebb36c11d6b8712aadfd75686902,9c51322708f9d9d7
revision_dudosa,excedente por balance de clases,sano,dataset/raw/sano/sano_01551.jpg,c677d5df425ea0b01d96cd6fa4c7bf2745967ab4c1764239ed1e28fb81074a06,b18cda67c7713898
revision_dudosa,excedente por balance de clases,sano,dataset/raw/sano/sano_12412.jpg,c6b584301f8e69821ff0a71fa20390c5a9ea49e692158fecd906fc78ac483cba,f91b99199af4a486
revision_dudosa,excedente por balance de clases,sano,dataset/raw/sano/sano_02959.jpg,c6d889c77207691ed3917a12b11ef20f2eb9cfa5089d911403c681adc6fdbaef,f25a8c65b632d24e
revision_dudosa,excedente por balance de clases,sano,dataset/raw/sano/sano_04272.jpg,c6f2fba51e095efdd5d2ceba36a4c16a2d9e38ef28993b09e2ca53a5ad814ea7,9c18f13a9d369e34
revision_dudosa,excedente por balance de clases,sano,dataset/raw/sano/sano_02254.jpg,c70ebe56b07b60102a8c4d26a727cf3bb25e961e8a0a70a5e906b7cb69cdeb3e,aa634d3a52cdb436
revision_dudosa,excedente por balance de clases,sano,dataset/raw/sano/sano_01918.jpg,c7d282f538dafbbd3108be569cbc8654420f3fcc01cad73a556ddd0d1799211b,91642fc93632793e
revision_dudosa,excedente por balance de clases,sano,dataset/raw/sano/sano_12436.jpg,c85627a9034e1d8d8b4b0b8ead3142c8f5bc57af46117366b95ecafb9568fbbc,e4cc0fd9a6b9d0d0
revision_dudosa,excedente por balance de clases,sano,dataset/raw/sano/sano_00737.jpg,c87efaa83f0fbf30cfb0a0f8fd571d5f975d1c58764afd91633d5ec018fce02e,f1a434927ace6b83
revision_dudosa,excedente por balance de clases,sano,dataset/raw/sano/sano_12517.jpg,c88ca43e91f919b5844e2436d225faface7229fffb6551ada277f63682351fae,ceb6413eeb8036b1
revision_dudosa,excedente por balance de clases,sano,dataset/raw/sano/sano_01341.jpg,c8cd96fbc0bb598baed3d4835a98783149cf12848f96ba99a3bd8092be96f051,b781bd0b503dd5a1
revision_dudosa,excedente por balance de clases,sano,dataset/raw/sano/sano_12379.jpg,c8fae9d9ae324a89730a25a60e92d45966b88740a526b1ed45dc60655ab8a71e,e6c4c52c6f7808f9
revision_dudosa,excedente por balance de clases,sano,dataset/raw/sano/sano_12547.jpg,c917dd3fdc8e6a2472f1b341e76365835ffc8a3b584b2dc1b921d355ae25ee99,aea9cbdce2066781
revision_dudosa,excedente por balance de clases,sano,dataset/raw/sano/sano_04694.jpg,c98850e6ebdb27ca50b0a81ead605855b6d4d5680f8ab082ec31d7f57146162e,e0caab0eb29ee998
revision_dudosa,excedente por balance de clases,sano,dataset/raw/sano/sano_02504.jpg,c98cbb9ea25e4ee692aede1997a06190ec7ab6e356d21e8464de496eadcb5e6c,d6d4a18dc22dc63b
revision_dudosa,excedente por balance de clases,sano,dataset/raw/sano/sano_12537.jpg,c995728b9a85ad62b3500f6dd23f87510953528ddeb6df5386c62a785b90be97,b7a83e01aeafc1e0
revision_dudosa,excedente por balance de clases,sano,dataset/raw/sano/sano_01804.jpg,c9ea611613a8d13ffe2f696ecee2571843f9ffdb17698b7835da901dc1a76ff0,c49637d2b2f16a92
revision_dudosa,excedente por balance de clases,sano,dataset/raw/sano/sano_04201.jpg,ca1ef34d0bc2561a6f2f7f8a2824aa8504dcc481348efd69020540a432b0cbf9,afc69363b2a22935
revision_dudosa,excedente por balance de clases,sano,dataset/raw/sano/sano_01692.jpg,ca37efef7e2ad35de68bd0e7f6da0d80e399339065788cb3c0522850d9ba9035,95e0d9663d86a791
revision_dudosa,excedente por balance de clases,sano,dataset/raw/sano/sano_02193.jpg,ca553928afaa1ac60d44afae0b851f83b9fad3abce166657ffb6d0abf314fe7d,e1cec843e272c676
revision_dudosa,excedente por balance de clases,sano,dataset/raw/sano/sano_04784.jpg,cb2a059ef3d962c67f75a6abeda2fee7aa6fa0f307de0e8fc47d0c99dc6c1328,e8cede5a9624a919
revision_dudosa,excedente por balance de clases,sano,dataset/raw/sano/sano_00410.jpg,cb84eb14158aaa67c62445fd0134d8c9de31f4239c82fbc70bb651efca87199d,aca1e199a6a93c2f
revision_dudosa,excedente por balance de clases,sano,dataset/raw/sano/sano_10799.jpg,cb87452f5d9bb3043f1a4a75bff52fb4605b251ff25a58b1c4a729b018c98773,b587e8ada88933e8
revision_dudosa,excedente por balance de clases,sano,dataset/raw/sano/sano_12448.jpg,cbc554b95867f4f4d7c58fe5169dddf0956da7c19be9f1419d607010f11b81c3,bbd094be092b34dc
revision_dudosa,excedente por balance de clases,sano,dataset/raw/sano/sano_01115.jpg,cc2ea6dc37bb9eaef93702112f9e38ea75546ee15a1d5d707df00ed87a1c03f0,ceee09d923d8a217
revision_dudosa,excedente por balance de clases,sano,dataset/raw/sano/sano_02684.jpg,cc5fc39efc1f3a5efd9365bf0ad0c1a4c2e8da94c58cc31480bef450f3c5751a,d4780b7f4c6c338c
revision_dudosa,excedente por balance de clases,sano,dataset/raw/sano/sano_05291.jpg,cc60aaa417b05f054afc8f51bb9d0835eecccd447463cc35104ba05a4e431385,d8d0a15e649cedb2
revision_dudosa,excedente por balance de clases,sano,dataset/raw/sano/sano_05327.jpg,cc74ceb21faab6308e67eadcfb6bfa589385c257e2d8d848569471308779858e,aea6dada0d11343e
revision_dudosa,excedente por balance de clases,sano,dataset/raw/sano/sano_01671.jpg,cc99dc94076ab0f72efaa42f5cdad95099daeaea702fbda630f50a16b558d38e,e453f6aca7595809
revision_dudosa,excedente por balance de clases,sano,dataset/raw/sano/sano_08843.jpg,ccaec251a922b1386086308ad72035bc7d09632f8505fee00c3acb9161be3c60,bd7e8f2d58852170
revision_dudosa,excedente por balance de clases,sano,dataset/raw/sano/sano_03727.jpg,ccf17d11733ce838c6b119e4674776735c48f43c8968bb8693872bf8e49fa537,f5e4bd35c0d81b11
revision_dudosa,excedente por balance de clases,sano,dataset/raw/sano/sano_00581.jpg,cd30aeeb9b1dd589465cf36a904d19cb4763a30da9ef9306569945bda9ba956b,f8cd9ac295980fd1
revision_dudosa,excedente por balance de clases,sano,dataset/raw/sano/sano_05070.jpg,cd659f760108b174ee092794b0db6fcdbca09471be487852cf7afbe84c748687,d6d890d93e9562b1
revision_dudosa,excedente por balance de clases,sano,dataset/raw/sano/sano_01910.jpg,cdaf820f8cbbb13a2d1a29bf8c70a59c1745c229beaf124ce9fae9b01ec815f0,a2c976d8383bcdc4
revision_dudosa,excedente por balance de clases,sano,dataset/raw/sano/sano_01186.jpg,cdcccd935428b5404345138337a05a4fd75e1fba69ee37b50cd7a3de0bdc99da,b57eb43c7c50e019
revision_dudosa,excedente por balance de clases,sano,dataset/raw/sano/sano_00152.jpg,cdf3032421bf11450a47d7a4a828e922514cc6b42a34095528cea2d586ee45e4,d9a636141babd5a1
revision_dudosa,excedente por balance de clases,sano,dataset/raw/sano/sano_01999.jpg,ce080b25e53fae75b48f0e583121d68c4bbd422502ac01640492651995b812a4,e8ed8ad76cc15aa0
revision_dudosa,excedente por balance de clases,sano,dataset/raw/sano/sano_00612.jpg,ce74af5abde8e7f8776dd9cd4508389c3c8e35c7dd06db64ee007ed3952c4be5,995b858dccde2e84
revision_dudosa,excedente por balance de clases,sano,dataset/raw/sano/sano_00378.jpg,ce937def819a1af5b78d78f44791d1307d9ea66025e1b10c5ab0fc699a719698,afbb8de426d64211
revision_dudosa,excedente por balance de clases,sano,dataset/raw/sano/sano_00947.jpg,cea96993c7597c0d247b49f618c2b75dc78cf2612b0a3b489521f14c2e188d56,f33e9984c13ccc93
revision_dudosa,excedente por balance de clases,sano,dataset/raw/sano/sano_00594.jpg,cec47d8c041678fad2c988ffacad727943ac341b432681ec59599f9cbd936d54,d9c4150e6d57dc68
revision_dudosa,excedente por balance de clases,sano,dataset/raw/sano/sano_12391.jpg,cef35fbf89c3e89220f91460d6e42746a36ade10ed856e59463651b92eb85bbb,bf02ef37809c8d07
revision_dudosa,excedente por balance de clases,sano,dataset/raw/sano/sano_09537.jpg,cf4cb67698cffe7dd01c72bdf30167b7d7d7fcefbd47758e20c5ec72f41faefb,b4c5cdb89a5e501b
revision_dudosa,excedente por balance de clases,sano,dataset/raw/sano/sano_00526.jpg,cfabf15d32ee06869d9cce8c2f1475c94b95d416b9ca6fbbf13fbe83a8c39446,d6bece96ef103401
revision_dudosa,excedente por balance de clases,sano,dataset/raw/sano/sano_02174.jpg,cfaf9e9d504c1e15e1f3136812b7b5004e6f080a8dcac7b8fa49e6686c0ae81d,fa6eb2c0ad25099b
revision_dudosa,excedente por balance de clases,sano,dataset/raw/sano/sano_01463.jpg,cfb210065daaad972b205f2236fb110ec67b2ede48f1cab4f95cdf2f5371843c,bbab39d0c2c0aaf1
revision_dudosa,excedente por balance de clases,sano,dataset/raw/sano/sano_02523.jpg,cfc71e0fa802565dc1986ecfaa1202aa34798ffa51347cb29670a80d803b2af5,f00ba57671b00b7d
revision_dudosa,excedente por balance de clases,sano,dataset/raw/sano/sano_06004.jpg,cfdef335db866728635dc6d87449cc73017c06c06d38c2e132959de4d7fcdb22,adccf48cc507d19a
revision_dudosa,excedente por balance de clases,sano,dataset/raw/sano/sano_04929.jpg,d001c5068a40aae056309cd2b520a54ba0feaf5ab0a798b3425c2de6e217611d,c6b83c8c6ccf82cd
revision_dudosa,excedente por balance de clases,sano,dataset/raw/sano/sano_04315.jpg,d01daa8c2134396f09179153332c5600220d9c734d0b19f3c3ea6c960fa09321,8136e7349d4bec0d
revision_dudosa,excedente por balance de clases,sano,dataset/raw/sano/sano_07718.jpg,d0808b78fb4cf22c4bf3ee63513de60bf331c0aa79d96de7e0367c41df1d1396,bfbf81c4666066c1
revision_dudosa,excedente por balance de clases,sano,dataset/raw/sano/sano_05814.jpg,d0872c6c495bef3e5c505b83afdde134a4c25daca29f0be4de0b16a28b0f9001,e09dec38fc09dc31
revision_dudosa,excedente por balance de clases,sano,dataset/raw/sano/sano_04022.jpg,d0e2be6ec9ac5a048650ac1b99a481c83b64aeb64e87ffbaa83c013cc0a40649,cece3839aea9a18c
revision_dudosa,excedente por balance de clases,sano,dataset/raw/sano/sano_11605.jpg,d0f6ee2c378381d8a1d0455da81a35175492eb05f6d27f5faf5df2a9ad54c412,ecf30f6c413031bd
revision_dudosa,excedente por balance de clases,sano,dataset/raw/sano/sano_01324.jpg,d157ab68d36717c9f8f9c7a4170067d3a5de6144d4945ba87bd31e0c63258f8e,9d62cc80f636d2f1
revision_dudosa,excedente por balance de clases,sano,dataset/raw/sano/sano_03654.jpg,d1621d48794ab400d214136e7fb68f8b3a9ab001f366006c20492f5e7842fe04,81dc4ca63b1b34eb
revision_dudosa,excedente por balance de clases,sano,dataset/raw/sano/sano_00573.jpg,d18c0ae7fdec2bea9043c482ee8630cc6732ca6aec08a27b66099394fc20e5b3,ea4b9498a5e65a5a
revision_dudosa,excedente por balance de clases,sano,dataset/raw/sano/sano_01242.jpg,d1b90c5c9a109060be65ef8afe7623f08e0b34003e3961b175fde865e6542875,9aef765dc1828455
revision_dudosa,excedente por balance de clases,sano,dataset/raw/sano/sano_00960.jpg,d1c59811a3c8b541e03becaf34db5e867bcf95dcd8963aea3126e17cc86e0b03,ec74c766b822b159
revision_dudosa,excedente por balance de clases,sano,dataset/raw/sano/sano_02644.jpg,d1e390caa8d81514c5c507ac42f9b5da02d3ae4b1ded02cb211d09421b725a8f,c4396b9679a796c0
revision_dudosa,excedente por balance de clases,sano,dataset/raw/sano/sano_08988.jpg,d212fafd3fe52050ab648cd5bbd0b3ffe951849bea23f10c4ddc05383fed30c6,c521946e19daf4f2
revision_dudosa,excedente por balance de clases,sano,dataset/raw/sano/sano_01208.jpg,d27df1eeea585ad793fdb01b87346571193e802bc4b875dc8111dc3f45cba310,c5189c63ba54bf1c
revision_dudosa,excedente por balance de clases,sano,dataset/raw/sano/sano_01875.jpg,d3136375f650b748175922629688f32718350095d0b9474bc63f143477505932,b0cccf32cc7330bc
revision_dudosa,excedente por balance de clases,sano,dataset/raw/sano/sano_11865.jpg,d328d5405b2a8ba4cd743ad9e30379f4cba86b4fad97896105b11e9cbba7be38,f3938a269350eb3c
revision_dudosa,excedente por balance de clases,sano,dataset/raw/sano/sano_02247.jpg,d3d69f2b0f7f4e10329e5ec523fb9154375195824142faad9a6ee26b06d31221,afcb942ff0c4920b
revision_dudosa,excedente por balance de clases,sano,dataset/raw/sano/sano_01452.jpg,d3f8977385076c8b5108f0a87d8b571013750f1f950b3684cab371c82f5fda5a,a6c2989f7124a4bf
revision_dudosa,excedente por balance de clases,sano,dataset/raw/sano/sano_12458.jpg,d4514756ae237f5c45fa2646cfda0f0b849f58f4b7024c00b919711926d1fc54,e03768a5d3a88f5a
revision_dudosa,excedente por balance de clases,sano,dataset/raw/sano/sano_06327.jpg,d4a1f432fcfa9a8d944090b6f18c49942853a52debe524cfeada45c8af7e5ec1,a2a4bcfac2c9cb23
revision_dudosa,excedente por balance de clases,sano,dataset/raw/sano/sano_12376.jpg,d5006928bb80d610e586fb62d88326df00665f67afc620ec8f04759e328d0ac6,f9954b0ad30a9cd3
revision_dudosa,excedente por balance de clases,sano,dataset/raw/sano/sano_11715.jpg,d530388a6e352bb5b0598ea9503442d304640f119f1ac2a1e21dc612f4007266,cbe335bc61618d4c
revision_dudosa,excedente por balance de clases,sano,dataset/raw/sano/sano_01617.jpg,d552f785c896826687e5e9a03995141b0441293583d7788176749d000908233f,bcb186e4c07eecc1
revision_dudosa,excedente por balance de clases,sano,dataset/raw/sano/sano_03298.jpg,d59541b6f8b7f65a8f778fe7ae896f7120c58bf22664be63f790213579aca747,d8d39b38d10fcd14
revision_dudosa,excedente por balance de clases,sano,dataset/raw/sano/sano_03771.jpg,d5ae25036f1362953e721defaafc4c18d7665d9736ac2614269358f61c7902f2,c6d9ce300d2e6ae6
revision_dudosa,excedente por balance de clases,sano,dataset/raw/sano/sano_03105.jpg,d66a3c4ae3b82977c499df6b9f42b4992612bbbdb9944de7273e31d67e0d4e38,9025e61baddaa70e
revision_dudosa,excedente por balance de clases,sano,dataset/raw/sano/sano_12411.jpg,d66f338cae270d99e21b9746752877943b95add614f362467ba1ce99bd67a07c,e121a56539ea7a1b
revision_dudosa,excedente por balance de clases,sano,dataset/raw/sano/sano_01564.jpg,d67a9543a115660b598825c67d03ceb27f1ec72f82badd22df2a72130c1f00ec,9e8d3b73d70388e0
revision_dudosa,excedente por balance de clases,sano,dataset/raw/sano/sano_06118.jpg,d6c313ae43889858754d7669afe129be93fc4547863eeaf7da8cfadc41ee29be,91c1c4e2732dbe3c
revision_dudosa,excedente por balance de clases,sano,dataset/raw/sano/sano_08801.jpg,d6e068a9c63a54d314f2ec44dd8d07b98957ec147863aa8172c9595dce12dd23,cdea047d4bd29d84
revision_dudosa,excedente por balance de clases,sano,dataset/raw/sano/sano_05916.jpg,d6e0fea4f2aeed000ced43128f8b523a93b67fb93390ef28ae619b0d87dfe313,b498c2cf9fc6d118
revision_dudosa,excedente por balance de clases,sano,dataset/raw/sano/sano_01197.jpg,d6fd866d2816a7e2c31f70c0af24739391ae0208ab98857452163e14cce35d26,8d1af169c274e13d
revision_dudosa,excedente por balance de clases,sano,dataset/raw/sano/sano_00638.jpg,d7649a103deb0b764d18c3a7fb58dc2cfb8e2c924df2661313b98642118f6af5,accdf444c0bdd2b4
revision_dudosa,excedente por balance de clases,sano,dataset/raw/sano/sano_01682.jpg,d7dfdb0a5d8174af9fae78f60540fc5af51b50bb3c5f61bd553223549874336b,a5da850d022dd7fa
revision_dudosa,excedente por balance de clases,sano,dataset/raw/sano/sano_07063.jpg,d7f97777846c83a7b17ef62882698587b1454de7a6d6076472beb54f643d4ddc,c2f2aac8fec2984b
revision_dudosa,excedente por balance de clases,sano,dataset/raw/sano/sano_12483.jpg,d820289e5e9c12b02e7266d61c2e4b7edb9b9eb98adf074584411cef7b10f7bd,da3505b284d9fec1
revision_dudosa,excedente por balance de clases,sano,dataset/raw/sano/sano_01561.jpg,d82ef27596e1c82fc9128dc945b2f7203d546094bcbdc9cf61fa304907625ce6,9e76c96c1f844978
revision_dudosa,excedente por balance de clases,sano,dataset/raw/sano/sano_02191.jpg,d8599c09afb050fb48f018649aa744e346ac5d16e75e894c6d763019cc6505c1,fdcd8076e3c41c32
revision_dudosa,excedente por balance de clases,sano,dataset/raw/sano/sano_01364.jpg,d87c38f45e98bd8b4bb61c2985b15f2dfffca60626bddb6a60a6783b3fe91255,b8e28b8391953f6c
revision_dudosa,excedente por balance de clases,sano,dataset/raw/sano/sano_12388.jpg,d8872eb17ca388bef6728d814859094202464cfd595e2e364ff6a85256495db4,ea0fa9291c6af561
revision_dudosa,excedente por balance de clases,sano,dataset/raw/sano/sano_01080.jpg,d8a0d475215f36e7149c4a4de776c5d9f1ae1957a070235a9a3e55d865718e7c,a5949899b9a2e7d4
revision_dudosa,excedente por balance de clases,sano,dataset/raw/sano/sano_00911.jpg,d8a512785c9605b9cb249208ccbe6ab093467f21bc619b70168a0296c324be9b,dfca435792c4d514
revision_dudosa,excedente por balance de clases,sano,dataset/raw/sano/sano_01379.jpg,d8df8019c46e869e8b4d67fbed5c72a8e671a43d7d068a40ea6abb83b0f3a868,acd0439bf17f5418
revision_dudosa,excedente por balance de clases,sano,dataset/raw/sano/sano_01415.jpg,d91470998308fdd1fc0ad1f1c06504eec32ea74d39086e65a682a491d112b0c2,b8b017c3498f65cd
revision_dudosa,excedente por balance de clases,sano,dataset/raw/sano/sano_08720.jpg,d94d8fba18fc795b6c572a6d6b62570b5733e2eb0c0a547239aaae0f18851467,bf6760f0e48cd18c
revision_dudosa,excedente por balance de clases,sano,dataset/raw/sano/sano_12460.jpg,d966f66efaa281809acbe7377926f1e7d9ec536eab80aab066e79b347746fac0,82ee5577d8027974
revision_dudosa,excedente por balance de clases,sano,dataset/raw/sano/sano_02290.jpg,d974a135316585063d3fcb84f626ce73cfc44771c5f7d9d6bcf84094274614f8,8ae27a7be421c555
revision_dudosa,excedente por balance de clases,sano,dataset/raw/sano/sano_00962.jpg,d9b15b9b490402a63468931ff1612b84cfa1ec67f976ca7f04a82d955a2c829a,b31d8c363c33cce1
revision_dudosa,excedente por balance de clases,sano,dataset/raw/sano/sano_02676.jpg,da2ab2fbb06725de52a8349c197af3a0e7808372fde37c38bbe349f21830411c,d848ed15e575a52c
revision_dudosa,excedente por balance de clases,sano,dataset/raw/sano/sano_12450.jpg,da43104356d93d21d9e66a5f2c466d4a6a8869fb2ccabcf6e43ea866b9454089,a9aed7d1a10a7874
revision_dudosa,excedente por balance de clases,sano,dataset/raw/sano/sano_01543.jpg,da4e19673a57ed5cc2bcf0fed97ed0d988a407427a7bdddd48783267923fb229,e0161f789e3ac8e3
revision_dudosa,excedente por balance de clases,sano,dataset/raw/sano/sano_04082.jpg,da797ee3463db95833a1b1ccf32cdec06451fb8b8ddd93d2d8898e6b38ca2f8b,ec3da364fe4b9005
revision_dudosa,excedente por balance de clases,sano,dataset/raw/sano/sano_12528.jpg,dace5d70416ee3a5dde573db8f9af5d3169e1aecbe04079b3f51c8a688b215f9,b6463f0dc9ad9426
revision_dudosa,excedente por balance de clases,sano,dataset/raw/sano/sano_00264.jpg,db5b5b3b37d8728bcba42ce55eccfc0c98f22a1e3fc1b49bfb86b4eb08afc816,a4e447c6b8a73794
revision_dudosa,excedente por balance de clases,sano,dataset/raw/sano/sano_01812.jpg,dbac560e8839e809e02d433ac246c28c5b26d2a294992999a3027a8c5c2f8ff4,e9e6f8a65648f013
revision_dudosa,excedente por balance de clases,sano,dataset/raw/sano/sano_02277.jpg,dbb500f69968ab1196f628b21d0dfa96fd9493cb7e50b784a01033294279aa92,d7d608032f187b6d
revision_dudosa,excedente por balance de clases,sano,dataset/raw/sano/sano_03096.jpg,dbbb4e79c51836a058601d34028629cedf16e11f2aeac7301de87e6affab8f88,f7ec996e9062550a
revision_dudosa,excedente por balance de clases,sano,dataset/raw/sano/sano_10351.jpg,dbd180425507d6e772245eaff6cecb2660600910520e561b8cb88977388e7bf0,9fb97c806f988827
revision_dudosa,excedente por balance de clases,sano,dataset/raw/sano/sano_04242.jpg,dc25c50c6310cac9a4e4b95caae4bac015d84114a28108ee7e98f0f4a8928f97,bfa8c5904db55598
revision_dudosa,excedente por balance de clases,sano,dataset/raw/sano/sano_09602.jpg,dd43d9b176d1d2b9f8633057acccca413b1ad1b93a038b6f564aa952a318fbed,a2cccb886adeb11b
revision_dudosa,excedente por balance de clases,sano,dataset/raw/sano/sano_01085.jpg,dda282d3a2de5c170983e513bdce2d8edad0b6ceefab80b9e544d07dbe311c35,fcfa423cc012fb98
revision_dudosa,excedente por balance de clases,sano,dataset/raw/sano/sano_01494.jpg,ddaeb87cf6b5fe8d0b7c1c54e3033823ff6b4d0719dc15e7ac5a796bdf9408d7,a187a746ce5ad919
revision_dudosa,excedente por balance de clases,sano,dataset/raw/sano/sano_04763.jpg,ddc3c5d879b24a2462cfafe3e02a1cf595f06b02025f39abd25d3042e4061769,97ddb6cec1b42460
revision_dudosa,excedente por balance de clases,sano,dataset/raw/sano/sano_02020.jpg,ddcce6b1fa8735b8b69f475f7c023d76433d4369d903619737ad4431d0da03ee,93016c1718ae7b5f
revision_dudosa,excedente por balance de clases,sano,dataset/raw/sano/sano_00292.jpg,ddd7099b2965481c64e1d0b6b5e98866ce725e74fb73533fc18698b27085f132,f8f187580862d6d7
revision_dudosa,excedente por balance de clases,sano,dataset/raw/sano/sano_01398.jpg,ddeaf2ef6f986850dabbf1508e64048b340a9b9c038034dcc279906f5be76dc6,d5ba89a4ba6540af
revision_dudosa,excedente por balance de clases,sano,dataset/raw/sano/sano_01767.jpg,de11d2036619dd6011a86d35c2696d2d40f15041d61720285bba5216b7851025,e0e883647e56dce8
revision_dudosa,excedente por balance de clases,sano,dataset/raw/sano/sano_00706.jpg,de6b450bd46cefa284167701087c0e9cf400292bb66d1586971bf3bdc62b9b08,bbd0056a7e0f8c2b
revision_dudosa,excedente por balance de clases,sano,dataset/raw/sano/sano_00874.jpg,de80181d4b0a53d1c87fd6991b6eccb49525bf8b412df9e7236f0ef33aaad0db,ecb1c985c9cc335a
revision_dudosa,excedente por balance de clases,sano,dataset/raw/sano/sano_02838.jpg,dec7ebdb0255230d803420b648a6475ace13328ffe88b40caf464851f0ff9754,8ae4f794481f89d3
revision_dudosa,excedente por balance de clases,sano,dataset/raw/sano/sano_04250.jpg,df259a92a153699a15d3ef5d32f74841e5abc1620d70b222bf5141c339c20bca,e4ec8553d362cccc
revision_dudosa,excedente por balance de clases,sano,dataset/raw/sano/sano_02876.jpg,e068d38015aa125d366a2138045bbd765b3526ec720721a0160d417e152fac62,82d69ad1ead4e82d
revision_dudosa,excedente por balance de clases,sano,dataset/raw/sano/sano_05488.jpg,e0861bcd71445f2a9adb903789abd310584bc5d2677f72cdf0a093820428a6f6,866c3cb1cb2f9652
revision_dudosa,excedente por balance de clases,sano,dataset/raw/sano/sano_03847.jpg,e0a44af59272cca8d6d2d68e64ddc3ff5f5c940ce30c0b6a9b04b986b7995bc2,8c828772cc89e75f
revision_dudosa,excedente por balance de clases,sano,dataset/raw/sano/sano_05124.jpg,e0afe1c776e02c96c15e7086c89dfbd8a70770006cc800f81041848879ca817e,bad4d539f009cd45
revision_dudosa,excedente por balance de clases,sano,dataset/raw/sano/sano_07078.jpg,e0d6c39382aa7a9a9207de5ea0f59ec72ffe8fae87d81b3aa0e38629f030b15b,891cc5c52f9a91d7
revision_dudosa,excedente por balance de clases,sano,dataset/raw/sano/sano_00089.jpg,e0edd6b24c0623a629f3351ca678f4545c4bdb20b3853bc2e20e09ec0b7aa9df,d81125ccd6653bf1
revision_dudosa,excedente por balance de clases,sano,dataset/raw/sano/sano_02447.jpg,e1247b9f9b624a534f648aa62fff99869f1e37cc7c5cc2d2002a8226b739025c,b4da50657a9caa71
revision_dudosa,excedente por balance de clases,sano,dataset/raw/sano/sano_01270.jpg,e18d9fc1b65aa71bf8a1338f29f58614127f76939a5d8d8d5661874446e8e369,8ef8c1c7bcc56813
revision_dudosa,excedente por balance de clases,sano,dataset/raw/sano/sano_12369.jpg,e203e591913dc05c31f41968068023aeb28739848afaa9a0d97d3e8851dc35f3,e63cd0957a4273e8
revision_dudosa,excedente por balance de clases,sano,dataset/raw/sano/sano_00179.jpg,e21afbd30a4703a01ab8399cd0183901f240e3b2980fc1516bbaa1d6459df92d,fac928f815e207e6
revision_dudosa,excedente por balance de clases,sano,dataset/raw/sano/sano_01613.jpg,e255233cf6b27863d3010b454803b4f4cef18d7433b2d7cbd01220e2cc1d147d,c59e7a4163adb41a
revision_dudosa,excedente por balance de clases,sano,dataset/raw/sano/sano_03987.jpg,e29adebba907d60438521b423fc61a8aa381d65bbf7228f1ee15b7c1c5d7797c,9725843a58ceb0ef
revision_dudosa,excedente por balance de clases,sano,dataset/raw/sano/sano_12474.jpg,e2c5a0da043aad6f08d5ff6a683046cdc172140e8c59cf14fd984fd968f4cc96,e32d7ca3e88d3258
revision_dudosa,excedente por balance de clases,sano,dataset/raw/sano/sano_01190.jpg,e2fc328243ec936f2f7ebd0b6d7ec7c090c952bb8f2ff60d1d6d36d392cfc16a,ae90b6834a3f2d56
revision_dudosa,excedente por balance de clases,sano,dataset/raw/sano/sano_12382.jpg,e333754e5786cb2262f207bb20ddc746c988af975349b38fff5738aab457292a,fd85d142817d8f38
revision_dudosa,excedente por balance de clases,sano,dataset/raw/sano/sano_00628.jpg,e3389d22d1dacf8397f6870c458dcabb17ff511940eda3e9a665128e7fb0ccc9,979158661b2d3bb2
revision_dudosa,excedente por balance de clases,sano,dataset/raw/sano/sano_12521.jpg,e34b9c539bac69484bf444846af3067477b4f1b02b4faafa52e58a9601eec342,a55a6417e6f80679
revision_dudosa,excedente por balance de clases,sano,dataset/raw/sano/sano_01044.jpg,e398330e6b90769ec84f4149485787a0512caec0b9d7882b4876cfefa97c3234,c1b21c7c3dd81e1b
revision_dudosa,excedente por balance de clases,sano,dataset/raw/sano/sano_00596.jpg,e3be76addfb0a010cbfeeedb6cedae7f801a28ded23083bba37133bbaab1b87a,b36d6c924ac9696a
revision_dudosa,excedente por balance de clases,sano,dataset/raw/sano/sano_12433.jpg,e3c3fdc3415418d807bb7d81d826a39b0bb8f7cdfbedf95f5644bac5c200badb,e48fd8f9c0f0e384
revision_dudosa,excedente por balance de clases,sano,dataset/raw/sano/sano_12394.jpg,e3d43f6c3b54dafba212f65817b14440d3e3b47f397e985922d73d836b9e45d4,e89583e993c07ace
revision_dudosa,excedente por balance de clases,sano,dataset/raw/sano/sano_08744.jpg,e3d56a1dc556eafd5e7ed59869a752fe2dc1c684c89bb8828ad25017bd122a8d,f57ef57da800a045
revision_dudosa,excedente por balance de clases,sano,dataset/raw/sano/sano_03198.jpg,e45879d06f9c4251b38f9eba53bdf13acd4dbf06546200a2a53583df556ab510,93f83987a218a5f9
revision_dudosa,excedente por balance de clases,sano,dataset/raw/sano/sano_02322.jpg,e500708fc97cf959dec38091847d3589eb17ee5adccddefc4efff2417eec9f55,9fe8549c9e8883c7
revision_dudosa,excedente por balance de clases,sano,dataset/raw/sano/sano_02632.jpg,e5304eed5896c95aed54b036ba311a45bc3c636e8ea8fe04c4412aae7a7ace92,96a6d349fc9a9c12
revision_dudosa,excedente por balance de clases,sano,dataset/raw/sano/sano_10763.jpg,e544063f83c9054cdee140c05ca27b8479072efab130bd39ce488677eb9a3124,d4560909be47f19d
revision_dudosa,excedente por balance de clases,sano,dataset/raw/sano/sano_02640.jpg,e544ec8456c4fd523f0afdc144e534d56a58a2ec2ba8ea96c712e520f02ebcc2,d092a9b4dc8d963b
revision_dudosa,excedente por balance de clases,sano,dataset/raw/sano/sano_12487.jpg,e5580e7d37c524c94561356b4b703b9d0aa8bd0cf1fa6d960476bb96fb7d2f60,af300c25715eebc3
revision_dudosa,excedente por balance de clases,sano,dataset/raw/sano/sano_02274.jpg,e569f0ac8aeab0255ead482314cf9a809e79e85d7dd73206e60174b9334f0735,8aa517f3e18d2371
revision_dudosa,excedente por balance de clases,sano,dataset/raw/sano/sano_01308.jpg,e5854b6c775d6c139de21e0e8b39a387bb43ba747ca869189c0d051f289637a6,8daa5ad8b7333505
revision_dudosa,excedente por balance de clases,sano,dataset/raw/sano/sano_02526.jpg,e5c2da7d6d08db86afa7ad6773a0ec0f445c33976f7a3bde9a827708d07f9b90,c18f1f4668c8ceda
revision_dudosa,excedente por balance de clases,sano,dataset/raw/sano/sano_01929.jpg,e5fefb3850eab5105496272985d96151b9c1c4211a177311b247643731176985,fd880c91234ebf4d
revision_dudosa,excedente por balance de clases,sano,dataset/raw/sano/sano_12456.jpg,e60219120d1efb7e54cfbc7b4a29b5691c85fcdf1edb0eead7d8118411e36504,db650a53c8fbe083
revision_dudosa,excedente por balance de clases,sano,dataset/raw/sano/sano_06134.jpg,e67eb2f4be76c1f38e653da6bf2eafcfd2efed80676cadaad581c43c44c83ee5,ad56b6c6cd824ce8
revision_dudosa,excedente por balance de clases,sano,dataset/raw/sano/sano_08986.jpg,e68d99822b52831eb026557ea33a7302121b342e235f1584a3c395f11c101d42,bc8c90e1ce9a38e7
revision_dudosa,excedente por balance de clases,sano,dataset/raw/sano/sano_00128.jpg,e695979a76d4841f5653229c0822e63586893dbc65beeaf87d38d0ef29b90cd4,c1ba43433fa839f1
revision_dudosa,excedente por balance de clases,sano,dataset/raw/sano/sano_00918.jpg,e6c8da88d1e7beeb093df6e363fed51766f4463f536ad998b1266d070d766e71,93b8c1ae9b071a57
revision_dudosa,excedente por balance de clases,sano,dataset/raw/sano/sano_03999.jpg,e6e87e137b6b0f2011bfbe2660294a94f372e833c96f07b4a6d28e2f7742c79a,f960b8429e78c26f
revision_dudosa,excedente por balance de clases,sano,dataset/raw/sano/sano_00192.jpg,e7069c27ad785fd175ce3840d9f7a5bf1a782b3cfb7c99e1f8fc62a3e813d12c,91c5349d681c9ff1
revision_dudosa,excedente por balance de clases,sano,dataset/raw/sano/sano_02748.jpg,e721193bfa3371fddc60342a2f1dc9447bd6e309a0846b738f634f9fe8d4403b,bcaa482ed9eaba42
revision_dudosa,excedente por balance de clases,sano,dataset/raw/sano/sano_01818.jpg,e725905bce8979accf32c26a64acd5568c3436eb24f3cba61dbd977b66e225d7,b2e02de6d55b2907
revision_dudosa,excedente por balance de clases,sano,dataset/raw/sano/sano_00912.jpg,e747d20f01d569c3fdd657e224a5a5762b57459544f98b7d5b6d4d29e7548955,89b6193495e53d1d
revision_dudosa,excedente por balance de clases,sano,dataset/raw/sano/sano_03718.jpg,e75b66749fd2ee0972fa6222a664f5b9f820223be7ed9576200d97578af8038f,e37024f538659b74
revision_dudosa,excedente por balance de clases,sano,dataset/raw/sano/sano_12402.jpg,e86af8b97669c56801b42f00252781ae81f4359d28e95a25db5a0602c57029f7,f48ab32ca96af18c
revision_dudosa,excedente por balance de clases,sano,dataset/raw/sano/sano_00384.jpg,e8b35231b996028c996d08d405a91fef0dd2503419be3bb39ea4e86643177136,bac513f849b66c13
revision_dudosa,excedente por balance de clases,sano,dataset/raw/sano/sano_09478.jpg,e8c48f91f2f9dbdda5fe25d72122bb5fd8e18e016821a20d736399690c1e02e8,f688823b69b41d67
revision_dudosa,excedente por balance de clases,sano,dataset/raw/sano/sano_01986.jpg,e921f9f243662a990518cdfaac44b347c0950e374f1e740c10e0f8bb2b91a918,8fa75965960f3434
revision_dudosa,excedente por balance de clases,sano,dataset/raw/sano/sano_00824.jpg,e927b8f3f6d9cce6512b08c24efcecf53dc98c08d432b624995aef234b0bad4b,a6ccdd628b518c3e
revision_dudosa,excedente por balance de clases,sano,dataset/raw/sano/sano_00363.jpg,e94cc6e74f9f0ff40aefce3abdf8fe32974e4877e30a575722a8470f16455f55,808d7d2b1f547c9a
revision_dudosa,excedente por balance de clases,sano,dataset/raw/sano/sano_02175.jpg,e958e9c1aaac19aa2036a41d74012c19b368fa53ac92ec45c646c8c438455bb1,968a818585df92ef
revision_dudosa,excedente por balance de clases,sano,dataset/raw/sano/sano_00732.jpg,e9679e0858895754b06944716a634255feb66821cd676c497806cb6bf945fad6,c495358d8b3f81e3
revision_dudosa,excedente por balance de clases,sano,dataset/raw/sano/sano_04298.jpg,e98f2fb121a7852baa1f08242e9bbc96e55e8bc036deaa5eeca1ca70f9e06ae4,8fc8f69b397460c2
revision_dudosa,excedente por balance de clases,sano,dataset/raw/sano/sano_02738.jpg,e9988a8a698eeb1ea4b69110c328aa34f6608e4d8bddc6c65c25b8f0867a8b0e,96b0e82da71fd207
revision_dudosa,excedente por balance de clases,sano,dataset/raw/sano/sano_12400.jpg,e999f3c7ddd9bdc812e2869444da6606ec557fde94cd931e8f94fb9cd5fb181b,ed128a65b4eccad2
revision_dudosa,excedente por balance de clases,sano,dataset/raw/sano/sano_03432.jpg,e9b41a4adb498f2a74f94190868abf664d81a3fd3ab2c73b63f7ef857034c159,baf4c1de8196e152
revision_dudosa,excedente por balance de clases,sano,dataset/raw/sano/sano_02597.jpg,e9cd8ee2240938a49b6c14b1d431d33284abfcd22d76a820113d3cffde93eb62,d13e91ccb3a09c9b
revision_dudosa,excedente por balance de clases,sano,dataset/raw/sano/sano_02345.jpg,e9d7eae8af05a83701b9efda09698cca95a43da365dba52ee05bf45717dcd410,a5d5d5cad9aac4c0
revision_dudosa,excedente por balance de clases,sano,dataset/raw/sano/sano_01531.jpg,ea4775d8d284b246e4c84bca66001ea8c15450c3dfa6d84e4212f4a16bc3ed7c,c3852d1d3c9e8a3e
revision_dudosa,excedente por balance de clases,sano,dataset/raw/sano/sano_03748.jpg,ea557b22f08222ab30eb6073b5d763fa5d69a9f49cf166824e2e088d7e8017c6,add63503621558fe
revision_dudosa,excedente por balance de clases,sano,dataset/raw/sano/sano_12482.jpg,ea59525e126191958b285cd04774ab0a1bed6003b8274cbf1dd26164ede72082,ca29cfb2c0fb5e01
revision_dudosa,excedente por balance de clases,sano,dataset/raw/sano/sano_00002.jpg,eaae6f3b4b0b07695c5d608187cd69c88acb98b363a9bde05eb4de9b4105fd68,f00fc36c8e708ed3
revision_dudosa,excedente por balance de clases,sano,dataset/raw/sano/sano_04911.jpg,eb1b15ff93f2e02ec383a40f5bf609b60f323df09521a85aa717680bd7660a5d,e9b2b91f215f006e
revision_dudosa,excedente por balance de clases,sano,dataset/raw/sano/sano_03141.jpg,ebd9253a6fefb06a52c68ef6248335f060ac9c45809aef2fb346378df81be3fe,e695aec01b74e907
revision_dudosa,excedente por balance de clases,sano,dataset/raw/sano/sano_12437.jpg,ebdaff7139e65deb54bbeaba75efad597717676066d3978b66e58b6fe212b092,c3e2794e42983e3b
revision_dudosa,excedente por balance de clases,sano,dataset/raw/sano/sano_04991.jpg,ec5b564bdbd5d3c5d2bb1a2eab5a38269556f4fc401a7e5a1bb93a0d82f25e67,97fa0dc7208f6554
revision_dudosa,excedente por balance de clases,sano,dataset/raw/sano/sano_04638.jpg,eceee520cf68bf25e7edc5ad313c0b2d969f67f44084b9ad23506ffd2e649968,f0d54770d55b1f20
revision_dudosa,excedente por balance de clases,sano,dataset/raw/sano/sano_00332.jpg,ed21bce6995d2fdfa6fff3c80daa041a41684f1247927ae2f762e94a72c31309,9c8e520bb6d919da
revision_dudosa,excedente por balance de clases,sano,dataset/raw/sano/sano_05453.jpg,ed36aec3f6723ff639228235924627eba95eede0c0bb6abd4275c32a9f8c3e6b,bb85f48b493e640d
revision_dudosa,excedente por balance de clases,sano,dataset/raw/sano/sano_00329.jpg,ed48d41822c3634b0bbf601f6cc0a37f2f4d8da27370aeb5332611261eb2ab48,f14e92f4cc9b2c31
revision_dudosa,excedente por balance de clases,sano,dataset/raw/sano/sano_01356.jpg,ed562e0836c9685919286de69bbca2f3ff506f635720bde03e6643fd57c17e99,8ed6cec28692c8d7
revision_dudosa,excedente por balance de clases,sano,dataset/raw/sano/sano_02080.jpg,edc2555d37d94d0a08d15a9b74927e8f8e6a8d780211d0941d5720949f32810f,c4b34287a4f5b0ed
revision_dudosa,excedente por balance de clases,sano,dataset/raw/sano/sano_08770.jpg,edc887bff74f9bd82b9ee4275930013da23731b37e537e28d791c4b4ad025195,f09e8741cd5cb878
revision_dudosa,excedente por balance de clases,sano,dataset/raw/sano/sano_05794.jpg,ee06a09e7b26415de7e80ddbbaa17e652a3d8b70b1c2bb2f077e8bfb866a4b07,eec9943d8b6248e3
revision_dudosa,excedente por balance de clases,sano,dataset/raw/sano/sano_01514.jpg,ee076a35e85639b5505df0c114991c1409f10adb309787bcbe244495f298bf79,92db33b87a9038ce
revision_dudosa,excedente por balance de clases,sano,dataset/raw/sano/sano_00578.jpg,ee13ca6fddb839427b0d66009781ce1e485238dfcc7abf36af1281b80a11afbe,b645ab3e99a84333
revision_dudosa,excedente por balance de clases,sano,dataset/raw/sano/sano_01369.jpg,ee645d349c3e9125435e7ea40a813e16dff22c9ddc00b81d5eddf4438590c139,9b5b4b3fac203d14
revision_dudosa,excedente por balance de clases,sano,dataset/raw/sano/sano_05345.jpg,eea813ddd43d9ff0061076ba086a5b453db3eaefab918e338e9a652bcede1931,938c419b3cd33fa1
revision_dudosa,excedente por balance de clases,sano,dataset/raw/sano/sano_03838.jpg,eead6b1ce219516a8ae04d615094758c1b6be1f83785d261c61ecff56e402046,ea959ac544abb554
revision_dudosa,excedente por balance de clases,sano,dataset/raw/sano/sano_02635.jpg,eecc65afcede5858b9843284338217c5c9689a11f3c9c3a18240b29c19683c70,ff21a0bea2d4056d
revision_dudosa,excedente por balance de clases,sano,dataset/raw/sano/sano_08072.jpg,eecdd73edff9583983cc8965ffd5ac49a6c523a7a2a4dade6a8f2a959e47020b,b544d31b8927c96b
revision_dudosa,excedente por balance de clases,sano,dataset/raw/sano/sano_12475.jpg,eedc27887d7f4ceb71db3d299529268d7ce6f1045eaa43a262fceb7003134643,a426c7d0ced23acd
revision_dudosa,excedente por balance de clases,sano,dataset/raw/sano/sano_00060.jpg,eef415ba116533d95223c30e764d14d1131f570d0d6f7024ccf44b0e1befce2a,979d6a5a31656c38
revision_dudosa,excedente por balance de clases,sano,dataset/raw/sano/sano_02200.jpg,eefb96d389979af655fd6f4bdbde9b0b2cf13cd2847ba00cc7806cfc5d0a97e7,87b98316fc0ef207
revision_dudosa,excedente por balance de clases,sano,dataset/raw/sano/sano_01993.jpg,ef19b7ea7504392d54f73a7609d4b18e5a18254dbca966a551b1924754d31201,818f1f177d56650c
revision_dudosa,excedente por balance de clases,sano,dataset/raw/sano/sano_04294.jpg,efbc28bd24814dbf8463d55b055a0500f8efee17061eb2851e047e8811456e76,e816c14ab6e39e72
revision_dudosa,excedente por balance de clases,sano,dataset/raw/sano/sano_01916.jpg,efc43d3c27b34b8a8919ebdd020d232b2e8754498aee43c4f81c68671b2dbec7,9e7739998f98c8a0
revision_dudosa,excedente por balance de clases,sano,dataset/raw/sano/sano_01283.jpg,f0b1d714cb3dcba919f2cf8a97d23a646b536ce269ae7c7046b04959e392ee18,94a635dd432bec25
revision_dudosa,excedente por balance de clases,sano,dataset/raw/sano/sano_03584.jpg,f0e15ad31fd1c31b0aa2a1ee5cf9fdad58644fa3d93b2c175ebbd2ac14d81d86,f84b16764d3fc08c
revision_dudosa,excedente por balance de clases,sano,dataset/raw/sano/sano_12500.jpg,f0ed9e7c4752c95e417a6a38406f2956b01e4db7fa10c5dd39da6c8b19acc0fc,f8f18b06f5197624
revision_dudosa,excedente por balance de clases,sano,dataset/raw/sano/sano_05127.jpg,f1086599d58d9ff19d9c485464ae5ac8d02bd37d6aa063d64c54f3a06f6008a0,f45a0aaf5bf024ca
revision_dudosa,excedente por balance de clases,sano,dataset/raw/sano/sano_01790.jpg,f12d43074f7183ddc88b34cba1ac44343829100d6c4bcf58ac141458441afb9a,ca0db547c91e8573
revision_dudosa,excedente por balance de clases,sano,dataset/raw/sano/sano_10220.jpg,f1929b31819eb1a3918a67b4aa9a18860faee2b4a108ac15c0c421ab74c36b22,a2248dcc30af6fce
revision_dudosa,excedente por balance de clases,sano,dataset/raw/sano/sano_04150.jpg,f1996885df6d058966fbb8b617b581208f4442db175924117cc4904f6b1493e3,9b643c96c369364d
revision_dudosa,excedente por balance de clases,sano,dataset/raw/sano/sano_03855.jpg,f19bcd81ad8aebafcf23650973fb4f84429bda83b4a94bdb9b88594dba7d65dd,e8639338a596c673
revision_dudosa,excedente por balance de clases,sano,dataset/raw/sano/sano_00501.jpg,f1a9bb18f0be52a990f5f622738769e290d8837baab5c78e1963e2dcd46d84a0,a6dad2104793f574
revision_dudosa,excedente por balance de clases,sano,dataset/raw/sano/sano_04816.jpg,f1b25cb2dcdd5ad161624e62707000834baed93cf41a0d541f52292842215422,d8fd2ee0e6e1d003
revision_dudosa,excedente por balance de clases,sano,dataset/raw/sano/sano_06768.jpg,f1df90bc61f0ec190beda3448272cdc60bb9f5ba4707c73b5f616cfa41f48f13,8ab1b388d6b3c86d
revision_dudosa,excedente por balance de clases,sano,dataset/raw/sano/sano_12544.jpg,f1e2c45914e8ccd32290fa13ed04c4ac2ed2748c796212a90b14cfbc1969a87f,fab9c290ad46ed05
revision_dudosa,excedente por balance de clases,sano,dataset/raw/sano/sano_02528.jpg,f245c4fc64cec08cbc0176ec6a560a6ad96a2420cf578433ff847a288fc7c71c,fe9495149153daca
revision_dudosa,excedente por balance de clases,sano,dataset/raw/sano/sano_12442.jpg,f27218aee2ddadf460537a9aeff0d0250b44443001e566977ae2cf2cc0ad1da9,bec6739744584d29
revision_dudosa,excedente por balance de clases,sano,dataset/raw/sano/sano_12554.jpg,f27c3cce30ee36be41d1f635e2521a87ebc3037f1fcd739757f20114205179af,eda0c40da56dcb74
revision_dudosa,excedente por balance de clases,sano,dataset/raw/sano/sano_06430.jpg,f30a6a4fbb5f101345bd1da3c48ad010da500e27606676c30cb1afa6360890e9,ddf222dc7649a036
revision_dudosa,excedente por balance de clases,sano,dataset/raw/sano/sano_03971.jpg,f344fffd5891555dc7e6b3e5379f2d4fd036d2abd617a4e0a65be6d6b25605a8,a3dc91a5fac25c62
revision_dudosa,excedente por balance de clases,sano,dataset/raw/sano/sano_00083.jpg,f37fcfa9c7101db801263b94df11a8f758f9ad414f56a5a67e503ba97a5f1dc3,f9d4086f28593aab
revision_dudosa,excedente por balance de clases,sano,dataset/raw/sano/sano_00805.jpg,f3965b935d7862de9f0ae2252eadc50b619760079ef781417cf64e501d87bac1,f8c344e456ea2d5a
revision_dudosa,excedente por balance de clases,sano,dataset/raw/sano/sano_12493.jpg,f39dd6b1d0e5a479ace9dd77fa88a9732116096de2d4190be1a20621bd1d87c8,f711a5f6a90fc038
revision_dudosa,excedente por balance de clases,sano,dataset/raw/sano/sano_06302.jpg,f3c7d1188ccf4767043c4e036085eff1a85d75d97fb64bb038c44d431dc21379,fa33e2588d6aeb01
revision_dudosa,excedente por balance de clases,sano,dataset/raw/sano/sano_12476.jpg,f3db635bf2b4849e2cc03e6c3031b947be33cd0ae8fa37e47e86925d011fcd8a,c32e3521623d6d8f
revision_dudosa,excedente por balance de clases,sano,dataset/raw/sano/sano_02582.jpg,f3e4604ad7448a2844a002cc8ed8e1323954fa50d566cb592ae2f3fa1f59ae04,af72336d07c54076
revision_dudosa,excedente por balance de clases,sano,dataset/raw/sano/sano_00123.jpg,f45e2584790df762cdf809e6f4f42c3bb02d34e87ed7cdfcdabaed79118e14ea,bf8995fbcc0c3890
revision_dudosa,excedente por balance de clases,sano,dataset/raw/sano/sano_02920.jpg,f46bb853a0f6ffa256fa403ad25e3718361415a827ace9ed12113b2c61c595e8,94bc078f88f1b393
revision_dudosa,excedente por balance de clases,sano,dataset/raw/sano/sano_01752.jpg,f4e49fe61cfc5b109935241eab33138d895fbad58555323b6d77d06bf61048a6,92cc7988e3b49b72
revision_dudosa,excedente por balance de clases,sano,dataset/raw/sano/sano_01143.jpg,f5633923c4b9fe396fab3b67acc2becd38e9d0dee7f3e71183c4cfda9cefff87,97107aa535fcca46
revision_dudosa,excedente por balance de clases,sano,dataset/raw/sano/sano_01979.jpg,f56b82de1ea99c6ab3ff7b2f92f76d925fb956f86d21532095dddd9cc779bd82,a35476b4954b1c97
revision_dudosa,excedente por balance de clases,sano,dataset/raw/sano/sano_12504.jpg,f56ce97584a68f8c05ad7d5bff4a9461b8ba40b729c5ecc48c14c16ec8dacdcb,caaadc5e05607eb8
revision_dudosa,excedente por balance de clases,sano,dataset/raw/sano/sano_12512.jpg,f5ba9bf7e349d4f48682f9be0aa6dcd4c1f236f1e195220d6a8b0a46eb99f53d,b5e80cc7e091e6dc
revision_dudosa,excedente por balance de clases,sano,dataset/raw/sano/sano_04040.jpg,f5bee19be7098bcd460c4433137d367efd30997fe439921c2335940ac41792ef,a6489ce28b34f59b
revision_dudosa,excedente por balance de clases,sano,dataset/raw/sano/sano_01837.jpg,f5c36185e316bca7e9b22bbf36a740be1acf88297ac1e73afae0c6f3fe66d4e8,d36768cf6538c252
revision_dudosa,excedente por balance de clases,sano,dataset/raw/sano/sano_01489.jpg,f5f02ce8a276a413ca31e9a413a28f64b46745e8c994ffe5e6f8c60cb6dc6691,97c03b6fd3889c07
revision_dudosa,excedente por balance de clases,sano,dataset/raw/sano/sano_00308.jpg,f645df8ff7eed3adcb14cd06c6249094fdac36829f913d2d4efa95d1540c568a,841675e8cd16f732
revision_dudosa,excedente por balance de clases,sano,dataset/raw/sano/sano_01383.jpg,f67deaf4cea8a6ea12ea00728dff7f013da8c38cd60c3ea813a4b6cc922bf6b7,cb0731c06ffb063c
revision_dudosa,excedente por balance de clases,sano,dataset/raw/sano/sano_04534.jpg,f6a5a6e2dffed78d337f2fe7a31f968528263c8bf7ff549d7f3861e2d8a9a6c3,c1ad256136e31ec7
revision_dudosa,excedente por balance de clases,sano,dataset/raw/sano/sano_02065.jpg,f6b88b7bd9c98c66b813a02fe68fe67bca8a1cb76d0f2964770e56db1f17bd8e,d1600fc2cdb38cf6
revision_dudosa,excedente por balance de clases,sano,dataset/raw/sano/sano_01046.jpg,f794b425c449f58e1f6d237b3529042ad5794770e15ed80c340757b78e3e1e40,d3043273e561a9ee
revision_dudosa,excedente por balance de clases,sano,dataset/raw/sano/sano_05668.jpg,f82cf7e2a225321dfe03751a8a2eb19b44e742fdf3200255a1a5f851c1ce1f07,e90db4529962a75b
revision_dudosa,excedente por balance de clases,sano,dataset/raw/sano/sano_12489.jpg,f83969b8d0bee01657a8efe6a43360d41c893da792472ff28a4f1e6a4066978a,a33c5a27f09ee388
revision_dudosa,excedente por balance de clases,sano,dataset/raw/sano/sano_02330.jpg,f866e3b3bab6468f42b28aa38c14ad1287eb3750374720c7093a5ce3f586b0e5,b223cd98344de3b3
revision_dudosa,excedente por balance de clases,sano,dataset/raw/sano/sano_01445.jpg,f88b024a3629d1f01767942f0cfa30197330d7e6837a87edac52f18462f8dc61,d5d1950b23c8b53e
revision_dudosa,excedente por balance de clases,sano,dataset/raw/sano/sano_05631.jpg,f9925b7a2f42d7a15001b9960b09d30ecad2049a327bed2d6e8640139546302d,a608db4f5df48516
revision_dudosa,excedente por balance de clases,sano,dataset/raw/sano/sano_12464.jpg,f9be32c49e25ba90a71e7b6fdbff98645387db69942e84f55f2a1c225cb5f7b9,fe02443fcaf8c295
revision_dudosa,excedente por balance de clases,sano,dataset/raw/sano/sano_06495.jpg,fa00bc70f285d8499718e18e5ed2a8e0aa9f59566cecabc796c4aee29cef216a,cc1b92fcc95ea4a1
revision_dudosa,excedente por balance de clases,sano,dataset/raw/sano/sano_01890.jpg,fa55f5b3f07ed6fd99d08e4f507c90fa2c77b7b35afece27e959203b9ba191b9,f4ac5ae51b48fb20
revision_dudosa,excedente por balance de clases,sano,dataset/raw/sano/sano_00468.jpg,fad8ea72e8f2421e8e1a14d30b02a00c9e97ee2b95b56c464104d7c7df66f89f,cf803155a2abb357
revision_dudosa,excedente por balance de clases,sano,dataset/raw/sano/sano_02532.jpg,faf0e1427159d7935a068f12bbbe5fa45e1049f796fc173f5c418f103af73bc7,c0616c9c93cf6c1f
revision_dudosa,excedente por balance de clases,sano,dataset/raw/sano/sano_07819.jpg,fb435b152f1af6a7c2a2785acba0daa1609989eeef197b281c1a53652bb29b47,a21f73748b09cbb2
revision_dudosa,excedente por balance de clases,sano,dataset/raw/sano/sano_01310.jpg,fb6bf9b9a86f5b7802f9dc86869257e23240bf766e026c5b0391fb5f4db7eeb7,cb9b38fac9d84544
revision_dudosa,excedente por balance de clases,sano,dataset/raw/sano/sano_05698.jpg,fbec950b034a3604fc131a54df1d17e260391b621ded05fb655a69e6de334732,b2058f3be55a1b13
revision_dudosa,excedente por balance de clases,sano,dataset/raw/sano/sano_12454.jpg,fc0cbde908dbd3c075a40d87dbd944e6117ffd19ef5b9983c55bdd92882ecf74,9f108db69e89741b
revision_dudosa,excedente por balance de clases,sano,dataset/raw/sano/sano_01629.jpg,fcd3ed7aafe950465c3230ea52e3a6f60cd88c824e62403b3f7129f9f3469b16,f9d054cfda534360
revision_dudosa,excedente por balance de clases,sano,dataset/raw/sano/sano_12410.jpg,fcd5211e1fcbb4df87c3a432bb54571e624937079e3620f1f221c6bd8faf4c80,e53d8cc073bb8e82
revision_dudosa,excedente por balance de clases,sano,dataset/raw/sano/sano_05231.jpg,fce3daf671ded89911d332d4e32346dfc71f9c0df8ae42ffab17bb13d0d2f168,8b4f24dab6e69560
revision_dudosa,excedente por balance de clases,sano,dataset/raw/sano/sano_06095.jpg,fd352b3deeb421b71419089b136095229d0d939937e343d926513f1024692801,e99e3434673486d3
revision_dudosa,excedente por balance de clases,sano,dataset/raw/sano/sano_01477.jpg,fd6b57514ba4b3e42be5814ba1ba2f27d7e7ee2d6815d8724e73f992e6b6ba3b,81a1577ee6d2e429
revision_dudosa,excedente por balance de clases,sano,dataset/raw/sano/sano_01329.jpg,fd9df99e496ef892de962e476387f163e5fd210e1ed95df9af6ed2bb3667f9be,f78b140e9946ae53
revision_dudosa,excedente por balance de clases,sano,dataset/raw/sano/sano_00113.jpg,fdcf2381f2e44b558c1d3bb33fad6d76dd283d9f18d869d55f7254ea6ce4b372,8bab922b6e964a27
revision_dudosa,excedente por balance de clases,sano,dataset/raw/sano/sano_02539.jpg,fe93048fdaf652d98907f9b162c8e3bfcdda308ab231587d7e99b0a7d32c0639,afc0d02b2ff075c1
revision_dudosa,excedente por balance de clases,sano,dataset/raw/sano/sano_12551.jpg,ffd831794e31fd8bf16fe57b46ab1d0a13d5aa9fcac66de0f97cec649d1519d0,c2d8b5bf4633ac0c
revision_dudosa,excedente por balance de clases,sano,dataset/raw/sano/sano_02329.jpg,ffe4f9f10b5d38123189e86273b08cfb8953f463020e7edb657d542945b011d4,8d15a163eb2da92b
revision_dudosa,excedente por balance de clases,sano,dataset/raw/sano/sano_08928.jpg,ffe74d12b2d85fff53726e606821d5a681148c4823afd29a0c3230c6b248bb30,831d782e6e0e63e6
revision_dudosa,excedente por balance de clases,sano,dataset/raw/sano/sano_00121.jpg,fff6d5568502fcccc4f5b4899574bffd37377cb91f320f53cbbf5cb181ebc989,d08997ee8f9d8035
revision_dudosa,excedente por balance de clases,sano,dataset/raw/sano/sano_01014.jpg,fff84a6d7f405db3a5282a473e49ac7a98fb83049d1a501a6d1c162ad47f29dc,916e2f97c07b264c
revision_dudosa,excedente por balance de clases,sano,dataset/raw/sano/sano_10939.jpg,fff8e48c10aa47dd77a73f8732e62f336c99293fe201e72ca6cb64e13a996440,d398bc6754e0e84b
