split,clase,path,name,suffix,size_bytes,width,height,mode,sha256,phash,readable,error
train,atencion,dataset_curado_v3/train/atencion/atencion_00043.jpg,atencion_00043.jpg,.jpg,32367,224,224,RGB,944612659e86d9e0968c09dd08c2aef806bc739d7206b8840f3ef01d8c5ace47,eafb2c4632d8c585,True,
train,atencion,dataset_curado_v3/train/atencion/atencion_00044.jpg,atencion_00044.jpg,.jpg,33735,224,224,RGB,60c64f9a31ca72c1f07476ee8a2508c8d69b8df4fd248b7dd3d78819a7f65d81,95d54e2b8dc4e616,True,
train,atencion,dataset_curado_v3/train/atencion/atencion_00049.jpg,atencion_00049.jpg,.jpg,36349,224,224,RGB,43dc90e0eb185625ae253075d11991cd1f86c1304f374f03b424c2af9e4dca71,a358f40b6592db2d,True,
train,atencion,dataset_curado_v3/train/atencion/atencion_00057.jpg,atencion_00057.jpg,.jpg,28710,224,224,RGB,72c450d286e7be8f31b03abd1376b6a07ab43713957b211d991f0df8c82f1fed,c10b323ecc971f6a,True,
train,atencion,dataset_curado_v3/train/atencion/atencion_00068.jpg,atencion_00068.jpg,.jpg,33449,224,224,RGB,60cf148449438f4d09c650b4f48d5fbc49af546dae21ad393f5aa6770622f76f,ae9ad5a0df909e11,True,
train,atencion,dataset_curado_v3/train/atencion/atencion_00077.jpg,atencion_00077.jpg,.jpg,17176,224,224,RGB,8d429d8bd26a8509e58756f2d8993aa420e4a9c7b5c46dfc85b06b63a55ada4f,8cd136267bc6c9ca,True,
train,atencion,dataset_curado_v3/train/atencion/atencion_00098.jpg,atencion_00098.jpg,.jpg,34755,224,224,RGB,86044ec32733fba09bf8ede376ba338e182f9d382a2c190219494b4cc2b9b3fe,d0c0def1d26a43d9,True,
train,atencion,dataset_curado_v3/train/atencion/atencion_00148.jpg,atencion_00148.jpg,.jpg,21902,224,224,RGB,ae7d62db168a63814a1ce9c9a9255941d9a3e88c944f67fa627096f38c9f1ae7,8a59fa32b806f31d,True,
train,atencion,dataset_curado_v3/train/atencion/atencion_00151.jpg,atencion_00151.jpg,.jpg,25183,224,224,RGB,82efd0eba7133041c4afc866c69225949c10941434bda83318fcc227fe27dfc5,df8166be93802dc3,True,
train,atencion,dataset_curado_v3/train/atencion/atencion_00167.jpg,atencion_00167.jpg,.jpg,18254,224,224,RGB,aff5f6865ebc1251beb395b8f6b352b01f0abefab9c5b2ff348ad5366afd1664,b98dc63d84b2e538,True,
train,atencion,dataset_curado_v3/train/atencion/atencion_00179.jpg,atencion_00179.jpg,.jpg,22836,224,224,RGB,8b922df225071edc2ca4d534a6c4173b38852e4efe5057da06b65c55921fce89,cb746c3865939a5c,True,
train,atencion,dataset_curado_v3/train/atencion/atencion_00205.jpg,atencion_00205.jpg,.jpg,29735,224,224,RGB,469794880daebedfbd68ae6e527cfff824bca3bc693cfc94b8d1a9713ade88f9,ae9d13a658dc8e2a,True,
train,atencion,dataset_curado_v3/train/atencion/atencion_00234.jpg,atencion_00234.jpg,.jpg,24536,224,224,RGB,46b38a60d3b8693fe9a6db371ef80ba0eb16b877867040d38b9c3b23080dae42,b20f89d63ed87027,True,
train,atencion,dataset_curado_v3/train/atencion/atencion_00254.jpg,atencion_00254.jpg,.jpg,21078,224,224,RGB,074ccfd7023aae0b2092cb9508ce22e635cd216bfff67b3091e98f0a117179a2,c38dbe33d174c948,True,
train,atencion,dataset_curado_v3/train/atencion/atencion_00280.jpg,atencion_00280.jpg,.jpg,30709,224,224,RGB,0018cdb58121ea7395a9162704ead00a8d33d19ee1ac2fcd7b3723b761492d91,e61844ecc3f9f095,True,
train,atencion,dataset_curado_v3/train/atencion/atencion_00287.jpg,atencion_00287.jpg,.jpg,33570,224,224,RGB,63ed8f2c5ccdd6a018d669595ef0d3b9429b488d05faaee4b9b7f3a79bc543e6,d5d6cc235ad8a64c,True,
train,atencion,dataset_curado_v3/train/atencion/atencion_00301.jpg,atencion_00301.jpg,.jpg,34095,224,224,RGB,4599ac1332b048cf1dce2ba466806ee5ab0accd948c48f3ee5128136bebd8d9d,d357bc15a551e107,True,
train,atencion,dataset_curado_v3/train/atencion/atencion_00310.jpg,atencion_00310.jpg,.jpg,27006,224,224,RGB,993e7e6a09b3040739ddd0648c199336b8a24e9f142adc7cac3ea070882c1875,a9d2d401da3de68b,True,
train,atencion,dataset_curado_v3/train/atencion/atencion_00311.jpg,atencion_00311.jpg,.jpg,17097,224,224,RGB,aea39dcc2735e38765563038d8dbb8d831cf2292ca23ba90d9dab43ec21cf9a4,89c23db482dae86f,True,
train,atencion,dataset_curado_v3/train/atencion/atencion_00319.jpg,atencion_00319.jpg,.jpg,27150,224,224,RGB,0e956569773fef27fbca548a7137b527035270cd614ac06c89fa97bb6a3872c8,f6b6e6a1607159c1,True,
train,atencion,dataset_curado_v3/train/atencion/atencion_00336.jpg,atencion_00336.jpg,.jpg,23875,224,224,RGB,6c4c88e081105283ef65dcca6a5263f0455ee05680c9cd7eb08dd4d5761b71e6,89ded66ef298202b,True,
train,atencion,dataset_curado_v3/train/atencion/atencion_00343.jpg,atencion_00343.jpg,.jpg,10579,224,224,RGB,44217c453e4c788ce64f169ee0796a60970327c5f3b7917c1f3a373cffd5c971,ea95846e33936c3c,True,
train,atencion,dataset_curado_v3/train/atencion/atencion_00345.jpg,atencion_00345.jpg,.jpg,25687,224,224,RGB,82474248008e7939bf4ad206f90534b8008bfa38c1406f0d312aea5cbdac2124,faba6b433290b0ec,True,
train,atencion,dataset_curado_v3/train/atencion/atencion_00358.jpg,atencion_00358.jpg,.jpg,19057,224,224,RGB,71da12a036d631f43bef88fba00eacc42bdc9a5b354e9f8e0c1e48df4bbe2cb9,b95b12750cec1ae3,True,
train,atencion,dataset_curado_v3/train/atencion/atencion_00373.jpg,atencion_00373.jpg,.jpg,25001,224,224,RGB,645b56b75a6bc89bbcd53acf28d8cdd3250988fd41ceeeee8633ca05e2cb67a7,ca34249acaddad65,True,
train,atencion,dataset_curado_v3/train/atencion/atencion_00375.jpg,atencion_00375.jpg,.jpg,21969,224,224,RGB,8f0e02dab385b532d961c07e069b4ab977170885c8776939b07e18d21398c91b,81cbde0628a1e7ee,True,
train,atencion,dataset_curado_v3/train/atencion/atencion_00393.jpg,atencion_00393.jpg,.jpg,40403,224,224,RGB,491b7205e2a68feba87f02aaaa71d7395f20769a261bebfd19b4b3bcc092ddfb,a6078476b33ae55a,True,
train,atencion,dataset_curado_v3/train/atencion/atencion_00394.jpg,atencion_00394.jpg,.jpg,15096,224,224,RGB,2036ff6d987ad2177086ecd5f65032c4d1093d653df3e5951eed99f472008938,fbb78c0ce34ec148,True,
train,atencion,dataset_curado_v3/train/atencion/atencion_00409.jpg,atencion_00409.jpg,.jpg,16133,224,224,RGB,a6c823944d3faf8f472656f5d4e7e50d508de0721bffd18931a549198419bb8d,b9964b8669966987,True,
train,atencion,dataset_curado_v3/train/atencion/atencion_00433.jpg,atencion_00433.jpg,.jpg,22805,224,224,RGB,61b26bd764267936fe90ec5a9b05f1daeaf93f6ef6d25620e76ac0d74ea85d99,f0be090f8103ffb1,True,
train,atencion,dataset_curado_v3/train/atencion/atencion_00461.jpg,atencion_00461.jpg,.jpg,34391,224,224,RGB,4f61bc4d67644d75e56d37f716b9f4814da74abb25c84e1ca8ae6afa503b94ac,98fb21c6f13423b5,True,
train,atencion,dataset_curado_v3/train/atencion/atencion_00462.jpg,atencion_00462.jpg,.jpg,25077,224,224,RGB,70a7350cc31b567af03bfdbd9902e93a72c167f25f1f116c1a7fdeb63eb82e87,dd1fa3629c40bc3c,True,
train,atencion,dataset_curado_v3/train/atencion/atencion_00466.jpg,atencion_00466.jpg,.jpg,28222,224,224,RGB,51ca8e8cbdc30ad91a16b131cdf029e84b9c87085f79c717fde6cab1249a11b6,93c473d2ed1ec416,True,
train,atencion,dataset_curado_v3/train/atencion/atencion_00480.jpg,atencion_00480.jpg,.jpg,20527,224,224,RGB,708b0b9e55e047ba3b35b926647cddb1c79e3208afb2f23221be7fbc319eb600,a17c9ef3390c7c60,True,
train,atencion,dataset_curado_v3/train/atencion/atencion_00484.jpg,atencion_00484.jpg,.jpg,18855,224,224,RGB,8c1e5d2850b9812df3e491412760a8fd12b094787635a31837c86eb4b626230d,a2b4964a8b7dd92c,True,
train,atencion,dataset_curado_v3/train/atencion/atencion_00529.jpg,atencion_00529.jpg,.jpg,21573,224,224,RGB,868e902281a477203c4ac0422d40b3c59b299eef91fbe24778df052b6f7ac0bd,9b8571e848d26ce7,True,
train,atencion,dataset_curado_v3/train/atencion/atencion_00534.jpg,atencion_00534.jpg,.jpg,22521,224,224,RGB,191612c1b5dd3efaaa2c01f9e60474a8f966d0db5fb318d1655ceea249f94070,bf60a11d975ae807,True,
train,atencion,dataset_curado_v3/train/atencion/atencion_00563.jpg,atencion_00563.jpg,.jpg,30268,224,224,RGB,1bf4148ea0b3c83fce8b37bc0a8c882c28affa45f56cf1876fcbbf96e04ac8af,d90ee662e553a643,True,
train,atencion,dataset_curado_v3/train/atencion/atencion_00565.jpg,atencion_00565.jpg,.jpg,22760,224,224,RGB,42520355321affb48d53d28585b573903e7eeebd4649b4246425bbc544a0af70,ea9a1ce9348c2bea,True,
train,atencion,dataset_curado_v3/train/atencion/atencion_00612.jpg,atencion_00612.jpg,.jpg,35123,224,224,RGB,8868472bf580d54ea2558f204b5efb91d653d8b5a5570c65abfb3627c442be66,b5943aa55c9974aa,True,
train,atencion,dataset_curado_v3/train/atencion/atencion_00644.jpg,atencion_00644.jpg,.jpg,17108,224,224,RGB,af46e73e774d1511003dee7fd2309a8040655de475f9d76bfc545a9b35e7d98d,def1789661822e9c,True,
train,atencion,dataset_curado_v3/train/atencion/atencion_00649.jpg,atencion_00649.jpg,.jpg,24434,224,224,RGB,27a84467855de14002cd01eddcc8340dcb996ab16d81c4b24d2cd31944ade787,e5a05bc8d34ea2ab,True,
train,atencion,dataset_curado_v3/train/atencion/atencion_00654.jpg,atencion_00654.jpg,.jpg,21130,224,224,RGB,7ea3f0c874de41fa7b3b02a6050390619e365e07d94e1a724ec98403e4b01ccb,9aa75837287a14f6,True,
train,atencion,dataset_curado_v3/train/atencion/atencion_00655.jpg,atencion_00655.jpg,.jpg,25492,224,224,RGB,87825fbd7336572a6a7571533ca649e89f26fe06689c9cf7665a2713712a1abb,93f019beb10ca579,True,
train,atencion,dataset_curado_v3/train/atencion/atencion_00669.jpg,atencion_00669.jpg,.jpg,23603,224,224,RGB,867e4770eb5286c280164c3a6e95f3aaac7d4d58f74f4659fb285845065d81f0,91066b2da4f2bec5,True,
train,atencion,dataset_curado_v3/train/atencion/atencion_00675.jpg,atencion_00675.jpg,.jpg,24122,224,224,RGB,6c34f835c41a48d49d7787c724e85ffe1a97efc6f5aff50f451f476116dfbc9d,f9118556b5599533,True,
train,atencion,dataset_curado_v3/train/atencion/atencion_00676.jpg,atencion_00676.jpg,.jpg,23159,224,224,RGB,92871370c57ab598ff08a371590f2f71f837836e63ff344b955e318a888716f4,d634e0fd7a0707c4,True,
train,atencion,dataset_curado_v3/train/atencion/atencion_00679.jpg,atencion_00679.jpg,.jpg,21333,224,224,RGB,8002d95785a27d189d24d357ac0e623d876f1121d476cc0904d759c8799ab106,dc47b43e837aa826,True,
train,atencion,dataset_curado_v3/train/atencion/atencion_00684.jpg,atencion_00684.jpg,.jpg,38190,224,224,RGB,a340161ffa7a681a26036ec6e4f1f81795b090e473589095264016cf083dc199,f04ee701e655894f,True,
train,atencion,dataset_curado_v3/train/atencion/atencion_00690.jpg,atencion_00690.jpg,.jpg,34910,224,224,RGB,70e1036ec12c11832f0c28c63ac21d43f92b005da3fadad4c4c5f0f282c56cd3,dd092dadf4c6560c,True,
train,atencion,dataset_curado_v3/train/atencion/atencion_00695.jpg,atencion_00695.jpg,.jpg,30104,224,224,RGB,4f85b182dce72993e93334f84481ae83c87df7e995489340a5f30e3d80df4daf,f5c5a98144e971da,True,
train,atencion,dataset_curado_v3/train/atencion/atencion_00722.jpg,atencion_00722.jpg,.jpg,32968,224,224,RGB,7bd162efc07752878253b998614728242b73aacc9eda41b49db5a13127b6af31,c07a664936e22fb9,True,
train,atencion,dataset_curado_v3/train/atencion/atencion_00727.jpg,atencion_00727.jpg,.jpg,16032,224,224,RGB,6fe0432034f96a6023b4368751782db882d28ba894e388e0d7711301d09af748,914ebd2051a66de7,True,
train,atencion,dataset_curado_v3/train/atencion/atencion_00728.jpg,atencion_00728.jpg,.jpg,26701,224,224,RGB,2620077217abd738d2b39fb06a421fac7bd9f41b1e117c2648225e4c6fb02513,8c387334e2c75e72,True,
train,atencion,dataset_curado_v3/train/atencion/atencion_00739.jpg,atencion_00739.jpg,.jpg,38036,224,224,RGB,980e2ba2b42a5911fdac417c533dc825336e5befda6b1f2e2be4ee4169004ad8,ea162b9667e8c3c8,True,
train,atencion,dataset_curado_v3/train/atencion/atencion_00760.jpg,atencion_00760.jpg,.jpg,29715,224,224,RGB,3f3a476881724628ff02676a74853f577a27b29061a9740fbb44bc5af1395cab,8f9d7396d3728441,True,
train,atencion,dataset_curado_v3/train/atencion/atencion_00768.jpg,atencion_00768.jpg,.jpg,31358,224,224,RGB,50ad015d7f42ed52a57c039c449774287809d925fdc7cda95664611d4d464027,c3bde60178f2a598,True,
train,atencion,dataset_curado_v3/train/atencion/atencion_00854.jpg,atencion_00854.jpg,.jpg,26621,224,224,RGB,1eed24f9d3de506cc09e90eae9c0ad4fbb947a3997f1465e60eeda0648cf9bd4,bdf610264bc9768c,True,
train,atencion,dataset_curado_v3/train/atencion/atencion_00979.jpg,atencion_00979.jpg,.jpg,33524,224,224,RGB,5b3d07dca6f7c5866c215450311cd9dc601016c47a4abae7c632854c263add29,ec2fa3874ea8a4e1,True,
train,atencion,dataset_curado_v3/train/atencion/atencion_01072.jpg,atencion_01072.jpg,.jpg,29945,224,224,RGB,ab60a8835edc699558c88e23bc6291e32d636aa82231fb16f6c18c779a2673da,d8a44f8df08bac8b,True,
train,atencion,dataset_curado_v3/train/atencion/atencion_01077.jpg,atencion_01077.jpg,.jpg,36609,224,224,RGB,30bbee419973e817c48e920a8d51a31c6c3558d27e14139d859391086d36ef09,cfa824f632d2a65c,True,
train,atencion,dataset_curado_v3/train/atencion/atencion_01099.jpg,atencion_01099.jpg,.jpg,30648,224,224,RGB,08fc774e7fad572467a477d8f8c11b656e9ebc68a0311e8fee9cbf93c60bd8de,f2ad8cd910e8a774,True,
train,atencion,dataset_curado_v3/train/atencion/atencion_01107.jpg,atencion_01107.jpg,.jpg,24877,224,224,RGB,646cf2a8438c1e7ae77f3cb603a51bf275e523aa72e37f0f567692429eaacf58,d75819fe9a12d01b,True,
train,atencion,dataset_curado_v3/train/atencion/atencion_01138.jpg,atencion_01138.jpg,.jpg,23363,224,224,RGB,018e8b3dfb7d8f99d5924882444230226f8c813699bbcc34b11f35edaa504b09,d8ed77320be42e22,True,
train,atencion,dataset_curado_v3/train/atencion/atencion_01151.jpg,atencion_01151.jpg,.jpg,7962,276,183,RGB,2b95495e6ffb04b45b1843ecb7d3223b4789f073d8f3e9434a0e8d53acccbfe9,84f17c52b26edaa4,True,
train,atencion,dataset_curado_v3/train/atencion/atencion_01162.jpg,atencion_01162.jpg,.jpg,12774,225,225,RGB,1d625c8131ae49f50356c9f1c8bab246e17c49a467d3c886ebd39d5d34aee684,dd022cce6fb74146,True,
train,atencion,dataset_curado_v3/train/atencion/atencion_01188.jpg,atencion_01188.jpg,.jpg,9358,268,188,RGB,135a3ea54ddf8ef2fc025b0054bf4d075fe1785bc8de295fe3e97c81c3479b4c,8789ae57f013cb46,True,
train,atencion,dataset_curado_v3/train/atencion/atencion_01192.jpg,atencion_01192.jpg,.jpg,6944,259,194,RGB,63d341e471c6e63243cf08c1f451735e717336b08a399321b1f35166075763dc,b5c1da5a5aa529a9,True,
train,atencion,dataset_curado_v3/train/atencion/atencion_01194.jpg,atencion_01194.jpg,.jpg,5562,194,259,RGB,640ff8a806ab7045b844c6777b734ee54fb3e5fb9fc94230abf80e0e0bccd637,b391d10dd52cc9b6,True,
train,atencion,dataset_curado_v3/train/atencion/atencion_01204.jpg,atencion_01204.jpg,.jpg,13457,183,275,RGB,14aa702074a632097fdfb0ba27bc965c7fe0c7bcb6477de8993d87bf01e08fc6,b358ad27822b25fa,True,
train,atencion,dataset_curado_v3/train/atencion/atencion_01217.jpg,atencion_01217.jpg,.jpg,8826,194,259,RGB,3586a0ab0ecd9aac7f73cb360da0628a5deb6844e6ebddbc44b75ddc7f2bc327,913b78e02fac2cb5,True,
train,atencion,dataset_curado_v3/train/atencion/atencion_01218.jpg,atencion_01218.jpg,.jpg,14300,267,189,RGB,b2bfd069e162ed8a0180699e8a3dab50fa004337f729a89ddd98c20b80a93d0e,88516eca3d359753,True,
train,atencion,dataset_curado_v3/train/atencion/atencion_01226.jpg,atencion_01226.jpg,.jpg,9192,262,192,RGB,35605f20fb5ec4d446d20330b06fcfc8fa67b834ca9688e6a5e59a699cfa92f4,96d0789f71b452a6,True,
train,atencion,dataset_curado_v3/train/atencion/atencion_01240.jpg,atencion_01240.jpg,.jpg,7315,259,194,RGB,320ec6ca844632a4d1e6f9383278bd085ccc5a90b57c0d03e38f87c58242f5e9,d3b3541fa829c437,True,
train,atencion,dataset_curado_v3/train/atencion/atencion_01241.jpg,atencion_01241.jpg,.jpg,66552,237,300,RGB,0911fd55eba1123350f458d1464475d4545ac611ab09ef5122a30fa21958224a,b4cf9b3c312c9389,True,
train,atencion,dataset_curado_v3/train/atencion/atencion_01251.jpg,atencion_01251.jpg,.jpg,11298,224,225,RGB,72264aaf73fa5cd09694f60988395832dfa81b81f30625c8af708178b36188cc,a6f590c26e1d24bb,True,
train,atencion,dataset_curado_v3/train/atencion/atencion_01255.jpg,atencion_01255.jpg,.jpg,9526,260,194,RGB,0b2f25ad73c6449cf326c6c01a036c44df902819ae1818648c88ea043e00c138,87b837975c4848dd,True,
train,atencion,dataset_curado_v3/train/atencion/atencion_01258.jpg,atencion_01258.jpg,.jpg,8103,262,193,RGB,29def1227296520ccbaf4d126702093d3add0465228525d1965533a397d44427,bfbf1cd019817494,True,
train,atencion,dataset_curado_v3/train/atencion/atencion_01273.jpg,atencion_01273.jpg,.jpg,14819,194,259,RGB,3363a7cde301b91f181d2d7e787998e2b4bc5530479b0f26ae2773872ad78771,c8dc9b9b18646573,True,
train,atencion,dataset_curado_v3/train/atencion/atencion_01288.jpg,atencion_01288.jpg,.jpg,6216,201,250,RGB,065951edbfc73235c404cdb00e5de0a31b07d4766bb6c9fd2243b70c2c8b27be,cbf074cf9236c930,True,
train,atencion,dataset_curado_v3/train/atencion/atencion_01299.jpg,atencion_01299.jpg,.jpg,8015,275,183,RGB,0df80dcf73ee7861acbb0bad77020336f74130dde8701559e1403905a1063afd,cf8320fe4be313e0,True,
train,atencion,dataset_curado_v3/train/atencion/atencion_01303.jpg,atencion_01303.jpg,.jpg,8616,279,180,RGB,307b3e826b3cb9c2049f0fac7e205b105be45844057dae6e6efc2f1ebccb8c1f,9e98b7db500052f7,True,
train,atencion,dataset_curado_v3/train/atencion/atencion_01324.jpg,atencion_01324.jpg,.jpg,6370,208,242,RGB,2aabf75286ca9f77f98b83fef502a16469e7377992ac8536329be39cfc97eaa9,adc9d8e083278cf3,True,
train,atencion,dataset_curado_v3/train/atencion/atencion_01327.jpg,atencion_01327.jpg,.jpg,26040,450,354,RGB,b34399ab26b75d6bef1f318888461bd6e76eb50c40757455a90c2ba942c03a49,942f4657e3d545a4,True,
train,atencion,dataset_curado_v3/train/atencion/atencion_01341.jpg,atencion_01341.jpg,.jpg,14616,194,259,RGB,250a7ce761abe07b0149625cdbb716772fc050bebeb64a87494de1c030f0ed77,c38c1b9761dfd824,True,
train,atencion,dataset_curado_v3/train/atencion/atencion_01348.jpg,atencion_01348.jpg,.jpg,11353,194,259,RGB,8107f01076b85de84d4a6548140d43cc0c138727d09af4266d3e909ddab36e73,fd81244c05f5f6d8,True,
train,atencion,dataset_curado_v3/train/atencion/atencion_01359.jpg,atencion_01359.jpg,.jpg,9772,195,259,RGB,0ebddd58773985ccbc65b966caeaa4cf4b610f872e74f1cebdd6dbf44a62e429,dada75289256ce89,True,
train,atencion,dataset_curado_v3/train/atencion/atencion_01363.jpg,atencion_01363.jpg,.jpg,24092,300,300,RGB,81effba04b67b3fd8cacc9d1e335005e8156597ecd70fc7262444546f7a4dccc,e84fc27c826d06f9,True,
train,atencion,dataset_curado_v3/train/atencion/atencion_01371.jpg,atencion_01371.jpg,.jpg,8699,275,183,RGB,acd50affc2f8f2ef113b50fcffd64e33c61a86363192d1136d9b997f6b6afdc7,8396c7a0d96d2ed1,True,
train,atencion,dataset_curado_v3/train/atencion/atencion_01388.jpg,atencion_01388.jpg,.jpg,69336,1037,691,RGB,5a429eadb3ee14d80c42df64c9f9e51dfc4e43d00b539c51c90cb4fff6e8f194,be17b23b809bc386,True,
train,atencion,dataset_curado_v3/train/atencion/atencion_01393.jpg,atencion_01393.jpg,.jpg,14392,194,259,RGB,473fc05b005803d7842ad913c2959a069d42b1792ca45b20b577edd03a3c7874,e1d1f14492dbc927,True,
train,atencion,dataset_curado_v3/train/atencion/atencion_01394.jpg,atencion_01394.jpg,.jpg,8139,183,276,RGB,15f35c727f436b87df23859112a3f655927520c9d7613404679fa5bbcb6bb6d5,9d9c2d03cf50eb62,True,
train,atencion,dataset_curado_v3/train/atencion/atencion_01420.jpg,atencion_01420.jpg,.jpg,10375,225,225,RGB,75f5b95f00fda07be77ee76a4bbcd8e4e0e985070bc32fc65df9b6b407d43239,c6e1139d684c6be6,True,
train,atencion,dataset_curado_v3/train/atencion/atencion_01421.jpg,atencion_01421.jpg,.jpg,12799,194,259,RGB,70fead5042c77cf9b28d8dc3bd6c96ac13eeb8ee32aac337660ee16f3b0aecee,99874ebca31dd432,True,
train,atencion,dataset_curado_v3/train/atencion/atencion_01423.jpg,atencion_01423.jpg,.jpg,10062,269,187,RGB,56882db81a5382ab0ee14b35ae8823e6b33b9fb599180abe9b0d343994529e60,c69b3ceb90e19992,True,
train,atencion,dataset_curado_v3/train/atencion/atencion_01433.jpg,atencion_01433.jpg,.jpg,9243,275,183,RGB,4e248a4c4cf137ed50f539e566738fcccc2f95009a726163a9b2d45616da0d8f,dd87791607945c5c,True,
train,atencion,dataset_curado_v3/train/atencion/atencion_01436.jpg,atencion_01436.jpg,.jpg,10092,225,225,RGB,8282294efce334d5bc595551e1d9a3ae23acbfcbcb2af667b2e4a01521d14063,83c1c0fc5fc629d3,True,
train,atencion,dataset_curado_v3/train/atencion/atencion_01439.jpg,atencion_01439.jpg,.jpg,9158,275,183,RGB,802e2b319e5041fe724c05d1a9214fc66c3b55a411fd29374ab4397229e0b41f,cab826744b53955d,True,
train,atencion,dataset_curado_v3/train/atencion/atencion_01459.jpg,atencion_01459.jpg,.jpg,8966,275,183,RGB,9afcc4c998461ad6fe4cc9f868e16155c1070fd2edc00af995a6ec5584f70377,c7b4d04eaa85d959,True,
train,atencion,dataset_curado_v3/train/atencion/atencion_01493.jpg,atencion_01493.jpg,.jpg,10757,225,225,RGB,87241fb77e7856b174050a3f74cf66759f1ef5d083f9f9d158c57ad99935df20,eaad33e740a95c19,True,
train,atencion,dataset_curado_v3/train/atencion/atencion_01508.jpg,atencion_01508.jpg,.jpg,8312,275,183,RGB,98c448c30d194cb417ae74bc5b913098a734bf6662483a78b51170df843da134,b0fecd49420cb6f1,True,
train,atencion,dataset_curado_v3/train/atencion/atencion_01523.jpg,atencion_01523.jpg,.jpg,71553,1186,667,RGB,85da623a53bfc6fa63c9db2ef4af29baa7b384c26f1b9821f65de57ba34a9985,c63a19d515cc3e8b,True,
train,atencion,dataset_curado_v3/train/atencion/atencion_01527.jpg,atencion_01527.jpg,.jpg,26882,300,300,RGB,806f583dfbf4e5380d11fda138a520e994b5d44b58971f3d6dc5f245ad484f34,c5183b37b4959cc5,True,
train,atencion,dataset_curado_v3/train/atencion/atencion_01533.jpg,atencion_01533.jpg,.jpg,68809,1600,900,RGB,023e05877f50a667d9802ee8fa914987e8d5a23fd93b7f91f9c7bff6e7127768,d1d0aca74bec6668,True,
train,atencion,dataset_curado_v3/train/atencion/atencion_01537.jpg,atencion_01537.jpg,.jpg,10155,259,194,RGB,66757c4f847d81165588edbb960e994b96176678076c08a6351f35d4521f0d93,c29c3d912feae0d2,True,
train,atencion,dataset_curado_v3/train/atencion/atencion_01544.jpg,atencion_01544.jpg,.jpg,9178,183,275,RGB,aea117f6cc0ae405369054309e559db180f6b18a4dcf52c31de8f466cbf596d1,e7e91c9661294ed2,True,
train,atencion,dataset_curado_v3/train/atencion/atencion_01547.jpg,atencion_01547.jpg,.jpg,16425,194,259,RGB,04d6f55778c645257ef380c07bc069981f07d7cb638a0c15fc05b14b3daee9fc,9b9e2e234e5ef084,True,
train,atencion,dataset_curado_v3/train/atencion/atencion_01550.jpg,atencion_01550.jpg,.jpg,75823,800,600,RGB,40970b669937553290e11f2dd6087fc62feb8dc6629816dd42a34e5c255f1e81,e4eeb35b40f0f0e0,True,
train,atencion,dataset_curado_v3/train/atencion/atencion_01569.jpg,atencion_01569.jpg,.jpg,12132,194,259,RGB,61b17b8e7eb2470fc16576349d5188e3d13fb6cb10a69933ed21e59f735c24a9,b4791a053f0bff04,True,
train,atencion,dataset_curado_v3/train/atencion/atencion_01574.jpg,atencion_01574.jpg,.jpg,7198,259,194,RGB,0e579f2976863c95b540fd396fc7bd39559700e2b711fc65d366e730dffded1a,ca6c100f6b4d74cf,True,
train,atencion,dataset_curado_v3/train/atencion/atencion_01577.jpg,atencion_01577.jpg,.jpg,12092,194,259,RGB,b2e288327eb1e859269d070d0de3509aafcd33ecdda57f19ec2cda437f7dfc8e,c3c878e386c7965c,True,
train,atencion,dataset_curado_v3/train/atencion/atencion_01593.jpg,atencion_01593.jpg,.jpg,10243,259,194,RGB,32e0607e185561f85fd442d1e7ea382df081ed6795ec4d8f0887b0dd859716f7,89dde1c81ff03c23,True,
train,atencion,dataset_curado_v3/train/atencion/atencion_01598.jpg,atencion_01598.jpg,.jpg,8340,194,260,RGB,53d1b9c413ce849fb56b9931187c93f942f03eca1ef3c6f472e9e7127b87d9cd,fd42e0dcc3904eb3,True,
train,atencion,dataset_curado_v3/train/atencion/atencion_01605.jpg,atencion_01605.jpg,.jpg,10392,237,212,RGB,1161ea1c1feb5369f86f840f21780562ba93f96df3690a63855800e1a52a64de,9acd7276c1d01c9b,True,
train,atencion,dataset_curado_v3/train/atencion/atencion_01611.jpg,atencion_01611.jpg,.jpg,6972,225,225,RGB,589ce85f0ea847fb421633f63cd1f452e0688b7273c3749d13014ec7defe5495,fee8b041ab23e346,True,
train,atencion,dataset_curado_v3/train/atencion/atencion_01614.jpg,atencion_01614.jpg,.jpg,10464,205,246,RGB,1eff18be0e5a5ba0552164939301d158abedcd64c69a9ae83d5a34b6e4956569,9d25b08af4a7a14f,True,
train,atencion,dataset_curado_v3/train/atencion/atencion_01620.jpg,atencion_01620.jpg,.jpg,6814,225,225,RGB,060875ea51f54c32354b2cc9ee95591417882e861cdbaedbad9177bde4cf70c5,83747fca70ca62c6,True,
train,atencion,dataset_curado_v3/train/atencion/atencion_01623.jpg,atencion_01623.jpg,.jpg,8465,259,194,RGB,40b7ca466ec3dbcf62cba4357248d052d63602f78c74870a2e044d0739ea43df,c1d9d627244e9c9b,True,
train,atencion,dataset_curado_v3/train/atencion/atencion_01637.jpg,atencion_01637.jpg,.jpg,5662,259,194,RGB,3774cb3d5f068075914a98b0ad46131df1c885a8a670d63f0e97c092ec03fd4e,e2c7aa9494bab526,True,
train,atencion,dataset_curado_v3/train/atencion/atencion_01638.jpg,atencion_01638.jpg,.jpg,7755,275,183,RGB,971b826f8569d08240d39787d1b7f7a2d8cdc56d0d2299417c1b9bbb42c8e585,fa870532a2e9d574,True,
train,atencion,dataset_curado_v3/train/atencion/atencion_01642.jpg,atencion_01642.jpg,.jpg,9548,194,259,RGB,25303768b53a3d4f8ed143bd86a71b970b871643e251ee61f7d8f0acd58b108a,e067bf146f0e0e23,True,
train,atencion,dataset_curado_v3/train/atencion/atencion_01644.jpg,atencion_01644.jpg,.jpg,7730,225,225,RGB,9f1feb24da0253dc9915ea039fed1922cf809b70a065dab4093fdcf6ad07a76e,f1d77386021eb172,True,
train,atencion,dataset_curado_v3/train/atencion/atencion_01655.jpg,atencion_01655.jpg,.jpg,8078,194,259,RGB,b1946478edb7ec71860ce1814e892aab7ea3a6e99c060abdf2843544545686ad,826cbbb6999459a9,True,
train,atencion,dataset_curado_v3/train/atencion/atencion_01664.jpg,atencion_01664.jpg,.jpg,9477,203,248,RGB,596c9ab66ec41416782b568213d98aa96df06fb7b77ace55f271b45ed6eac7e1,a9c1e8d18c94dfac,True,
train,atencion,dataset_curado_v3/train/atencion/atencion_01672.jpg,atencion_01672.jpg,.jpg,11300,193,262,RGB,731c94a567e8887bb0927998874556fe1195d9b5ce4eceb4193f4c71559c125e,ba1408f77546acd9,True,
train,atencion,dataset_curado_v3/train/atencion/atencion_01673.jpg,atencion_01673.jpg,.jpg,5244,276,183,RGB,27697ac5b390210db3bf9f7e23090c63152f42263a5e1b52e6c5124ec1fd1556,84a11632977dfc9c,True,
train,atencion,dataset_curado_v3/train/atencion/atencion_01674.jpg,atencion_01674.jpg,.jpg,16574,260,260,RGB,a220bf61af8595b63ff6afda246256c5fb1a709685adbc9e6a9211dd5017d942,ce7aa2582fa953b0,True,
train,atencion,dataset_curado_v3/train/atencion/atencion_01676.jpg,atencion_01676.jpg,.jpg,31047,200,200,RGB,4f1ce522f9320193ca85b78b01817ccd0a220c73a0099887efce8057f5b6b03d,86f38ee27006f3e1,True,
train,atencion,dataset_curado_v3/train/atencion/atencion_01682.jpg,atencion_01682.jpg,.jpg,6414,251,201,RGB,02a298ba9f3cea371702b50c17a21d3b343ac9bbe4ffa8c01930a15bac9c9429,cdc767297e0a06f0,True,
train,atencion,dataset_curado_v3/train/atencion/atencion_01685.jpg,atencion_01685.jpg,.jpg,10636,200,200,RGB,99556e85deccdd8f00ff8c809ae07254906a6ac04c659555ec1e734a1004cff0,95210b2ef7c76c38,True,
train,atencion,dataset_curado_v3/train/atencion/atencion_01694.jpg,atencion_01694.jpg,.jpg,6533,275,183,RGB,a062170bfc76b713abfed9221417fdfbbfb516b335888742a1604602a32a311a,d629d66089f619b3,True,
train,atencion,dataset_curado_v3/train/atencion/atencion_01699.jpg,atencion_01699.jpg,.jpg,9819,260,260,RGB,6ff93408c5fc325050bc5a5cdc2325b057d5d3893d5bf2520062fefd9f4035ce,cff20df811ef401a,True,
train,atencion,dataset_curado_v3/train/atencion/atencion_01704.jpg,atencion_01704.jpg,.jpg,6945,251,201,RGB,44cfee464542b6c195b4684797c8412e0832e74767f911f7e17aa609470ebfdd,9a9e25a924b5e716,True,
train,atencion,dataset_curado_v3/train/atencion/atencion_01714.jpg,atencion_01714.jpg,.jpg,9596,225,225,RGB,80569c281fa6aff3317edd4fba369afd2a04dd13301f2d4ae12f2766e47849da,fec8b18d3cc1ce30,True,
train,atencion,dataset_curado_v3/train/atencion/atencion_01719.jpg,atencion_01719.jpg,.jpg,8913,194,259,RGB,2ea972a316eecdff327859e68adec4a64fd7e605bb5a7059445712c211a3fb18,e9d58679af629430,True,
train,atencion,dataset_curado_v3/train/atencion/atencion_01729.jpg,atencion_01729.jpg,.jpg,11505,276,183,RGB,916b959fd1bd208d264e42e41c329ab4c4a0a92a6a09a390bd23a27851c8a0d2,97b6a498a53a3963,True,
train,atencion,dataset_curado_v3/train/atencion/atencion_01741.jpg,atencion_01741.jpg,.jpg,9344,194,259,RGB,830c1ee069613c7753817674d451c55535f959de92a2fd1e9b2da25369120827,d0a72f48e39c926b,True,
train,atencion,dataset_curado_v3/train/atencion/atencion_01749.jpg,atencion_01749.jpg,.jpg,7087,260,194,RGB,398988effa69388603e19274bed9663ab537496c9dbcb757e32b9f648b1f3ce4,8f348d9ce3c33893,True,
train,atencion,dataset_curado_v3/train/atencion/atencion_01750.jpg,atencion_01750.jpg,.jpg,19457,382,280,RGB,6387164f1834adb2a7696ccba8aec389659e0b8a52ca0525aa6026297d277b99,c79be852ad4ad468,True,
train,atencion,dataset_curado_v3/train/atencion/atencion_01751.jpg,atencion_01751.jpg,.jpg,7369,274,184,RGB,70236d223257d633e2f6c457733aa5372b990276e2624f10a21dc6d7e3aedb94,8db327b364f900ec,True,
train,atencion,dataset_curado_v3/train/atencion/atencion_01755.jpg,atencion_01755.jpg,.jpg,8876,259,194,RGB,26d843f5c7556e6a3bb5c5e275c8840f8b35982d1df664b7cfe224b71bf224d7,da1ac1fcbf314492,True,
train,atencion,dataset_curado_v3/train/atencion/atencion_01763.jpg,atencion_01763.jpg,.jpg,12840,194,259,RGB,020cd78df4bf3405dcf227cfca3ba0178ddba893ef1e715e7dee553d8715e047,d8b3de9b84782463,True,
train,atencion,dataset_curado_v3/train/atencion/atencion_01770.jpg,atencion_01770.jpg,.jpg,6429,244,207,RGB,328faa9388d9121fef84814912643df6188595d1e2f6600b38ab85c6b257fe71,94c2699fe1be43a4,True,
train,atencion,dataset_curado_v3/train/atencion/atencion_01771.jpg,atencion_01771.jpg,.jpg,3466,259,194,RGB,780d253a3c8c0dd473afdc8f37936c77590a0fe53318c413eaf1de441e6901a7,c37e806f7c852ad4,True,
train,atencion,dataset_curado_v3/train/atencion/atencion_01772.jpg,atencion_01772.jpg,.jpg,11197,194,259,RGB,a634c76eed091b86df312f2d9c73d5e950cba1548bee7b2a814e373ff78fe8d1,a3d33dd2a35806f4,True,
train,atencion,dataset_curado_v3/train/atencion/atencion_01784.jpg,atencion_01784.jpg,.jpg,10416,194,259,RGB,b302c315fea770cb9efd85c1fefc74d05dd9f96b4caeccf4573e54dd4d99ba65,d317ba6a50a3e58c,True,
train,atencion,dataset_curado_v3/train/atencion/atencion_01792.jpg,atencion_01792.jpg,.jpg,6830,275,183,RGB,9da86cabce0e65c198762b4636da4cf14b59dd183811d9516e98296e1a020f2c,b30917bd0acc5abc,True,
train,atencion,dataset_curado_v3/train/atencion/atencion_01804.jpg,atencion_01804.jpg,.jpg,11306,275,183,RGB,37f2b6c9f6a335acdc5d98a9a42be24f3e0821bd15ad1e3beeaef54ad6f4f11f,eb9c16586cf28d0d,True,
train,atencion,dataset_curado_v3/train/atencion/atencion_01826.jpg,atencion_01826.jpg,.jpg,13323,259,194,RGB,05ac60c55f28b8a2f24463015da2bea6ea59655bd22d736d06702b97ece6ea2c,af83d382be55052b,True,
train,atencion,dataset_curado_v3/train/atencion/atencion_01844.jpg,atencion_01844.jpg,.jpg,11257,225,225,RGB,730c82d624b8fcd1a3265ac1925adab7d9f7d19b01855a141b6f9c9c8a559f29,ec946c38c21fc3f4,True,
train,atencion,dataset_curado_v3/train/atencion/atencion_01845.jpg,atencion_01845.jpg,.jpg,11043,194,259,RGB,99d8077f9fe086ee26bd0fc0cc1fd0d54a706acbf5d470ca5604beceee6db4a0,dfc125f33045636c,True,
train,atencion,dataset_curado_v3/train/atencion/atencion_01848.jpg,atencion_01848.jpg,.jpg,8313,262,193,RGB,65f783f997ff664cb4e355d15035a553f2f946c6c96fa2ee5f6963e84df0c552,8496378d72c17ab3,True,
train,atencion,dataset_curado_v3/train/atencion/atencion_01856.jpg,atencion_01856.jpg,.jpg,17612,194,259,RGB,79299ff716942459c4d6af2163f3854c5ba500c1f66f7458e7894a78535f3c0d,84bf0542fe7f41e0,True,
train,atencion,dataset_curado_v3/train/atencion/atencion_01858.jpg,atencion_01858.jpg,.jpg,14167,225,225,RGB,9ff617e9b45655f3587fd679979f1ef237544138055455f4dc26c104724a10b2,e1f48fa348a7ab84,True,
train,atencion,dataset_curado_v3/train/atencion/atencion_01867.jpg,atencion_01867.jpg,.jpg,8640,264,191,RGB,3b6e67d349c6f49ed0f4c2de64c155ff32673efc504befdb3ee9d8060230be85,dd83124ce8f9e436,True,
train,atencion,dataset_curado_v3/train/atencion/atencion_01888.jpg,atencion_01888.jpg,.jpg,8909,194,259,RGB,43003841ddf9f7c6005ed4fb416f8d5a53a356a431a0ea9361e4a9de23d480dd,d368291d3578b93a,True,
train,atencion,dataset_curado_v3/train/atencion/atencion_01921.jpg,atencion_01921.jpg,.jpg,16351,225,300,RGB,ad500cee79eb0aa7ff217f297ca5644ff7fbdca242132e0c3067f4aaaff22b6e,952c2be5aae2ee12,True,
train,atencion,dataset_curado_v3/train/atencion/atencion_01990.jpg,atencion_01990.jpg,.jpg,15566,200,300,RGB,57e22a367e565cbdeeb2f76399ba03e8e2eb071adac559c46a1f1dde211eab0a,dba4616091db6c7c,True,
train,atencion,dataset_curado_v3/train/atencion/atencion_02019.jpg,atencion_02019.jpg,.jpg,5919,268,188,RGB,a93c8f855d9378199327b336d8a3fa459e9332a0ec0004cec302b8009335014a,ca3a327267a6666a,True,
train,atencion,dataset_curado_v3/train/atencion/atencion_02021.jpg,atencion_02021.jpg,.jpg,9226,194,259,RGB,2eb9db15ad31fcb36572a995f562c93fd39cac4ac4c97345f5d3ada9f63fd11b,c6877b127eaa3650,True,
train,atencion,dataset_curado_v3/train/atencion/atencion_02029.jpg,atencion_02029.jpg,.jpg,13686,259,194,RGB,36d4b8fa30c81045a671260dc96727302f8d3d31c9ffe4f313bfa4e5322a51dd,978a1cc7f025e393,True,
train,atencion,dataset_curado_v3/train/atencion/atencion_02047.jpg,atencion_02047.jpg,.jpg,42404,350,210,RGB,993fd5c8b740518528e2d6f33c64962974b6b9159498c4ecde755b341f18608c,cab7e149c9dca590,True,
train,atencion,dataset_curado_v3/train/atencion/atencion_02061.jpg,atencion_02061.jpg,.jpg,7632,194,259,RGB,12bbade0da484c8d46616783ce9d6fe6c1bff31dd765316e61993c261e4e49ee,c9899ae672de7301,True,
train,atencion,dataset_curado_v3/train/atencion/atencion_02063.jpg,atencion_02063.jpg,.jpg,17066,194,259,RGB,68f990213ef2e9ad2a5948e7ede6f82ae21ab98a0e598343b5d634cdb1d059ff,fd7e4795128c9264,True,
train,atencion,dataset_curado_v3/train/atencion/atencion_02074.jpg,atencion_02074.jpg,.jpg,7686,242,208,RGB,978af908deeaa5a0d36dc354cc912a0c9213451d73212fd3e5d0dd10fb0cd365,98be0643f7e13a1c,True,
train,atencion,dataset_curado_v3/train/atencion/atencion_02087.jpg,atencion_02087.jpg,.jpg,6077,266,189,RGB,05921c7be3afed2b769781cbb2e3daacac769d1110da05c4b5418851bb05049d,eb92856b4c4d98ec,True,
train,atencion,dataset_curado_v3/train/atencion/atencion_02110.jpg,atencion_02110.jpg,.jpg,8839,194,259,RGB,34d43318963aa88c6b6fc7e8f51c8b26ee5f4b72c5653062d47fa1627605444f,e6e6c2460d657ce4,True,
train,atencion,dataset_curado_v3/train/atencion/atencion_02117.jpg,atencion_02117.jpg,.jpg,9965,259,194,RGB,1df9494f256be3937e6137776a1599dd8b276c7fdcd73b754c80471ca5b773cb,a0fa88448bbdaf1d,True,
train,atencion,dataset_curado_v3/train/atencion/atencion_02159.jpg,atencion_02159.jpg,.jpg,95700,1000,375,RGB,0f06d0cb4e525957efc5647cd620e38a2f709cc2621c3f67f1fce65ba7a38ac9,cf3781df78009a0f,True,
train,atencion,dataset_curado_v3/train/atencion/atencion_02174.jpg,atencion_02174.jpg,.jpg,33824,389,280,RGB,4bb28d4110fa39bfdf467c4761473d2d0e71d0cc842f06680d3581c6ce8392a4,c975e648bc4db942,True,
train,atencion,dataset_curado_v3/train/atencion/atencion_02180.jpg,atencion_02180.jpg,.jpg,13537,259,194,RGB,6e2789036c169873bce75729b71e8e5fe7dd11dfd7d5ead804d045e6bc43dc9a,e048b53c87ad9be2,True,
train,atencion,dataset_curado_v3/train/atencion/atencion_02185 - copia.jpg,atencion_02185 - copia.jpg,.jpg,23185,224,224,RGB,6dbbe6eea1da561ebe04ebec7977e5c103815410ae086d1b54c898aaa9016abf,ba0339ccf0af621b,True,
train,atencion,dataset_curado_v3/train/atencion/atencion_02195.jpg,atencion_02195.jpg,.jpg,22574,224,224,RGB,1b0fbad4b5418ea672d65b0be3667fbf1a181902434ce5c4a179fc9c9b8cb75f,f38bd090661a9ed3,True,
train,atencion,dataset_curado_v3/train/atencion/atencion_02202.jpg,atencion_02202.jpg,.jpg,22695,224,224,RGB,308a36e57a26ecb7d5dd67032250e0882cd9a8649da0953cc9cf8b1cf01fc8a5,95ba6ac6315ac26b,True,
train,atencion,dataset_curado_v3/train/atencion/atencion_02203.jpg,atencion_02203.jpg,.jpg,22615,224,224,RGB,0ccabc17b2a21d3c75fa688c46ecc510adeac2c59212fced83edee865d735940,8cf363861c4df135,True,
train,atencion,dataset_curado_v3/train/atencion/atencion_02216.jpg,atencion_02216.jpg,.jpg,30201,224,224,RGB,5a194b8da10e882de8602717091a360332c5436b1b309e5e113395334ca49c71,dfc0f8b3a0a994e2,True,
train,atencion,dataset_curado_v3/train/atencion/atencion_02218.jpg,atencion_02218.jpg,.jpg,20851,224,224,RGB,69fb33917d8046f8d68739b163bb82627a485db88b27576a583632bb441b6ff4,aac0ca7c5e1ace6a,True,
train,atencion,dataset_curado_v3/train/atencion/atencion_02220.jpg,atencion_02220.jpg,.jpg,33618,224,224,RGB,9bec85aa78c2319995a8b0f856891cf53f86784c9b432abb5097c3eb63efebc1,caef95254a922eca,True,
train,atencion,dataset_curado_v3/train/atencion/atencion_02238.jpg,atencion_02238.jpg,.jpg,12315,224,224,RGB,aa1918838173ee0f558e4eea13153532b05298c032e742f32fe4e9f14e430175,e5cd861c98b39963,True,
train,atencion,dataset_curado_v3/train/atencion/atencion_02249.jpg,atencion_02249.jpg,.jpg,18378,224,224,RGB,0bf06749c6c45268fa212fa7146cb57e9502d5deaa9ba58aef6380122b42f1a2,aa67915e849b479c,True,
train,atencion,dataset_curado_v3/train/atencion/atencion_02257.jpg,atencion_02257.jpg,.jpg,38719,224,224,RGB,5f012019df91ed2e7cb9779dd70fb000484ec9dffeaf95bfbfdaf20e9c614914,ee81b7f2ec038459,True,
train,atencion,dataset_curado_v3/train/atencion/atencion_02270.jpg,atencion_02270.jpg,.jpg,29858,224,224,RGB,96054147c9ace6279fdde5843855f5754ea87749072d284e541b80fdd3cf4329,dc91300f73c581fd,True,
train,atencion,dataset_curado_v3/train/atencion/atencion_02276.jpg,atencion_02276.jpg,.jpg,24462,224,224,RGB,83e5d40c9f9e8ab7b77d48f19fd83670f89a13dc2598665723e91e3e6da105f2,8283253af9dbd86c,True,
train,atencion,dataset_curado_v3/train/atencion/atencion_02281.jpg,atencion_02281.jpg,.jpg,24007,224,224,RGB,8e6df8b9c1856d115290e5edb32f5952046db0d026a1099fce59d7530e0cae7d,b9cccc1fc6934658,True,
train,atencion,dataset_curado_v3/train/atencion/atencion_02285.jpg,atencion_02285.jpg,.jpg,16714,224,224,RGB,a210f70eefaf86d2aa9ce5822dce88ac37b3d9c751af41f92ed3fcbc9969bdd5,b3cc33c4333bcc38,True,
train,atencion,dataset_curado_v3/train/atencion/atencion_02286.jpg,atencion_02286.jpg,.jpg,21799,224,224,RGB,82edcc6f9c1ae1dde2dcdde3e72d1988fcac74ecc1b484222a6e1ad10cd49c85,dbdf684c4c44b0f8,True,
train,atencion,dataset_curado_v3/train/atencion/atencion_02297.jpg,atencion_02297.jpg,.jpg,27155,224,224,RGB,5cb7de0b6cd01db92259ccf605cade8cd3feff4157047d644ec5822cf466e0ed,f499f0c58e26cec1,True,
train,atencion,dataset_curado_v3/train/atencion/atencion_02307.jpg,atencion_02307.jpg,.jpg,31118,224,224,RGB,11663144170f340b994ea72c18cb9f84f45bd70ad73c93d21498b666427cbaa6,89ce0f6509cb6799,True,
train,atencion,dataset_curado_v3/train/atencion/atencion_02319.jpg,atencion_02319.jpg,.jpg,20465,224,224,RGB,15bf3dfcdcd3858ba60173ca981e1c9228ef994f066d59e5be0fe140c5ab6806,a15f9622da7701b3,True,
train,atencion,dataset_curado_v3/train/atencion/atencion_02330.jpg,atencion_02330.jpg,.jpg,32906,224,224,RGB,94d635071a9fc21141715d7ecca44d20a89e2996670510bf7e4fb1ca3a8c2847,dfa19e0eab43c08e,True,
train,atencion,dataset_curado_v3/train/atencion/atencion_02336.jpg,atencion_02336.jpg,.jpg,25914,224,224,RGB,11b74cda802d360be1ec547c632d13f157390df5b3b37d03ba59e1bd88ed961c,c071af19bd46c64e,True,
train,atencion,dataset_curado_v3/train/atencion/atencion_02337.jpg,atencion_02337.jpg,.jpg,26182,224,224,RGB,139f79c390422c6f721a1c35f61d56fd8a735f6c80b1def8d4f91343faefe260,8f21471bdab1a55a,True,
train,atencion,dataset_curado_v3/train/atencion/atencion_02350.jpg,atencion_02350.jpg,.jpg,37907,224,224,RGB,b28ac75bda512ae4328b8d1e0437c46388dc862d4cbd25108d7929c2b545d766,ccf007f8a559b26c,True,
train,atencion,dataset_curado_v3/train/atencion/atencion_02367.jpg,atencion_02367.jpg,.jpg,15845,224,224,RGB,0f888cdc2254b1bd5b0ab20ac828329b204ca7590c19be81370a3d70c21e4448,bce7c38c87939270,True,
train,atencion,dataset_curado_v3/train/atencion/atencion_02380.jpg,atencion_02380.jpg,.jpg,21292,224,224,RGB,6eb2594d307f2262cee35d029a52b9bae2176bc7e1ef256b46358645dc9a92b9,bdeb84c8276d1664,True,
train,atencion,dataset_curado_v3/train/atencion/atencion_02383.jpg,atencion_02383.jpg,.jpg,29997,224,224,RGB,1a9c8d29fcc0f46aba0ea9fc76d7a3ecce330e012527c039a28ae7020d28cafb,c4252db21df6136e,True,
train,atencion,dataset_curado_v3/train/atencion/atencion_02384.jpg,atencion_02384.jpg,.jpg,26702,224,224,RGB,7e4be576e34086d59dece123d02ea49cd9fa5fc3c6dffa139bd715bb9116b1f4,b716de6fe220a434,True,
train,atencion,dataset_curado_v3/train/atencion/atencion_02400.jpg,atencion_02400.jpg,.jpg,26846,224,224,RGB,89ca803b11c117711e878f4b8da00859c917d620da5e54166fe7b9c3389ac480,a8fc968ae1c33c8d,True,
train,atencion,dataset_curado_v3/train/atencion/atencion_02415.jpg,atencion_02415.jpg,.jpg,20515,224,224,RGB,3909abfdda983427e392419714935b7b438e61662cd18fc6cb73ab810dbae344,b9d86e820c9b927b,True,
train,atencion,dataset_curado_v3/train/atencion/atencion_02427.jpg,atencion_02427.jpg,.jpg,32269,224,224,RGB,a038f47124196402f1c0994138fbd5aabc02d7f409f7f33ab61f389ee39819eb,f4860334c35e38f7,True,
train,atencion,dataset_curado_v3/train/atencion/atencion_02430.jpg,atencion_02430.jpg,.jpg,23663,224,224,RGB,52a7c447198b1a73bdb196ded93432d0f6634cac70f5dd9832ba59c1b8435bb0,8d8e70724be3399c,True,
train,atencion,dataset_curado_v3/train/atencion/atencion_02446.jpg,atencion_02446.jpg,.jpg,25612,224,224,RGB,013f667bb66b9af409f333de338092a57b5897382b1d3673583d7debffdcde7f,fa8361b99a58d8b4,True,
train,atencion,dataset_curado_v3/train/atencion/atencion_02470.jpg,atencion_02470.jpg,.jpg,22371,224,224,RGB,0ea58d093f2be0f8115ff220391a3e297ad2bdc32287fe99dafd76f1a723d7f1,d09e6ff085bcb260,True,
train,atencion,dataset_curado_v3/train/atencion/atencion_02493.jpg,atencion_02493.jpg,.jpg,23910,224,224,RGB,86412383842ea9c357b10df493276d985ffee286146fcbe096bf675c25514be0,bc4aacb5e1969391,True,
train,atencion,dataset_curado_v3/train/atencion/atencion_02501.jpg,atencion_02501.jpg,.jpg,18293,224,224,RGB,8c0eebcfbb42441cd9e3c6a67294c2c4c34eedbbe675867ddcf33c76776d6d6e,fa5ba1baa08fc454,True,
train,atencion,dataset_curado_v3/train/atencion/atencion_02508.jpg,atencion_02508.jpg,.jpg,17847,224,224,RGB,118ba2c33c7b829488898f245b1ecf8097cb835ea0e0ff295070a9c9a3b5ec05,b2fa2da4429b0e3e,True,
train,atencion,dataset_curado_v3/train/atencion/atencion_02519.jpg,atencion_02519.jpg,.jpg,27623,224,224,RGB,3696708bc10de0589c3c72505f210cbfe0fa001ac4a3acb52fa347dddf41ce4a,9d215a25ef78a60e,True,
train,atencion,dataset_curado_v3/train/atencion/atencion_02520.jpg,atencion_02520.jpg,.jpg,18720,224,224,RGB,1e0e63f65b4d35ab9e226c3f3e4714430737cfc36041f37bcb585e7cfcac25bf,88c76631c2cd1be7,True,
train,atencion,dataset_curado_v3/train/atencion/atencion_02524.jpg,atencion_02524.jpg,.jpg,5817,224,224,RGB,1c4e64693030bcf0ad9d98c63cc982d68aa139ec5d56b4f7378b198e5e550ec7,b3cc9c338c33cc33,True,
train,atencion,dataset_curado_v3/train/atencion/atencion_02525.jpg,atencion_02525.jpg,.jpg,20158,224,224,RGB,5551baa9c1f24f7e7a1fd5807987a31615453014058e506c87a7b9d1dc57809a,f0d37e3dc3808d8c,True,
train,atencion,dataset_curado_v3/train/atencion/atencion_02528.jpg,atencion_02528.jpg,.jpg,27290,224,224,RGB,101e7c29104612970a9039ef2154c142e3fa385f93f25345f8ec73374208c713,c1b656ea19c0b1af,True,
train,atencion,dataset_curado_v3/train/atencion/atencion_02547.jpg,atencion_02547.jpg,.jpg,22016,224,224,RGB,a7574db512ca0d56a0b02a3ce85c9a641d25ae5d8a7b7baddd4dda8ae568a43f,923be5936e48ae19,True,
train,atencion,dataset_curado_v3/train/atencion/atencion_02566.jpg,atencion_02566.jpg,.jpg,21406,224,224,RGB,70818f255581f68fdb0c3c4eb98895ff70b9d7a76cf1c2826dc8d5fdac9df345,ecafb56193949c88,True,
train,atencion,dataset_curado_v3/train/atencion/atencion_02593.jpg,atencion_02593.jpg,.jpg,21785,224,224,RGB,639283a43d052356b87fde9166350c00dd1f44c6d43befeb911ceebeb19cebb6,d8c7645af1f21e03,True,
train,atencion,dataset_curado_v3/train/atencion/atencion_02644.jpg,atencion_02644.jpg,.jpg,22237,224,224,RGB,5c73746fec5474f701e13cfe8d2cd2f868f563d168308d0eb66a9830081a378c,ba959e70e3293e60,True,
train,atencion,dataset_curado_v3/train/atencion/atencion_02656.jpg,atencion_02656.jpg,.jpg,10506,224,224,RGB,8ea1528b7e93050c64bd6f33b6caa2c98704adc4ae2c05b55d01a8d709ab1024,e5e19c8661991ae7,True,
train,atencion,dataset_curado_v3/train/atencion/atencion_02859.jpg,atencion_02859.jpg,.jpg,33965,224,224,RGB,46d49e23949eefa0807e84312d1cd46c2c8c98d58a7e2283c54d49afe4176d5d,d3b32d24359b037c,True,
train,atencion,dataset_curado_v3/train/atencion/atencion_02900.jpg,atencion_02900.jpg,.jpg,32650,224,224,RGB,4b9f5911b7d2725fd52343f038b76226b0278821c0071014622f81f3ed57bb49,8da32c4e36bc73c8,True,
train,atencion,dataset_curado_v3/train/atencion/atencion_02920.jpg,atencion_02920.jpg,.jpg,25358,224,224,RGB,a149dd6057abe917dee1696a35619b0a9d4013049b86c91d19cf6f6a9fc8c365,c5f73385160c74f4,True,
train,atencion,dataset_curado_v3/train/atencion/atencion_02950.jpg,atencion_02950.jpg,.jpg,27401,224,224,RGB,20656102001cc40316214ea82ad548ce099de95498814bc8d0c61f68c32b8c83,d2c87053f6a3a0db,True,
train,atencion,dataset_curado_v3/train/atencion/atencion_02955.jpg,atencion_02955.jpg,.jpg,23786,224,224,RGB,53ea835ead0c25383c9d2c870c0f0f7cfdf5e947a6dceab868445ec4e3d1f5c2,eaac1aea94eb05ca,True,
train,atencion,dataset_curado_v3/train/atencion/atencion_03016.jpg,atencion_03016.jpg,.jpg,20213,224,224,RGB,3df6e01445ae4c9e95b8fadb7a7b5bc86ded097410276adc3adc8cbbe1799d07,bb1f666811874de1,True,
train,atencion,dataset_curado_v3/train/atencion/atencion_03022.jpg,atencion_03022.jpg,.jpg,25965,224,224,RGB,5c7ede45cc2ebdeeb03b1827c6f50d7e98a9491e03f728fc824889e9d724574f,895a2dc9357a6a95,True,
train,atencion,dataset_curado_v3/train/atencion/atencion_03049.jpg,atencion_03049.jpg,.jpg,24909,224,224,RGB,2c6b6c231e0514c8b937a145ff2c915a74ab2396b32064fc5d2ec4e1310703b8,ac9cc3b3e8615d4c,True,
train,atencion,dataset_curado_v3/train/atencion/atencion_03051.jpg,atencion_03051.jpg,.jpg,33022,224,224,RGB,7605f6288d23bd376457ce442a46b1af12fab91b035be58d636336cb0a212ddc,83550e3e88db34cf,True,
train,atencion,dataset_curado_v3/train/atencion/atencion_03085.jpg,atencion_03085.jpg,.jpg,30133,224,224,RGB,a6868d28f292eab2b62e84aeb5c09057095ea14375d4d2db92eaa9143a6adacb,c4f9bac005b7eab0,True,
train,atencion,dataset_curado_v3/train/atencion/atencion_03194.jpg,atencion_03194.jpg,.jpg,22743,224,224,RGB,1d73edbbe94577bde4b6090463ad6049a7c6f45391346510a2d3e83819f97677,919f3fa58d4aca28,True,
train,atencion,dataset_curado_v3/train/atencion/atencion_03242.jpg,atencion_03242.jpg,.jpg,20244,224,224,RGB,af7927f0328be08048bae41efba8e8426d6377c22ea50d5451d0d67ebb3a312e,e8f1954f911ad278,True,
train,atencion,dataset_curado_v3/train/atencion/atencion_03275.jpg,atencion_03275.jpg,.jpg,26631,224,224,RGB,6e03e439eb32792c64ce4c61bebc1ecd95e5ea59302c9fdedbe402fa8669660e,e6e3b2941dd95138,True,
train,atencion,dataset_curado_v3/train/atencion/atencion_03319.jpg,atencion_03319.jpg,.jpg,29639,224,224,RGB,786b686841288fe8e90ad9e5db0ac523e047ca3bd417341c653499af5247c587,cea9a0e649d6c6d8,True,
train,atencion,dataset_curado_v3/train/atencion/atencion_03320.jpg,atencion_03320.jpg,.jpg,16864,224,224,RGB,2b52715152bf75296a033c7af38771fbd7492a340b945f17d65ff5a75e1adc71,87f06c0e41ebaa3d,True,
train,atencion,dataset_curado_v3/train/atencion/atencion_03321.jpg,atencion_03321.jpg,.jpg,32571,224,224,RGB,6b7cc35efb1bfdb959c5bec91a667061d96067130f455cb234869e8753721049,d0b4314bd7b76445,True,
train,atencion,dataset_curado_v3/train/atencion/atencion_03326.jpg,atencion_03326.jpg,.jpg,18100,224,224,RGB,ad82dd603597fcd399f20b00df2f133a0fd2c6bfa1b9805ca1a9262fefb2cc82,ca92a01e78d92f9b,True,
train,atencion,dataset_curado_v3/train/atencion/atencion_03338.jpg,atencion_03338.jpg,.jpg,11737,224,224,RGB,a7fd1f7e14753b60f9345917d898eac2494cb44b17c6c4193b95bf915eab2a22,a709c9e37278e869,True,
train,atencion,dataset_curado_v3/train/atencion/atencion_03347.jpg,atencion_03347.jpg,.jpg,29597,224,224,RGB,9f12bbc49d9022c3e33ac314570f335052714fdb3ee5512e12e2f0132b8a3573,bf847a3cadc06631,True,
train,atencion,dataset_curado_v3/train/atencion/atencion_03356.jpg,atencion_03356.jpg,.jpg,20851,224,224,RGB,0737406730258328ffce7a894cf36444851df6cfe31c0761fda4c955abd443f9,d53369c8fa1af031,True,
train,atencion,dataset_curado_v3/train/atencion/atencion_03357.jpg,atencion_03357.jpg,.jpg,21740,224,224,RGB,9612f4df631dd45d62155185145128e0284ec83b8eac5fb7acabed172dab0160,e0501d8b793d2f35,True,
train,atencion,dataset_curado_v3/train/atencion/atencion_03365.jpg,atencion_03365.jpg,.jpg,21559,224,224,RGB,a69d15332363533be85100a6d1216781a127aac4118e462260ebcae901644524,e6e2c545b00fed19,True,
train,atencion,dataset_curado_v3/train/atencion/atencion_03368.jpg,atencion_03368.jpg,.jpg,22526,224,224,RGB,6d35ee939011d4f4b62374b44cf5f9000ea37b89cb16852f1e501524290ad0a0,823f9d9f0c325d13,True,
train,atencion,dataset_curado_v3/train/atencion/atencion_03372.jpg,atencion_03372.jpg,.jpg,32374,224,224,RGB,65de11150d144f784c099e2268be293fc41876778aafc470c7d4d002b6054d18,f53d296fcf029490,True,
train,atencion,dataset_curado_v3/train/atencion/atencion_03384.jpg,atencion_03384.jpg,.jpg,24290,224,224,RGB,27bcae3b6fbdd53752aa92b8fc14673f033c781d0a1101f3cf16729c83f6a467,a454b3399d1af256,True,
train,atencion,dataset_curado_v3/train/atencion/atencion_03405.jpg,atencion_03405.jpg,.jpg,23310,224,224,RGB,2858c6a9dbcdd99e2f7d395033c66af4e2edece59100cf9cd1ad969d02477a72,ab5a1a4224f76d1d,True,
train,atencion,dataset_curado_v3/train/atencion/atencion_03420.jpg,atencion_03420.jpg,.jpg,20278,224,224,RGB,4b667e0aca526e91f7ce266a3b3b87b36423c0536eb3eb353702b66d08e3b3f4,94cee07065a3676b,True,
train,atencion,dataset_curado_v3/train/atencion/atencion_03432.jpg,atencion_03432.jpg,.jpg,22015,224,224,RGB,08d47524cdcae9db10aa4115513ce62cfbdc67a6c304cf971bab0f60ca582f96,d559a874933be642,True,
train,atencion,dataset_curado_v3/train/atencion/atencion_03478.jpg,atencion_03478.jpg,.jpg,27442,224,224,RGB,3d7b4ba60939e238f193e26972f95e7a5747fba97b5204152dcbb6e43201ed14,d4883832f6f346da,True,
train,atencion,dataset_curado_v3/train/atencion/atencion_03484.jpg,atencion_03484.jpg,.jpg,32052,224,224,RGB,a3c5917a0566c33f7000817976a3ad231a4b0e53954c1f2e4c11a1ff4dda2ff0,cc89366833bbc8f2,True,
train,atencion,dataset_curado_v3/train/atencion/atencion_03493.jpg,atencion_03493.jpg,.jpg,25482,224,224,RGB,2366395a55dc194c7552a06ce234adcb37e37390177d56c2f297b683bcdf6cc1,bd54206a926afa6b,True,
train,atencion,dataset_curado_v3/train/atencion/atencion_03502.jpg,atencion_03502.jpg,.jpg,31369,224,224,RGB,4e6041e9a149d7ed2f79f370b5107a400f329f45e80471b0d62a862c2813b5a1,c98f71e90ae30e3a,True,
train,atencion,dataset_curado_v3/train/atencion/atencion_03509.jpg,atencion_03509.jpg,.jpg,35580,224,224,RGB,ac5906aec1ba5224bcb213d5f99e14534093e53e6f0a0b070461234428fae0f1,cf4cc13f3e4a1471,True,
train,atencion,dataset_curado_v3/train/atencion/atencion_03555.jpg,atencion_03555.jpg,.jpg,24248,224,224,RGB,a914ede35f57c4494dc2b034ac365412c0754ba85c01d2fd3238f3aa17a98fa2,d08a4b7f2ab5598a,True,
train,atencion,dataset_curado_v3/train/atencion/atencion_03564.jpg,atencion_03564.jpg,.jpg,21948,224,224,RGB,1db98cc836471db7c4298ca689299143ca4b2874a443013262c3b2a63c837664,c3a1343e765f7842,True,
train,atencion,dataset_curado_v3/train/atencion/atencion_03575.jpg,atencion_03575.jpg,.jpg,31416,224,224,RGB,4058ff4bfcccfaaaac197d8973adc04436353dfceed13eec3922a6103eb52a69,b994da1bb24bd154,True,
train,atencion,dataset_curado_v3/train/atencion/atencion_03576.jpg,atencion_03576.jpg,.jpg,37964,224,224,RGB,8c6bc8e26c2ad6c747ead5b37e790df71f280c2e7fa97e6fd3a3f2232ee56062,dcf3270c72494e33,True,
train,atencion,dataset_curado_v3/train/atencion/atencion_03594.jpg,atencion_03594.jpg,.jpg,31719,224,224,RGB,268c38a6ca36e22137ed91700d461f2a983641e6e47ecdc16b14b0ebb850dd36,81bf9ddc088b0e6e,True,
train,atencion,dataset_curado_v3/train/atencion/atencion_03610.jpg,atencion_03610.jpg,.jpg,30997,224,224,RGB,1c8daa5ce4e687d82e324af99e498d87b4abf8b0f1f1094b06f94a3ee9f6c04d,c4f90fc0d8bf22c6,True,
train,atencion,dataset_curado_v3/train/atencion/atencion_03616.jpg,atencion_03616.jpg,.jpg,12021,224,224,RGB,92d16be68d5d410e48adc201955c419377185ba7ce62136ad4b6f58d3260ebaa,83f9fc07e4989f40,True,
train,atencion,dataset_curado_v3/train/atencion/atencion_03673.jpg,atencion_03673.jpg,.jpg,30576,224,224,RGB,33794a5f9c76b3a4b471df5669f92b751ebcabcf9c0020d61745de70b1ad4751,ea24947b36e2a3c3,True,
train,atencion,dataset_curado_v3/train/atencion/atencion_03685.jpg,atencion_03685.jpg,.jpg,28150,224,224,RGB,a2dd4de84bcbdf2afe91fd8be0a988121ff2b0cfa9694bdb753cc5934907e02b,f69ee6072331c871,True,
train,atencion,dataset_curado_v3/train/atencion/atencion_03695.jpg,atencion_03695.jpg,.jpg,43126,224,224,RGB,60a8dc428f3de78998b5cecc2dfa89dc8403bc0af14249fde722d6878f792211,c8544b2c3db4b673,True,
train,atencion,dataset_curado_v3/train/atencion/atencion_03723.jpg,atencion_03723.jpg,.jpg,26652,224,224,RGB,29f90f654342d31785c2dfa84b0d257ac061ea41706d8faaf1f70945fa04f8f1,f4790ee660b5151d,True,
train,atencion,dataset_curado_v3/train/atencion/atencion_03736.jpg,atencion_03736.jpg,.jpg,25547,224,224,RGB,452bb7e8e7f48ba91ec76e25bf7319d29eee54b8df4e56af7d7b930028bc76e7,afd51a2a529dce03,True,
train,atencion,dataset_curado_v3/train/atencion/atencion_03752.jpg,atencion_03752.jpg,.jpg,27987,224,224,RGB,9e1e2b8cc4a91f4c0e2874879873459f657e3ff24d3b2957a9dd90104a4daa5c,93817c768b3aec1c,True,
train,atencion,dataset_curado_v3/train/atencion/atencion_03788.jpg,atencion_03788.jpg,.jpg,19457,224,224,RGB,970bd37674a37be7f1027002563e969239e9b0bc659c6d33102d41137f6049cb,9c934c4e33da33b4,True,
train,atencion,dataset_curado_v3/train/atencion/atencion_03792.jpg,atencion_03792.jpg,.jpg,22987,224,224,RGB,63a8d7b37be12b52910b321c5ae6fe798bb4001306a3b699ee0f136776b852ba,8434a457fc4cf21f,True,
train,atencion,dataset_curado_v3/train/atencion/atencion_03885.jpg,atencion_03885.jpg,.jpg,20889,224,224,RGB,05434c601435f500d88594360904fc49895fdbad27e5010ea0b53814d7ee72bf,93c66c39c36638d3,True,
train,atencion,dataset_curado_v3/train/atencion/atencion_03916.jpg,atencion_03916.jpg,.jpg,21409,224,224,RGB,35ca57155fc8bd5c9138dbfa4a560b99c259cc9aa59468560bafa4e43b2397df,b0cca75ce91339d8,True,
train,atencion,dataset_curado_v3/train/atencion/atencion_03928.jpg,atencion_03928.jpg,.jpg,27083,224,224,RGB,3dcd5acf680d3e6129a2cf034e2938878474386ed2afa7c6e45887f627413142,8067663d9b161ce7,True,
train,atencion,dataset_curado_v3/train/atencion/atencion_03958.jpg,atencion_03958.jpg,.jpg,28666,224,224,RGB,39bbca9dbc0e4a0c973b171a0503dd1fa373bb188a45df58b3852469ca8eec44,a693d221e0d45cbf,True,
train,atencion,dataset_curado_v3/train/atencion/atencion_03959.jpg,atencion_03959.jpg,.jpg,32709,224,224,RGB,a8157dbb3f4e803377693a6848492a4da7880c4b6cd1dea1f62aa5a9d4a46860,b27d0d59f064e23c,True,
train,atencion,dataset_curado_v3/train/atencion/atencion_03999.jpg,atencion_03999.jpg,.jpg,14654,224,224,RGB,569f9f2bacd68446fa6f96bb1faffc769fe274d2b24cb3dc16e2e8685e2711a3,ec36c34992c596cd,True,
train,atencion,dataset_curado_v3/train/atencion/atencion_04060.jpg,atencion_04060.jpg,.jpg,27182,224,224,RGB,618e159ec1e1e35c3dd026896fc25309a225974e23dfa2e501d95a9759357285,d528b83db4d2f170,True,
train,atencion,dataset_curado_v3/train/atencion/atencion_04063.jpg,atencion_04063.jpg,.jpg,31731,224,224,RGB,1d1c43ac9e423a32f69993ee4f73551059c51a2d08e5eccdca68a44d43738429,c2bdaa832dd543e8,True,
train,atencion,dataset_curado_v3/train/atencion/atencion_04081.jpg,atencion_04081.jpg,.jpg,18934,224,224,RGB,656e4ce074b086e9d768446d54d4833f01854f9ca2c1e0b6f3f476bb16a1ae96,95e66833618b9799,True,
train,atencion,dataset_curado_v3/train/atencion/atencion_04104.jpg,atencion_04104.jpg,.jpg,26741,224,224,RGB,9a08ac454080a2cab94ddfda4d28ab52ff451497bca3989f875e5cc39430fa14,8cbcb1c57092dacd,True,
train,atencion,dataset_curado_v3/train/atencion/atencion_04115.jpg,atencion_04115.jpg,.jpg,22919,224,224,RGB,7377e946268833f1bd15cf858101dd0c5a5ff12f82a43c0946f3db89cd9dd524,befe33238190566a,True,
train,atencion,dataset_curado_v3/train/atencion/atencion_04129.jpg,atencion_04129.jpg,.jpg,23188,224,224,RGB,18b32cd867ad5019d427b76d678b632dce940eecb529beb277c0cbe6517b9ffe,98e1a4ab9a34daf4,True,
train,atencion,dataset_curado_v3/train/atencion/atencion_04139.jpg,atencion_04139.jpg,.jpg,36106,224,224,RGB,16c848b5e76fc680d9bb4b08cc9a3e39e539d9a4b9ddf87f6ac6e4a2c616f124,f0b7cf39c112da21,True,
train,atencion,dataset_curado_v3/train/atencion/atencion_04202.jpg,atencion_04202.jpg,.jpg,22339,224,224,RGB,22c54566e7e0847fd7a4071ac5038383824d70f88594f0957bde6224cb21d75f,b2134f8ea59aa792,True,
train,atencion,dataset_curado_v3/train/atencion/atencion_04299.jpg,atencion_04299.jpg,.jpg,37644,224,224,RGB,01570ec8e4911030a921941ad05657b2eceed86ef3e05d3940549400d084c535,af1468e96328d4ee,True,
train,atencion,dataset_curado_v3/train/atencion/atencion_04744.jpg,atencion_04744.jpg,.jpg,21384,224,224,RGB,56a11eac33e3d9134cb4b7133ac79ed51754c9a2672dff666816e458bf6ef880,da50e277b40cb91e,True,
train,atencion,dataset_curado_v3/train/atencion/atencion_04805.jpg,atencion_04805.jpg,.jpg,19357,224,224,RGB,2c9e559e1a1ad5bd7e742cf4595c71ff08ba2f3fdf8138a1b98951575e602b3f,9e1bc106fc48e747,True,
train,atencion,dataset_curado_v3/train/atencion/atencion_04853.jpg,atencion_04853.jpg,.jpg,26217,224,224,RGB,a6b6f4e3578147bdc785786283b2f52b6d570f8f23351c600b35d7d8ca193c42,8787fa43e12dd078,True,
train,atencion,dataset_curado_v3/train/atencion/atencion_04855.jpg,atencion_04855.jpg,.jpg,22961,224,224,RGB,1f2e6e2b224a1ce99db09da7f3467d45e067846c40b30c1e430df732d8407e31,f88a8659f24fb816,True,
train,atencion,dataset_curado_v3/train/atencion/atencion_04880.jpg,atencion_04880.jpg,.jpg,34214,224,224,RGB,4ecdf74547310511b52ac4f4fc6ad36ffdd107b328fe244cba8f92fc2e9fe65b,fc87683dc06b8b34,True,
train,atencion,dataset_curado_v3/train/atencion/atencion_04924.jpg,atencion_04924.jpg,.jpg,37197,224,224,RGB,07424225247d6a101dcc823671b1d279318912211b52abe720a46d622a7c1fdd,b08d381d71f3b61a,True,
train,atencion,dataset_curado_v3/train/atencion/atencion_04970.jpg,atencion_04970.jpg,.jpg,27008,224,224,RGB,794cff680f55957816d55ba697a44d7201730a638844634c14f11bde30a35166,c2a8ced94318f1e7,True,
train,atencion,dataset_curado_v3/train/atencion/atencion_04993.jpg,atencion_04993.jpg,.jpg,31504,224,224,RGB,9d091683577eb69a2f72b4114adc0f132941bc5d1d2db4bac7cd301f87e949d6,fca431b382c99fa4,True,
train,atencion,dataset_curado_v3/train/atencion/atencion_05062.jpg,atencion_05062.jpg,.jpg,23762,224,224,RGB,71216e11c748f1a06fd1c0d0869f0eb66bfa5951cba5ae11aae8816add390412,a9acacdd59b91861,True,
train,atencion,dataset_curado_v3/train/atencion/atencion_05067.jpg,atencion_05067.jpg,.jpg,28953,224,224,RGB,419b798bf7264e5027f3348ddfc41ca832f3f978b09f3ab42b14b978e62fbcfd,dddfda87584290d0,True,
train,atencion,dataset_curado_v3/train/atencion/atencion_05075.jpg,atencion_05075.jpg,.jpg,19123,224,224,RGB,b291862ae1c01361d0b26e071ccb12a7eed3d5f8f78ce4b1c0197d968104f52b,e94ddc38e11f24cc,True,
train,atencion,dataset_curado_v3/train/atencion/atencion_05085.jpg,atencion_05085.jpg,.jpg,30212,224,224,RGB,338b67e63f78460de345d5599de2905691a3f8067640c6a0f393e07bd3e0580d,dbdd245806319cfc,True,
train,atencion,dataset_curado_v3/train/atencion/atencion_05101.jpg,atencion_05101.jpg,.jpg,37703,224,224,RGB,0551dfae72c063a11b9df69201878b292a887d0cf414c467dfb5b0b30cc46cc6,bacdc956925a8d32,True,
train,atencion,dataset_curado_v3/train/atencion/atencion_05117.jpg,atencion_05117.jpg,.jpg,32731,224,224,RGB,a6c08994401c36df707674fdaca6633562ae2814933417b996e0e7bb1dea77b7,e5fcc883b07c2e54,True,
train,atencion,dataset_curado_v3/train/atencion/atencion_05136.jpg,atencion_05136.jpg,.jpg,25754,224,224,RGB,3128a015b5af1d24f974a505d2849f8257bf27a4e6745ec83b4b212a898c01fb,f1cc46999c83cc6b,True,
train,atencion,dataset_curado_v3/train/atencion/atencion_05141.jpg,atencion_05141.jpg,.jpg,19631,224,224,RGB,4bd3faa633ea119b2c91161eb408e1025729000d44c50e542f0cfa540d1ed507,92f02d4ece8b3b92,True,
train,atencion,dataset_curado_v3/train/atencion/atencion_05148.jpg,atencion_05148.jpg,.jpg,37443,224,224,RGB,48d497b7cd1d5e7ae3a5ad6536320b5f77818e4aefa00e918927bf4a045e78b7,f45084b45b6eada5,True,
train,atencion,dataset_curado_v3/train/atencion/atencion_05151.jpg,atencion_05151.jpg,.jpg,35090,224,224,RGB,4c2d6f916271b3dc9ed87ff705f542661865b5cd8a33202862c67c5bf8eeb492,e51643633eb993c4,True,
train,atencion,dataset_curado_v3/train/atencion/atencion_05177.jpg,atencion_05177.jpg,.jpg,11553,224,224,RGB,a63b5d3b7819482ea498274222b3796d2872c3d4aa95672332ad00baf78e16e1,ed92739462986b9c,True,
train,atencion,dataset_curado_v3/train/atencion/atencion_05178.jpg,atencion_05178.jpg,.jpg,20848,224,224,RGB,2392e2c998de9787ac28a96b7c0436a4aba63b3aab65ea00bbc34f07c5f2286f,bfc0ddd012b65227,True,
train,atencion,dataset_curado_v3/train/atencion/atencion_05187.jpg,atencion_05187.jpg,.jpg,24637,224,224,RGB,a491262e5e7b3079c6c29929dc1b4efcc81133b65fab0fcc08fb8b9a55dffb61,f098dbf70bd03780,True,
train,atencion,dataset_curado_v3/train/atencion/atencion_05195.jpg,atencion_05195.jpg,.jpg,17766,224,224,RGB,1c76bc737adfe5080515fdf4448f21b6a2c6bc76eeb7be3fcf95d132acfa7e4d,b303c85ab079c75d,True,
train,atencion,dataset_curado_v3/train/atencion/atencion_05329.jpg,atencion_05329.jpg,.jpg,25257,224,224,RGB,8c1984a7e6fa2e68d61c88d027cd161b3160fba8d29c9a709b1611058faadc7c,d1b6794b21a50ef2,True,
train,atencion,dataset_curado_v3/train/atencion/atencion_05383.jpg,atencion_05383.jpg,.jpg,16385,224,224,RGB,4cca4bcd0fe99e55117d8f440f60c3ab26890ac0ef539b546d1b379ac08dc4ad,dc04f64f814ef750,True,
train,atencion,dataset_curado_v3/train/atencion/atencion_05397.jpg,atencion_05397.jpg,.jpg,23013,224,224,RGB,9f0f26a237b6f47c3668194a1247e0945b34c4e7885264130789bd138f6eb666,d7941a51096e2a7f,True,
train,atencion,dataset_curado_v3/train/atencion/atencion_05422.jpg,atencion_05422.jpg,.jpg,21305,224,224,RGB,930649744df26736afb27ad7be11fe67b63cab1de31dc732621d664aaa940027,939134ca4b6937cd,True,
train,atencion,dataset_curado_v3/train/atencion/atencion_05444.jpg,atencion_05444.jpg,.jpg,27020,224,224,RGB,849d5152ca18c79b07d2e004372048cbd753f2097ecb3a74acfee9cbaa0be0a3,80d132c8f9e47dc7,True,
train,atencion,dataset_curado_v3/train/atencion/atencion_05747.jpg,atencion_05747.jpg,.jpg,30401,224,224,RGB,04aebf4e57ae938413d984e400974f1c77d401c13ac59c359eadfb6638d2b297,ca6cde2c220facb5,True,
train,atencion,dataset_curado_v3/train/atencion/atencion_05749.jpg,atencion_05749.jpg,.jpg,19493,224,224,RGB,74795b73cfafdfa391d9e4656c961c08b6ec184343e92e33c8e4dd33f1006ec0,f1e02183e2fb04fb,True,
train,atencion,dataset_curado_v3/train/atencion/atencion_05781.jpg,atencion_05781.jpg,.jpg,24631,224,224,RGB,2e2930d9223e417dd07a723eccaf76ad8cb3df7218e5ba9af65ab2f281c6d39f,ab89e05af7939415,True,
train,atencion,dataset_curado_v3/train/atencion/atencion_05786.jpg,atencion_05786.jpg,.jpg,24202,224,224,RGB,b1a4257329e50bb66aa9d432c743ec9089658ae6054ec543e66ac0fbb00363b6,ccaa0905666f9f93,True,
train,atencion,dataset_curado_v3/train/atencion/atencion_05823.jpg,atencion_05823.jpg,.jpg,24735,224,224,RGB,af56c59427f217061ca1d2d22cfae00a0468b3b44edace6245965e51e1d51f42,eda554b4bc9096b2,True,
train,atencion,dataset_curado_v3/train/atencion/atencion_05830.jpg,atencion_05830.jpg,.jpg,25247,224,224,RGB,654ef95bd445ff0786697c9b7fc2a7230732bfe9b7f29b534634905a0a503b5c,af8b31a9dc7c4261,True,
train,atencion,dataset_curado_v3/train/atencion/atencion_05852.jpg,atencion_05852.jpg,.jpg,29523,224,224,RGB,47c146050f277fa7f54797ebe8382d4ae177783674b741fd1d79342501ac4f14,cec2c90591b6e32f,True,
train,atencion,dataset_curado_v3/train/atencion/atencion_05941.jpg,atencion_05941.jpg,.jpg,29195,224,224,RGB,0db646a7ab1e8c799a6048dc883a117e125b85afbc0191b57b20fb0a12302785,a6a88d89dcd893ae,True,
train,atencion,dataset_curado_v3/train/atencion/atencion_05960.jpg,atencion_05960.jpg,.jpg,38996,224,224,RGB,41555c96e7eaa09123ec6b35e6260cfb26c7e40a617244dd9dd36546858862dd,be8fe12eb09a88c6,True,
train,atencion,dataset_curado_v3/train/atencion/atencion_05978.jpg,atencion_05978.jpg,.jpg,28109,224,224,RGB,118895d30a44a7790e8ca6edfc6288890838ba6d9d709b0cf0e9d22f94a49069,8589bc54f35bc70a,True,
train,atencion,dataset_curado_v3/train/atencion/atencion_06136.jpg,atencion_06136.jpg,.jpg,22431,224,224,RGB,5867badd8b3df8d729a8ab26620259663fe5f8a3ddae71e9cf854b0a45a16a33,8ea477b4b1cf0a32,True,
train,atencion,dataset_curado_v3/train/atencion/atencion_06200.jpg,atencion_06200.jpg,.jpg,30815,224,224,RGB,00a81eb69a26663b1d569efd5fd733c3dd8bb502e7575f9497bedf4f29522349,b5e6191ef2ae0ae0,True,
train,atencion,dataset_curado_v3/train/atencion/atencion_06341.jpg,atencion_06341.jpg,.jpg,20301,224,224,RGB,9ef604d9ecbfe792d94de11adc711c192636ffb73a6ccd236672ed4edb5cbc44,9693796c643d3362,True,
train,atencion,dataset_curado_v3/train/atencion/atencion_06364.jpg,atencion_06364.jpg,.jpg,29194,224,224,RGB,0adb8e737e31042685999bdf2847230e43b015d1668ba5a19a4724503905d290,9aefe3a3d44e4c02,True,
train,atencion,dataset_curado_v3/train/atencion/atencion_06385.jpg,atencion_06385.jpg,.jpg,26933,224,224,RGB,2a226d1b977a35d6efe0d1c0473aa60d2653bbaea082f02babd974e5968d01dd,c7a06b0ca9ee60d7,True,
train,atencion,dataset_curado_v3/train/atencion/atencion_06507.jpg,atencion_06507.jpg,.jpg,22650,224,224,RGB,830ca5f8c4dcc80c73e5794bf37dd10495da1bbfc75669891f2a4ad925efd552,ecd3f5cc43dc1803,True,
train,atencion,dataset_curado_v3/train/atencion/atencion_06519.jpg,atencion_06519.jpg,.jpg,12643,224,224,RGB,631ec6bfe75510b8a402fabca0c961344addd88d599da850e6ec25714490ad0f,b5c3c73c596065c6,True,
train,atencion,dataset_curado_v3/train/atencion/atencion_06619.jpg,atencion_06619.jpg,.jpg,33752,224,224,RGB,21b71d8d93fa1d2ef5d782dbe68acd9c9055552feae2661b2a8e2bceb5d1f098,f1d7258165b97682,True,
train,atencion,dataset_curado_v3/train/atencion/atencion_06846.jpg,atencion_06846.jpg,.jpg,20125,224,224,RGB,122e911dabe6d57360ee09d3694a821d33ee331bacad2d716408c7383829f899,f760e05f8d920e99,True,
train,atencion,dataset_curado_v3/train/atencion/atencion_07152.jpg,atencion_07152.jpg,.jpg,23734,224,224,RGB,a712291e437d1f3d18550790a938ed368757e9bd4880b4d2e58069c6e71b4f8d,c0c068c9cb5f99bd,True,
train,atencion,dataset_curado_v3/train/atencion/atencion_07223.jpg,atencion_07223.jpg,.jpg,42432,224,224,RGB,a51faa48511e7be4fbecb4feab2af16277250379769f78a2095630047578cb14,cdae52cdea90889e,True,
train,atencion,dataset_curado_v3/train/atencion/atencion_07378.jpg,atencion_07378.jpg,.jpg,30195,224,224,RGB,79d1e5d73e8807210ab7a8dd55494da8fce941066a18018058bfdd63dede6368,e8e50d5ae885dd68,True,
train,atencion,dataset_curado_v3/train/atencion/atencion_07407.jpg,atencion_07407.jpg,.jpg,29747,224,224,RGB,12f9dd04e82659372540cd1c61c045a7616903d3b22db2bf627e141cb03e1be8,d0da275af81276e1,True,
train,atencion,dataset_curado_v3/train/atencion/atencion_07413.jpg,atencion_07413.jpg,.jpg,31259,224,224,RGB,198974e146db4c773b8e920969897f6a18d78c96bf16514d71673c302a24dfd9,d6f726406b86d133,True,
train,atencion,dataset_curado_v3/train/atencion/atencion_07420.jpg,atencion_07420.jpg,.jpg,22359,224,224,RGB,8d7ef57413d4f632391587c14f484d320e8346b4711104e17e23350b5aa4b74f,909b26f3196469db,True,
train,atencion,dataset_curado_v3/train/atencion/atencion_07477.jpg,atencion_07477.jpg,.jpg,23430,224,224,RGB,238d8505c708d85f0e11cac2d510da887fac69cdc3feebf2c4bdc6ce09f22669,a9d70a29d60a35f6,True,
train,atencion,dataset_curado_v3/train/atencion/atencion_07583.jpg,atencion_07583.jpg,.jpg,27145,224,224,RGB,438298dee7541f297681573d1ca460abb973e9424327e927e3bedaa069166d9d,c74dad0dac22ad0f,True,
train,atencion,dataset_curado_v3/train/atencion/atencion_07599.jpg,atencion_07599.jpg,.jpg,25003,224,224,RGB,51d734f4b696a8fa77f98dba3be9c3e3a1aa6df0efb12ed8aa29f363b538b6cf,ab9b908fe0f2a43c,True,
train,atencion,dataset_curado_v3/train/atencion/atencion_07605.jpg,atencion_07605.jpg,.jpg,30136,224,224,RGB,30e88a94d28323c4b5b446625c7ca1175759b5b1ef9d94f96e4cd8d0d8047042,ef1efd31c8320ab0,True,
train,atencion,dataset_curado_v3/train/atencion/atencion_07610.jpg,atencion_07610.jpg,.jpg,35322,224,224,RGB,60dcdea9e2ce9a9dc1ab2347eaa1388c5684860407833df32572439e97c359bb,f0ab5e35834ee483,True,
train,atencion,dataset_curado_v3/train/atencion/atencion_07620.jpg,atencion_07620.jpg,.jpg,20816,224,224,RGB,7d7990a4e88875eeb2ed40642d76b1ca429fe8431031858d5d70eaa364a67af3,b4e2635dee639908,True,
train,atencion,dataset_curado_v3/train/atencion/atencion_07621.jpg,atencion_07621.jpg,.jpg,24839,224,224,RGB,2a592def98559c7fad201b290937e678ff34efdf75342a279e6fcd8faf2e6dfa,d9a2969d46464bdc,True,
train,atencion,dataset_curado_v3/train/atencion/atencion_07733.jpg,atencion_07733.jpg,.jpg,26421,224,224,RGB,3b26ca7c78e75c1047b413ac5e2122208ea12bf44eef778f6fab985dde42fc51,9f8c7c58e11bb854,True,
train,atencion,dataset_curado_v3/train/atencion/atencion_07787.jpg,atencion_07787.jpg,.jpg,25009,224,224,RGB,2847cf94b08579db78b848c7679cb9c39ea37007708019cb52d34b18ccef89d2,854a2ee62f6723d8,True,
train,atencion,dataset_curado_v3/train/atencion/atencion_07789.jpg,atencion_07789.jpg,.jpg,32823,224,224,RGB,3566fd93359da4492b31e79a2cfa0ddd8f386d2dbca07157616bcc6c7dc0dc0d,a83d9d286e699b13,True,
train,atencion,dataset_curado_v3/train/atencion/atencion_07791.jpg,atencion_07791.jpg,.jpg,28184,224,224,RGB,77a3bfedf379e7b08655928cc38a10979ec2392a5f35daf5e57e39c4fa7cc5eb,c88f0d9a7e780f07,True,
train,atencion,dataset_curado_v3/train/atencion/atencion_07878.jpg,atencion_07878.jpg,.jpg,21836,224,224,RGB,1b97df01a242944528de2acd0ebebab31dbb5dc2142e5f342a0f4876d094d609,d9d28499649a65bd,True,
train,atencion,dataset_curado_v3/train/atencion/atencion_08092.jpg,atencion_08092.jpg,.jpg,23869,224,224,RGB,527548a7e792b8b41d1999b21a826338aec5a09934a97d5088b4cb03d5c4d120,b3454e9b4bb244ba,True,
train,atencion,dataset_curado_v3/train/atencion/atencion_08107.jpg,atencion_08107.jpg,.jpg,19528,224,224,RGB,769f6a2f738dd8e484c171a0e7092fd6cd2212cb0796452f7cd726fb3df2465d,809e62a93f44deb6,True,
train,atencion,dataset_curado_v3/train/atencion/atencion_08150.jpg,atencion_08150.jpg,.jpg,33939,224,224,RGB,95cb24414483629e2a864daa3340638214f9113db47d36558d0deab8fc650699,b2c0ed65db85432b,True,
train,atencion,dataset_curado_v3/train/atencion/atencion_08265.jpg,atencion_08265.jpg,.jpg,31091,224,224,RGB,3791d6c7aeaba0bc30b7223ca9a0449db218292cc3c655f0708e931dfa21c205,f8c81bb7b0e5e980,True,
train,atencion,dataset_curado_v3/train/atencion/atencion_08405.jpg,atencion_08405.jpg,.jpg,26266,224,224,RGB,58c0a8289f1d98da7dade1a94e553f7ae3d63dee61e730f55f6b00de9c0b6f18,a81e3b7642717c47,True,
train,atencion,dataset_curado_v3/train/atencion/atencion_08508.jpg,atencion_08508.jpg,.jpg,19430,224,224,RGB,492e600b27682172a582f6431bc7cf24144af03c08d7333fa93fc0b01f020ad1,a2a71b6c3e81b8b3,True,
train,atencion,dataset_curado_v3/train/atencion/atencion_08569.jpg,atencion_08569.jpg,.jpg,33156,224,224,RGB,1f4665fb227411703dae9250a68978d1867b99170d8093583df96128e1a02ac6,b9f84b44be795203,True,
train,atencion,dataset_curado_v3/train/atencion/atencion_08681.jpg,atencion_08681.jpg,.jpg,24571,224,224,RGB,9d6c04069299a0c7894e3808f825327371c5b724425428db83f54c551b3f2627,d863947937529c0f,True,
train,atencion,dataset_curado_v3/train/atencion/atencion_08823.jpg,atencion_08823.jpg,.jpg,21491,224,224,RGB,7211fafd9cc3cdf441669d8cb45be1f0524047d69480b7199df7bf9b15a562a4,f8a7da21d5784790,True,
train,atencion,dataset_curado_v3/train/atencion/atencion_08848.jpg,atencion_08848.jpg,.jpg,17978,224,224,RGB,757db8474aba33559bde679ed4a7f1594ddf0818bcb0103d9472896ff35ea315,b705815aec9fa8c5,True,
train,atencion,dataset_curado_v3/train/atencion/atencion_08863.jpg,atencion_08863.jpg,.jpg,21589,224,224,RGB,619be0063757c6b2c609e1edb1afda221180079d4958d6145f0da8a89d3cf56d,a63648f5b488ee3c,True,
train,atencion,dataset_curado_v3/train/atencion/atencion_08896.jpg,atencion_08896.jpg,.jpg,26859,224,224,RGB,7fa53619471e253d5b7dc62af4a4ea408098e727cae8717675ce4ed7d10caf5e,9b6d2d9266e62931,True,
train,atencion,dataset_curado_v3/train/atencion/atencion_08923.jpg,atencion_08923.jpg,.jpg,39646,224,224,RGB,a7cd9ab27e2d9eed9bdcc1a40af8425af1919970a87661c75ee6ae5e33bdbba2,beed14c2446b269d,True,
train,atencion,dataset_curado_v3/train/atencion/atencion_09282.jpg,atencion_09282.jpg,.jpg,19782,224,224,RGB,a98ff3484a1d90505ad5c2e4a666d7674d5614334511fa78d4a0cafe008ed0df,864ba91af407ce3e,True,
train,atencion,dataset_curado_v3/train/atencion/atencion_09466.jpg,atencion_09466.jpg,.jpg,35199,224,224,RGB,3117c740f8f5ff000bdd2fcfc23010c6ed0a427fc530d04950eeed5690be27d9,cd7f13273d518d10,True,
train,atencion,dataset_curado_v3/train/atencion/atencion_09514.jpg,atencion_09514.jpg,.jpg,17657,224,224,RGB,3022d855d43d667cb5edac0e309b6f023ed90ac6e74911bb6b98c8a7e9107a2b,e1e5c61b96f80a99,True,
train,atencion,dataset_curado_v3/train/atencion/atencion_09529.jpg,atencion_09529.jpg,.jpg,17161,224,224,RGB,0f2d403287ab70e5c0c671897c9465da00a696d3fadba62155da7aaf59292340,eaa52d5096b8ab36,True,
train,atencion,dataset_curado_v3/train/atencion/atencion_09547.jpg,atencion_09547.jpg,.jpg,26686,224,224,RGB,77377d5302663423a004bffbda83479099df00e2c25e258c2a7da59f231d9806,9d136429638eccf3,True,
train,atencion,dataset_curado_v3/train/atencion/atencion_09606.jpg,atencion_09606.jpg,.jpg,26952,224,224,RGB,044f5012c3e3e9bbd861318a92a58b00a0d797fb88fe4f390d6296a91d7065a4,877063b6c8f4acac,True,
train,atencion,dataset_curado_v3/train/atencion/atencion_09686.jpg,atencion_09686.jpg,.jpg,26261,224,224,RGB,310670551405a4eafcc591f653b322aa0d24cf9327bd965b009db931e9cd7296,94319b1bfb42ba68,True,
train,atencion,dataset_curado_v3/train/atencion/atencion_09760.jpg,atencion_09760.jpg,.jpg,23268,224,224,RGB,23755141850894b1860a944383caa7f936d1bd77549e63f04410391166bbfa8d,aa23930ddb878c79,True,
train,atencion,dataset_curado_v3/train/atencion/atencion_09764.jpg,atencion_09764.jpg,.jpg,13800,224,224,RGB,48325bd9823d48d96256100cfd369cf910031fc32c06b280a7646c938db87652,d44ab51ba6c819b7,True,
train,atencion,dataset_curado_v3/train/atencion/atencion_09800.jpg,atencion_09800.jpg,.jpg,22760,224,224,RGB,2303049d79dcbd7f9dd8cc86e782848410c7b7700c46224339075b227cdde21f,aab23a46775da581,True,
train,atencion,dataset_curado_v3/train/atencion/atencion_09807.jpg,atencion_09807.jpg,.jpg,24591,224,224,RGB,2a4351b95768bff2e0775d57be2ff901b4198e64900629bd47076dad4c7274cb,ecc60fe90baa5456,True,
train,atencion,dataset_curado_v3/train/atencion/atencion_09836.jpg,atencion_09836.jpg,.jpg,22918,224,224,RGB,a4ba5fc7aa4c6947b245ebd9905169e04f27f7c8f21dd509fbccd79c0c7ccae1,b74247b4e87582f8,True,
train,atencion,dataset_curado_v3/train/atencion/atencion_09862.jpg,atencion_09862.jpg,.jpg,24892,224,224,RGB,3abd7b3376a4ab4f7df542a36aadfa3671655f37653d23e994ff926981e474e5,c0a42a57e3df886e,True,
train,atencion,dataset_curado_v3/train/atencion/atencion_09918.jpg,atencion_09918.jpg,.jpg,34887,224,224,RGB,31d0d398ae002e5aea81474e154b95bb9877738cfa9d7cc9c034f7bfd861597f,96adf256a92ac952,True,
train,atencion,dataset_curado_v3/train/atencion/atencion_09924.jpg,atencion_09924.jpg,.jpg,29971,224,224,RGB,a1db068636951e036db857a5e1f3e23ceb416235096959c2c1627ba89e5bbad7,e09fcf93261931c6,True,
train,atencion,dataset_curado_v3/train/atencion/atencion_10030.jpg,atencion_10030.jpg,.jpg,33738,224,224,RGB,550deffb04cc5c64e35a2f7074501cb805e1a4f3378db146605f13a1e0445d47,ab061ff0eb7e1092,True,
train,atencion,dataset_curado_v3/train/atencion/atencion_10137.jpg,atencion_10137.jpg,.jpg,30655,224,224,RGB,4b9b7073b93036ddddbcb6f6c2bd71e3f26e9fcb3e15b4cc1121979bacd5517f,aabae1c49395cc36,True,
train,atencion,dataset_curado_v3/train/atencion/atencion_10526.jpg,atencion_10526.jpg,.jpg,29311,224,224,RGB,422592cd768a949777673f5da8c94fb60ceb4008ea341abc2bcb95ac5320ab6b,a3ac99ad2663e92c,True,
train,atencion,dataset_curado_v3/train/atencion/atencion_10543.jpg,atencion_10543.jpg,.jpg,35033,224,224,RGB,ad7ce479c22b0e8ceef4f746de7518cb47c53a52e9b31e02ff1455b02c721b41,9db92a5a79494a27,True,
train,atencion,dataset_curado_v3/train/atencion/atencion_10884.jpg,atencion_10884.jpg,.jpg,25896,224,224,RGB,6da3b3699dc1cc818010f89e3dcbb4a5cb0c89221b5a4bc1ecbc24788acb6758,82333dc8c6cfe9b0,True,
train,atencion,dataset_curado_v3/train/atencion/atencion_11115.jpg,atencion_11115.jpg,.jpg,32223,224,224,RGB,1fb8670a96129722de9e0929a0d094bbf0b6a6444f44439d8c52bf9cda18e0c5,eac3f004ac57929f,True,
train,atencion,dataset_curado_v3/train/atencion/atencion_11144.jpg,atencion_11144.jpg,.jpg,33948,224,224,RGB,205ebcc6eb74d38034b56165dba828c69212954b13f9301e360e08021b875b07,bcf2014ed3d833e4,True,
train,atencion,dataset_curado_v3/train/atencion/atencion_11276.jpg,atencion_11276.jpg,.jpg,14156,224,224,RGB,704e369f2e52f5db16f6281a88dfc5978551f7615958aaa7e4e8dbf4cf18423b,95fc3a3af03470e2,True,
train,atencion,dataset_curado_v3/train/atencion/atencion_11370.jpg,atencion_11370.jpg,.jpg,31331,224,224,RGB,10dfda2fdf4bc59783887a31fe96e94141d1922a7ef1744066b84ae1dddbbd20,8cface65db340b90,True,
train,atencion,dataset_curado_v3/train/atencion/atencion_11473.jpg,atencion_11473.jpg,.jpg,29182,224,224,RGB,9c7285a72621674867aa67739276f8cd64d743ea1e68cc4d83b08a4d56025dad,fab09c7e782a0ba2,True,
train,atencion,dataset_curado_v3/train/atencion/atencion_11486.jpg,atencion_11486.jpg,.jpg,36537,224,224,RGB,1f93dd232df0a03869fe0f0ba1ab16325085ea48da70c9eff60957c0ae63a829,f0d27eec447ae086,True,
train,atencion,dataset_curado_v3/train/atencion/atencion_11488.jpg,atencion_11488.jpg,.jpg,26723,224,224,RGB,7f0baf93cf3bb17ad99dce864e055dda6b2f29e205934cd457f555405d5a46de,bce243b2358758dc,True,
train,atencion,dataset_curado_v3/train/atencion/atencion_11489.jpg,atencion_11489.jpg,.jpg,34689,224,224,RGB,306fe88bbeff222194cc03fc549c85b26e52008ac34a642e5d5748b1e8fa720e,eaf4a5ec5a8d2c18,True,
train,atencion,dataset_curado_v3/train/atencion/atencion_11512.jpg,atencion_11512.jpg,.jpg,34248,224,224,RGB,377e3a47b4ddfb61d4f8ee819ca526b445833aae12e196196a33312dcda707fc,c49b361dbd1c1b2a,True,
train,atencion,dataset_curado_v3/train/atencion/atencion_11679.jpg,atencion_11679.jpg,.jpg,23734,224,224,RGB,a7dd98c3be97a53624feece847d90cca3bf9e02089de5e00b0fde28e3f6d71b4,c3ea0b3b82345b5d,True,
train,atencion,dataset_curado_v3/train/atencion/atencion_11798.jpg,atencion_11798.jpg,.jpg,23223,224,224,RGB,63b53fca25ce0945faf9c0189f6494115113e9ef75623f393ee0f1ecbb7c05c7,8fd270af15823f91,True,
train,atencion,dataset_curado_v3/train/atencion/atencion_11953.jpg,atencion_11953.jpg,.jpg,22940,224,224,RGB,1c1af557a216d93d3b10b053100ff6fc05370f4346ab7a5def4623c2c204460d,eefc510a19d6aa85,True,
train,atencion,dataset_curado_v3/train/atencion/atencion_11977.jpg,atencion_11977.jpg,.jpg,27199,224,224,RGB,3e746c9dd69852c92984742f2e31fa1593e7635b64a393b9634ac699e934ec66,eb52b43c1372f036,True,
train,atencion,dataset_curado_v3/train/atencion/atencion_12027.jpg,atencion_12027.jpg,.jpg,25333,224,224,RGB,abb5a85e5c9c4c991d5b3d2d36eecb15caf03c1deb3198b41476e7e0db36c0fc,a081fdbfe1e001be,True,
train,atencion,dataset_curado_v3/train/atencion/atencion_12035.jpg,atencion_12035.jpg,.jpg,23390,224,224,RGB,1637ec6aff248f538a62ba8b65da667b4b97949913d7bcace75cf1c28d75e128,acc4334f88fb3c2c,True,
train,atencion,dataset_curado_v3/train/atencion/atencion_12047.jpg,atencion_12047.jpg,.jpg,24245,224,224,RGB,0842f99d10de7af913f0cdad81d7960c66863d84e0afed9fc32584a22aafe868,8ea87a7e7a681a38,True,
train,atencion,dataset_curado_v3/train/atencion/atencion_12055.jpg,atencion_12055.jpg,.jpg,24066,224,224,RGB,9a47139801991c1da331ea96e76a1606692ce4d120b07bd7be7220cb5e4e0586,bdf9c14aa884d46b,True,
train,atencion,dataset_curado_v3/train/atencion/atencion_12193.jpg,atencion_12193.jpg,.jpg,30973,224,224,RGB,3aef391ae8825b90dc5b50c926cf732a0dba69efb0926bc94712443790e6672f,819d35319d9d496b,True,
train,atencion,dataset_curado_v3/train/atencion/atencion_12313.jpg,atencion_12313.jpg,.jpg,25123,224,224,RGB,525959d0f3a2650ff841a57002a6079175e3a14ffffa7721bb8d08b45cdbe0f3,96e87eb63ca6202b,True,
train,atencion,dataset_curado_v3/train/atencion/atencion_12339.jpg,atencion_12339.jpg,.jpg,26355,224,224,RGB,50dd0c4a10c1eeda9164bc4bf4ec3edca0ede611e3475f5da88f62eeeaba1e63,ee9885189e4b1b37,True,
train,atencion,dataset_curado_v3/train/atencion/atencion_12357.jpg,atencion_12357.jpg,.jpg,20644,224,224,RGB,51e9da0c2cee46910c55ce3a7b95548ab1a886100e1bbbb4cc2e2e2f2999174a,fa17c6e0f0c9a386,True,
train,atencion,dataset_curado_v3/train/atencion/atencion_12441.jpg,atencion_12441.jpg,.jpg,19963,224,224,RGB,38d6f1b8c5d81e603025a63bbaa63cf8a502c92381c481bf9cdf08d6b77f1ae6,8e96629e6994b696,True,
train,atencion,dataset_curado_v3/train/atencion/atencion_12447.jpg,atencion_12447.jpg,.jpg,27473,224,224,RGB,680f7558fd30a18ad77c0876873985ce2404572d87a0abbd5539cea71a455ba2,93d2fdc2e49ce20c,True,
train,atencion,dataset_curado_v3/train/atencion/atencion_12475.jpg,atencion_12475.jpg,.jpg,18981,224,224,RGB,101ac82cde2011b55d2b8fbce695862f91784d6c6b60565f52cd9e4bd9802f5d,fae1ac1be42aa1d1,True,
train,atencion,dataset_curado_v3/train/atencion/atencion_12766.jpg,atencion_12766.jpg,.jpg,24528,224,224,RGB,07a4ca1f7dd922473817a0470c511d45e986f8b799fd42a4e375d21271e5a21b,c6e1382e97ce4b07,True,
train,atencion,dataset_curado_v3/train/atencion/atencion_12999.jpg,atencion_12999.jpg,.jpg,29692,224,224,RGB,039e50281d82e6391a98b3282812ef21641492414d3025d5a7557a991834db22,84e74ca72645a737,True,
train,atencion,dataset_curado_v3/train/atencion/atencion_13712.jpg,atencion_13712.jpg,.jpg,33613,224,224,RGB,18974de0b7a56b7978002d99961186c88f066bfd044cd8f0d0fbcb285b950ed5,d15d4bfe69c06885,True,
train,atencion,dataset_curado_v3/train/atencion/atencion_14019.jpg,atencion_14019.jpg,.jpg,27391,224,224,RGB,5074ff004e2a93c3a89fc6897c12c8740670df1deb2a80b91b9e462175c1ff11,d9c73c99db1424c3,True,
train,atencion,dataset_curado_v3/train/atencion/atencion_14045.jpg,atencion_14045.jpg,.jpg,25061,224,224,RGB,31e3135fa7649e07109c59860fe15974b9e8bc47249a06e4b1ff3808d421412a,956d8952ab9524dd,True,
train,atencion,dataset_curado_v3/train/atencion/atencion_14068.jpg,atencion_14068.jpg,.jpg,23985,224,224,RGB,91937438dd7339e3144d7010a1be8d885b7ec78797ca282d21a7383fd6707a71,e93296ce3a4965c9,True,
train,atencion,dataset_curado_v3/train/atencion/atencion_14071.jpg,atencion_14071.jpg,.jpg,34917,224,224,RGB,0a6ab3a660d0f9f733fe0501792d516f2417feb69ec5faad03cebbf8d62d601a,eaf193229cb58cc9,True,
train,atencion,dataset_curado_v3/train/atencion/atencion_14074.jpg,atencion_14074.jpg,.jpg,33707,224,224,RGB,85797bdb11314b54ac56bfbae19162b2df26995567449410ba1a8f433b41bfa8,a8d5de60c76a611e,True,
train,atencion,dataset_curado_v3/train/atencion/atencion_14075.jpg,atencion_14075.jpg,.jpg,27330,224,224,RGB,19ef7cd21c0f481ab741cfb3e5d6fd0bde153a53547dc784b0d52ccf26e5130c,a99dda2d646627c2,True,
train,atencion,dataset_curado_v3/train/atencion/atencion_14077.jpg,atencion_14077.jpg,.jpg,29814,224,224,RGB,15cbd5cc3eaa946444bb4715b052ba46218cd17498c30ab59bce036dd51ed74c,aabec2cc646a351b,True,
train,atencion,dataset_curado_v3/train/atencion/atencion_14079.jpg,atencion_14079.jpg,.jpg,33089,224,224,RGB,95946f61744415f0fe21cb6dfbdd90b9bca7c3e3fa4e94ddf289b5c058c75670,b496b799c04f4a2e,True,
train,atencion,dataset_curado_v3/train/atencion/atencion_14080.jpg,atencion_14080.jpg,.jpg,31572,224,224,RGB,b284bf8f5e8bf1ded0dcfadbc97231de17a8599e0750449b7c9f6c00abfe3757,f6f68696c2c4c18b,True,
train,atencion,dataset_curado_v3/train/atencion/atencion_14081.jpg,atencion_14081.jpg,.jpg,33122,224,224,RGB,67dcc9614a83fc2615ecd1b9c5bea91633f9dc9e129fda286e60b0c84a6a7e6f,f5d4856d6ca8d063,True,
train,atencion,dataset_curado_v3/train/atencion/atencion_14082.jpg,atencion_14082.jpg,.jpg,36647,224,224,RGB,41b9cce5970b221fbf20e078325384ee25afa5ef9245c750a887f29aab16c7ba,ecda9264cd642d35,True,
train,atencion,dataset_curado_v3/train/atencion/atencion_14084.jpg,atencion_14084.jpg,.jpg,32804,224,224,RGB,0d2a7c360144f5bdb913c1a4d0bb6d7e125acc33b1e6b2da14048912772c6f79,f2b4966cec1a2d91,True,
train,atencion,dataset_curado_v3/train/atencion/atencion_14085.jpg,atencion_14085.jpg,.jpg,32739,224,224,RGB,9b7a6420cd5c231b710006b500d79094f61e1142dd41b685cb43bd382b80120e,a9d2d26595a58a6b,True,
train,atencion,dataset_curado_v3/train/atencion/atencion_14086.jpg,atencion_14086.jpg,.jpg,28487,224,224,RGB,5417d76d36077ce225077fe2e47784f532a85717f928c176810b95921ab488be,a52593699b137b38,True,
train,atencion,dataset_curado_v3/train/atencion/atencion_14087.jpg,atencion_14087.jpg,.jpg,26256,224,224,RGB,6da944516946a38e84091f64e86dec3c6efca779347f0c0eee8b7b81a172dd96,a99ada4e9357c511,True,
train,atencion,dataset_curado_v3/train/atencion/atencion_14091.jpg,atencion_14091.jpg,.jpg,34151,224,224,RGB,08c97b7f7374cabf761fb54fc8e9d2896a2ac0c4030c95c5511b00d032d534d0,a3fa9091df31aa31,True,
train,atencion,dataset_curado_v3/train/atencion/atencion_14092.jpg,atencion_14092.jpg,.jpg,37039,224,224,RGB,9fbe6c8dac9e8e2193aeb596b69c5427ea80d420bf0c8b131c3594bb9a757711,ac7ad39307c4f521,True,
train,atencion,dataset_curado_v3/train/atencion/atencion_14093.jpg,atencion_14093.jpg,.jpg,34580,224,224,RGB,21c1d8c82ccf3faa7c9731fa302f67ae5748af5dfde2e503b6fbd49febcd1e71,aafed4a6c5344a83,True,
train,atencion,dataset_curado_v3/train/atencion/atencion_14094.jpg,atencion_14094.jpg,.jpg,35044,224,224,RGB,339b1dd7c373521f1f94654b8e2a0e1fd7a2233f97bf263a21e060a75d26ec69,aae4858296569daf,True,
train,atencion,dataset_curado_v3/train/atencion/atencion_14096.jpg,atencion_14096.jpg,.jpg,26064,224,224,RGB,44a2a118d2fd5dba814b981dde95cda167ea981ddaab61e677c94be6972ff1cf,aedbc369d90cc458,True,
train,atencion,dataset_curado_v3/train/atencion/atencion_14097.jpg,atencion_14097.jpg,.jpg,28248,224,224,RGB,0c5970f2015cde0cdc95e2204edcafca8b858fe609ba9ea6533d30fea38edb76,befa9906b4318b83,True,
train,atencion,dataset_curado_v3/train/atencion/atencion_14098.jpg,atencion_14098.jpg,.jpg,31057,224,224,RGB,98ad8160ce18fe1b207aad5f79a96cf981042527b1d41b5fdb147754b65ecf3a,84fc905ab234a5f7,True,
train,atencion,dataset_curado_v3/train/atencion/atencion_14099.jpg,atencion_14099.jpg,.jpg,38287,224,224,RGB,b0cb939041c63f9b4762afbed4085cf7cb09185c46d930cdd9f9e41d78ee2db8,aaf5d31a8da12734,True,
train,atencion,dataset_curado_v3/train/atencion/atencion_14101.jpg,atencion_14101.jpg,.jpg,38959,224,224,RGB,52f949b9e41edbc39fe19cb7bc752c64985aa7bb88527d051223ba94ca14ae41,b588b925cacf033d,True,
train,atencion,dataset_curado_v3/train/atencion/atencion_14102.jpg,atencion_14102.jpg,.jpg,34761,224,224,RGB,9be98d31f7466ef9cfe194c628d112d264f03238b984c9bd0bb83f6a6288b739,d2b1a59aa2ed91e4,True,
train,atencion,dataset_curado_v3/train/atencion/atencion_14103.jpg,atencion_14103.jpg,.jpg,34740,224,224,RGB,17f7f924ee3771cc61d8c6b95779c316ce5a7e4e7cfb04a0c8e62b0a496a8fea,bea09ece214fcac4,True,
train,atencion,dataset_curado_v3/train/atencion/atencion_14105.jpg,atencion_14105.jpg,.jpg,34957,224,224,RGB,98a703499225ae5f3230756bc93047cb1137453a7c6e15dd62769785a668e458,bbc08cb8d1f9d498,True,
train,atencion,dataset_curado_v3/train/atencion/atencion_14106.jpg,atencion_14106.jpg,.jpg,30703,224,224,RGB,298ed862de863c8d1f35e0ebcc327a5f6a2481c3e6e337376e07ae755599ea17,edf08e1d59d9a068,True,
train,atencion,dataset_curado_v3/train/atencion/atencion_14108.jpg,atencion_14108.jpg,.jpg,33647,224,224,RGB,87e5d0720971a276009cc61415a046c1b526c98ddbe21f99754b75a356fc5724,a96fa63619392a63,True,
train,atencion,dataset_curado_v3/train/atencion/atencion_14109.jpg,atencion_14109.jpg,.jpg,36530,224,224,RGB,a72c44a75ed19eda8afee35a535567420331708dac673b7bfa7e5b9944cf216d,a8e49f4bd070eae8,True,
train,atencion,dataset_curado_v3/train/atencion/atencion_14111.jpg,atencion_14111.jpg,.jpg,35817,224,224,RGB,60b721797ddd343083c2e6c9d7fe7f9f835eea3a4c13e07c2234f3305703161e,a2ba4b5d74a89d2c,True,
train,atencion,dataset_curado_v3/train/atencion/atencion_14112.jpg,atencion_14112.jpg,.jpg,36879,224,224,RGB,9b2a9d110eee0f686c9aec83539c029395b22e92cfad20a492659ed1ac404ca4,faa689e9054cdee0,True,
train,atencion,dataset_curado_v3/train/atencion/atencion_14113.jpg,atencion_14113.jpg,.jpg,37226,224,224,RGB,a5c56e990255ecc65d2a6b458b4217b0aa9da87decf7f00b8eb185b519cb12b7,b95dcda143c272d2,True,
train,atencion,dataset_curado_v3/train/atencion/atencion_14114.jpg,atencion_14114.jpg,.jpg,35801,224,224,RGB,add7dc4d4f09458ad0ecfbd8919a63fa7102ecfceea376b6351537d25f4a41bb,fdcccea541a4e186,True,
train,atencion,dataset_curado_v3/train/atencion/atencion_14117.jpg,atencion_14117.jpg,.jpg,31174,224,224,RGB,8cbbbb678d76276eaaa3c2f9cee139d645bfdf6328ebfb3531566ab5f1cf3d15,a5d3e4d0b9ae8c2a,True,
train,atencion,dataset_curado_v3/train/atencion/atencion_14118.jpg,atencion_14118.jpg,.jpg,36470,224,224,RGB,5aafd843a4b55c96da21c68bc8000c91779375fcaa0a84ac0ed8be560386bd9d,f35cd3799b018703,True,
train,atencion,dataset_curado_v3/train/atencion/atencion_14120.jpg,atencion_14120.jpg,.jpg,35464,224,224,RGB,9e5caace4e4417e9e8ae742bec35f63212c65d849d01b1ea7c654de79266c144,ad89221ab5a7b751,True,
train,atencion,dataset_curado_v3/train/atencion/atencion_14126.jpg,atencion_14126.jpg,.jpg,32950,224,224,RGB,6581bd9a673a969ca32a3b03f5f120d861aae69e059d0ca506dcf128740b4826,a57f8f3010ca6e72,True,
train,atencion,dataset_curado_v3/train/atencion/atencion_14127.jpg,atencion_14127.jpg,.jpg,33790,224,224,RGB,69f419129ff5ab7e82d33d832c4dae37278fb5d7a3e90826d051adc5841fa782,b76698e370dc238a,True,
train,atencion,dataset_curado_v3/train/atencion/atencion_14130.jpg,atencion_14130.jpg,.jpg,36730,224,224,RGB,1ce0e2898a2676246c9a27f22902c8e13881bb27bcf1b064a860b7ebcabc55bf,b1bcd2f6c462e8c1,True,
train,atencion,dataset_curado_v3/train/atencion/atencion_14131.jpg,atencion_14131.jpg,.jpg,36579,224,224,RGB,2073eeef1c9988fee86d6f6dc23d0d1501d7fa2a14972cda106ebd25810d463a,b5d8c678893486e7,True,
train,atencion,dataset_curado_v3/train/atencion/atencion_14132.jpg,atencion_14132.jpg,.jpg,34559,224,224,RGB,4ff32c3236d0988276a22ed60c971ff8017c9813dfa80c1b3d9add313d394f8e,a5709cf7718ae093,True,
train,atencion,dataset_curado_v3/train/atencion/atencion_14134.jpg,atencion_14134.jpg,.jpg,35632,224,224,RGB,02e2f5f258c32275558803495c86b1c5cb6dbd5f6a9fb28cfe1b62f2a41a7202,e35e8463d0f191a7,True,
train,atencion,dataset_curado_v3/train/atencion/atencion_14135.jpg,atencion_14135.jpg,.jpg,32562,224,224,RGB,2bf69e11f1bbc659b3d9a6278b590adf68e69da0cffc35428ac3897f323f7e3f,e84e8030def8da9e,True,
train,atencion,dataset_curado_v3/train/atencion/atencion_14136.jpg,atencion_14136.jpg,.jpg,32911,224,224,RGB,334516fb5e07b290289fb2a6314cb7e5896a016e7e5d9fe8ac319a2fb49604fb,be08c12fcbb4ec86,True,
train,atencion,dataset_curado_v3/train/atencion/atencion_14137.jpg,atencion_14137.jpg,.jpg,32526,224,224,RGB,8d8ae3df97278b4f94c535316578e235b0b525d9308ce8cb040acb45adc40145,ea589c46dbeb6212,True,
train,atencion,dataset_curado_v3/train/atencion/atencion_14138.jpg,atencion_14138.jpg,.jpg,33900,224,224,RGB,3bb092bc787df9cf7cf973e119189f49375d7a3704e02b3f349844416184c1eb,eb5286299e2cbcf0,True,
train,atencion,dataset_curado_v3/train/atencion/atencion_14139.jpg,atencion_14139.jpg,.jpg,30177,224,224,RGB,ad026357461379c258a007b140fd2cdf57fa019081b60adc66bd9cb1347d46f1,b7428a2b523e6cf8,True,
train,atencion,dataset_curado_v3/train/atencion/atencion_14140.jpg,atencion_14140.jpg,.jpg,32216,224,224,RGB,25d19ce8f6159018011b3730da533f40f1a3ee3da4f0801bbbdb1bde0d9aea9d,b427d139453e2b69,True,
train,atencion,dataset_curado_v3/train/atencion/atencion_14141.jpg,atencion_14141.jpg,.jpg,30863,224,224,RGB,2a770d10adc4f32128d8c0b22a1ee8f2704f26a1f26b7ad7878c23f8e5899456,ce55850a97dd1a1e,True,
train,atencion,dataset_curado_v3/train/atencion/atencion_14142.jpg,atencion_14142.jpg,.jpg,34209,224,224,RGB,8bd79fde999710908336e6c802f00d66899dd6efa911997488123647e3705075,a197967b4cec89e0,True,
train,atencion,dataset_curado_v3/train/atencion/atencion_14144.jpg,atencion_14144.jpg,.jpg,31910,224,224,RGB,01c1565f645bb620c2fc3a955a02caa0f75305cd13f1c3cfd225ee2823b999a5,e53980e49f8a364f,True,
train,atencion,dataset_curado_v3/train/atencion/atencion_14145.jpg,atencion_14145.jpg,.jpg,35663,224,224,RGB,730220b64534df5a51f90855001330523d1160bb323309f6078673248d5a1b86,e59ca04aeacfd614,True,
train,atencion,dataset_curado_v3/train/atencion/atencion_14146.jpg,atencion_14146.jpg,.jpg,34501,224,224,RGB,2943e608a93233e8da2ca2baaae7bebd94691a1d221eef5dd3f9db3aad433484,dc4fa310a9fae292,True,
train,atencion,dataset_curado_v3/train/atencion/atencion_14147.jpg,atencion_14147.jpg,.jpg,37228,224,224,RGB,6e43dec41948d9971af57f42c1c9581d7fff97f60bc1376b94ceac4cb0bad5be,e8759f6d9168ab08,True,
train,atencion,dataset_curado_v3/train/atencion/atencion_14148.jpg,atencion_14148.jpg,.jpg,32338,224,224,RGB,50b55102f0f00a2e4ba4ce0b60333eee5bfa429809da31ee492e202e6901e469,a4d2c269e472f23e,True,
train,atencion,dataset_curado_v3/train/atencion/atencion_14150.jpg,atencion_14150.jpg,.jpg,25160,224,224,RGB,2b85b4c3499a3a3ef0b1417e0d709088b3c07a0e14e11ca6ad12fcf1c547e54f,e29d06267ba5865e,True,
train,atencion,dataset_curado_v3/train/atencion/atencion_14151.jpg,atencion_14151.jpg,.jpg,28518,224,224,RGB,16f097e13ce36d8f6364596c02bb9eae93300184b0dabbe9932d65d561406d4a,e294dd196e59a15c,True,
train,atencion,dataset_curado_v3/train/atencion/atencion_14152.jpg,atencion_14152.jpg,.jpg,30602,224,224,RGB,76f64d0178e2b79d88d62acad04c3588cee4b3e6c723555b63ec8d7601e55ec6,ea549ac9070ab5f3,True,
train,atencion,dataset_curado_v3/train/atencion/atencion_14153.jpg,atencion_14153.jpg,.jpg,33667,224,224,RGB,6ddeacb97b7c5fe052a6ab1d0be33d801c5f22c907610756075b0436a51cd987,fdc21e618be2859c,True,
train,atencion,dataset_curado_v3/train/atencion/atencion_14154.jpg,atencion_14154.jpg,.jpg,31725,224,224,RGB,198fb283eb3f223658e645dd259f0ac4f68438edc821815ee2cdff1fe520d8c8,f0421f684bfac4a7,True,
train,atencion,dataset_curado_v3/train/atencion/atencion_14155.jpg,atencion_14155.jpg,.jpg,27480,224,224,RGB,2fbea981f10aa282ce53df45f93e3a37f4060d2d73cc51831d6b7f684a6025d4,bcd869a6887330f9,True,
train,atencion,dataset_curado_v3/train/atencion/atencion_14156.jpg,atencion_14156.jpg,.jpg,30529,224,224,RGB,4c0e452879d48ad9bacfd9da974641bff36e9bc19ce25e7282697a08fd2ccf0b,e03b8f41cd4e3e4c,True,
train,atencion,dataset_curado_v3/train/atencion/atencion_14158.jpg,atencion_14158.jpg,.jpg,25522,224,224,RGB,6a4e8645828c33f38ed3556f096c181821fd3d5c7006e7d4b8728ba33a47f0ba,aff1780e37c029e1,True,
train,atencion,dataset_curado_v3/train/atencion/atencion_14159.jpg,atencion_14159.jpg,.jpg,24524,224,224,RGB,ae95a6cecbc7119b1b72784f8eb352c8839e33c12e0edab01f15e0f6f25f3e96,8b73581fe748a1e4,True,
train,atencion,dataset_curado_v3/train/atencion/atencion_14161.jpg,atencion_14161.jpg,.jpg,23602,224,224,RGB,216710bcdd127b39b52c960aeee1b75e1a52be5b76503f6e4f530e9202c96ed7,f28b943c49516b79,True,
train,atencion,dataset_curado_v3/train/atencion/atencion_14162.jpg,atencion_14162.jpg,.jpg,27023,224,224,RGB,176fff6c859d62c2a297baeda9c2d6baef4f88f505d2886c6f9306e8f5692399,a5909b546999af6a,True,
train,atencion,dataset_curado_v3/train/atencion/atencion_14163.jpg,atencion_14163.jpg,.jpg,37801,224,224,RGB,afbee846e296cd5f54ba61e453da33ec291c19b059e1a21feebd61de114ed7ab,bbd548482c669e4f,True,
train,atencion,dataset_curado_v3/train/atencion/atencion_14165.jpg,atencion_14165.jpg,.jpg,34993,224,224,RGB,026badbcb1c93a84c904dd069857e1f838dc5b9afd55a57fc116c0a0b1fdef13,ef83c8459c70da2d,True,
train,atencion,dataset_curado_v3/train/atencion/atencion_14170.jpg,atencion_14170.jpg,.jpg,32727,224,224,RGB,5640ff7362f593d91bda3647e35c2d5702991eeed70ca01924b7ae91f9f4b1a6,e7859030232fbdea,True,
train,atencion,dataset_curado_v3/train/atencion/atencion_14172.jpg,atencion_14172.jpg,.jpg,36931,224,224,RGB,6ce3ab0c29ad2ab22adee7110f35d958562bc70c97c0ca0aaae98f6acfa125e5,aca6f049257bf542,True,
train,atencion,dataset_curado_v3/train/atencion/atencion_14174.jpg,atencion_14174.jpg,.jpg,32086,224,224,RGB,6f1154534c24187221709a0c030f68983fde1c9d18cf7529406b8318352f7c4d,df8bd0c2b53ee408,True,
train,atencion,dataset_curado_v3/train/atencion/atencion_14175.jpg,atencion_14175.jpg,.jpg,35292,224,224,RGB,7c1dfcbb0f05674aff541970fa3701ad78dd87a0e2d6305f22cebc8f19fbfb3e,fe8bb11e8a2ee130,True,
train,atencion,dataset_curado_v3/train/atencion/atencion_14176.jpg,atencion_14176.jpg,.jpg,35109,224,224,RGB,0573a95d4deb5123da55bd527dc9f3d977079b6d3e9dd6f0b27d3cdd652bdd37,fa8dc43bd2c061ae,True,
train,atencion,dataset_curado_v3/train/atencion/atencion_14177.jpg,atencion_14177.jpg,.jpg,35988,224,224,RGB,0aecd36748e280a29e5487c4812c2caa4fddb8ded1f0d542a521cff6aaab0865,bef48f43cd729003,True,
train,atencion,dataset_curado_v3/train/atencion/atencion_14180.jpg,atencion_14180.jpg,.jpg,36057,224,224,RGB,4ebe11286094fa1e6635e34df1548b505d1cfed32de13f047a7687b58d12ad70,ead49299e2a2ad95,True,
train,atencion,dataset_curado_v3/train/atencion/atencion_14182.jpg,atencion_14182.jpg,.jpg,33651,224,224,RGB,6aba27e01c9baed1419fa62ff95ce64fce7c5a3efef90ab2dbc665857c0e2e66,e4239fd7d878102d,True,
train,atencion,dataset_curado_v3/train/atencion/atencion_14183.jpg,atencion_14183.jpg,.jpg,39089,224,224,RGB,006aa94b03986f460d2b29b7daa352d06f1d9bb80157eff8b6d55b293d4786e1,fb62897cc0b04f3c,True,
train,atencion,dataset_curado_v3/train/atencion/atencion_14190.jpg,atencion_14190.jpg,.jpg,36852,224,224,RGB,1a115fdb9322e1cda96aeded97e6e7fc06d4a7bcd2481e82f66bca847986d547,faa685438e7090fb,True,
train,atencion,dataset_curado_v3/train/atencion/atencion_14192.jpg,atencion_14192.jpg,.jpg,33931,224,224,RGB,4ab0b2f7c2c7b61817220c08a7a42a2bc82c4c6ddd0dbeea92928554b1d8bfea,f291870f7b40366d,True,
train,atencion,dataset_curado_v3/train/atencion/atencion_14193.jpg,atencion_14193.jpg,.jpg,35221,224,224,RGB,53fd1144c2da1705c92218ac78e2dfa272e6463f169dbe81d2cbae48248d58a5,fb8097952c1e6867,True,
train,atencion,dataset_curado_v3/train/atencion/atencion_14195.jpg,atencion_14195.jpg,.jpg,25145,224,224,RGB,5dc5653ef899d690fc0357758e01f6acdd35e512ba9edced5501f229a3f0ad05,8255aa3a8fe8358f,True,
train,atencion,dataset_curado_v3/train/atencion/atencion_14196.jpg,atencion_14196.jpg,.jpg,31737,224,224,RGB,7783a590cbbe8cd963cfd8866d812fef1d2408b514fcf161ddf1296686afa133,b81e8a6f12c3d74a,True,
train,atencion,dataset_curado_v3/train/atencion/atencion_14202.jpg,atencion_14202.jpg,.jpg,30070,224,224,RGB,8282ad392e6b013f592522dfe481f1c131d78ef31e7d3a35512ae2b712032470,e0b98e769b4591ca,True,
train,atencion,dataset_curado_v3/train/atencion/atencion_14204.jpg,atencion_14204.jpg,.jpg,31212,224,224,RGB,a29d9abff3b699e1d85275e05a60c6ba935ab93498af6e0682c12680ba771457,ad7981e2359e2e51,True,
train,atencion,dataset_curado_v3/train/atencion/atencion_14206.jpg,atencion_14206.jpg,.jpg,24789,224,224,RGB,55ea65dd10833213efb1ef43c3b43cff55df25e2faf52980fb65516d44308cc9,ae9fb02a4ba132e6,True,
train,atencion,dataset_curado_v3/train/atencion/atencion_14207.jpg,atencion_14207.jpg,.jpg,28570,224,224,RGB,8ee64b1efe067605ff5e608ae8af5eb50e1cc7816d2be236084160241d38a5e5,b0c7d8332bf9c90c,True,
train,atencion,dataset_curado_v3/train/atencion/atencion_14208.jpg,atencion_14208.jpg,.jpg,28222,224,224,RGB,5ee39d53b7411a17465c7a64ca7be52fad5968c715fbce15da80974bd3298324,8694b74ce7b8b849,True,
train,atencion,dataset_curado_v3/train/atencion/atencion_14209.jpg,atencion_14209.jpg,.jpg,31159,224,224,RGB,9a90fd12fbd68da87a574f61aef4ccbe941c6de69a0a3bc0c9180cad335112e4,efb5f552c491828a,True,
train,atencion,dataset_curado_v3/train/atencion/atencion_14210.jpg,atencion_14210.jpg,.jpg,31017,224,224,RGB,833301d208625089f6b5304b171964c84c1486417c6e06be7cfb02d57369ab8a,c6b18b02f0a87fcd,True,
train,atencion,dataset_curado_v3/train/atencion/atencion_14212.jpg,atencion_14212.jpg,.jpg,25377,224,224,RGB,554cebce38c732980079c955be00133418a0658b16c9a2e3b76d5e533076a6ff,d415b7f3088ed658,True,
train,atencion,dataset_curado_v3/train/atencion/atencion_14213.jpg,atencion_14213.jpg,.jpg,30825,224,224,RGB,3191b11593e800bf9bb9fa914dab7fe66fdc76ace1cbc0582e026adbf5862bcc,bd40de00bdb7c0b6,True,
train,atencion,dataset_curado_v3/train/atencion/atencion_14214.jpg,atencion_14214.jpg,.jpg,34000,224,224,RGB,2598acb4bcffc2a24daeb208c3473dcff94640269addecc8e0b61e6c9966abc8,ea96957bc06c8578,True,
train,atencion,dataset_curado_v3/train/atencion/atencion_14216.jpg,atencion_14216.jpg,.jpg,25229,224,224,RGB,113794e43d8e244ef7f77b315dade63afd3f769cf8ebeac2f6a2dd7b8c364510,b5da5d2cb233ac18,True,
train,atencion,dataset_curado_v3/train/atencion/atencion_14217.jpg,atencion_14217.jpg,.jpg,26306,224,224,RGB,60e9d7b8b72db31244a0200d2d305bc54fb36fefa6e25852de53c63e90d34ae8,fb87c05c0f63b413,True,
train,atencion,dataset_curado_v3/train/atencion/atencion_14218.jpg,atencion_14218.jpg,.jpg,30499,224,224,RGB,49d2eac677a6c2de5dcd204cdb82e614255c9ba84dd42972582786ebf04c3082,ff5f82721c09b194,True,
train,atencion,dataset_curado_v3/train/atencion/atencion_14219.jpg,atencion_14219.jpg,.jpg,32029,224,224,RGB,07d83365df0e10e0393709cd20134fdc4939a8be96b501c7fa134067fa2ba86e,fe80d2bec2961d23,True,
train,atencion,dataset_curado_v3/train/atencion/atencion_14220.jpg,atencion_14220.jpg,.jpg,33728,224,224,RGB,184cddfefd6156a7246f3dba62e42d75d750e9007e73eef3fc5369778e293875,ad92dd3701370337,True,
train,atencion,dataset_curado_v3/train/atencion/atencion_14221.jpg,atencion_14221.jpg,.jpg,31782,224,224,RGB,7bcc1a7ace84b730ccd041c65ebfa221d5161cf8541af507171f5a7770f70bbd,e572ca86ee32c41e,True,
train,atencion,dataset_curado_v3/train/atencion/atencion_14222.jpg,atencion_14222.jpg,.jpg,23894,224,224,RGB,77c87b389389edde723c161f9b44fec637fa8a1dd82885a7fe6164f9ed3defb6,97e04df3e088dad8,True,
train,atencion,dataset_curado_v3/train/atencion/atencion_14223.jpg,atencion_14223.jpg,.jpg,30942,224,224,RGB,a1c435e28fe833dbed54620c862323ab32b000028affb4cadb445a8c0d46b4ac,b10f5972e3b6c451,True,
train,atencion,dataset_curado_v3/train/atencion/atencion_14224.jpg,atencion_14224.jpg,.jpg,29195,224,224,RGB,1a0666d92e946e935fa56310406a5c4616c28354c41c5ef1054b8f82a3eb9cee,a669d136ecc9c68c,True,
train,atencion,dataset_curado_v3/train/atencion/atencion_14225.jpg,atencion_14225.jpg,.jpg,29174,224,224,RGB,29dbdf254f9b4a248e4fa592ceb7972731ca1b5a85a57b4bbeb9984e7141c538,b20e4f39782267a7,True,
train,atencion,dataset_curado_v3/train/atencion/atencion_14226.jpg,atencion_14226.jpg,.jpg,30778,224,224,RGB,9bb6e0a347bff9b8dbf6a1c080c5c614ba0b1b15b136ced121a54bf97b88725b,be46481f3d62e705,True,
train,atencion,dataset_curado_v3/train/atencion/atencion_14228.jpg,atencion_14228.jpg,.jpg,34284,224,224,RGB,23c0dcb07914f11ff845712fa979ebd8c6f0043275b38c42944b03d6c70d106d,bf90a3ae95e08e68,True,
train,atencion,dataset_curado_v3/train/atencion/atencion_14229.jpg,atencion_14229.jpg,.jpg,31065,224,224,RGB,1bc3d8a828159f951c68936209ea0db7d081d84987a8d8512f18811b8cb35dd5,add23f00b69dcc62,True,
train,atencion,dataset_curado_v3/train/atencion/atencion_14230.jpg,atencion_14230.jpg,.jpg,31550,224,224,RGB,108e0e3b5dd74e3dcff716bd8706c1b1531cbc016da0d69ee0b624dc3c9d2c5a,acb2c6d1ed3409ad,True,
train,atencion,dataset_curado_v3/train/atencion/visual_atencion_00004.jpg,visual_atencion_00004.jpg,.jpg,23859,224,224,RGB,39012e72cfdde87a3d4e0fe81e635b9bef6590ef922fb8f6ded8753fdceb13a5,faa525503de2a64b,True,
train,atencion,dataset_curado_v3/train/atencion/visual_atencion_00574.jpg,visual_atencion_00574.jpg,.jpg,19836,224,224,RGB,4ad9d8f15fa9a4127b543bc31ca1cea6cefd9d5cba337b56d7e718c830e01501,8c763349c4eb9655,True,
train,atencion,dataset_curado_v3/train/atencion/visual_atencion_00580.jpg,visual_atencion_00580.jpg,.jpg,23914,224,224,RGB,3a57c2961d2bb8b0654fa790ec059b4c3978cd477178a98a385effb87dde2426,b6fc6681f8af0170,True,
train,atencion,dataset_curado_v3/train/atencion/visual_atencion_00606.jpg,visual_atencion_00606.jpg,.jpg,21772,224,224,RGB,a0f135a140a5773ac8b4b52400a4db225a85b109e2168471ceea514adfcb5f6e,d403e1cf382f9ec1,True,
train,atencion,dataset_curado_v3/train/atencion/visual_atencion_00619.jpg,visual_atencion_00619.jpg,.jpg,23335,224,224,RGB,61175d5ff4442e27b6a7fafb01644072de5ecdef52cd0071afe57653b0ae085f,eb569025c41bcf4d,True,
train,atencion,dataset_curado_v3/train/atencion/visual_atencion_00630.jpg,visual_atencion_00630.jpg,.jpg,16801,224,224,RGB,703d3291996e2d76b40fe6920c228cbe23346c7736431aa807a2640b054faa77,a5631cf62f286e29,True,
train,atencion,dataset_curado_v3/train/atencion/visual_atencion_00700.jpg,visual_atencion_00700.jpg,.jpg,17500,224,224,RGB,31062db8e14f2b216eec7b472026ab23e54d87df5e7eb272361deb2c72d4ed27,c2d56ac225aff454,True,
train,atencion,dataset_curado_v3/train/atencion/visual_atencion_01180.jpg,visual_atencion_01180.jpg,.jpg,10173,259,194,RGB,8a29ef59652b095a170b62bda9473741e13c014f7658fed9dacbd818eaf9b44b,f48fc920f6f90847,True,
train,atencion,dataset_curado_v3/train/atencion/visual_atencion_01208.jpg,visual_atencion_01208.jpg,.jpg,13856,194,259,RGB,5800d94359a2bb16bf81cbc2d26bb687d8600a4cab54d4d2b7b7e94ccab244e6,88c3eda18ee1bf81,True,
train,atencion,dataset_curado_v3/train/atencion/visual_atencion_01236.jpg,visual_atencion_01236.jpg,.jpg,8625,225,225,RGB,5c3d8f42d8d634dcdf2a1ded3d65d0182e5002c1181dd3e636db8adb64aa64f0,829036c7bc3b47ec,True,
train,atencion,dataset_curado_v3/train/atencion/visual_atencion_01248.jpg,visual_atencion_01248.jpg,.jpg,12410,194,259,RGB,37d205b2d28d84d3152d5b52dce1fec9b889ece36a011f1fec67b604c24c928d,f50afdf62b90824a,True,
train,atencion,dataset_curado_v3/train/atencion/visual_atencion_01260.jpg,visual_atencion_01260.jpg,.jpg,11261,279,181,RGB,a6d91fd76531ac2b65aebae1093640002ca2d7ad734359eb7c6a6f0ca72fbe99,fde4c88e32333711,True,
train,atencion,dataset_curado_v3/train/atencion/visual_atencion_01269.jpg,visual_atencion_01269.jpg,.jpg,11312,194,259,RGB,59dccbdf7aa0b6c0f4683dc712ed984c96d48a0157028781a72c0691752427e0,b1e57710269c86e7,True,
train,atencion,dataset_curado_v3/train/atencion/visual_atencion_01293.jpg,visual_atencion_01293.jpg,.jpg,6804,275,183,RGB,06f8d9d0e1be55d3c309efe116fdb8a6978e7e78925d51f16ab035ca5090f72c,d7590ee90127fce0,True,
train,atencion,dataset_curado_v3/train/atencion/visual_atencion_01361.jpg,visual_atencion_01361.jpg,.jpg,238234,1080,1920,RGB,5fe6e6f37a6f2a39ce99f68601d8cb10740acf9043c2c9dabe40b06a2fad106b,f632dadb4b48c078,True,
train,atencion,dataset_curado_v3/train/atencion/visual_atencion_01399.jpg,visual_atencion_01399.jpg,.jpg,10100,261,193,RGB,97b2f021b68d7560dd8ddd82c06f45d0539481b56075e9e46ca3dfabb6ca8692,d8303597cf1a527a,True,
train,atencion,dataset_curado_v3/train/atencion/visual_atencion_01427.jpg,visual_atencion_01427.jpg,.jpg,11700,275,183,RGB,9fdbf7f7a24a7ddfda4e244407101bad6e38e09f2a5b78138d464ed0553a2a57,87e0cc338d75331b,True,
train,atencion,dataset_curado_v3/train/atencion/visual_atencion_01573.jpg,visual_atencion_01573.jpg,.jpg,7259,275,183,RGB,0c720943ab5a283bc62713ed499282ddde7df22013a4c2c95be00e305adabeb8,adf315a6da2c3984,True,
train,atencion,dataset_curado_v3/train/atencion/visual_atencion_01586.jpg,visual_atencion_01586.jpg,.jpg,6003,263,192,RGB,93e248cbe0945bb42c4d6b5a3557523096ef86cd3fbf7557cac17be4a2740c6b,81d03f6b0c9b73ac,True,
train,atencion,dataset_curado_v3/train/atencion/visual_atencion_01587.jpg,visual_atencion_01587.jpg,.jpg,146085,400,329,RGB,a2a7ae9c58c674e798965f3f65d1dbbc4797f239c67e6ff38c1b6653179dbd44,b906dece86a6a683,True,
train,atencion,dataset_curado_v3/train/atencion/visual_atencion_01594.jpg,visual_atencion_01594.jpg,.jpg,9107,195,259,RGB,b0bfdd4d3370f186c99f19d9196b523a9c6c4820f1c94dddf007ee1393eafb9b,b89d588b588fba52,True,
train,atencion,dataset_curado_v3/train/atencion/visual_atencion_01606.jpg,visual_atencion_01606.jpg,.jpg,9850,268,188,RGB,8036d22543d5aeac7d421650b9fd6d0433fc110099f5a31bc1ca7587fceae49c,89d251894f56b9ad,True,
train,atencion,dataset_curado_v3/train/atencion/visual_atencion_01621.jpg,visual_atencion_01621.jpg,.jpg,13921,194,259,RGB,5a4ad2016dcd2ebc7f9b2636ac2bf273c0b95fd4efc28eaf8181f3de638a5a55,8b903629b14b57e7,True,
train,atencion,dataset_curado_v3/train/atencion/visual_atencion_01630.jpg,visual_atencion_01630.jpg,.jpg,7756,275,183,RGB,10a5a7ed9479f1e5ce8b78106afe4535b53eeeefb4ab0ca0b6d82504e893c78c,d738e027dc1d938a,True,
train,atencion,dataset_curado_v3/train/atencion/visual_atencion_01643.jpg,visual_atencion_01643.jpg,.jpg,56506,493,213,RGB,8666f02f615b795b0e43b131988dbb21b85f07ad559deb0aaa5f47ebcf3811bc,b67289c3a5df4087,True,
train,atencion,dataset_curado_v3/train/atencion/visual_atencion_01747.jpg,visual_atencion_01747.jpg,.jpg,8280,265,190,RGB,290a2df61d1c079efbd71852ccb37a8c2c624b6fc32c72b9c6bfe17d1576f9a4,9e97dd40c16ccd1c,True,
train,atencion,dataset_curado_v3/train/atencion/visual_atencion_01765.jpg,visual_atencion_01765.jpg,.jpg,10083,259,194,RGB,22c4a981b56f31429766a88a0b2e3d2d9cd8b3c4585259ecd6a064f018886ae2,c4ac37b139d0bc6a,True,
train,atencion,dataset_curado_v3/train/atencion/visual_atencion_01775.jpg,visual_atencion_01775.jpg,.jpg,6113,259,194,RGB,7c87c5ebf4dc6cc9fca7e96546f0f37ec48f1450442b0893dea6c822ea48bfcd,d4493f94598d44f6,True,
train,atencion,dataset_curado_v3/train/atencion/visual_atencion_01842.jpg,visual_atencion_01842.jpg,.jpg,7907,259,194,RGB,b2f45b4675f1df39770ddfbd344e5745987d4a136716c394aec883ea536307f3,ad52cbcd053c323b,True,
train,atencion,dataset_curado_v3/train/atencion/visual_atencion_02013.jpg,visual_atencion_02013.jpg,.jpg,12277,194,259,RGB,1a8050209dc44e51838e302325348a7d2ea17d09a348e1da32aee2bba27b7ad1,e3d8b40a8bf568ac,True,
train,atencion,dataset_curado_v3/train/atencion/visual_atencion_02031.jpg,visual_atencion_02031.jpg,.jpg,10873,194,259,RGB,52703b2d874fe9d734b68d8c1f3bbb8e9a8a6d6c755107290c687f645dfff4bd,a6da7183c9b8478d,True,
train,atencion,dataset_curado_v3/train/atencion/visual_atencion_02086.jpg,visual_atencion_02086.jpg,.jpg,8027,194,259,RGB,1c948e05f4ec313c73449d1ee4d27e676fb86f4ec5808c91faf323239832353f,a5cef02dda248fa1,True,
train,atencion,dataset_curado_v3/train/atencion/visual_atencion_02094.jpg,visual_atencion_02094.jpg,.jpg,5126,249,202,RGB,9c654cf6a627ac6181de011abf08f83853d7802157d120248d7fec17c3972893,bee8920bd9c4c99c,True,
train,atencion,dataset_curado_v3/train/atencion/visual_atencion_02102.jpg,visual_atencion_02102.jpg,.jpg,10854,194,259,RGB,6c7b024cfdec9a205f977d8545a2c5f087ada66caada60f72a6574fd1cab3cce,d3912477534b5cb2,True,
train,atencion,dataset_curado_v3/train/atencion/visual_atencion_02316.jpg,visual_atencion_02316.jpg,.jpg,23911,224,224,RGB,8bb318bd0ee6e91e432818179093baaa004c1b159ef5e4b562ba2ffc0b89ee73,d86868d97079e1cd,True,
train,atencion,dataset_curado_v3/train/atencion/visual_atencion_02462.jpg,visual_atencion_02462.jpg,.jpg,23428,224,224,RGB,198b75a472ebfa2f0ae770f3f47920f7a731f1371b8c3507a1880ed2469d658b,9f6370d28719ac74,True,
train,atencion,dataset_curado_v3/train/atencion/visual_atencion_02541.jpg,visual_atencion_02541.jpg,.jpg,20103,224,224,RGB,6612ab5b6070f67677c538eca4c44929d57b01f6e2a4eb7f5feeba41c0ddfc45,a73adc0d8bd0b315,True,
train,atencion,dataset_curado_v3/train/atencion/visual_atencion_02626.jpg,visual_atencion_02626.jpg,.jpg,22201,224,224,RGB,acbc3170ea316a3166afcbccfc4ac940ef8fa3f19910d3622668f6430c77d396,f0889fa5289da3f4,True,
train,atencion,dataset_curado_v3/train/atencion/visual_atencion_02640.jpg,visual_atencion_02640.jpg,.jpg,23712,224,224,RGB,1a31babf856f85c30e6d846049ba6be5b687a7db7c5cad1ddb9351e30cb8bd2c,d703630fca7d1f02,True,
train,atencion,dataset_curado_v3/train/atencion/visual_atencion_02872.jpg,visual_atencion_02872.jpg,.jpg,21764,224,224,RGB,7a2f05d7063e6f144a0943ceea8431be6514d683d54f74a0a8ab2ad7ac0b26d8,eb0ee5fcc5c08683,True,
train,atencion,dataset_curado_v3/train/atencion/visual_atencion_03246.jpg,visual_atencion_03246.jpg,.jpg,22433,224,224,RGB,764249ab07f60a141dffc1104ea670bba54baebac27d0a5a12b37a86b14a2a01,e0dca9711cce7439,True,
train,atencion,dataset_curado_v3/train/atencion/visual_atencion_03518.jpg,visual_atencion_03518.jpg,.jpg,35602,224,224,RGB,7c892630128479b8c4a54d1014080778e529b85e6c8084a37decc34bbd0a22d2,c3907e63a9b4564b,True,
train,atencion,dataset_curado_v3/train/atencion/visual_atencion_04687.jpg,visual_atencion_04687.jpg,.jpg,20175,224,224,RGB,5e80b557e11c7f29f40eaf153056771cea0c6a2b4c7fad7f44f0e091ad9fd983,94159b35ed61ec43,True,
train,atencion,dataset_curado_v3/train/atencion/visual_atencion_04737.jpg,visual_atencion_04737.jpg,.jpg,13863,224,224,RGB,4a832fb815a4b50db48287ddd840e5ab93e939459f980fd09f97ab7e750d9b19,c0781acf0f343e67,True,
train,atencion,dataset_curado_v3/train/atencion/visual_atencion_05135.jpg,visual_atencion_05135.jpg,.jpg,23367,224,224,RGB,6e046c7288de30d7566f3e64243f6146eec8b5f13040022b2e191b902b66d5d5,971a29efc229e43c,True,
train,atencion,dataset_curado_v3/train/atencion/visual_atencion_05751.jpg,visual_atencion_05751.jpg,.jpg,15453,224,224,RGB,7a4693431ffe127bbacf304e014e762827207dbed5082b5f2d7fb49dcf40f87c,82c560353fa73e0f,True,
train,atencion,dataset_curado_v3/train/atencion/visual_atencion_05758.jpg,visual_atencion_05758.jpg,.jpg,14988,224,224,RGB,329a70ba32588a03a1b12ea7c0b750cd2025796d7f1111c22f353e2445af9114,ebd209935d780c7c,True,
train,atencion,dataset_curado_v3/train/atencion/visual_atencion_07452.jpg,visual_atencion_07452.jpg,.jpg,32279,224,224,RGB,a9dca6cf0f172d15c167b48b46d036daf8239c66dd784534bea790b4f0c1098f,8f87f0c88d59a64b,True,
train,atencion,dataset_curado_v3/train/atencion/visual_atencion_08131.jpg,visual_atencion_08131.jpg,.jpg,24732,224,224,RGB,205591a98c17b997264da5dca712c28c79d1697a3410154d217796aad5d0103f,bed51502792b04bf,True,
train,peligro,dataset_curado_v3/train/peligro/peligro_00007.jpg,peligro_00007.jpg,.jpg,17081,224,224,RGB,48e58c8d5a708ea8cddb17e88a90342872d9fde4f5912af01b2cce1a761ff54d,c2bbebc81f308b2a,True,
train,peligro,dataset_curado_v3/train/peligro/peligro_00013.jpg,peligro_00013.jpg,.jpg,29274,224,224,RGB,55a3038338f667f829ef38221fec4c9cdbabff8ddb26c42ff30c18fa2740688e,ef86b43790590b6c,True,
train,peligro,dataset_curado_v3/train/peligro/peligro_00020.jpg,peligro_00020.jpg,.jpg,22146,224,224,RGB,0f453530fd3c249205656071b9fa8dcaa22a7a1b29ea94c2ba36eda4c23c6bc1,fac9a5b4ab07e822,True,
train,peligro,dataset_curado_v3/train/peligro/peligro_00026.jpg,peligro_00026.jpg,.jpg,25763,224,224,RGB,2533cb3d68015934b3b8675887c4b54e781db434fdf7650818eb40d5423bdada,aadb307097635c9c,True,
train,peligro,dataset_curado_v3/train/peligro/peligro_00028.jpg,peligro_00028.jpg,.jpg,30803,224,224,RGB,0c2760bdf91e95e6d8c3cb6077472e7cdf1213ba10f028f598ae74e581bbfbba,caec25b151cc9ed1,True,
train,peligro,dataset_curado_v3/train/peligro/peligro_00031.jpg,peligro_00031.jpg,.jpg,24746,224,224,RGB,3c57c261da4efbd7052a96e3f282565b57024bcd18aa8c9c5dce255ada17da75,c5967d5a2fb14621,True,
train,peligro,dataset_curado_v3/train/peligro/peligro_00037.jpg,peligro_00037.jpg,.jpg,21848,224,224,RGB,1ea8ad36f2fbe947698217381da9c930f013291dec0371119b5a4c35bf03b0f0,c09503537bdf262e,True,
train,peligro,dataset_curado_v3/train/peligro/peligro_00043.jpg,peligro_00043.jpg,.jpg,23261,224,224,RGB,49570a888eeaf212cf591078fde2eba9e078721e0e74b7d07f6c2cd2bf30b0bf,9e1e7979726c1c0a,True,
train,peligro,dataset_curado_v3/train/peligro/peligro_00048.jpg,peligro_00048.jpg,.jpg,24647,224,224,RGB,590349ca12cea15ec5dc0b469136b0aa60e52c6726b890b9f2824e4304663b6d,ea51f92aa1f6056a,True,
train,peligro,dataset_curado_v3/train/peligro/peligro_00076.jpg,peligro_00076.jpg,.jpg,27819,224,224,RGB,31f1820ebd36bf04eeb6a159935c63143e09230b153f926111d3e42a6750d9be,c844134dbfce6d91,True,
train,peligro,dataset_curado_v3/train/peligro/peligro_00103.jpg,peligro_00103.jpg,.jpg,25201,224,224,RGB,0ccbbfb38b5c3f689f4775c7aa96c61ea3f6db51902a3b8b4ce20196b7aa8fc2,f48d4a729cb704c7,True,
train,peligro,dataset_curado_v3/train/peligro/peligro_00123.jpg,peligro_00123.jpg,.jpg,20159,224,224,RGB,16a9da936f570e48eb5facdf97398d551ea58050fa1e5ed53aa8c1a096060e82,d73169d9fa189434,True,
train,peligro,dataset_curado_v3/train/peligro/peligro_00126.jpg,peligro_00126.jpg,.jpg,21828,224,224,RGB,11090fb4066fc9127fd776ea80a9bc7aac5fe2a12bd4cad683cd4ba35b29f88e,c3693a45ad1ab4f4,True,
train,peligro,dataset_curado_v3/train/peligro/peligro_00135.jpg,peligro_00135.jpg,.jpg,26785,224,224,RGB,4f831d8e13c7e1bdb526ada6df5021e9d5fc7d9a1409bfcde6d32376dbb3bd26,8c9432729dd1f36a,True,
train,peligro,dataset_curado_v3/train/peligro/peligro_00139.jpg,peligro_00139.jpg,.jpg,32338,224,224,RGB,4aa8e3ed23eb91abf8ebae753b59f5c7e2ee6d6e2438544fd6b38635c70068f8,859cf0cefcb54328,True,
train,peligro,dataset_curado_v3/train/peligro/peligro_00145.jpg,peligro_00145.jpg,.jpg,28524,224,224,RGB,61ab5e936e58b8f869243f7592804d492988a1ab12a244d2b40cc94cabd31218,c197a6a35b72bd10,True,
train,peligro,dataset_curado_v3/train/peligro/peligro_00158.jpg,peligro_00158.jpg,.jpg,32446,224,224,RGB,606a10ca6122ce30897a96b496aebbae57544826a1ac691a71242384a6d59b5b,a5cade25b2a86536,True,
train,peligro,dataset_curado_v3/train/peligro/peligro_00165.jpg,peligro_00165.jpg,.jpg,21348,224,224,RGB,73530302876757731603e55e597ceed0adda7f2be4aa237c2641a5ce49e456f8,b5c6c81966e792b1,True,
train,peligro,dataset_curado_v3/train/peligro/peligro_00180.jpg,peligro_00180.jpg,.jpg,35329,224,224,RGB,56b902c8b4f019cd6ef2717771d8652ee3343ef5c8812e2795d81203641c5cd7,8cf6780db09857cb,True,
train,peligro,dataset_curado_v3/train/peligro/peligro_00188.jpg,peligro_00188.jpg,.jpg,37112,224,224,RGB,6368dd7256bf64d45b849b0f46edb8bbcead958dfc1562f0ddeb6c7ec0014170,884cb6d2ba259faa,True,
train,peligro,dataset_curado_v3/train/peligro/peligro_00196.jpg,peligro_00196.jpg,.jpg,12622,224,224,RGB,6092066f99b1469c928ce8aeaca0223d8aae09f290f3ac32ad7d5c2ce39abfa3,d40d291ef470d26f,True,
train,peligro,dataset_curado_v3/train/peligro/peligro_00226.jpg,peligro_00226.jpg,.jpg,28065,224,224,RGB,0d5301798b7c1833bc8e4e1a7b2d620955e9eb96ecdac6d36f66e0b643892cba,da2c6316dce160e7,True,
train,peligro,dataset_curado_v3/train/peligro/peligro_00227.jpg,peligro_00227.jpg,.jpg,27938,224,224,RGB,23fb28680517ee3456f6bf3777fe075f0e2a2a8eef6f2572ce9ed31821465a26,9de1c218972e66d6,True,
train,peligro,dataset_curado_v3/train/peligro/peligro_00228.jpg,peligro_00228.jpg,.jpg,27571,224,224,RGB,0a59c09a2e3ea1c648fa283f068a618e5215d7e43c9c7fbdb0fb576a7c1c0119,ea1f9d7c94283195,True,
train,peligro,dataset_curado_v3/train/peligro/peligro_00248.jpg,peligro_00248.jpg,.jpg,27701,224,224,RGB,2d7e4da5e0a99a031fc33a2ad359f366e18175ca5da037c5f061c5d476d6af35,f8d887c55a221b79,True,
train,peligro,dataset_curado_v3/train/peligro/peligro_00251.jpg,peligro_00251.jpg,.jpg,10135,224,224,RGB,38bcda8cc8e40b3480bd1cf1adaa57ed83c1c7b2fb1f537eea7e53ce7546b182,999864d987cd8e66,True,
train,peligro,dataset_curado_v3/train/peligro/peligro_00255.jpg,peligro_00255.jpg,.jpg,22567,224,224,RGB,55bf021e00828aac1a9d81e7147113a3f1bb08779032458dfdaf7bc81bec50f4,dde2297d161ad20b,True,
train,peligro,dataset_curado_v3/train/peligro/peligro_00259.jpg,peligro_00259.jpg,.jpg,27615,224,224,RGB,3df699a8d15de5b8b5ceaeb779f057779661a66e0acc516c57a20d115c5b0960,91f51f4b48cae1e8,True,
train,peligro,dataset_curado_v3/train/peligro/peligro_00265.jpg,peligro_00265.jpg,.jpg,21437,224,224,RGB,31bc93344d0c97bacaf61ed12914ba62efd9f38a832778f52be11ea8fd4f2769,c1403a2736db729f,True,
train,peligro,dataset_curado_v3/train/peligro/peligro_00289.jpg,peligro_00289.jpg,.jpg,32145,224,224,RGB,4e751e6b4e28575023449f2f22383fbde64432f910a60507aa361cf91758cc57,c58d03827bea3d17,True,
train,peligro,dataset_curado_v3/train/peligro/peligro_00292.jpg,peligro_00292.jpg,.jpg,27855,224,224,RGB,26cf05064cb167a5c6b28de19a89e95bc05cc90c6e56294e230e4cbcf7d324c0,e93a86c9a02b9f56,True,
train,peligro,dataset_curado_v3/train/peligro/peligro_00297.jpg,peligro_00297.jpg,.jpg,16867,224,224,RGB,17a4fa7440d458093bf49ba32cd2ea59ad53e38fb9d8bee5b7253e79cadcc494,ceb92267ba0d3887,True,
train,peligro,dataset_curado_v3/train/peligro/peligro_00298.jpg,peligro_00298.jpg,.jpg,25336,224,224,RGB,38ba83ccc8fb193e6ddb084ca90ff8a9afd64045b9e250d8f06dcbe3917922fc,a8c1bd7a807954e7,True,
train,peligro,dataset_curado_v3/train/peligro/peligro_00301.jpg,peligro_00301.jpg,.jpg,24952,224,224,RGB,29d85c584c10d2a77cbdb027d8a99fabec8ac1d531d85fd05ba29162bac5fc08,c1cfb971b23aca50,True,
train,peligro,dataset_curado_v3/train/peligro/peligro_00313.jpg,peligro_00313.jpg,.jpg,20032,224,224,RGB,267a7e04ca6548ac4e3a9bae97f4acff99f8ea786faee78657b08e8f08a86920,eb92942b5e8d58ac,True,
train,peligro,dataset_curado_v3/train/peligro/peligro_00337.jpg,peligro_00337.jpg,.jpg,16877,224,224,RGB,648f3c3f82064a284cd9417682806b26003aa0493e910a91e41347264b1d5c33,c51a77676743ca0a,True,
train,peligro,dataset_curado_v3/train/peligro/peligro_00338.jpg,peligro_00338.jpg,.jpg,26681,224,224,RGB,24cf7bf7b3b65fb62f139c8ba77990091e978db41e4d56bfb12668340bf193f5,c1107e2fe11f8cd6,True,
train,peligro,dataset_curado_v3/train/peligro/peligro_00340.jpg,peligro_00340.jpg,.jpg,22847,224,224,RGB,6bfd5e0ac0fcfcf80a65926c0450885c986b21cf73b66bf92d826792ae36cf54,998f56646e704f34,True,
train,peligro,dataset_curado_v3/train/peligro/peligro_00349.jpg,peligro_00349.jpg,.jpg,25772,224,224,RGB,1a16ff731041048ff17bc8a6f8cdf684254e1594b6016c35bc4f0067826ad622,b2a650fd704965d3,True,
train,peligro,dataset_curado_v3/train/peligro/peligro_00353.jpg,peligro_00353.jpg,.jpg,22354,224,224,RGB,4cf983d329945637592dd07e7753125576decdc140296d42dd25f3cf253612ca,cee3b10c46d3f648,True,
train,peligro,dataset_curado_v3/train/peligro/peligro_00356.jpg,peligro_00356.jpg,.jpg,34377,224,224,RGB,524c666d57ff427dfda38f86a80da6647529a9f1df15b9c993e1a9e834bef323,c997525cac3d36d0,True,
train,peligro,dataset_curado_v3/train/peligro/peligro_00358.jpg,peligro_00358.jpg,.jpg,13895,224,224,RGB,249f6c050b45105a71f01bc79218ba92d4cdb1ce3a4b773782e4fe7a3cfc3bb3,b6c0c17e197283e7,True,
train,peligro,dataset_curado_v3/train/peligro/peligro_00367.jpg,peligro_00367.jpg,.jpg,14656,224,224,RGB,04884d34b76f8ba8162d020ab8db310ef2b79377678d6f7feb6a737018651ebe,bd39d0674f2c6c90,True,
train,peligro,dataset_curado_v3/train/peligro/peligro_00372.jpg,peligro_00372.jpg,.jpg,33234,224,224,RGB,45f4949066457f005ae121abbb315a3e35fddd48baa6c38ec8e1c29d287f01d9,c0f49c9f0ec356a9,True,
train,peligro,dataset_curado_v3/train/peligro/peligro_00382.jpg,peligro_00382.jpg,.jpg,24751,224,224,RGB,57ef09d6322aff7ff4b6013891ab8ee8cf62a58bc9286f0b904a16f3f4e09666,c4bf7e942098d0db,True,
train,peligro,dataset_curado_v3/train/peligro/peligro_00383.jpg,peligro_00383.jpg,.jpg,20546,224,224,RGB,71bbaca0fc2269d5e59d9fba7c7a2c0f205cd83d22ad644ea9bf2de91b26783c,a225adb48d7d394a,True,
train,peligro,dataset_curado_v3/train/peligro/peligro_00385.jpg,peligro_00385.jpg,.jpg,14328,224,224,RGB,412835acd9fac2ad63a37fe7352a4b4189554cc8ebb1289019491a2af73f5921,c4e033fa4fe59603,True,
train,peligro,dataset_curado_v3/train/peligro/peligro_00402.jpg,peligro_00402.jpg,.jpg,13444,224,224,RGB,0663eeba36fc7d1f34643a7779cf9814a6dd4491bb04ea6e22b3fa802e759ab1,be3e90f1d8c0d1c9,True,
train,peligro,dataset_curado_v3/train/peligro/peligro_00425.jpg,peligro_00425.jpg,.jpg,22256,224,224,RGB,2c91f081e234a9727d7d6259c31f1d37263a99cf9b1c479078f299e566bc63ac,e7c0d2b0a49d3bc6,True,
train,peligro,dataset_curado_v3/train/peligro/peligro_00439.jpg,peligro_00439.jpg,.jpg,18555,224,224,RGB,542904e20d88c35a5620ee814914fb42b5cd6ed6dcb799138ad4a1204f44b19e,b89ec465c26b4d35,True,
train,peligro,dataset_curado_v3/train/peligro/peligro_00458.jpg,peligro_00458.jpg,.jpg,18118,224,224,RGB,02cbb1473e8083c01ae57a1fb5d665343a51406f3aa961c77050a7374cc6298b,b3c60f3007f30e9d,True,
train,peligro,dataset_curado_v3/train/peligro/peligro_00460.jpg,peligro_00460.jpg,.jpg,17489,224,224,RGB,1c538846498ccca0338d562fad42ba43e947b8b8ad2923aeabec8bc882de5983,e7831f195869bc68,True,
train,peligro,dataset_curado_v3/train/peligro/peligro_00463.jpg,peligro_00463.jpg,.jpg,22454,224,224,RGB,436e4d6fb1e8947d4e2e780706eea53af5262c138896807deb88897bd2d78058,e8f51757687860c5,True,
train,peligro,dataset_curado_v3/train/peligro/peligro_00465.jpg,peligro_00465.jpg,.jpg,16523,224,224,RGB,581988dd3c4d15fbeadcb7c0df331fa49043f3a81665002b3eccee219b067b90,bd92c26d1ea77098,True,
train,peligro,dataset_curado_v3/train/peligro/peligro_00466.jpg,peligro_00466.jpg,.jpg,23703,224,224,RGB,1bc3ca45fd6ac2438ac70b101cb2f83983b33e07e97762730ac27a2945594f67,98846f69e0ee274e,True,
train,peligro,dataset_curado_v3/train/peligro/peligro_00467.jpg,peligro_00467.jpg,.jpg,27603,224,224,RGB,0047886369ddd5f9bbe8a1ae47271c2bdaee623194c707a23940f603970144a8,8e0858d1bc976bf1,True,
train,peligro,dataset_curado_v3/train/peligro/peligro_00470.jpg,peligro_00470.jpg,.jpg,18339,224,224,RGB,3b5110226622b195199a49da37f6e1cca9b72890552718c50e12b32f79a6230e,d4c3564bab88b48f,True,
train,peligro,dataset_curado_v3/train/peligro/peligro_00472.jpg,peligro_00472.jpg,.jpg,28091,224,224,RGB,65925db73da2f9694a60b9fb3cc860f2d1b1d9b1d761c6efee1918b3a541a7ce,bc80439f9f89272d,True,
train,peligro,dataset_curado_v3/train/peligro/peligro_00502.jpg,peligro_00502.jpg,.jpg,12837,224,224,RGB,5779ed91596a6910bba3e1d7024212a59d3613810add51524062fa8b0a69f0e5,b501de92d2cbc29b,True,
train,peligro,dataset_curado_v3/train/peligro/peligro_00527.jpg,peligro_00527.jpg,.jpg,26568,224,224,RGB,04ba9a8c4b4b619543b119a0512a3fdbfaf4341a208936de3e3f10207039552b,8c671fcce1a79e80,True,
train,peligro,dataset_curado_v3/train/peligro/peligro_00532.jpg,peligro_00532.jpg,.jpg,30684,224,224,RGB,5c39a47f7cc1a480b8f56694f48056db628ada68881fe23e10931d88c87ba53f,b60c8e0ccf67a572,True,
train,peligro,dataset_curado_v3/train/peligro/peligro_00535.jpg,peligro_00535.jpg,.jpg,23758,224,224,RGB,05b1fdf1f61fb2392d5d8c21551db2f7f876255b3e5a07f82a8345b5f6ffd161,e9db220b1db25317,True,
train,peligro,dataset_curado_v3/train/peligro/peligro_00536.jpg,peligro_00536.jpg,.jpg,16113,224,224,RGB,2640c9a31b40a6c8716c829223234da9f12b054c343f42c5fc5c41ebf6f2792c,fbb1e091d1c6c30b,True,
train,peligro,dataset_curado_v3/train/peligro/peligro_00539.jpg,peligro_00539.jpg,.jpg,22128,224,224,RGB,3215c02c977e2611c8f126a11df31fd130a18b26b057e3af29b9827338f63c29,d8e19a3e2d8f3134,True,
train,peligro,dataset_curado_v3/train/peligro/peligro_00552.jpg,peligro_00552.jpg,.jpg,24236,224,224,RGB,00bdb33231b2638ac11eaaad5a99a6fb728cccab849be018c543d1f33462f217,f5070bddf4388833,True,
train,peligro,dataset_curado_v3/train/peligro/peligro_00562.jpg,peligro_00562.jpg,.jpg,16692,224,224,RGB,11be7f50df0b5345c256decf8ddb08b590f3b933d10f16e1850003c442874904,dbf171871a18298f,True,
train,peligro,dataset_curado_v3/train/peligro/peligro_00578.jpg,peligro_00578.jpg,.jpg,21835,224,224,RGB,1fad0293b62b63ff916025d9004907b82d758e21996d8e78c254ae485f0f6b24,eaf132539aa9c592,True,
train,peligro,dataset_curado_v3/train/peligro/peligro_00596.jpg,peligro_00596.jpg,.jpg,21639,224,224,RGB,682c8b4dd076e1afa6f2cf82a30c37276e8275746f181b8b71a4e39b1c289b16,cbe121d3133f272c,True,
train,peligro,dataset_curado_v3/train/peligro/peligro_00598.jpg,peligro_00598.jpg,.jpg,27461,224,224,RGB,5106b468655a4cac48ab546dfc22a109af3c87adacac61063a8d8b81ec1b0b92,d0d83bf5674e20b4,True,
train,peligro,dataset_curado_v3/train/peligro/peligro_00600.jpg,peligro_00600.jpg,.jpg,26737,224,224,RGB,089e5b47ff624d21401ba9fc0554fa77cea4be5c893449b7381bf9ee0a9475c2,b551f9194d4c4c4f,True,
train,peligro,dataset_curado_v3/train/peligro/peligro_00608.jpg,peligro_00608.jpg,.jpg,21255,224,224,RGB,330321125019133ac9df88ac4410781004a380c1a11b7ada609cae74c1de72f6,a5c86e178d3c96f0,True,
train,peligro,dataset_curado_v3/train/peligro/peligro_00614.jpg,peligro_00614.jpg,.jpg,29703,224,224,RGB,51cb59ba7f630788313c4de7e3d882aabd59bd2be92622f733634763f0ca6771,cb8db2f2470c80bf,True,
train,peligro,dataset_curado_v3/train/peligro/peligro_00640.jpg,peligro_00640.jpg,.jpg,18504,224,224,RGB,47e4af5efc14a6bf5269be5264103d9bb503a6578ba0d77061091a9f9ac1ddc9,cae1f41e2196a71e,True,
train,peligro,dataset_curado_v3/train/peligro/peligro_00663.jpg,peligro_00663.jpg,.jpg,29356,224,224,RGB,2892252fd292013ac16366f707cf2f13b5313b1af94942e670601a1210cc21f1,95b33e5076dce10c,True,
train,peligro,dataset_curado_v3/train/peligro/peligro_00664.jpg,peligro_00664.jpg,.jpg,27221,224,224,RGB,71a82a4e0e41c42481052316408eda8322433cdd10c1ac8a11aa5188111abf12,d52569e8217a7749,True,
train,peligro,dataset_curado_v3/train/peligro/peligro_00666.jpg,peligro_00666.jpg,.jpg,19409,224,224,RGB,3b110a0a79555e5c55efb8cf8f126da4e20a71964580fb9373a6fb197c024195,e88d2bbda9f68209,True,
train,peligro,dataset_curado_v3/train/peligro/peligro_00667.jpg,peligro_00667.jpg,.jpg,18318,224,224,RGB,2367aafd21ccb1949163e85208e4adc964a468025a49d243674f36f676a3c09d,d4a00b800fff2df3,True,
train,peligro,dataset_curado_v3/train/peligro/peligro_00672.jpg,peligro_00672.jpg,.jpg,24947,224,224,RGB,0d5d4f71bb4a6e2e37345374e518a4fe8c24275dd3967586fa27a2579ced3dbb,c1977fb8685a060f,True,
train,peligro,dataset_curado_v3/train/peligro/peligro_00683.jpg,peligro_00683.jpg,.jpg,26718,224,224,RGB,1aa584f60d72cddccd27b7ceec29de940532252072702bda260ad16c88b399c1,caf47ba5d4ca248a,True,
train,peligro,dataset_curado_v3/train/peligro/peligro_00689.jpg,peligro_00689.jpg,.jpg,19911,224,224,RGB,2aba8fa00b24cbafdf26a3cbfff2b1b747b030af0f0b79cb854e3e7a2297e9b1,f0e82eaf075c512b,True,
train,peligro,dataset_curado_v3/train/peligro/peligro_00690.jpg,peligro_00690.jpg,.jpg,19458,224,224,RGB,3a6363111225e0af386e4195d84a9bcde97bfc04175f8cd9665fc60943c3e021,82853ef02777366c,True,
train,peligro,dataset_curado_v3/train/peligro/peligro_00692.jpg,peligro_00692.jpg,.jpg,26165,224,224,RGB,0bb6f7b26e1e7d213be56e08c6650ada5255fc60e3f15e8314378b316186b1c1,c984f39df4378512,True,
train,peligro,dataset_curado_v3/train/peligro/peligro_00693.jpg,peligro_00693.jpg,.jpg,23603,224,224,RGB,286dc3453ede99e649eede5ada9d7f37d19bbb4bc5f83727761d0a874a81a4fb,e2a3390f319a573c,True,
train,peligro,dataset_curado_v3/train/peligro/peligro_00720.jpg,peligro_00720.jpg,.jpg,23980,224,224,RGB,41a253a78532fcd874644fc333a549a0605b145eafb351466c69e47ddce06885,9bcd642773781c38,True,
train,peligro,dataset_curado_v3/train/peligro/peligro_00742.jpg,peligro_00742.jpg,.jpg,19782,224,224,RGB,1ef50d8c562e3d33d26d426989680b053f181952be3bb98c565bba70fd4db74a,81ecaed20fa95e85,True,
train,peligro,dataset_curado_v3/train/peligro/peligro_00748.jpg,peligro_00748.jpg,.jpg,24410,224,224,RGB,42f49c226512884f3838d778777ed7385839b7f46025cb3c10a706fda4b1dba7,cc44b02abb1bb31f,True,
train,peligro,dataset_curado_v3/train/peligro/peligro_00751.jpg,peligro_00751.jpg,.jpg,27875,224,224,RGB,3a159b69877058071b5b25fac35adb55c69e9a236c9577d65019c7b1478900ff,ce8c3b075b95a50d,True,
train,peligro,dataset_curado_v3/train/peligro/peligro_00757.jpg,peligro_00757.jpg,.jpg,26720,224,224,RGB,6e9b6356f79da73e8b92d7f3485b4869b718fabf2c6eb8958b378e6b29317f4b,9674ad17a91be630,True,
train,peligro,dataset_curado_v3/train/peligro/peligro_00780.jpg,peligro_00780.jpg,.jpg,21420,224,224,RGB,0ef79a48959477e889bf90647688fa2e056b2c835291c713d3fbfaf510958803,cd19f646a379b046,True,
train,peligro,dataset_curado_v3/train/peligro/peligro_00787.jpg,peligro_00787.jpg,.jpg,20592,224,224,RGB,41f031ebf5c0bf42bd381ece2a7d7224540fc7460db684ab6c91c1048bb4f563,fa18866a9972e03f,True,
train,peligro,dataset_curado_v3/train/peligro/peligro_00798.jpg,peligro_00798.jpg,.jpg,23467,224,224,RGB,5eeb4baaea0a18a4f96bb0bef52a9a82da60710296ba06fdadd6ef02dcf05eae,e0873a78cf7130e5,True,
train,peligro,dataset_curado_v3/train/peligro/peligro_00816.jpg,peligro_00816.jpg,.jpg,16522,224,224,RGB,4a1680ed77c90b2440a2d54c6903ca55f4a2b7e3b89f0df0d4d4171e0702b17b,ab95ec13c936e80e,True,
train,peligro,dataset_curado_v3/train/peligro/peligro_00824.jpg,peligro_00824.jpg,.jpg,21629,224,224,RGB,5e958b92b4198153e0835ea21e7c933c6cb821f45bc326978bfcf700084846be,a1957c0f9ab4b54c,True,
train,peligro,dataset_curado_v3/train/peligro/peligro_00830.jpg,peligro_00830.jpg,.jpg,19456,224,224,RGB,183e914c2768949925919730ea138fc68e908dfdf707cd97f1c748fee4423bd3,e233ceb1d5622d54,True,
train,peligro,dataset_curado_v3/train/peligro/peligro_00846.jpg,peligro_00846.jpg,.jpg,28109,224,224,RGB,4b029445f8f1358dc5b0a0409107275063fdb20d388ee0c4f2044adfffeed619,edb234211cf486db,True,
train,peligro,dataset_curado_v3/train/peligro/peligro_00847.jpg,peligro_00847.jpg,.jpg,11129,224,224,RGB,533d841e061bb641ab577c1e133592c886bf19b80095db0fbf08115f9431d308,eae6566255662555,True,
train,peligro,dataset_curado_v3/train/peligro/peligro_00850.jpg,peligro_00850.jpg,.jpg,19527,224,224,RGB,44bb38c06cd2be7dd3cdbfe1e72af67bafce3f76a4af49defaf846722bd7299d,c1874fc0e6e2e3a5,True,
train,peligro,dataset_curado_v3/train/peligro/peligro_00853.jpg,peligro_00853.jpg,.jpg,25667,224,224,RGB,3724957ef6b47a8314d1b9698e282bf72609f95a7fc80361ad2aae513869a6ce,87c6bc5b4f9aa224,True,
train,peligro,dataset_curado_v3/train/peligro/peligro_00856.jpg,peligro_00856.jpg,.jpg,23254,224,224,RGB,6782d71ecdfea80b899bd312f98a0c5a45da4bdabb320d48eded9119b782ff2c,d8875edacb09e1c2,True,
train,peligro,dataset_curado_v3/train/peligro/peligro_00857.jpg,peligro_00857.jpg,.jpg,16801,224,224,RGB,6a94084c0d093f107c25930f0aaf00426afe66f219103dadbe439c87d631a319,ab7ad6c599e4c902,True,
train,peligro,dataset_curado_v3/train/peligro/peligro_00877.jpg,peligro_00877.jpg,.jpg,23669,224,224,RGB,1bce1ec2037090130ca474a47021ea7ce7d24b570c2fada8252397730928bd05,c1c37cd8bf0e1436,True,
train,peligro,dataset_curado_v3/train/peligro/peligro_00878.jpg,peligro_00878.jpg,.jpg,25901,224,224,RGB,5e42e898c85c5f9e93576824785616b211261261b2e45bd1a07583802440819b,a4db255c8279a75a,True,
train,peligro,dataset_curado_v3/train/peligro/peligro_00897.jpg,peligro_00897.jpg,.jpg,19835,224,224,RGB,5f5e528397b66bcd3eaa3ef19b0c81cd2c4172edc2729b6cc3ad4e919fa7ab1d,c1fe63db84618b98,True,
train,peligro,dataset_curado_v3/train/peligro/peligro_00898.jpg,peligro_00898.jpg,.jpg,23571,224,224,RGB,5b239c2b3e4d82dad5ab78862dd1534826726bcd60b63479f963bf58aa325ed4,d18c2ff558a24cb9,True,
train,peligro,dataset_curado_v3/train/peligro/peligro_00900.jpg,peligro_00900.jpg,.jpg,23482,224,224,RGB,4d0ecc710c93a3dd19e5ee8bec6622381742689ba6cac4312c206365760d9f17,c856879b87b8c4d6,True,
train,peligro,dataset_curado_v3/train/peligro/peligro_00903.jpg,peligro_00903.jpg,.jpg,22224,224,224,RGB,5255048039ed6757753495f9faeb0807289d73642c4088818454870c209093ab,b908c611ef7aa11f,True,
train,peligro,dataset_curado_v3/train/peligro/peligro_00906.jpg,peligro_00906.jpg,.jpg,28588,224,224,RGB,1a50876db4af7e143e3f0315ff60e0b4189210ab9d1f70afc25677f8975852c7,a839d2ba9dec42d2,True,
train,peligro,dataset_curado_v3/train/peligro/peligro_00921.jpg,peligro_00921.jpg,.jpg,19626,224,224,RGB,6e352e9032aef03cbdf8370894c909d95376518786784f96fabfec7cb73bfe14,a56f92dc40e6c2d9,True,
train,peligro,dataset_curado_v3/train/peligro/peligro_00924.jpg,peligro_00924.jpg,.jpg,20388,224,224,RGB,062e23c833a0bee1532879c5fab23cead4bfc4b4812587223f16c34afe27e0bc,a3c720c3ccd91f0f,True,
train,peligro,dataset_curado_v3/train/peligro/peligro_00927.jpg,peligro_00927.jpg,.jpg,23924,224,224,RGB,55986ad7a735a826f40c006c497dc82c26bc0d9cb16d04aaedb5546e0716e26c,cb1efc41be00a35e,True,
train,peligro,dataset_curado_v3/train/peligro/peligro_00929.jpg,peligro_00929.jpg,.jpg,25032,224,224,RGB,37ee6ba437a087ebed87ac4db5bd580b45d8299502414b5536d16878ad2dd363,c5894e8607ed34d7,True,
train,peligro,dataset_curado_v3/train/peligro/peligro_00945.jpg,peligro_00945.jpg,.jpg,19225,224,224,RGB,234719b4c426240b3ef3f733926fc824df1731213207fbaafa1b7a319f77eba9,fea08fb089b63326,True,
train,peligro,dataset_curado_v3/train/peligro/peligro_00956.jpg,peligro_00956.jpg,.jpg,24224,224,224,RGB,4762f59bb0f6726b7cb15e606c53cbbff8013b14aece73a1e33e7930ca149724,90fecb121e0953e7,True,
train,peligro,dataset_curado_v3/train/peligro/peligro_00960.jpg,peligro_00960.jpg,.jpg,29858,224,224,RGB,57f034925865a949a22a58b57d8d1e2d5f0f05392418f3553f3135fb421c185e,ceb34e50519534dd,True,
train,peligro,dataset_curado_v3/train/peligro/peligro_00972.jpg,peligro_00972.jpg,.jpg,21362,224,224,RGB,60101094437e3ed4390c8977c51c5f589a68a97332f70f8dc0a1b00265f4c194,d60ea16725e54dd1,True,
train,peligro,dataset_curado_v3/train/peligro/peligro_00976.jpg,peligro_00976.jpg,.jpg,17893,224,224,RGB,53728c8406126e3eac1cc8560235532821158c479abbf6baf15592ccb1544e05,a42a091bcec673db,True,
train,peligro,dataset_curado_v3/train/peligro/peligro_00994.jpg,peligro_00994.jpg,.jpg,18490,224,224,RGB,6d3976011510aa15d2400fa27be9c10b153a8b5069d4cf14944b8c0e6c1d0553,d3c4765bc5d6014b,True,
train,peligro,dataset_curado_v3/train/peligro/peligro_00995.jpg,peligro_00995.jpg,.jpg,25784,224,224,RGB,43214f1e9af7a9472182ff1515f8a586cf245057829a9cae1e31b8dc1c60e404,839eb9b7a068c7a4,True,
train,peligro,dataset_curado_v3/train/peligro/peligro_01001.jpg,peligro_01001.jpg,.jpg,20018,224,224,RGB,671ccb19f8a1a18c9fe0999247a80128049c7863142ef46598ec7882984042aa,ba8195187bbe4cc3,True,
train,peligro,dataset_curado_v3/train/peligro/peligro_01003.jpg,peligro_01003.jpg,.jpg,29564,224,224,RGB,5e3c6c06b402101fb3965255dc716ca9696c45a79059cb8163a2c2c32c57c5d1,ce6e93b62e12a469,True,
train,peligro,dataset_curado_v3/train/peligro/peligro_01005.jpg,peligro_01005.jpg,.jpg,25296,224,224,RGB,13ca21e6c037cf92dc24cc114d7b8b8d1681cc7177cef38dea3400aea92c9719,a6b7099e0ed460db,True,
train,peligro,dataset_curado_v3/train/peligro/peligro_01010.jpg,peligro_01010.jpg,.jpg,27962,224,224,RGB,2117309d123740dc580875386c96aee9c8443697d4d6e4493da97cf4a9a16623,d629946ab15aad93,True,
train,peligro,dataset_curado_v3/train/peligro/peligro_01011.jpg,peligro_01011.jpg,.jpg,29459,224,224,RGB,1798b279a69810ddeada48d78f1a338b4ae0b4150bdb1e3b751e6f73c0704830,96ec755260957b83,True,
train,peligro,dataset_curado_v3/train/peligro/peligro_01019.jpg,peligro_01019.jpg,.jpg,22652,224,224,RGB,382aefd88316021c54c1ba5731429d7fcd04081aa26bb26f026148bfdcdde961,a105d365fef048f1,True,
train,peligro,dataset_curado_v3/train/peligro/peligro_01044.jpg,peligro_01044.jpg,.jpg,30420,224,224,RGB,1c11a644ecad502f6fb630dde5df355b975987a5a1d9e69ac377abf0858bdd30,ae81eca59079f94c,True,
train,peligro,dataset_curado_v3/train/peligro/peligro_01063.jpg,peligro_01063.jpg,.jpg,17818,224,224,RGB,2215bbed4b1dc7cbc7ce8577a542afeb7732e5cf5f585202ec0a03e10c6413ed,8db839a3256ec66c,True,
train,peligro,dataset_curado_v3/train/peligro/peligro_01074.jpg,peligro_01074.jpg,.jpg,29236,224,224,RGB,08328eb43185d080f0e1aae7162cb7631ec4c0f5106c16d269585c05acb91716,e46ce42cb833b566,True,
train,peligro,dataset_curado_v3/train/peligro/peligro_01075.jpg,peligro_01075.jpg,.jpg,21426,224,224,RGB,3ea9d9fbe8990ef0d7ead803820757648cc6785d73e7396509dd888c28fe9bb4,cd8c3133e62e98f1,True,
train,peligro,dataset_curado_v3/train/peligro/peligro_01085.jpg,peligro_01085.jpg,.jpg,26454,224,224,RGB,206de3df3e2c5bc61fbdf25d5d2d0f1612bae4452ccc2031b85f32246bccd865,b23905cd1631ffc2,True,
train,peligro,dataset_curado_v3/train/peligro/peligro_01086.jpg,peligro_01086.jpg,.jpg,26728,224,224,RGB,2e46123f85d98200cbf97408ea2756aefa92f3ae05fbe162cf01edcf2f9fe7a7,88153fe042bfd62d,True,
train,peligro,dataset_curado_v3/train/peligro/peligro_01090.jpg,peligro_01090.jpg,.jpg,14233,224,224,RGB,2ffd3cb1dff396da5138dfd10bc9e67fbf56b934255c018bc12b109a92bc5b82,ee9f45371742130e,True,
train,peligro,dataset_curado_v3/train/peligro/peligro_01111.jpg,peligro_01111.jpg,.jpg,19408,224,224,RGB,592cc63fe254b7a0c94b46ff32f34fdb3d5050b10dbb3514d4ea7c7b59468f7c,9ef41e2c7c6d2550,True,
train,peligro,dataset_curado_v3/train/peligro/peligro_01131.jpg,peligro_01131.jpg,.jpg,16641,224,224,RGB,75a0954fa62e49461f43ae78311410c926208a9077d277654d9958d2c46958d6,c0e0468f59b7af38,True,
train,peligro,dataset_curado_v3/train/peligro/peligro_01134.jpg,peligro_01134.jpg,.jpg,22800,224,224,RGB,4ef540c2c2a73731cc12944783e35c12bd32c4136f0c6cd63646eac1ef93fc21,8b4d36393a95c1da,True,
train,peligro,dataset_curado_v3/train/peligro/peligro_01150.jpg,peligro_01150.jpg,.jpg,30146,224,224,RGB,4a24b51208f2f48f084d36979529eaa879b35d029a141ec026c4e8a0af3a181a,c2e5a17da8ca6e46,True,
train,peligro,dataset_curado_v3/train/peligro/peligro_01161.jpg,peligro_01161.jpg,.jpg,22612,224,224,RGB,38f9627da773642c952c53e3ad44c8a2a9cb214d3dd44f794b17a4be1cac8b5d,9fc7709f80d8cd24,True,
train,peligro,dataset_curado_v3/train/peligro/peligro_01167.jpg,peligro_01167.jpg,.jpg,19490,224,224,RGB,5ea6bb1e0813ee97e5d31f3ce33abe84a3fe1e76c74fe97450f9e7fa8fabeb6c,dc417ace644e33a6,True,
train,peligro,dataset_curado_v3/train/peligro/peligro_01172.jpg,peligro_01172.jpg,.jpg,24819,224,224,RGB,37e3bfe98ea7ee513dea9b183a22f921c166bbe00ffca216182867ab66bc5d5b,aad845f89e63388e,True,
train,peligro,dataset_curado_v3/train/peligro/peligro_01195.jpg,peligro_01195.jpg,.jpg,31429,224,224,RGB,281f823547210368d9b7250813d9803bbca73bfab2fff6d3d755d5296e0b75c3,d62d0f6ce7090c1f,True,
train,peligro,dataset_curado_v3/train/peligro/peligro_01212.jpg,peligro_01212.jpg,.jpg,15809,224,224,RGB,51b64ea13d20e68e7f96f4afe4f00521eff3ec89f236bd381319d2085763829d,8c866baa39b8b4cd,True,
train,peligro,dataset_curado_v3/train/peligro/peligro_01213.jpg,peligro_01213.jpg,.jpg,19465,224,224,RGB,2b77dc4345e432c48c2becead4429a733182c9779308763f061b0b4ae58d5c27,ba7e6b2292e8b491,True,
train,peligro,dataset_curado_v3/train/peligro/peligro_01241.jpg,peligro_01241.jpg,.jpg,34984,224,224,RGB,4fb3ff097d3337f5eadbe53679938b674eec9c25e6404cd88e215ad1716d9d57,e55ed07baa043ad1,True,
train,peligro,dataset_curado_v3/train/peligro/peligro_01242.jpg,peligro_01242.jpg,.jpg,21746,224,224,RGB,378259d667e85412498db207f161024ee58a102b53c4635c500c52376e901ba1,9554ba09d12dd91f,True,
train,peligro,dataset_curado_v3/train/peligro/peligro_01257.jpg,peligro_01257.jpg,.jpg,25322,224,224,RGB,7115118214147ada33445591a37276423ea51579fb7faccebc37de62201ca90c,8e037f5f122a7714,True,
train,peligro,dataset_curado_v3/train/peligro/peligro_01277.jpg,peligro_01277.jpg,.jpg,18799,194,259,RGB,5db2c609a5e94a4746b94fc36d1e094bd59eab9bdd2307ac6a6b7aae50ab4de7,c7203c0f6703f9e3,True,
train,peligro,dataset_curado_v3/train/peligro/peligro_01281.jpg,peligro_01281.jpg,.jpg,9434,259,194,RGB,681866c4caa9cc86c1543221226a2c1f1a27a593f821da93d7ff54fc7de39353,a335ad4b0bd8e784,True,
train,peligro,dataset_curado_v3/train/peligro/peligro_01285.jpg,peligro_01285.jpg,.jpg,123632,1000,667,RGB,0eea00d72d82ee27c143d73e36c8a10537e6a47dbb8aea751f6ae5eea7091f36,b271c5f0cbe26968,True,
train,peligro,dataset_curado_v3/train/peligro/peligro_01286.jpg,peligro_01286.jpg,.jpg,7575,194,259,RGB,4a1581796977e8dec04dcd2f7b8b63c6f2c87f306fd569f36b0d731a0d1eecc1,8d2a94e46197fcc9,True,
train,peligro,dataset_curado_v3/train/peligro/peligro_01301.jpg,peligro_01301.jpg,.jpg,20289,224,224,RGB,4bb733a626f506fc0ff3d9fe6355339bdd322c25ae57fc3df2b96446ac3e70f3,c2cf1e6970f5311a,True,
train,peligro,dataset_curado_v3/train/peligro/peligro_01310.jpg,peligro_01310.jpg,.jpg,108681,1200,800,RGB,4d634e8711c93e458223e107c007aa1ed9c6cf66da234e814f07bf36f4cb962b,cf753e3a020dec85,True,
train,peligro,dataset_curado_v3/train/peligro/peligro_01314.jpg,peligro_01314.jpg,.jpg,8937,195,259,RGB,0dd5cf3dd4625f388d2813720c7eb3f9e16a945eaf017721771fb71299f38aab,8326387cf952f9c8,True,
train,peligro,dataset_curado_v3/train/peligro/peligro_01328.jpg,peligro_01328.jpg,.jpg,36922,224,224,RGB,370ac88433c0e925a581db7e47a25e4c40c39180ea1117ed4bdb472a5034962c,c5cc4a224947faf5,True,
train,peligro,dataset_curado_v3/train/peligro/peligro_01332.jpg,peligro_01332.jpg,.jpg,6132,275,183,RGB,340b0ce0ff32c637d259cb77fcd6292b55219bff548504f85c008a0867fe7a98,b87f3f3e2e1e0a00,True,
train,peligro,dataset_curado_v3/train/peligro/peligro_01335.jpg,peligro_01335.jpg,.jpg,52476,347,280,RGB,4c0acc1ec8477984a988132b9574f9c1f9caf0415427de4a0e9303660e455e70,ea259432ed5e906b,True,
train,peligro,dataset_curado_v3/train/peligro/peligro_01341.jpg,peligro_01341.jpg,.jpg,10146,259,194,RGB,17daa007ad3298d96fb431193df460a5fb49cdaa533b246a25dd299ec74aeb1c,e494f84bbf6550a2,True,
train,peligro,dataset_curado_v3/train/peligro/peligro_01345.jpg,peligro_01345.jpg,.jpg,5967,265,190,RGB,734648a1f2e30a6625819d44a5913349d583b4c6c619908e17f54a5e076d0ddf,e03c9e6b6b95621a,True,
train,peligro,dataset_curado_v3/train/peligro/peligro_01364.jpg,peligro_01364.jpg,.jpg,10913,193,262,RGB,57a79c417df3d592e1428c1fe1dc1d4d6a6d1df51d69a7fc3a1c8cf0551518c8,9b9fe993b4689094,True,
train,peligro,dataset_curado_v3/train/peligro/peligro_01365.jpg,peligro_01365.jpg,.jpg,13051,260,194,RGB,313fbbfb92c8ee88e9dbed64e2ee8e026a2105f25d837cd9cd9df5b3763c14aa,bd8ac14a3c13e78b,True,
train,peligro,dataset_curado_v3/train/peligro/peligro_01366.jpg,peligro_01366.jpg,.jpg,27819,224,224,RGB,3c63385cde47b50de951897edd78c6247b18d0b2a8fa64e3dad20911a39c1b24,a1ab6b63cd474645,True,
train,peligro,dataset_curado_v3/train/peligro/peligro_01367.jpg,peligro_01367.jpg,.jpg,13619,248,203,RGB,56a95195741daefbe59d469f6c9b3d8c2b04986a4b1e463dc388fc29fb0466a5,83966e851d3f7845,True,
train,peligro,dataset_curado_v3/train/peligro/peligro_01376.jpg,peligro_01376.jpg,.jpg,6998,195,259,RGB,60f0a2c343131502180d483646d814de63c95b2256544a8c8a6bf07b8f469303,b7678b3331307139,True,
train,peligro,dataset_curado_v3/train/peligro/peligro_01388.jpg,peligro_01388.jpg,.jpg,10766,194,259,RGB,2177fed3774a165afc4114ad1f863683a5d58be2c19f177bc581ce31b2db6c0c,f1d1d392be350525,True,
train,peligro,dataset_curado_v3/train/peligro/peligro_01397.jpg,peligro_01397.jpg,.jpg,5460,259,194,RGB,69d64156ba95dfe3c76254f0b6dbea536a6fb075e0e1d02f9d160822a8d5d1e0,d91b27649eb39889,True,
train,peligro,dataset_curado_v3/train/peligro/peligro_01420.jpg,peligro_01420.jpg,.jpg,14181,194,259,RGB,46acbd1346fd15aecbe8b328bd0017990209b592ba48d0fd510d2fcceb7721d6,d6c606b231f2d917,True,
train,peligro,dataset_curado_v3/train/peligro/peligro_01421.jpg,peligro_01421.jpg,.jpg,8220,225,225,RGB,5ca4b797408fe1ce67ae762c5d972623561eb98aad4d2df296a89fff2972d190,8f0f579e6c660296,True,
train,peligro,dataset_curado_v3/train/peligro/peligro_01459.jpg,peligro_01459.jpg,.jpg,3184,242,208,RGB,2fbfde07b23e5e033f4c0aa4a8d5440543d07bcbf0afe94a34d0679b9c626efc,a4b664c4cb699e3a,True,
train,peligro,dataset_curado_v3/train/peligro/peligro_01490.jpg,peligro_01490.jpg,.jpg,9593,275,183,RGB,2ee5c0d72aa8d8f29d16ba8ad2d104d1fc9b77d9981c197654c88147f78d0de0,860c756c7833e765,True,
train,peligro,dataset_curado_v3/train/peligro/peligro_01492.jpg,peligro_01492.jpg,.jpg,76330,1600,900,RGB,36717f26af3ea2348585b016fdedc54297a3aa0531526c7ce10df6ca3d5160fc,8304446bf55eed66,True,
train,peligro,dataset_curado_v3/train/peligro/peligro_01510.jpg,peligro_01510.jpg,.jpg,14103,246,205,RGB,05a5c6749afa5bdba05163bca2b460f3ea6089fb0c6942cfcc8a429e330c55d4,d1fe218d019f229f,True,
train,peligro,dataset_curado_v3/train/peligro/peligro_01515.jpg,peligro_01515.jpg,.jpg,15455,245,205,RGB,1d532220443a71663e008a533644f2bb5a8a269cd292b7f9bdbc5d753399d235,b0732591cfef016c,True,
train,peligro,dataset_curado_v3/train/peligro/peligro_01524.jpg,peligro_01524.jpg,.jpg,13136,194,259,RGB,5da84a0a0db06635b04239e9a0310f96390b91046eac4befa07cd90c944f2942,a2b642cf27ec648e,True,
train,peligro,dataset_curado_v3/train/peligro/peligro_01534.jpg,peligro_01534.jpg,.jpg,11801,194,259,RGB,13547b2f038b98bbd05267130b1c8f6a2dedc41df8b1fadf26616cef1acc0327,e96ac22ff6352906,True,
train,peligro,dataset_curado_v3/train/peligro/peligro_01536.jpg,peligro_01536.jpg,.jpg,211966,470,320,RGB,0d57997a77438a3e4b58ff60246b10ac61c0293c57b94bcfbbc23fe7d6b4ddae,aad8b5a6d1a48c9e,True,
train,peligro,dataset_curado_v3/train/peligro/peligro_01540.jpg,peligro_01540.jpg,.jpg,7672,225,225,RGB,5edd65230476bb6baaf7a51567b88fae683db9c5d114c9d1c80e9d7ccacb8ff1,ee81d3eea030a2eb,True,
train,peligro,dataset_curado_v3/train/peligro/peligro_01543.jpg,peligro_01543.jpg,.jpg,18657,259,194,RGB,67a904ac85b137828f600329095328d9e890c7e73a690247b7f698c2a9745bac,d5252a39ea854bf8,True,
train,peligro,dataset_curado_v3/train/peligro/peligro_01547.jpg,peligro_01547.jpg,.jpg,10702,250,202,RGB,67437674aad4789277413cfeab88f5ce0d79dd2425f72fece87e077bcab3f832,b67bd91c9451b446,True,
train,peligro,dataset_curado_v3/train/peligro/peligro_01582.jpg,peligro_01582.jpg,.jpg,16601,276,183,RGB,01cccf948dbf3bd0e47a10b9b1d5fcdca2eec70037a0a0a1bac7b52ed642a3b8,c5149b2c76d22d3d,True,
train,peligro,dataset_curado_v3/train/peligro/peligro_01614.jpg,peligro_01614.jpg,.jpg,35452,462,280,RGB,454e3ffc11d76bbcd2d2432e986dc5d6b5abad862b45b7bc2edb7620a3ab0bac,f6038f52be78e106,True,
train,peligro,dataset_curado_v3/train/peligro/peligro_01615.jpg,peligro_01615.jpg,.jpg,15889,198,255,RGB,2aa17b3fdba9953ab81e207cd855983552eab7b598b6e56f36e39faf6e14fbdc,82d761ab7ee5032a,True,
train,peligro,dataset_curado_v3/train/peligro/peligro_01629.jpg,peligro_01629.jpg,.jpg,13210,194,259,RGB,038aa0eabf2f615de097f1abc526f419e6c9aaa4426600da209d78208060c57b,e76a3b3c370ac548,True,
train,peligro,dataset_curado_v3/train/peligro/peligro_01663.jpg,peligro_01663.jpg,.jpg,103436,1600,1200,RGB,754c271add346dbecd9685b2e74a9a745fa47e1ff30fa343525b8718641b8bfd,86e159bdae595852,True,
train,peligro,dataset_curado_v3/train/peligro/peligro_01686.jpg,peligro_01686.jpg,.jpg,36811,244,215,RGB,54d5bd36c74be08c04c1ce7b2ca3c4d29e5d9c36823398e9484eaeb92247ff46,e38c5df84457bf00,True,
train,peligro,dataset_curado_v3/train/peligro/peligro_01707.jpg,peligro_01707.jpg,.jpg,47291,462,280,RGB,04ce256db77bab679953e7cc3509dc5fe007cda4087cd016a1a83e00f853d175,e462857cbe03e555,True,
train,peligro,dataset_curado_v3/train/peligro/peligro_01720.jpg,peligro_01720.jpg,.jpg,23402,852,480,RGB,5db9fd1c70926e14e811704ec7fe278393757478973f6ebee0ca47a2e5e6105b,b12d4761389e1f33,True,
train,peligro,dataset_curado_v3/train/peligro/peligro_01722.jpg,peligro_01722.jpg,.jpg,6469,275,183,RGB,283340d54d69e8e78f10972d27b64d39a6688d2d1611e2b8f5b743e39f924062,f9b0ec0b1e2cf470,True,
train,peligro,dataset_curado_v3/train/peligro/peligro_01723.jpg,peligro_01723.jpg,.jpg,8609,259,194,RGB,0f778f9610253d66a57d704753d0b2cef474f14c5d5f3e893c8e2ec92b8819c4,973a7c53a4ba44a9,True,
train,peligro,dataset_curado_v3/train/peligro/peligro_01731.jpg,peligro_01731.jpg,.jpg,7502,225,225,RGB,1dfa238a9aa485f72aa3835e8a41cbe7015ae7b1b49f178d5bfeb3224934580b,8a0bb8eb77a10d3c,True,
train,peligro,dataset_curado_v3/train/peligro/peligro_01735.jpg,peligro_01735.jpg,.jpg,35007,800,400,RGB,6db04d6e1517d4ec5b1f253e24666d790829b9528fb63f1b7268fee6c4a00bca,ee3c8f0080cdf6e3,True,
train,peligro,dataset_curado_v3/train/peligro/peligro_01743.jpg,peligro_01743.jpg,.jpg,60815,800,500,RGB,1a94d51e46d4fda53e2c58486107400aa84f758f46d595c9683946783ee4b74a,db0b994f6107b88d,True,
train,peligro,dataset_curado_v3/train/peligro/peligro_01765.jpg,peligro_01765.jpg,.jpg,8772,262,192,RGB,3a3c29b179b95f5ca4323c337b8c2d44b3a450c52ce1b11f7821630dbf6248c7,f5ca2ec309945bb1,True,
train,peligro,dataset_curado_v3/train/peligro/peligro_01776.jpg,peligro_01776.jpg,.jpg,49584,600,480,RGB,3acb1800c4f1adbccf8982fd3db62a5ea0d83352071ab4a1e09359e1e5bda9b1,ca3a4b1a6a9b2b5a,True,
train,peligro,dataset_curado_v3/train/peligro/peligro_01779.jpg,peligro_01779.jpg,.jpg,15637,225,225,RGB,10dd05d781b993b722f3c2ba888ce85d7ebae8b8593c1784dbef5cddfc54a3ef,f940539fe6a23964,True,
train,peligro,dataset_curado_v3/train/peligro/peligro_01781.jpg,peligro_01781.jpg,.jpg,11347,259,194,RGB,379d05e150d712590ff4ca7267409f3badae38aa26557f56f4fc23195e3c4e6c,b992912bc0f7f464,True,
train,peligro,dataset_curado_v3/train/peligro/peligro_01787.jpg,peligro_01787.jpg,.jpg,6726,266,190,RGB,7380d17b25c2e7e705d7b7b562fd825928bd52b7d65e77fa3d9ddc0c033307c4,fbbae271cc431c84,True,
train,peligro,dataset_curado_v3/train/peligro/peligro_01788.jpg,peligro_01788.jpg,.jpg,7981,183,276,RGB,5bb20d70e78ecd1cda0c0b8d75103f718e9f7ce6505dcaff65dcd823a370a94e,dd12b77299d83294,True,
train,peligro,dataset_curado_v3/train/peligro/peligro_01795.jpg,peligro_01795.jpg,.jpg,9754,275,183,RGB,1fa5eb1ad3eef35cc122d28c496c3885a98f3c2c32df2f6b5d6b13f2b893cc20,d5b56992248b7699,True,
train,peligro,dataset_curado_v3/train/peligro/peligro_01798.jpg,peligro_01798.jpg,.jpg,7397,267,189,RGB,0f274c0a22061313aad708fa90d9a9e17c349e6764bd518303da546b9d108a7e,de72f53de0c20724,True,
train,peligro,dataset_curado_v3/train/peligro/peligro_01827.jpg,peligro_01827.jpg,.jpg,8012,195,259,RGB,1a3af3b3a6a26ff09a4e7b18ca49b2f6325345b32950e7fef9dbc1054c9b7fe4,f1d5a5199cc9e245,True,
train,peligro,dataset_curado_v3/train/peligro/peligro_01839.jpg,peligro_01839.jpg,.jpg,9144,201,251,RGB,580979196273cb3ac3973fb13271023a28153fc399822f5efa239fcdffecf62c,e7959c4a602ee3d2,True,
train,peligro,dataset_curado_v3/train/peligro/peligro_01847.jpg,peligro_01847.jpg,.jpg,35559,500,300,RGB,6d8ac7612bc91189650492624955830c8cfbd960bce3d6664feb9a6cdc9b613e,c3c16adc23dc6699,True,
train,peligro,dataset_curado_v3/train/peligro/peligro_01864.jpg,peligro_01864.jpg,.jpg,15140,259,194,RGB,680d92ecdcbc347d3894d0169fba6cbcd070f1107aa5803161d6f7b3b24658df,91244e11fddc8577,True,
train,peligro,dataset_curado_v3/train/peligro/peligro_01888.jpg,peligro_01888.jpg,.jpg,7615,194,259,RGB,075b7a4dc5980ccf26189364ac29e0405e001ed10f5f43d2724eba1d7c772b2e,8fee7409c32c7938,True,
train,peligro,dataset_curado_v3/train/peligro/peligro_01895.jpg,peligro_01895.jpg,.jpg,13014,279,181,RGB,007fdb75e2073b82120eda810d8b9bcaf39a4f74f25a415ddd9c4c8c4c8624f8,807635e18ad31df3,True,
train,peligro,dataset_curado_v3/train/peligro/peligro_01903.jpg,peligro_01903.jpg,.jpg,9633,259,194,RGB,706579bac09b5a5e810546a793af3452d16f708680c75677d2016f4f27354ee1,a5937e71e3939980,True,
train,peligro,dataset_curado_v3/train/peligro/peligro_01907.jpg,peligro_01907.jpg,.jpg,6939,205,245,RGB,5b8007ab7809bdfbdce7ede1906638c678a2e0356766f79d4d2fdc53c6fdf8c4,93cf4cb2784c25b3,True,
train,peligro,dataset_curado_v3/train/peligro/peligro_01933.jpg,peligro_01933.jpg,.jpg,8808,267,189,RGB,16cb47bbe81eb17460f5ea7df5bbe40a82c7fb33e55e568b7f2452c2669226a8,d9942669b8869b79,True,
train,peligro,dataset_curado_v3/train/peligro/peligro_01943.jpg,peligro_01943.jpg,.jpg,10034,194,259,RGB,2a6b9d033e823ba7ebd6daec3d24a2cd582ae3513264fbc327a443763d405733,b694c7fee8911350,True,
train,peligro,dataset_curado_v3/train/peligro/peligro_01961.jpg,peligro_01961.jpg,.jpg,9906,271,186,RGB,68537bbb82ae0f90e21590dda2d0a35a97ad85aad5996cc1235721acb5671cce,93e3255e3c094fb4,True,
train,peligro,dataset_curado_v3/train/peligro/peligro_01962.jpg,peligro_01962.jpg,.jpg,8854,222,227,RGB,4654d874cf1797a29b487cb30e6b2655ad62a54d4c18e9570931642982c330c6,99f365ccc2191b39,True,
train,peligro,dataset_curado_v3/train/peligro/peligro_01963.jpg,peligro_01963.jpg,.jpg,37256,640,418,RGB,366b5d6b92fd858d4949cf5fb179f41405346aeae070c9177f2f7a12a92826e2,90c7ecb3f26c9486,True,
train,peligro,dataset_curado_v3/train/peligro/peligro_01966.jpg,peligro_01966.jpg,.jpg,9138,225,225,RGB,07ed3b39a757f84114136d55ff9621d40c34d9d7dc1082ecbc45360625f25e44,d3436a2b4d55959a,True,
train,peligro,dataset_curado_v3/train/peligro/peligro_01970.jpg,peligro_01970.jpg,.jpg,67290,600,420,RGB,187aadcc23fb991f2a772dfc7c1bdd85a533acc2c6bbf73eda62c22d439a4f49,cd60224f8d377a4b,True,
train,peligro,dataset_curado_v3/train/peligro/peligro_01982.jpg,peligro_01982.jpg,.jpg,5887,259,194,RGB,3e6313ec7c3befef9ab380738f05e11d290854806e2f1ceabd12cfa6da45c9ae,b08f1e300f300fff,True,
train,peligro,dataset_curado_v3/train/peligro/peligro_01988.jpg,peligro_01988.jpg,.jpg,7882,195,259,RGB,49db060fde1d2ded63f17cb2ce28440c8d799f198b35af33ae92ee5ff67bd0df,cd9206f9f2250f72,True,
train,peligro,dataset_curado_v3/train/peligro/peligro_01998.jpg,peligro_01998.jpg,.jpg,8149,259,194,RGB,38e41e2f58686639db10440f3d38b774e056b9bdc0b9db4bffc120aa1e7b79f7,8da564992ed9b3c8,True,
train,peligro,dataset_curado_v3/train/peligro/peligro_01999.jpg,peligro_01999.jpg,.jpg,10013,226,223,RGB,5d78bd26cc52863c36976e7f330cfb6294b4b18442ad87bd9ed5de3217bd60a1,8ce02cb3b36cbd49,True,
train,peligro,dataset_curado_v3/train/peligro/peligro_02020.jpg,peligro_02020.jpg,.jpg,6598,248,203,RGB,5a7ddd0a597a94988993031d15ddfaa8bbfaf01522191b80df8f1c793760b31f,9c886ebe2ce03bc6,True,
train,peligro,dataset_curado_v3/train/peligro/peligro_02075.jpg,peligro_02075.jpg,.jpg,9015,259,194,RGB,46b06a84eb6475a2c3746e0782fbc4023712c468d83e3c1c0068c7d9cce6b7a0,a5a9523d9b366698,True,
train,peligro,dataset_curado_v3/train/peligro/peligro_02079.jpg,peligro_02079.jpg,.jpg,7948,259,194,RGB,4967ceef6b620adea79877de4fc832986178ab7547883428116b8f80870b9394,f19b1efb6b000cb2,True,
train,peligro,dataset_curado_v3/train/peligro/peligro_02082.jpg,peligro_02082.jpg,.jpg,7121,240,210,RGB,19df2072a5e9bdcf67d9f0f51e16a60075ce2c601515afaba997b3a0f193b894,80c767cc90af7879,True,
train,peligro,dataset_curado_v3/train/peligro/peligro_02104.jpg,peligro_02104.jpg,.jpg,14571,259,194,RGB,56d04bb894b6d1c104a364666b65f95629ba91adfcf329599a1cdc70f81efac9,b4d17272992d68b5,True,
train,peligro,dataset_curado_v3/train/peligro/peligro_02116.jpg,peligro_02116.jpg,.jpg,8207,194,259,RGB,02b1738267e5e47d314555a33ade44aaab734aded69a7237b1309d754c6c9739,c8fadaf07a501aa6,True,
train,peligro,dataset_curado_v3/train/peligro/peligro_02126.jpg,peligro_02126.jpg,.jpg,14151,260,194,RGB,045db84f53008d4000d6154f47f7c115e51d03175625f3b347b7f17a6ce3cf87,cd250ac7dd7e3510,True,
train,peligro,dataset_curado_v3/train/peligro/peligro_02128.jpg,peligro_02128.jpg,.jpg,9732,267,189,RGB,06445f96428776149a022c491ade9808f7fe0d55e8753b3eab053fcc6dfdc53a,89ceeed9d8c98191,True,
train,peligro,dataset_curado_v3/train/peligro/peligro_02133.jpg,peligro_02133.jpg,.jpg,7969,269,187,RGB,1782aaa906c47a5b5b09c67f45f8c28c3da1648b87506962d11cee2937502f57,da5e256592781bd2,True,
train,peligro,dataset_curado_v3/train/peligro/peligro_02199.jpg,peligro_02199.jpg,.jpg,7978,259,194,RGB,605d149ca49fa867df89982fc42cb8d1adad802d1ffba52a66492427405fb991,e7794e50e0eba603,True,
train,peligro,dataset_curado_v3/train/peligro/peligro_02212.jpg,peligro_02212.jpg,.jpg,13581,194,259,RGB,14a20850cb768a0769d292c7163026ccf6d0930d3571094ff4f5bf33cdf2f78f,ec5a3469364c07f3,True,
train,peligro,dataset_curado_v3/train/peligro/peligro_02253.jpg,peligro_02253.jpg,.jpg,172785,900,600,RGB,5850d4b8c4ca374e02cc1765f244d1cfe918cc8b3a14055e1cffeb9213bbf2f7,d4f172fe2e04853a,True,
train,peligro,dataset_curado_v3/train/peligro/peligro_02278.jpg,peligro_02278.jpg,.jpg,7296,275,183,RGB,3529a7d47ad1360e6271e477e3e062bf4177d894856a5b0a524db5f47672ecc3,cef269c0d24c99b3,True,
train,peligro,dataset_curado_v3/train/peligro/peligro_02282.jpg,peligro_02282.jpg,.jpg,16303,260,194,RGB,2ecaf0a70dd6b431a7bf58cc47cc20bba2ff48072a38f720c07e84c10fb12a2c,c78d2d09cd3c3e13,True,
train,peligro,dataset_curado_v3/train/peligro/peligro_02325.jpg,peligro_02325.jpg,.jpg,6898,259,194,RGB,0a571a5a06735c024314dbf71c1423bb8f0f107289793910dab5e1f1eeb3390f,cb0f34618b3b62cb,True,
train,peligro,dataset_curado_v3/train/peligro/peligro_02351.jpg,peligro_02351.jpg,.jpg,17536,225,225,RGB,4210ebef28046252971d99959af1c01fddcde64992d8fdb5a6c3a1b1b25d9853,aea1ae89ca46b63a,True,
train,peligro,dataset_curado_v3/train/peligro/peligro_02361.jpg,peligro_02361.jpg,.jpg,8148,275,183,RGB,12205bd5092d16950b8b8ceba67564ffbad8b84e36a7a567b6a7f0195a1a55d7,dd821a48fbec24a7,True,
train,peligro,dataset_curado_v3/train/peligro/peligro_02363.jpg,peligro_02363.jpg,.jpg,3042,274,184,RGB,360089cfcc75d00bf3cdd7b30cc01c6fcf9e733ffce2cf686b9f680a32b87d66,d5afa85202f5f50a,True,
train,peligro,dataset_curado_v3/train/peligro/peligro_02366.jpg,peligro_02366.jpg,.jpg,4923,274,184,RGB,052fb664a568fa3f6c4cf0e25a47a1b071b5d42bbc61be3deca39d2aba7f92f4,bfe0c41ff00ec10f,True,
train,peligro,dataset_curado_v3/train/peligro/peligro_02392.jpg,peligro_02392.jpg,.jpg,4969,271,186,RGB,15686ae4715a12498542c9d2df092970267d6bda77139eaa017b6c30372599b2,8c5223bdda6a2d93,True,
train,peligro,dataset_curado_v3/train/peligro/peligro_02394.jpg,peligro_02394.jpg,.jpg,20280,200,266,RGB,54deab456172197e3b4deef4336ba0db28ef81c3122ae272ce3b6e7ee4a0afd3,8993625b567c5d43,True,
train,peligro,dataset_curado_v3/train/peligro/peligro_02395.jpg,peligro_02395.jpg,.jpg,58926,1280,720,RGB,2ddb633f2de7ad2c19fdee67c44b20b6cd6754f2917d142b9fc47e107cee028a,9c32ccee339d3131,True,
train,peligro,dataset_curado_v3/train/peligro/peligro_02404.jpg,peligro_02404.jpg,.jpg,10218,258,195,RGB,3812e1b652a84ea1a1220fb879ff70abcb8df7e9436b00eee7126936a143f448,eab995161931b8ae,True,
train,peligro,dataset_curado_v3/train/peligro/peligro_02408.jpg,peligro_02408.jpg,.jpg,108269,800,600,RGB,520d1b257ca803885fedb5f7352813c4be987d958036ee87bb74681baf8e3b6f,94eae69d4ad4193a,True,
train,peligro,dataset_curado_v3/train/peligro/peligro_02413.jpg,peligro_02413.jpg,.jpg,53307,800,593,RGB,2f7b8c0bbd89450ab248112681cd016efec89ef76da767df16c51a472c33e562,b9cdc634f1879c81,True,
train,peligro,dataset_curado_v3/train/peligro/peligro_02458.jpg,peligro_02458.jpg,.jpg,8328,331,323,RGB,4c266f3672edb07875772fc390d6eca44593352fd955045356e5e08fb213e4b6,f1a4ca8d783307ce,True,
train,peligro,dataset_curado_v3/train/peligro/peligro_02468.jpg,peligro_02468.jpg,.jpg,10586,259,194,RGB,4c6e030c3bc83622f4f121d43a7fdd018651caa23c072f898d274de86ecd125f,d4c722e5c8dcb4e8,True,
train,peligro,dataset_curado_v3/train/peligro/peligro_02469.jpg,peligro_02469.jpg,.jpg,23772,600,400,RGB,1fc5855914f41ca60bf371cacb65d406d8666a442ed72eac803d8bf5ff1d0dc0,dc9e15ab7856e0a2,True,
train,peligro,dataset_curado_v3/train/peligro/peligro_02476.jpg,peligro_02476.jpg,.jpg,49790,448,336,RGB,22ff0d423687d02ad397003a5033c4b62ef3eb996b1e6e513179bb4d52c4bf44,ea0c5057a6c9d7a9,True,
train,peligro,dataset_curado_v3/train/peligro/peligro_02483.jpg,peligro_02483.jpg,.jpg,8778,275,183,RGB,04501b1257fe1b3bdb34619d7cf9feaefc41996cdbd49b725700f8caf8282980,d5422b3c87cf72a1,True,
train,peligro,dataset_curado_v3/train/peligro/peligro_02500.jpg,peligro_02500.jpg,.jpg,10060,225,225,RGB,407b80bcf1e883143d3147ccbffa48822167dd3152a94ad3ae58cc286542e6a4,c2934af083cf7a36,True,
train,peligro,dataset_curado_v3/train/peligro/peligro_02507.jpg,peligro_02507.jpg,.jpg,4902,275,183,RGB,6a8c3454abbf4d7d657750afdc7741ac0e51647fa6270a87754b82da25be5ac0,f0899e7621995ab6,True,
train,peligro,dataset_curado_v3/train/peligro/peligro_02511.jpg,peligro_02511.jpg,.jpg,3664,225,225,RGB,4424b1a38a8d36519dd9ca48943e53be8f7105acd3a12acbf006cf8f1787f996,e6cc8c999926999b,True,
train,peligro,dataset_curado_v3/train/peligro/peligro_02513.jpg,peligro_02513.jpg,.jpg,8483,228,221,RGB,318518864ebc7cb2a6861208bbd682a5a9c9374e4a0a3d77082395526a9a8a3b,9a61c058e59eb3b6,True,
train,peligro,dataset_curado_v3/train/peligro/peligro_02527.jpg,peligro_02527.jpg,.jpg,15373,183,275,RGB,238068df54637277870fdf34a522811afb9432b14307df98bacfeaeba06db295,95c2c49b355ebb11,True,
train,peligro,dataset_curado_v3/train/peligro/peligro_02531.jpg,peligro_02531.jpg,.jpg,12932,259,194,RGB,647f2c1f426333bd802738e95d37d1831a31b9f8f4eab3c323e1132add14fdd1,e10ef4cc196ac93b,True,
train,peligro,dataset_curado_v3/train/peligro/peligro_02538.jpg,peligro_02538.jpg,.jpg,7615,225,225,RGB,1c660d1ce4e041bcd3bf124e86dd683e3c0c84edd05c995f0176086c56db22e9,b78fc8f08c69283e,True,
train,peligro,dataset_curado_v3/train/peligro/peligro_02547.jpg,peligro_02547.jpg,.jpg,9790,224,224,RGB,51bf5ce47393cd9bfe6cd6a19f60116cbc1d53fae34f8ef97628d7f0f372ee8b,cc146f6b244cf8c7,True,
train,peligro,dataset_curado_v3/train/peligro/peligro_02563.jpg,peligro_02563.jpg,.jpg,15807,194,259,RGB,61cc38055c273ac834b42ea882a228c180ba4ff28a5fedcf445c3849d21e1e40,82f1c4a2d9a4ef99,True,
train,peligro,dataset_curado_v3/train/peligro/peligro_02569.jpg,peligro_02569.jpg,.jpg,8837,259,194,RGB,44ae702f49402304c53200e445a7aade37adb5c5762ecd5551aaf83c83492d32,abc499a3679be890,True,
train,peligro,dataset_curado_v3/train/peligro/peligro_02572.jpg,peligro_02572.jpg,.jpg,6991,275,183,RGB,427bcaa497cbbeccc47d5d313b8abce48de1d2a9fdb9becbff17a64860cfaec9,9185c5ed466938bb,True,
train,peligro,dataset_curado_v3/train/peligro/peligro_02581.jpg,peligro_02581.jpg,.jpg,6460,194,259,RGB,6e0bdd8168a5bb8c1d8aa16384a09381061427210f538342d96901f60c9725cf,db3de68633c99064,True,
train,peligro,dataset_curado_v3/train/peligro/peligro_02582.jpg,peligro_02582.jpg,.jpg,11511,274,184,RGB,11cc439081d7312e760e98a3a267723293746eea21e791b970442a283753ba7a,cc61cc9c217b8d4f,True,
train,peligro,dataset_curado_v3/train/peligro/peligro_02596.jpg,peligro_02596.jpg,.jpg,9811,259,195,RGB,40804f5f9a154cd647ea646692922bd2debe89841650128a54859bda97a5cb6f,f2286dc59d6256a5,True,
train,peligro,dataset_curado_v3/train/peligro/peligro_02600.jpg,peligro_02600.jpg,.jpg,12194,257,196,RGB,4eb56061260da0d93e78a8731e1b828fe1295278180c8cd9d1e2151447b58213,b31900cc39feff01,True,
train,peligro,dataset_curado_v3/train/peligro/peligro_02602.jpg,peligro_02602.jpg,.jpg,9971,225,225,RGB,4b55b4431ec90dbbadd8f6d2ff9783d80c318dba2114e084563792c4cd7aa2c4,916cc6d0ab79a0eb,True,
train,peligro,dataset_curado_v3/train/peligro/peligro_02609.jpg,peligro_02609.jpg,.jpg,7048,254,199,RGB,28fd14972853ab3bfa30ff52d1e6ca6c6c04135886a5d63c3419c51b420a7ea7,fc23c3b44bc2a479,True,
train,peligro,dataset_curado_v3/train/peligro/peligro_02645.jpg,peligro_02645.jpg,.jpg,39194,224,224,RGB,575550b657eb9ca3b0ca8dcee49caffd4c4e5a523947f75978020c51d3b34bbb,eee2a1e0ab8ce4b2,True,
train,peligro,dataset_curado_v3/train/peligro/peligro_02646.jpg,peligro_02646.jpg,.jpg,29267,224,224,RGB,239daf02cffcb3e36e5657418acd5207ff95c0f451e2278fe0e484c1044d792d,cd2733e01d33ea94,True,
train,peligro,dataset_curado_v3/train/peligro/peligro_02697.jpg,peligro_02697.jpg,.jpg,23741,224,224,RGB,3e0b8a04c6b812b3f1514076e6052a2c9abac7821b1d7bba15c8334f215d665f,ed3de3b11c86310e,True,
train,peligro,dataset_curado_v3/train/peligro/peligro_02702.jpg,peligro_02702.jpg,.jpg,28342,224,224,RGB,45dd3739b322eab72d7d7c8ce48ffc1067647733e81576af3516de801ed683f9,f5d70e064301b97e,True,
train,peligro,dataset_curado_v3/train/peligro/peligro_02721.jpg,peligro_02721.jpg,.jpg,22244,224,224,RGB,090c0adff758c1760260e8b4cc7508d034d0f92d5345e7b3945096cbf14973ea,9df6383c3e0c8731,True,
train,peligro,dataset_curado_v3/train/peligro/peligro_02727.jpg,peligro_02727.jpg,.jpg,33917,224,224,RGB,5b0f7e16b77a90123c2a1f3096a47a0a09ac5ddcef7b1a123f3a061d8cc25e25,86b579a1962f9532,True,
train,peligro,dataset_curado_v3/train/peligro/peligro_02758.jpg,peligro_02758.jpg,.jpg,20370,224,224,RGB,15588cdc3b73098a62e945bd5e6ec2b0cd5b24bf4f624f1b8a448fc98ddbe9f3,c1d348970ae4deb9,True,
train,peligro,dataset_curado_v3/train/peligro/peligro_02768.jpg,peligro_02768.jpg,.jpg,16759,224,224,RGB,487869fc73a2600995eb12cf18a1e4eb863c7defee3c69f335b5d4e6c44f7b68,d38caacb265956b2,True,
train,peligro,dataset_curado_v3/train/peligro/peligro_02784.jpg,peligro_02784.jpg,.jpg,25041,224,224,RGB,69bd5998fe234d23679a0f8f0e71838997efc1d94f3f50984533177ef5d86c52,ebc039e5c8f207ca,True,
train,peligro,dataset_curado_v3/train/peligro/peligro_02806.jpg,peligro_02806.jpg,.jpg,28370,224,224,RGB,5490806137db1e5702c8cda47fb6e455821154c2db410d862e84dc1433e5c8cb,e44f1e7e00967963,True,
train,peligro,dataset_curado_v3/train/peligro/peligro_02809.jpg,peligro_02809.jpg,.jpg,31808,224,224,RGB,4b4627b02a5ac5f832d5ac4d047d1dce85e0f3bb8f362e385bb08934a23fb61d,9ba495a19638f2ab,True,
train,peligro,dataset_curado_v3/train/peligro/peligro_02817.jpg,peligro_02817.jpg,.jpg,19287,224,224,RGB,637b1a442fa7491c684e1404cf35ddb33a19fb3e930facdfbb087995a80bf73e,97e1383e0e3c2e3c,True,
train,peligro,dataset_curado_v3/train/peligro/peligro_02823.jpg,peligro_02823.jpg,.jpg,26866,224,224,RGB,5920754309e49f23bac6e85303ef332e1c40a586e1e1831ae1770f78d142b9d6,b6a6984c5933e4b3,True,
train,peligro,dataset_curado_v3/train/peligro/peligro_02825.jpg,peligro_02825.jpg,.jpg,18320,224,224,RGB,4b03db2093feed73bf93baef325af562e53baa0aeea0d2530346711c65177deb,c02d3af60d49d774,True,
train,peligro,dataset_curado_v3/train/peligro/peligro_02838.jpg,peligro_02838.jpg,.jpg,17354,224,224,RGB,33117d852b3ae20a700cfc20d514d14eeb5ff0f09e29c75519969785726ed5d2,cd8933b690e73619,True,
train,peligro,dataset_curado_v3/train/peligro/peligro_02844.jpg,peligro_02844.jpg,.jpg,15251,224,224,RGB,375029e061e79e7820143ceca5b05a1d45c7137844144c070034f1dafe92b376,af09e83349413fa7,True,
train,peligro,dataset_curado_v3/train/peligro/peligro_02854.jpg,peligro_02854.jpg,.jpg,19194,224,224,RGB,6c103476ac4f25cbb82c68e573065896a416edf2f5b0cab724df8941b7db9bf5,802da74bfc18e91f,True,
train,peligro,dataset_curado_v3/train/peligro/peligro_02867.jpg,peligro_02867.jpg,.jpg,15367,224,224,RGB,3f638d29a3b27cefe188f50a1864d98eb6876ebf0cbd6f34d51aa659508a74b2,85656e23b96437c3,True,
train,peligro,dataset_curado_v3/train/peligro/peligro_02870.jpg,peligro_02870.jpg,.jpg,23892,224,224,RGB,6e66a97d6e1a4598d529cb1d9028428618e25b1eb3cb404844e5d1c32fde9f26,f1e1b1f127252a74,True,
train,peligro,dataset_curado_v3/train/peligro/peligro_02879.jpg,peligro_02879.jpg,.jpg,15256,224,224,RGB,176b2643654699385871265fa9fbaf5dd010127393cb7789162e6f73cb7e5b79,a5fe34ed97145301,True,
train,peligro,dataset_curado_v3/train/peligro/peligro_02888.jpg,peligro_02888.jpg,.jpg,28769,224,224,RGB,0a8324a19f7491556761d2fcd86ed356acb8aef87710c24e963a545ce9b5f669,cdec962f78600a7a,True,
train,peligro,dataset_curado_v3/train/peligro/peligro_02900.jpg,peligro_02900.jpg,.jpg,26933,224,224,RGB,2437731734498c6fe64bb53c5de07bcf6b09e304e492259a20af37ba65ded16b,d25c2923f628d72d,True,
train,peligro,dataset_curado_v3/train/peligro/peligro_02904.jpg,peligro_02904.jpg,.jpg,24757,224,224,RGB,12d3c632357cfbd5751cb9ce62cd3dccad80e28a902ddec716f611257565a273,9e16f25adc40bb15,True,
train,peligro,dataset_curado_v3/train/peligro/peligro_02919.jpg,peligro_02919.jpg,.jpg,26516,224,224,RGB,6da2e52540f320da2f185e448165c247644b1cd54bc42d2dd79b016f0ca7d4cd,93bc4d445b4a3e35,True,
train,peligro,dataset_curado_v3/train/peligro/peligro_02941.jpg,peligro_02941.jpg,.jpg,30858,224,224,RGB,4a900c71f1cc12f88cb5c70a41c60f32e5176fcad5bad658d72d658300a7aa2c,e7a090d6de5ada44,True,
train,peligro,dataset_curado_v3/train/peligro/peligro_02969.jpg,peligro_02969.jpg,.jpg,27967,224,224,RGB,0dfee193da949ce418d2910bde8638981c762309d0a3fff95597008a2272c174,d9543f815f4db680,True,
train,peligro,dataset_curado_v3/train/peligro/peligro_02972.jpg,peligro_02972.jpg,.jpg,18518,224,224,RGB,4e8f8acab7da9e07dbc02f481f2c60f0a91eace7e307c3a381417174348c8ef3,95ca353f9232c366,True,
train,peligro,dataset_curado_v3/train/peligro/peligro_02986.jpg,peligro_02986.jpg,.jpg,16970,224,224,RGB,0f93e93e906b9d094fda237c3f4c4215ca2a1504435c60e0170f2d502d1ba6cb,bb99c444073b7b38,True,
train,peligro,dataset_curado_v3/train/peligro/peligro_02998.jpg,peligro_02998.jpg,.jpg,16280,224,224,RGB,38bb4514e683210f4cc56c5e2832c9dac0f3a4ce79e9579c35e58a85c9381fc9,bec0ab1de41acd31,True,
train,peligro,dataset_curado_v3/train/peligro/peligro_03017.jpg,peligro_03017.jpg,.jpg,26670,224,224,RGB,1670fa709b3a91605a14b77bffa85cae021b69d8ebaa491db30564e1744fb029,cbb566499acc69a4,True,
train,peligro,dataset_curado_v3/train/peligro/peligro_03029.jpg,peligro_03029.jpg,.jpg,24058,224,224,RGB,6eac2911cf3502a9bcb3f70227a8f6b8e5e01681e96b2699fa2738dfcbb0f439,87cb4cd7a5b80972,True,
train,peligro,dataset_curado_v3/train/peligro/peligro_03079.jpg,peligro_03079.jpg,.jpg,19423,224,224,RGB,3b5f6c0b9bc535061699486f66ffc9b202157d779babf8db29703d3f2c8daeb9,c39e2fca76f40123,True,
train,peligro,dataset_curado_v3/train/peligro/peligro_03113.jpg,peligro_03113.jpg,.jpg,14966,224,224,RGB,21926058292da378a2c782658755e0b5e0f280720820cdf72a9ca57139ef4764,83983c6760f0d39f,True,
train,peligro,dataset_curado_v3/train/peligro/peligro_03114.jpg,peligro_03114.jpg,.jpg,22894,224,224,RGB,3153f8f80c69db8e8b4db12c1b2d4f80b45b46f83c07fd474915426ccac46c2c,98d573b1a53e4b24,True,
train,peligro,dataset_curado_v3/train/peligro/peligro_03138.jpg,peligro_03138.jpg,.jpg,22811,224,224,RGB,685dfe652e271e48d3c0cdf4643b70db5bae985da39683e4ceae98bc1a033cfd,aacad2d59f588a1c,True,
train,peligro,dataset_curado_v3/train/peligro/peligro_03143.jpg,peligro_03143.jpg,.jpg,22803,224,224,RGB,1e1dee9ea1707193e8f9ada08701a829431c650da06c797ec48ea1621101f4ea,edc9943b46388d65,True,
train,peligro,dataset_curado_v3/train/peligro/peligro_03145.jpg,peligro_03145.jpg,.jpg,18591,224,224,RGB,0698a8afd5f9b2c0e08f09608e0c0e1f63a7ef1f0916a1a41ec0d40e837081d3,8529745853c7adb5,True,
train,peligro,dataset_curado_v3/train/peligro/peligro_03155.jpg,peligro_03155.jpg,.jpg,25102,224,224,RGB,0957555e8b4f8121386057c936c015a84f4d70ccb1e98a7be4532a0d8e41e5dd,dccc638a9a7b0785,True,
train,peligro,dataset_curado_v3/train/peligro/peligro_03158.jpg,peligro_03158.jpg,.jpg,22571,224,224,RGB,146835e4320d3326ac209f1b7c244333e4fa6f92e0ceeccafff81211488676ba,93d98ec68957314d,True,
train,peligro,dataset_curado_v3/train/peligro/peligro_03203.jpg,peligro_03203.jpg,.jpg,25044,224,224,RGB,0f78f9b637858492047ce6d35172502afc1045a926047c3d8f683e14d8615c5f,96b74c852d2427f9,True,
train,peligro,dataset_curado_v3/train/peligro/peligro_03226.jpg,peligro_03226.jpg,.jpg,27413,224,224,RGB,1aaf1766d4ab362f4423c638a3d153273d96d0ebdcc3b653eec59066f058e76f,c836f9238cf8429f,True,
train,peligro,dataset_curado_v3/train/peligro/peligro_03256.jpg,peligro_03256.jpg,.jpg,30331,224,224,RGB,6d35f36e167ee42e0805808db91b0930f388036c132f4667da2ae53ac0ff00ad,b0c6d2a7a4a1c3f3,True,
train,peligro,dataset_curado_v3/train/peligro/peligro_03282.jpg,peligro_03282.jpg,.jpg,20335,224,224,RGB,487d0bc5cdea44b795847f75e6add697758866d046d3c8c84a3a6bbe98c55bb1,cf3bfa80b05dd144,True,
train,peligro,dataset_curado_v3/train/peligro/peligro_03290.jpg,peligro_03290.jpg,.jpg,18869,224,224,RGB,31e35ca13a31a7ba139f78ab1897c90c44b172c1f50ae7ccd396c6fff848a49e,e7f0043ddab286c6,True,
train,peligro,dataset_curado_v3/train/peligro/peligro_03297.jpg,peligro_03297.jpg,.jpg,17817,224,224,RGB,289429207116de58b4ea32637ae13e3bfe3a2b3fac34745cf11661d98fd38192,fecc75780eac8d80,True,
train,peligro,dataset_curado_v3/train/peligro/peligro_03306.jpg,peligro_03306.jpg,.jpg,24684,224,224,RGB,46dde1c4a2a0389158adbc82b6a5ca2b77f55b5439540a2ded604b62b1b2745e,f4f3412214ecd3f8,True,
train,peligro,dataset_curado_v3/train/peligro/peligro_03326.jpg,peligro_03326.jpg,.jpg,26199,224,224,RGB,3938f4e59c2cfe25d29c1d1a118c6002c8eb21ad030112b2ad4cdccbec0ff189,adc838aea974d525,True,
train,peligro,dataset_curado_v3/train/peligro/peligro_03339.jpg,peligro_03339.jpg,.jpg,33907,224,224,RGB,002e37187c7f16f8b283f4a4e7ead0141a03ce1d17ad77d27233a2c690e1a8b5,e1f3919d9c879c88,True,
train,peligro,dataset_curado_v3/train/peligro/peligro_03343.jpg,peligro_03343.jpg,.jpg,21569,224,224,RGB,5d2d2527ffb6cfc110369759a0509a8a03878cf0422f1c30c8376be8fcfa08c6,852d73a9ce22dc87,True,
train,peligro,dataset_curado_v3/train/peligro/peligro_03438.jpg,peligro_03438.jpg,.jpg,17510,224,224,RGB,10aff1a7a942a1295bcd5dd1202b2a50b1c70eb1b7441f8d0ca061a0b12aefb9,d2697432d93dd82c,True,
train,peligro,dataset_curado_v3/train/peligro/peligro_03451.jpg,peligro_03451.jpg,.jpg,26188,224,224,RGB,49c5e7b3aa9815706cd314d7252f1b8106a65a3945d877e589165279199ed721,8bf493d06da8d8b8,True,
train,peligro,dataset_curado_v3/train/peligro/peligro_03482.jpg,peligro_03482.jpg,.jpg,23772,224,224,RGB,6956521a62417fafde7893bdcc7b4a654a2757d393139020cac8a9725cceb3c9,d6f58993344f7122,True,
train,peligro,dataset_curado_v3/train/peligro/peligro_03487.jpg,peligro_03487.jpg,.jpg,26280,224,224,RGB,3a84340b851301b510a2deab2631d15978a0814f621898318274043d148a028b,c6d63674bb29f018,True,
train,peligro,dataset_curado_v3/train/peligro/peligro_03493.jpg,peligro_03493.jpg,.jpg,24918,224,224,RGB,2d577cf766216f1653523244408e7e8ab6d1742e395a9f887329f1421feedccf,a14de372045f5dc5,True,
train,peligro,dataset_curado_v3/train/peligro/peligro_03526.jpg,peligro_03526.jpg,.jpg,29903,224,224,RGB,4cebf7a1bc72656c8e994227813882d17d8799bd6c3b9c1bbe17f1844a3a33e7,fe638db467a8640c,True,
train,peligro,dataset_curado_v3/train/peligro/peligro_03566.jpg,peligro_03566.jpg,.jpg,15188,224,224,RGB,4a126962e8decff62ca731417a4e3440a61981dd6773e8ea965bcb2754feefcb,e9c7854e9a9cd862,True,
train,peligro,dataset_curado_v3/train/peligro/peligro_03617.jpg,peligro_03617.jpg,.jpg,21723,224,224,RGB,5d6d8ae058ecc2fd07acea9b67a76b753b5699c73f9a508ebc64fc6a8ca94245,9512a865f611f71b,True,
train,peligro,dataset_curado_v3/train/peligro/peligro_03619.jpg,peligro_03619.jpg,.jpg,21665,224,224,RGB,3e7a8e1fa507ace44b66d6946278f9944e5e56e750887eabd294e7b7f7c42a66,eecb34d20ae33985,True,
train,peligro,dataset_curado_v3/train/peligro/peligro_03632.jpg,peligro_03632.jpg,.jpg,23960,224,224,RGB,337b3da3db868830fde04ada3cb74362cea85b279b43a6f5a2aee0a419904be5,881f68bee1949f98,True,
train,peligro,dataset_curado_v3/train/peligro/peligro_03643.jpg,peligro_03643.jpg,.jpg,13053,224,224,RGB,08f356d38402da8054c46d68477b93403dfcf1d63fa268b9df3f3903fa7dc848,fe70d2b6e0830e78,True,
train,peligro,dataset_curado_v3/train/peligro/peligro_03660.jpg,peligro_03660.jpg,.jpg,28566,224,224,RGB,6ce81ea08501a4cda7e3e92557cd1be45cc9a1806ccd1eb4113c9de7779f743f,94a6a3b9a6a3a5ac,True,
train,peligro,dataset_curado_v3/train/peligro/peligro_03681.jpg,peligro_03681.jpg,.jpg,16022,224,224,RGB,255b878efcb790b6fe5a7741718e6e0dfc9c9da7bb85138403221c9aba2e991e,d38325fd33ac2691,True,
train,peligro,dataset_curado_v3/train/peligro/peligro_03683.jpg,peligro_03683.jpg,.jpg,25262,224,224,RGB,32843fdf6b57ce877d18bf2aa27e3e896a647bcfeb3a290bf6bceae3ec15f49e,ef3062f4d10b59e8,True,
train,peligro,dataset_curado_v3/train/peligro/peligro_03766.jpg,peligro_03766.jpg,.jpg,23499,224,224,RGB,3de7dc0a5a6e8cef910377f3462443a5be25d5792f0eba95743818cb444c7657,a4cb5ab53a484edc,True,
train,peligro,dataset_curado_v3/train/peligro/peligro_03792.jpg,peligro_03792.jpg,.jpg,13543,224,224,RGB,1983d7814774e06f15a1c0d98e36b8fc3fcb25fa42dfd832166e20f26d8b1f9e,aad562908bcbcdcc,True,
train,peligro,dataset_curado_v3/train/peligro/peligro_03808.jpg,peligro_03808.jpg,.jpg,37457,224,224,RGB,2250ff54463e1c7c35b05f0424cb784b7b50bd9dc8117e7e53580afb9c10917d,9cc2ddb4f0858ca7,True,
train,peligro,dataset_curado_v3/train/peligro/peligro_03810.jpg,peligro_03810.jpg,.jpg,18903,224,224,RGB,433aca0a5cb0bdd6ea665d4267145fdc7bf905d7632a5c08babb94f131301d81,bac180df8c49b0fd,True,
train,peligro,dataset_curado_v3/train/peligro/peligro_03817.jpg,peligro_03817.jpg,.jpg,24986,224,224,RGB,570cc548e24c1a6ee800dd92567e6e6ca22f1eca2cfcbcfce735d5350edca4ea,faf69509c7980ccc,True,
train,peligro,dataset_curado_v3/train/peligro/peligro_03828.jpg,peligro_03828.jpg,.jpg,25256,224,224,RGB,077e44dba854d6a11ab4d7fdc80ce1a8bb39f1e8588409be681dd4563c9d7fa7,e56eda3e694029e8,True,
train,peligro,dataset_curado_v3/train/peligro/peligro_03835.jpg,peligro_03835.jpg,.jpg,20384,224,224,RGB,55dbb3dff87d32e9f9db11085b1e0a3cca7b1ae4f5d768f58345d93bcc2792ea,fbc649a4dae9a414,True,
train,peligro,dataset_curado_v3/train/peligro/peligro_03861.jpg,peligro_03861.jpg,.jpg,25939,224,224,RGB,2229c069c56460c628a999fbbeef1f09a8227ce7de923677311a89ffe3e2ebae,b4c1ee3a325ecd82,True,
train,peligro,dataset_curado_v3/train/peligro/peligro_03907.jpg,peligro_03907.jpg,.jpg,32108,224,224,RGB,05c9f2707eae7e4aa89f44206b01c159807e93d5a268fc33fa212223afc86b36,c4ffdacac904386a,True,
train,peligro,dataset_curado_v3/train/peligro/peligro_03924.jpg,peligro_03924.jpg,.jpg,19155,224,224,RGB,43f27c5059c25e95484a12e506f979893e9f2e2a1ddeb40709158bdfb227c12d,8ad2426b63d2cb76,True,
train,peligro,dataset_curado_v3/train/peligro/peligro_03926.jpg,peligro_03926.jpg,.jpg,27210,224,224,RGB,1d20cf24ad8eb5f4b0d7087e61c0386b4a0fb7ad87456e5fbf387ed973f353b5,c8a73341175d978b,True,
train,peligro,dataset_curado_v3/train/peligro/peligro_04061.jpg,peligro_04061.jpg,.jpg,19586,224,224,RGB,25aadd8210183a55782a9f279f96d1f975562568100bcb0570df85c56792f6ea,c883335dc729ad27,True,
train,peligro,dataset_curado_v3/train/peligro/peligro_04073.jpg,peligro_04073.jpg,.jpg,28304,224,224,RGB,4c7f6e5925cd5026e9a30c60eea9f9a676678f7fc8131a7d24bd23d440dc2637,ddf184a791c88eb1,True,
train,peligro,dataset_curado_v3/train/peligro/peligro_04076.jpg,peligro_04076.jpg,.jpg,25485,224,224,RGB,0f6cf5fe50e84aa3a29d9a732081757f699b9b220faf685f8fca18c7d2a4ce19,913d6ae627971e88,True,
train,peligro,dataset_curado_v3/train/peligro/peligro_04165.jpg,peligro_04165.jpg,.jpg,23001,224,224,RGB,26d941e3e78155094fd4e9def2326bdc11a14f6e37cd8877790f15b00da0bbeb,cd3c86f1900ef1a7,True,
train,peligro,dataset_curado_v3/train/peligro/peligro_04195.jpg,peligro_04195.jpg,.jpg,27163,224,224,RGB,54c6bba903061d32acf7d6f4652665ef07e0661c5b28cb1ce013df3299dcd3a9,e187167239f5d44c,True,
train,peligro,dataset_curado_v3/train/peligro/peligro_04289.jpg,peligro_04289.jpg,.jpg,27220,224,224,RGB,2d934961914c74377af4bb99859010bb902bbda4d55f2ec258b8eb2a9d18d83b,80c13c2cf9d4f0fb,True,
train,peligro,dataset_curado_v3/train/peligro/peligro_04365.jpg,peligro_04365.jpg,.jpg,27376,224,224,RGB,716afab5ee5833fd76179bc4c8c1d1c0f514cd7dd2a38a25f6e3632e87ded0e4,9c57f612d23e950c,True,
train,peligro,dataset_curado_v3/train/peligro/peligro_04423.jpg,peligro_04423.jpg,.jpg,22963,224,224,RGB,3056b34cd4f3e0803fda398fe98941764ca08523d35879e0ff53bf2e7039bb94,d0963b623fec8839,True,
train,peligro,dataset_curado_v3/train/peligro/peligro_04427.jpg,peligro_04427.jpg,.jpg,30060,224,224,RGB,15312e6b5c5001356563122cd7601bb8b060e8e28ed6da2d5e4204e2c76a1bc1,d91fd829ac5a8758,True,
train,peligro,dataset_curado_v3/train/peligro/peligro_04497.jpg,peligro_04497.jpg,.jpg,20880,224,224,RGB,6b7ba415b8a35a2fd6c97b60fd79540d73bc7c09bfa013447efa16f893cf7381,cbcfe93425b6340a,True,
train,peligro,dataset_curado_v3/train/peligro/peligro_04515.jpg,peligro_04515.jpg,.jpg,23026,224,224,RGB,46c7188422b43477db8d998f769486590e93220215a5c7d428ac12fde13bb898,dd1032a5cd17d95c,True,
train,peligro,dataset_curado_v3/train/peligro/peligro_04519.jpg,peligro_04519.jpg,.jpg,25636,224,224,RGB,3ab59967f228db68017457b474853f4df3ee3c1bd1ead1de964b783c49ff4318,e7c6d8e981051f6c,True,
train,peligro,dataset_curado_v3/train/peligro/peligro_04521.jpg,peligro_04521.jpg,.jpg,18157,224,224,RGB,6bb64db8de4490113a58ab166d15c2de17c8c90507fab73ec90220558adffb4c,a88a7eb951cb70c3,True,
train,peligro,dataset_curado_v3/train/peligro/peligro_04533.jpg,peligro_04533.jpg,.jpg,20185,224,224,RGB,6a19bf1e086f1a0e344a4cdac6cd6b65e16e83801f91eee3c7ed29e7e4789cbd,b61add82eb478a4a,True,
train,peligro,dataset_curado_v3/train/peligro/peligro_04580.jpg,peligro_04580.jpg,.jpg,18649,224,224,RGB,52726e96f686137dde0201eed0f32da65f436033c955089d2bc49f0832a60910,d754272d696b4a1a,True,
train,peligro,dataset_curado_v3/train/peligro/peligro_04583.jpg,peligro_04583.jpg,.jpg,23899,224,224,RGB,1c5cbe430428bfee76a29ab55050a1ce72482824ddc3aeb4f414c7e69bc5122f,f5d2380d38559c67,True,
train,peligro,dataset_curado_v3/train/peligro/peligro_04586.jpg,peligro_04586.jpg,.jpg,40035,224,224,RGB,4ae359647485ae81b27cddb41753f698570f15b06855cd38caab651944b5536e,d9f3a4895216db2a,True,
train,peligro,dataset_curado_v3/train/peligro/peligro_04607.jpg,peligro_04607.jpg,.jpg,23623,224,224,RGB,042d7c96e3b6c728d5729c6ccea5844ba4381954cb3574fa41293217fc8ab3f8,aa03cc33cedb325c,True,
train,peligro,dataset_curado_v3/train/peligro/peligro_04633.jpg,peligro_04633.jpg,.jpg,32148,224,224,RGB,3d5c4a0c60090ea18f0f6f1d9e42af5ccf687fca708610f40b053f28f591e598,b39f8240f9e981f4,True,
train,peligro,dataset_curado_v3/train/peligro/peligro_04652.jpg,peligro_04652.jpg,.jpg,29957,224,224,RGB,415fa4aa339665850c5a258bfe5aee3741778c116bcb1b6b9ff5ac0303679463,ffd5e4c04aa4a925,True,
train,peligro,dataset_curado_v3/train/peligro/peligro_04679.jpg,peligro_04679.jpg,.jpg,22499,224,224,RGB,35a3c08a2c38dbfc8505f7a5dc377edf7f3bf2328de06235713feaaff2380dd0,bd5c26a8594b0f4d,True,
train,peligro,dataset_curado_v3/train/peligro/peligro_04733.jpg,peligro_04733.jpg,.jpg,18333,224,224,RGB,68b1c20b7df43a08db6400d1c798db57f8782963ef7965f83190cab9c949f0a0,c5c292356ddc36c9,True,
train,peligro,dataset_curado_v3/train/peligro/peligro_04741.jpg,peligro_04741.jpg,.jpg,27326,224,224,RGB,6f48aaa0e8774ac3fb462ff6bb93925b153b0e741583f3553e0e69dc11b950c4,a6e89a22b84ed72b,True,
train,peligro,dataset_curado_v3/train/peligro/peligro_04886.jpg,peligro_04886.jpg,.jpg,27832,224,224,RGB,3c393fb75a45ec4c5d68c3e5ede4b6df8c8078027a1dbfaec615cbc0a684c579,b7d37a6c24ca5226,True,
train,peligro,dataset_curado_v3/train/peligro/peligro_04897.jpg,peligro_04897.jpg,.jpg,23944,224,224,RGB,38c25140bd7c54d229a99c5a2338102a51c484b17403304e79aa05ca7aa5473d,e9cf19af24596870,True,
train,peligro,dataset_curado_v3/train/peligro/peligro_04924.jpg,peligro_04924.jpg,.jpg,23614,224,224,RGB,58d491bd241605070c06a95e3fe857633a97faf77465b47c8d6fa39143fb8d5d,cc83781ff38813ec,True,
train,peligro,dataset_curado_v3/train/peligro/peligro_05017.jpg,peligro_05017.jpg,.jpg,22233,224,224,RGB,08f120ee5e5656290441fded7ee9ebe90951dbdace4f58d325e2258ce27872ae,d03e1afc6301e39e,True,
train,peligro,dataset_curado_v3/train/peligro/peligro_05031.jpg,peligro_05031.jpg,.jpg,26257,224,224,RGB,6f0a0534a8a28e72aba1a6b94a667ec36213c43c6247a27867b13d35e756b076,f18858c7d38c1db3,True,
train,peligro,dataset_curado_v3/train/peligro/peligro_05127.jpg,peligro_05127.jpg,.jpg,17454,224,224,RGB,4f9d0b827ae2c5fe25e24eae55f9d52278e8bea9d53dfbc79161415a4bbfdb9e,b03f8cd713833cb8,True,
train,peligro,dataset_curado_v3/train/peligro/peligro_05137.jpg,peligro_05137.jpg,.jpg,16170,224,224,RGB,4c55e28aa3d471ae8c58c0265beede3fcfe6b48bd079767d22f8fe09392e471d,bd1ed6c141de7848,True,
train,peligro,dataset_curado_v3/train/peligro/peligro_05146.jpg,peligro_05146.jpg,.jpg,26395,224,224,RGB,2e522516797f0532c76b79454aea8d994ed2d15fe71f6cce66cfea921d98d7fd,94a67774d0c7d0d1,True,
train,peligro,dataset_curado_v3/train/peligro/peligro_05195.jpg,peligro_05195.jpg,.jpg,26070,224,224,RGB,6798776c61fa52037776e7f883e17bf2963d417033463703a0d2def88e9eb0fe,9ce4c87f09c0e07f,True,
train,peligro,dataset_curado_v3/train/peligro/peligro_05207.jpg,peligro_05207.jpg,.jpg,29979,224,224,RGB,53580713742ce0e07fed91a1aa98582e3ee0a5880782cf833660caac32796b88,fc739d7d960ba010,True,
train,peligro,dataset_curado_v3/train/peligro/peligro_05229.jpg,peligro_05229.jpg,.jpg,22234,224,224,RGB,1908a6b3d3bf314ee0b6c5b1b10ae800287f620c7580a0a5128f60abe313a99c,cda93237dd30459c,True,
train,peligro,dataset_curado_v3/train/peligro/peligro_05275.jpg,peligro_05275.jpg,.jpg,33654,224,224,RGB,28b5d010eb0f1ed62d4ef9edd74dea5c484e95fe1e071c5a3b357fc1b83bcf3d,ba8b3a9537b01cb1,True,
train,peligro,dataset_curado_v3/train/peligro/peligro_05276.jpg,peligro_05276.jpg,.jpg,20907,224,224,RGB,1b6c9e8c1d7e292eb8c0037290af8cc1516101357742f819e81df9dcc83902bf,a9e2680ec604f7f3,True,
train,peligro,dataset_curado_v3/train/peligro/peligro_05346.jpg,peligro_05346.jpg,.jpg,20516,224,224,RGB,0af95fd767af5fc3a975d1dfa0f925d1ed59b36d70f785aec8502bf128580e4d,b9b226094c5955ef,True,
train,peligro,dataset_curado_v3/train/peligro/peligro_05368.jpg,peligro_05368.jpg,.jpg,24506,224,224,RGB,40cdb3a8cd9761861c9149521c206588e84b55405c3f533585a26a9b4a669498,82189d59be17ec4e,True,
train,peligro,dataset_curado_v3/train/peligro/peligro_05373.jpg,peligro_05373.jpg,.jpg,33601,224,224,RGB,2c3dc18a394a47d9ca6a050bcd8bc6fd2c7d330697eb6d9b9b88a430a75aa861,aa87a0938df32579,True,
train,peligro,dataset_curado_v3/train/peligro/peligro_05388.jpg,peligro_05388.jpg,.jpg,27272,224,224,RGB,460f0613c5007f5b83f939bd880b7ef7bccf7736b8c9f8f684673591dcf68757,dda8a5d456936952,True,
train,peligro,dataset_curado_v3/train/peligro/peligro_05394.jpg,peligro_05394.jpg,.jpg,15226,224,224,RGB,0d3c274838b6c1798ffbaec43a519a0c88250580e9faddfdfff79ce239c70e12,c3d33e0f2d6c3071,True,
train,peligro,dataset_curado_v3/train/peligro/peligro_05410.jpg,peligro_05410.jpg,.jpg,18687,224,224,RGB,6c10a86ff27a4cd4a1a787d3a1dfd0bcdb3fc724e86b1df25b8071a0bb626b36,bae3994bde218d0a,True,
train,peligro,dataset_curado_v3/train/peligro/peligro_05567.jpg,peligro_05567.jpg,.jpg,28328,224,224,RGB,377f88a5ccfc5c74d6d99f9bc3b7e64b1fe9c80e4f853a618bad42ed4303b248,f8f42adca922adc8,True,
train,peligro,dataset_curado_v3/train/peligro/peligro_05679.jpg,peligro_05679.jpg,.jpg,21583,224,224,RGB,1759b5fb270b8aecd501ea22d10ec797d0227392cc36b94b32010a8cdf9444a2,87867b5cc56623b1,True,
train,peligro,dataset_curado_v3/train/peligro/peligro_05704.jpg,peligro_05704.jpg,.jpg,35297,224,224,RGB,18790a76d1c8eb31e8ebd20dd44ca341c4db2a4835bcec5e27e3cd184e5f98e8,d0e421a532976b5f,True,
train,peligro,dataset_curado_v3/train/peligro/peligro_05717.jpg,peligro_05717.jpg,.jpg,22996,224,224,RGB,71d8b34775bde9c0d564736490338b6023c27907533187864da394ada13abda8,c9f0653ed88a7592,True,
train,peligro,dataset_curado_v3/train/peligro/peligro_05807.jpg,peligro_05807.jpg,.jpg,22245,224,224,RGB,4b6d998c67589dd91bf359a0ac1b118ea0d22be50c17498951a0e1affbf4fe65,af08296bf52b7129,True,
train,peligro,dataset_curado_v3/train/peligro/peligro_05830.jpg,peligro_05830.jpg,.jpg,22641,224,224,RGB,11235a28a8ef1d2e3d2a2f08b1c8ffa0ceb4c605d8e3466371e34547bdeea722,c0c43fbcbcbc7830,True,
train,peligro,dataset_curado_v3/train/peligro/peligro_05854.jpg,peligro_05854.jpg,.jpg,18229,224,224,RGB,165240a1b588691e1692b8561a066a17da69d124c8335b9babcaa04c030a4d99,952adb7d28c1273c,True,
train,peligro,dataset_curado_v3/train/peligro/peligro_05879.jpg,peligro_05879.jpg,.jpg,21253,224,224,RGB,71f84851d4c622e1f592556900f8c6a8f8aa60d3a7aa02b6628d4d9681854e84,9841703ea726c7ed,True,
train,peligro,dataset_curado_v3/train/peligro/peligro_05897.jpg,peligro_05897.jpg,.jpg,23935,224,224,RGB,3c55da01399e7d94cfc159d1a5d311a6657c2d5f9e0f071458ad6a822993dfe6,91e46b37ad7c1072,True,
train,peligro,dataset_curado_v3/train/peligro/peligro_05913.jpg,peligro_05913.jpg,.jpg,20453,224,224,RGB,4c3983d0e597910680e17e8f04b48320a3cf79454a2099ebca3a862ebceb6824,e7c20e9fc1f40af0,True,
train,peligro,dataset_curado_v3/train/peligro/peligro_05921.jpg,peligro_05921.jpg,.jpg,26296,224,224,RGB,68566af6f8bcf9b7a62ebd443b71d8b98076c8fcc7aac25c032b1ae8f187ccaf,9ddc43242e3b385b,True,
train,peligro,dataset_curado_v3/train/peligro/peligro_05922.jpg,peligro_05922.jpg,.jpg,23279,224,224,RGB,45919c21fe39276c306bb5a210cec127b345b6694973f50dd61502392eab7736,ba51c8cb69eeb184,True,
train,peligro,dataset_curado_v3/train/peligro/peligro_05932.jpg,peligro_05932.jpg,.jpg,23484,224,224,RGB,03d4437bfcefe6a2208e2b438e6b39a921c6623cf28034b6ec054ae91fe66d2e,8eca0a1a92de7b2d,True,
train,peligro,dataset_curado_v3/train/peligro/peligro_06023.jpg,peligro_06023.jpg,.jpg,27200,224,224,RGB,74742127c62de97c8fa478ff6cb7e16f8c8c29c3a14fd24e0a5f75b3c47d1b99,99eec3836286e49b,True,
train,peligro,dataset_curado_v3/train/peligro/peligro_06162.jpg,peligro_06162.jpg,.jpg,12609,224,224,RGB,0725d997b89bbe74c1e56a2210555eb69982936dfe255ed159a7f1ac6c012d03,92fc08926e5f654b,True,
train,peligro,dataset_curado_v3/train/peligro/peligro_06305.jpg,peligro_06305.jpg,.jpg,25558,224,224,RGB,33d4cc12b04cdae874dbbcdfa08a6766caff9a97d6474ef5189593d286a665ef,f2cb499919d62cca,True,
train,peligro,dataset_curado_v3/train/peligro/peligro_06319.jpg,peligro_06319.jpg,.jpg,10354,224,224,RGB,25c7ba85080fb8cd590fe907e73093a378bb43b5cfa0c34cf3c93a0175d47afd,e59c9e693924659a,True,
train,peligro,dataset_curado_v3/train/peligro/peligro_06469.jpg,peligro_06469.jpg,.jpg,34302,224,224,RGB,38fb6aa9d3cbff62eeb1bc5f1c068f7991af01bcdce6ee20c3e660aecdfe761c,f22f1ce08d7cf4a0,True,
train,peligro,dataset_curado_v3/train/peligro/peligro_06471.jpg,peligro_06471.jpg,.jpg,28374,224,224,RGB,355b125664e13e4b506fafaeba759e2defa6281a4bcb3d671b10d604f59aeddc,ea4fe5e144f078b0,True,
train,peligro,dataset_curado_v3/train/peligro/peligro_06475.jpg,peligro_06475.jpg,.jpg,19095,224,224,RGB,06ba8d72fdfc0b7c037485f9738123edacf9ef57dd9c78e16e8c394390a4b9bc,f345f7318e92889a,True,
train,peligro,dataset_curado_v3/train/peligro/peligro_06480.jpg,peligro_06480.jpg,.jpg,29921,224,224,RGB,3b92a963fa01c87393fdf4f41001d30dd9cad28628f1af5a125fec6fd7235691,9c11b869964e9b6d,True,
train,peligro,dataset_curado_v3/train/peligro/peligro_06482.jpg,peligro_06482.jpg,.jpg,21535,224,224,RGB,07023dfb8c0b335fd21333a5b73fafa5af572abe17b92fe5d45ecd0c5c952cde,bb71d12bce0ee00b,True,
train,peligro,dataset_curado_v3/train/peligro/peligro_06636.jpg,peligro_06636.jpg,.jpg,12759,224,224,RGB,3a42f64fa1bbf22a9ce8c11e39c28bd350e6204c40e7fd0139184b1995ebda94,8c0133ee4c39f70f,True,
train,peligro,dataset_curado_v3/train/peligro/peligro_06731.jpg,peligro_06731.jpg,.jpg,25783,224,224,RGB,458c93b56c007d8cec406644776c756b4da7c0c095c58cf9f47aee8e899b34b0,c663ed96b1ea3d00,True,
train,peligro,dataset_curado_v3/train/peligro/peligro_06740.jpg,peligro_06740.jpg,.jpg,24884,224,224,RGB,023947aafd6c98cd99d7b0f99dec11c901fae4fe1a5b49f36c4128dcc15122e3,9dab00defc31c54c,True,
train,peligro,dataset_curado_v3/train/peligro/peligro_06756.jpg,peligro_06756.jpg,.jpg,21157,224,224,RGB,5ee67668892b4b113798393ecb6f29d66428f0e1d9bc0eafcdd49e03597a44a8,c5a0a9c1be2c73ae,True,
train,peligro,dataset_curado_v3/train/peligro/peligro_06894.jpg,peligro_06894.jpg,.jpg,14861,224,224,RGB,2e3d57c1b06774cbf6a1d23f70867e097acc9be2246a43b78535b8909a5423ba,c0d018023f3f3f3f,True,
train,peligro,dataset_curado_v3/train/peligro/peligro_07090.jpg,peligro_07090.jpg,.jpg,36710,224,224,RGB,1a039a6ac03b9ef1ec23363727f174c19eb98ddc7ab9c9333752991c3866bcf9,d68ce15fc1ee14c4,True,
train,peligro,dataset_curado_v3/train/peligro/peligro_07234.jpg,peligro_07234.jpg,.jpg,30672,224,224,RGB,07ce69d2b995e3bb32c25d2f2f3d1ac0aa700f69af5ee4d860336b414d3c8265,aac095e99ec734a6,True,
train,peligro,dataset_curado_v3/train/peligro/peligro_07319.jpg,peligro_07319.jpg,.jpg,29047,224,224,RGB,4dc8177bab2bf5c9f65d64e57457d8fe9d260f0e6ed5e1450eecf23d1dc26d84,d072e3174c37cb1a,True,
train,peligro,dataset_curado_v3/train/peligro/peligro_07322.jpg,peligro_07322.jpg,.jpg,24610,224,224,RGB,6b4b09602cb2c4387667c11b13b0760877a8351314d80bf950845d7ed2322e56,b8b81ba67c3a8b61,True,
train,peligro,dataset_curado_v3/train/peligro/peligro_07323.jpg,peligro_07323.jpg,.jpg,23050,224,224,RGB,0cc482ab2ccffe9cafb1dcd9bf654438ac6421bf6db9677338e0284bf44a3cde,c51b2f5af1c5230e,True,
train,peligro,dataset_curado_v3/train/peligro/peligro_07330.jpg,peligro_07330.jpg,.jpg,23218,224,224,RGB,27243a914a762565d5826c451c740978efa54abcfcbb4ef132bd7de1e08357c4,c02fbcb5f4d12361,True,
train,peligro,dataset_curado_v3/train/peligro/peligro_07342.jpg,peligro_07342.jpg,.jpg,28237,224,224,RGB,4a3e40e3230101d09f8ef00dd8b3ad13255a42b6c05326949c040940d4ae103c,9c8933b74c9933d2,True,
train,peligro,dataset_curado_v3/train/peligro/peligro_07352.jpg,peligro_07352.jpg,.jpg,25570,224,224,RGB,4fa577acecb3d32e43c7dbf824637adfcee74c97b50adcc194ddf15d8bbbd84f,ebd3a68d8af41b80,True,
train,peligro,dataset_curado_v3/train/peligro/peligro_07419.jpg,peligro_07419.jpg,.jpg,29954,224,224,RGB,254eec64d1667d926aec9e78ce5a3fe57d0c6805030aeb62bde89bd721bfa25c,f6e8a3572360549d,True,
train,peligro,dataset_curado_v3/train/peligro/peligro_07432.jpg,peligro_07432.jpg,.jpg,22323,224,224,RGB,57d42891b3bcc71e1a828b21f0eb1418302d9f2bb4e46f6f187ffa92c1677a2f,a78584d2e8cb4e6e,True,
train,peligro,dataset_curado_v3/train/peligro/peligro_07437.jpg,peligro_07437.jpg,.jpg,21770,224,224,RGB,4b251253da947deb966009a2c64a123bad0051611fec7f7307d6228c9652ea15,ceb85aa4a3dbc584,True,
train,peligro,dataset_curado_v3/train/peligro/peligro_07483.jpg,peligro_07483.jpg,.jpg,26072,224,224,RGB,2e3be7d8c7b83a05bb0e2176ab9b5b6e590c25e832fde489bd710d7d3e3db703,a01f9b47696c70c7,True,
train,peligro,dataset_curado_v3/train/peligro/peligro_07485.jpg,peligro_07485.jpg,.jpg,20321,224,224,RGB,284ab41ce39bc4472626e9a9f7dc652ed3abb4356d6a921be5de6168ec5799c7,d2ce053371f59a85,True,
train,peligro,dataset_curado_v3/train/peligro/peligro_07664.jpg,peligro_07664.jpg,.jpg,21677,224,224,RGB,29120f0f906a438c66bfaa7b3894a78bf6ce16f5681f5c27d228a5d99efc6dbf,dd0ac57896da68a5,True,
train,peligro,dataset_curado_v3/train/peligro/peligro_07674.jpg,peligro_07674.jpg,.jpg,32675,224,224,RGB,54067aeabb798df4664125bc5c41283d011a75518c093dc32d5fbe43886f2b6b,c343e73a803c8bee,True,
train,peligro,dataset_curado_v3/train/peligro/peligro_07804.jpg,peligro_07804.jpg,.jpg,24766,224,224,RGB,323d6576540bdc2194b55d85c5a66408dc1fcad4948a9c16d45474d4d4023be3,bce88585cb9649d3,True,
train,peligro,dataset_curado_v3/train/peligro/peligro_07977.jpg,peligro_07977.jpg,.jpg,11017,224,224,RGB,17cb09e341f7abaecf3e9bb36fe412aa52d809fb247ef473835e9f87e67b9f24,f838d6e35a8c65b0,True,
train,peligro,dataset_curado_v3/train/peligro/peligro_08006.jpg,peligro_08006.jpg,.jpg,24955,224,224,RGB,493b1be6d2aab45b6d90beee55a3fec0f04e60ada27a4bd4aaa1354b9e00e8c7,985b638cf926c927,True,
train,peligro,dataset_curado_v3/train/peligro/peligro_08008.jpg,peligro_08008.jpg,.jpg,29381,224,224,RGB,4ba8a606be47e4eef1980614e68b2e76f93a7d255ff097fd45350e14b1911976,cac3b7359059a50f,True,
train,peligro,dataset_curado_v3/train/peligro/peligro_08084.jpg,peligro_08084.jpg,.jpg,26411,224,224,RGB,52d7102f4a110dfa6e68077da017d7fa05fdd510a5fcbe5b0f654dd6630025b3,8c9d68b746302b5f,True,
train,peligro,dataset_curado_v3/train/peligro/peligro_08110.jpg,peligro_08110.jpg,.jpg,22845,224,224,RGB,677a6c3fcea5e01c31180c06c36daff895b8e1a54e35cfbe530088b9f8315333,958a72e9ca8577b0,True,
train,peligro,dataset_curado_v3/train/peligro/peligro_08116.jpg,peligro_08116.jpg,.jpg,33286,224,224,RGB,5ade159bd387f2e6939f4b890004bae71901e14ec26f6f1a6f4b92d07f9ca153,d7fc7b208f528621,True,
train,peligro,dataset_curado_v3/train/peligro/peligro_08148.jpg,peligro_08148.jpg,.jpg,17014,224,224,RGB,59165a13cbefc1411037825bab88640c1d3c5d27c88f0cd96fecb3c9d7458538,c1bc3e2c2ccb78c3,True,
train,peligro,dataset_curado_v3/train/peligro/peligro_08168.jpg,peligro_08168.jpg,.jpg,20670,224,224,RGB,5dba3d3cf84b628916781d04202d0e96636985a7d2b4cde0b3ea9d1298fe8965,81ca7ea5019177be,True,
train,peligro,dataset_curado_v3/train/peligro/peligro_08678.jpg,peligro_08678.jpg,.jpg,27324,224,224,RGB,4b916c9aa841f102ff4076a91bfbcbfec5ec5eb5521844a3b8d2d8326bdd85c3,c0de3758c3b38669,True,
train,peligro,dataset_curado_v3/train/peligro/peligro_08682.jpg,peligro_08682.jpg,.jpg,17662,224,224,RGB,0d1363570f23ac91ada88ad9e7d6160290079c83f01a162de5ffb12a8bf5b429,92855aef59c30b2e,True,
train,peligro,dataset_curado_v3/train/peligro/peligro_08698.jpg,peligro_08698.jpg,.jpg,8158,224,224,RGB,20e28fb36f4900f8271c7104fe88265a5f20e2152bc74667c71918fa4d4a93df,cc3327cc39339c33,True,
train,peligro,dataset_curado_v3/train/peligro/peligro_08800.jpg,peligro_08800.jpg,.jpg,22265,224,224,RGB,3184df6e02b76c87f47337f4ed15b8f2b93c74c2a2a2639ded10bbfa18e3adf2,bd86f4d640eb2174,True,
train,peligro,dataset_curado_v3/train/peligro/peligro_08943.jpg,peligro_08943.jpg,.jpg,36868,224,224,RGB,482fa27624050413c13baf1dcc9dd014a6c91bae8e02ad9d524b85fb757ac009,fbc1807f3d00ead1,True,
train,peligro,dataset_curado_v3/train/peligro/peligro_08988.jpg,peligro_08988.jpg,.jpg,27113,224,224,RGB,2f1fc33c370630b88af5baceeb6225e1faa890093a45a6ac9db771ed661bf67a,d52c049fd205bcaf,True,
train,peligro,dataset_curado_v3/train/peligro/peligro_09020.jpg,peligro_09020.jpg,.jpg,20356,224,224,RGB,3fc4ef76d7d568d0fce7ef80e9f451622a36eb6dd7b10b249d2bcd32f8f0e535,c11af8c173edc465,True,
train,peligro,dataset_curado_v3/train/peligro/peligro_09068.jpg,peligro_09068.jpg,.jpg,25467,224,224,RGB,2fd01e989c4202ab57f6d1b0927d42951c72e0ef51ca3d7d39f5a5ea0cd3175a,8fe8757c7c403472,True,
train,peligro,dataset_curado_v3/train/peligro/peligro_09071.jpg,peligro_09071.jpg,.jpg,26706,224,224,RGB,4e130ca63860f753ba603ca7c25938f8ec23baef2b774027e50620f7e49ba03a,8d40aa3ee928fc6d,True,
train,peligro,dataset_curado_v3/train/peligro/peligro_09097.jpg,peligro_09097.jpg,.jpg,25960,224,224,RGB,04cbfeb97bdbfd45742a3b665daf15d89e195e705e5a74af8715c0f17cf98b0e,8a8a7efe6a512961,True,
train,peligro,dataset_curado_v3/train/peligro/peligro_09112.jpg,peligro_09112.jpg,.jpg,31314,224,224,RGB,4fdefe507c790789efc83d02051245c220b49a0c6bd5e952f57906394ec2846d,ce79d1eea6c80d88,True,
train,peligro,dataset_curado_v3/train/peligro/peligro_09127.jpg,peligro_09127.jpg,.jpg,24607,224,224,RGB,2c77e1f7513c3a3b3da672df9cbfa1bb034170aac5774447ef9ae20680a489d6,abc8c45ad7b29594,True,
train,peligro,dataset_curado_v3/train/peligro/peligro_09232.jpg,peligro_09232.jpg,.jpg,19361,224,224,RGB,0280c5ee100d13c3e986a63aa909256e346db15d74108f5d785e021e855da9f4,e0d12e8c2bb1e87d,True,
train,peligro,dataset_curado_v3/train/peligro/peligro_09239.jpg,peligro_09239.jpg,.jpg,28877,224,224,RGB,3eddcadd2aae980a3fd0f27e08e1891804475723fd5979cedfe7ba9d7f91699c,e013fcee2581a72b,True,
train,peligro,dataset_curado_v3/train/peligro/peligro_09240.jpg,peligro_09240.jpg,.jpg,23892,224,224,RGB,148c5ba528214ac749fbe909ab227082481415c225bdcdc60dc0adc29267b99f,ef11e917c6d2c8e0,True,
train,peligro,dataset_curado_v3/train/peligro/peligro_09298.jpg,peligro_09298.jpg,.jpg,30238,224,224,RGB,0ab32a6b19ac2bf327b7fe02604f5f295662bca8508f7a8c39aeef94f9395f78,aa9f01d2ad94f398,True,
train,peligro,dataset_curado_v3/train/peligro/peligro_09515.jpg,peligro_09515.jpg,.jpg,27942,224,224,RGB,164300389b635025185b5eef442b77688f31c81dd355baa76ef94b25a4d6f1d7,8e4f2074b8c1ff70,True,
train,peligro,dataset_curado_v3/train/peligro/peligro_09537.jpg,peligro_09537.jpg,.jpg,11427,224,224,RGB,494146cac82b60734d458ffc8fb923ab48022bd87cab31e367f9a5277e811c3f,fc5227bc49cdb242,True,
train,peligro,dataset_curado_v3/train/peligro/peligro_09583.jpg,peligro_09583.jpg,.jpg,24196,224,224,RGB,12094587a3a5a3005f70968151da51727c055f5c8d4ee57b25a2948aebd8a382,9de266c837cd301e,True,
train,peligro,dataset_curado_v3/train/peligro/peligro_09597.jpg,peligro_09597.jpg,.jpg,20727,224,224,RGB,12786562fb4fa5012054e8f337e11ce19e0ee994ab9c3aa20c0de79dd58c1b46,bf90c1bcb7494472,True,
train,peligro,dataset_curado_v3/train/peligro/peligro_09697.jpg,peligro_09697.jpg,.jpg,18981,224,224,RGB,3d6e7e94c0603d8357f82a6b0c811fd1890c8a435ce13030dee8e0f661d2209e,d0eb09e23e2770ce,True,
train,peligro,dataset_curado_v3/train/peligro/peligro_09951.jpg,peligro_09951.jpg,.jpg,26268,224,224,RGB,14f9c1a6728637cd6fb944140cc4511c635ce2e6b66de002c490b1ef2702c72a,d8cc6c13c3e6be48,True,
train,peligro,dataset_curado_v3/train/peligro/peligro_09980.jpg,peligro_09980.jpg,.jpg,33283,224,224,RGB,026f01685e4ac729d0b0a63a51afe75c207bf0a08bf16bc7aa8dfd72a43394bd,bb985437706c7970,True,
train,peligro,dataset_curado_v3/train/peligro/peligro_09997.jpg,peligro_09997.jpg,.jpg,19160,224,224,RGB,7382f8bdcc9dad1a43bb9a125907eda2c199a9f81b31ded7faad815ef67aabb9,bdc6c20e8bf99c11,True,
train,peligro,dataset_curado_v3/train/peligro/peligro_10047.jpg,peligro_10047.jpg,.jpg,25815,224,224,RGB,6ef71c79c7a2d567688230897ccd67074cc1861c2f8eb2ac8010e6cde0708cb6,dd00c8dcdee3e0b1,True,
train,peligro,dataset_curado_v3/train/peligro/peligro_10078.jpg,peligro_10078.jpg,.jpg,17275,224,224,RGB,2e6c61285bbc673dcbb9d78e88bdfdfce32236d16d13723b010490abe014b9c1,d0846b94b7d94e27,True,
train,peligro,dataset_curado_v3/train/peligro/peligro_10105.jpg,peligro_10105.jpg,.jpg,33649,224,224,RGB,1b4759869cdda49e0038d646bdbbbd5c6bab146ea2856cd4f63d303f795ea811,f85f484d7dc1a8a2,True,
train,peligro,dataset_curado_v3/train/peligro/peligro_10108.jpg,peligro_10108.jpg,.jpg,22074,224,224,RGB,5d212811ec9d2faf8294b6c36cf1c3630425bb4a01ab808a71d1a66653f0fa12,dac4219ed0d1ef2c,True,
train,peligro,dataset_curado_v3/train/peligro/peligro_10132.jpg,peligro_10132.jpg,.jpg,15565,224,224,RGB,68e0a8692dd26bfd066858bfc994d45f152332fb6c92d13bd6f4f5e17e766763,e18fde708866c536,True,
train,peligro,dataset_curado_v3/train/peligro/peligro_10143.jpg,peligro_10143.jpg,.jpg,36155,224,224,RGB,2b30c38b70383b998905755d79eeaad685f4b414ea1c5a33cb28105e1e8685e7,b8c3b1256f8242fe,True,
train,peligro,dataset_curado_v3/train/peligro/peligro_10182.jpg,peligro_10182.jpg,.jpg,24026,224,224,RGB,24a5b807b86f5a29022bbac3cecb8fcd8a187d2c98ebe3448561b97991795799,c30316ecf0647d5e,True,
train,peligro,dataset_curado_v3/train/peligro/peligro_10184.jpg,peligro_10184.jpg,.jpg,25779,224,224,RGB,60cb9a29ab03b87555d603375aaad26f5fb4119c11f585f279b0dd6067252d5d,97a44a160de11fbe,True,
train,peligro,dataset_curado_v3/train/peligro/peligro_10190.jpg,peligro_10190.jpg,.jpg,27204,224,224,RGB,4127d569b3e90176e3af907abb379e8469fbf52eae5347f8abc0365b80e6f698,e77c91469bc36503,True,
train,peligro,dataset_curado_v3/train/peligro/peligro_10299.jpg,peligro_10299.jpg,.jpg,22069,224,224,RGB,5a1ff0e969bff367c86355d79facbed830a2ac78517a9a1de539a2d493c64721,f5d92c7994a62a8c,True,
train,peligro,dataset_curado_v3/train/peligro/peligro_10366.jpg,peligro_10366.jpg,.jpg,30975,224,224,RGB,091ecca25077bab8b2141a5664d32634c8eacc3b361e0e8b4e878d1a590e5678,8d8394eec17aac4b,True,
train,peligro,dataset_curado_v3/train/peligro/peligro_10421.jpg,peligro_10421.jpg,.jpg,28248,224,224,RGB,1c751bfcec021d84465d9d68b91784330c2a02a46de10eac11c1d45de5fdf841,c275f04a35d26b65,True,
train,peligro,dataset_curado_v3/train/peligro/peligro_10857.jpg,peligro_10857.jpg,.jpg,24697,224,224,RGB,33e9b74ccc65c5f900944ece4511bbdfd0d7801d9a26fc571632c2066af72ab7,c7a9a4f1d39128f2,True,
train,peligro,dataset_curado_v3/train/peligro/peligro_10954.jpg,peligro_10954.jpg,.jpg,33984,224,224,RGB,512410cb79b18642ec2e800f591621333bfb9b370178b1115219fca08e95d488,ac4a921b3d9d456d,True,
train,peligro,dataset_curado_v3/train/peligro/peligro_11218.jpg,peligro_11218.jpg,.jpg,27435,224,224,RGB,32dc923de0041aa442742f25793c27e76cefc27effafc159389287d58c0ae6a9,84c60fd47273d89b,True,
train,peligro,dataset_curado_v3/train/peligro/peligro_11377.jpg,peligro_11377.jpg,.jpg,35439,224,224,RGB,5613fe6d61c3b38303799e0a21bbcee22e2b384eb398678d986344d556d8f695,b4d29710b53dd0b5,True,
train,peligro,dataset_curado_v3/train/peligro/peligro_11401.jpg,peligro_11401.jpg,.jpg,18237,224,224,RGB,25e8534973c12e8e8e0fbf0715bd19a88130158d5e4baefd2d0ac3aa42593c33,d976a658841cfa78,True,
train,peligro,dataset_curado_v3/train/peligro/peligro_11431.jpg,peligro_11431.jpg,.jpg,35325,224,224,RGB,04cda3d94c5446ede48c639717977be95be6cdcea770c887f3dd9714ba9db79e,96ab43f6ad884e38,True,
train,peligro,dataset_curado_v3/train/peligro/peligro_11480.jpg,peligro_11480.jpg,.jpg,29279,224,224,RGB,32140f0af6dba3be176895bdd55a53b6d87de31867dc13c6012fa08cb53bbba3,cdb0dab42d8b7449,True,
train,peligro,dataset_curado_v3/train/peligro/peligro_11486.jpg,peligro_11486.jpg,.jpg,15384,224,224,RGB,2c23cdea6c9301a09310aa12cd8df295eeb6671b479ca72c823f90e89039478f,cc68933162b77b85,True,
train,peligro,dataset_curado_v3/train/peligro/peligro_11506.jpg,peligro_11506.jpg,.jpg,26237,224,224,RGB,518e6e8ac8b11ce913e4f81888000cd0a49e686132e1a6e963061b62f95325fe,e51a525914f3dce1,True,
train,peligro,dataset_curado_v3/train/peligro/peligro_11535.jpg,peligro_11535.jpg,.jpg,24193,224,224,RGB,4e095de61dc81572511c72c0c76b2fff005a40ad57dbde4c9d9ec8e4dd48ca4d,c0bb12e9f7740467,True,
train,peligro,dataset_curado_v3/train/peligro/peligro_11668.jpg,peligro_11668.jpg,.jpg,18701,224,224,RGB,22b33a87a496e169737c0ca4b279c4610a91760652379844097573ccb4fb1054,da39f4f0a0864bdc,True,
train,peligro,dataset_curado_v3/train/peligro/peligro_11744.jpg,peligro_11744.jpg,.jpg,19125,224,224,RGB,5ce336c3279e4aa541f15cbb73f38ee4e44265b53e7e76d0262ffb4026ed6c18,f61669ca92f690b8,True,
train,peligro,dataset_curado_v3/train/peligro/peligro_11773.jpg,peligro_11773.jpg,.jpg,14429,224,224,RGB,0661b9f2205181f96ac30199cfd1dd0082b55d6906682ac983959854ba286ae6,add8912266c79acb,True,
train,peligro,dataset_curado_v3/train/peligro/peligro_11936.jpg,peligro_11936.jpg,.jpg,34792,224,224,RGB,24c00562f6bcbd0abaf1923242265d2a712ca0b45ce771f4520b05baf8c3ccd0,8c3151776e96154f,True,
train,peligro,dataset_curado_v3/train/peligro/peligro_12000.jpg,peligro_12000.jpg,.jpg,24297,224,224,RGB,21e6919b137fdfa41d47f0103f5ecf7de375a7243ee4dc5caea4bc43e2cc45b5,f917b269966aa720,True,
train,peligro,dataset_curado_v3/train/peligro/peligro_12029.jpg,peligro_12029.jpg,.jpg,25392,224,224,RGB,51475897ff37fb8d90f46004618f8e3506835bf0f9f1901aa5c08017135b13bf,c0a6c95ec493acf3,True,
train,peligro,dataset_curado_v3/train/peligro/peligro_12060.jpg,peligro_12060.jpg,.jpg,14014,224,224,RGB,1a17f1b2840b596629b8c310f3fa90a6bb96a9ca8d4b3e38d3e7d8006ab985c9,a1e1c3179f9e604d,True,
train,peligro,dataset_curado_v3/train/peligro/peligro_12089.jpg,peligro_12089.jpg,.jpg,37056,224,224,RGB,45ad5d608cf4f055369b813227b3c323210d083e25cd755e8652d8195e466bc2,b3ad82e09bc6d94c,True,
train,peligro,dataset_curado_v3/train/peligro/peligro_12093.jpg,peligro_12093.jpg,.jpg,27619,224,224,RGB,665c6ad6a30f913d5bb20f2061fa21c39fece02c8e90fc58aa3586fdc7eae9e3,fb9ba029a36294e9,True,
train,peligro,dataset_curado_v3/train/peligro/peligro_12192.jpg,peligro_12192.jpg,.jpg,24845,224,224,RGB,5007ecedc80defcfde8be215c94a0bac4be4e429b45ea1c0ca0fb1078c23508e,ade8813ad783ac33,True,
train,peligro,dataset_curado_v3/train/peligro/peligro_12195.jpg,peligro_12195.jpg,.jpg,23392,224,224,RGB,1c82e23db65b2f407126ca34df100a647b87b60eda8006f190ba913edea7f881,bb1ade95c468e039,True,
train,peligro,dataset_curado_v3/train/peligro/peligro_12489.jpg,peligro_12489.jpg,.jpg,17063,224,224,RGB,5a292aceb757f45d7d115b6fee3f13702827d90ebe8f9b10e486aa1d673cbda6,d89f27391b929e03,True,
train,peligro,dataset_curado_v3/train/peligro/peligro_12668.jpg,peligro_12668.jpg,.jpg,17049,224,224,RGB,27bc960d6376d3bb3f19c90b30cd7933f25583a0446c3ebd74fd0e6e969697a3,b93bc0f4cdc2348d,True,
train,peligro,dataset_curado_v3/train/peligro/peligro_12792.jpg,peligro_12792.jpg,.jpg,30868,224,224,RGB,261da562e4e9bb86e13727f67c716067f1aaee1bee305db832411759fab1b977,f0c093f00dbc6dd6,True,
train,peligro,dataset_curado_v3/train/peligro/peligro_12819.jpg,peligro_12819.jpg,.jpg,25311,224,224,RGB,16fbfa4cb8ad238d4723ef7297748b19821a9c8a4a4c82af8af316f952c38f75,feab830eb0e750d0,True,
train,peligro,dataset_curado_v3/train/peligro/peligro_12863.jpg,peligro_12863.jpg,.jpg,36555,224,224,RGB,3ec2e80b012cad8cbc800bf1c0f88ada88c70602566c0fcdec9ab5cd6443dc69,a41a4d94fea4ca76,True,
train,peligro,dataset_curado_v3/train/peligro/peligro_13046.jpg,peligro_13046.jpg,.jpg,13766,224,224,RGB,3b9c0a7b72311e5625986288535696537058fb7c0682d49fd128dcd2413e8a18,90f02d0fc7c1f83d,True,
train,peligro,dataset_curado_v3/train/peligro/peligro_13055.jpg,peligro_13055.jpg,.jpg,20938,224,224,RGB,0402b4c89ab0fcec2f3d2d85203ce6c361baf3383b7aeab0fd0e336a3a90f3a6,861e20fda94af467,True,
train,peligro,dataset_curado_v3/train/peligro/peligro_13217.jpg,peligro_13217.jpg,.jpg,20094,224,224,RGB,350be06cd48033578b8aeed437cd9f4c9a58efae7e8a131dc7588a840ab295fd,c9b3742b862dce2a,True,
train,peligro,dataset_curado_v3/train/peligro/peligro_13288.jpg,peligro_13288.jpg,.jpg,23284,224,224,RGB,1c6aa77217e8400d36e7d73ac615f9b817ab8dab95f6b29c494cba6923958aa2,d3e0b6cd26378649,True,
train,peligro,dataset_curado_v3/train/peligro/peligro_13361.jpg,peligro_13361.jpg,.jpg,19254,224,224,RGB,645ddaa95f355d439d6ce4b1d6e7df01c22070251a657ccb5c9384174df842f4,ce3987e634594cc3,True,
train,peligro,dataset_curado_v3/train/peligro/peligro_13420.jpg,peligro_13420.jpg,.jpg,29198,224,224,RGB,167aa23f0377bb191869f4afa733aa34229a0179dfb242931ed5ec175902ffbb,81f0c5787a1e4dbc,True,
train,peligro,dataset_curado_v3/train/peligro/peligro_13441.jpg,peligro_13441.jpg,.jpg,24475,224,224,RGB,3d409b66b98add0d784a9366a418cf8dac47d99da5a8aca4bb39501490872750,b9f9e0982eb19c0b,True,
train,peligro,dataset_curado_v3/train/peligro/peligro_13512.jpg,peligro_13512.jpg,.jpg,25148,224,224,RGB,71a21147a56498b8b352ebca331f5451c21b342f37b33510b3b229da7856b70d,c01e9ec0ad77b346,True,
train,peligro,dataset_curado_v3/train/peligro/peligro_13619.jpg,peligro_13619.jpg,.jpg,21815,224,224,RGB,4fa78595e6b395310c2f75cbe5bcd35127fd8345581cc66400472958cc8b87c6,cecc34d9e6a42527,True,
train,peligro,dataset_curado_v3/train/peligro/peligro_13708.jpg,peligro_13708.jpg,.jpg,25855,224,224,RGB,229e74b1467c23e692beab2211665e0cabf607c33226737e590bee06ea588f11,f2dc92ec90628ff0,True,
train,peligro,dataset_curado_v3/train/peligro/peligro_13933.jpg,peligro_13933.jpg,.jpg,13099,224,224,RGB,5902e94cfd3caf5e95265905e51de5a132329441949f218aaeb1ef637ed51343,943fc1f00d4e70be,True,
train,peligro,dataset_curado_v3/train/peligro/peligro_14065.jpg,peligro_14065.jpg,.jpg,25910,224,224,RGB,6b27632d6e079fcef42b3701f48085015644db7064cd7679883440aa6953c8fc,9419cb7a7cb4cc8a,True,
train,peligro,dataset_curado_v3/train/peligro/peligro_14133.jpg,peligro_14133.jpg,.jpg,25578,224,224,RGB,07b6c37d890279f639251da76e317a1a152b05b028f88d654062d7faac9412d9,f03b6b849e63e01e,True,
train,peligro,dataset_curado_v3/train/peligro/peligro_14403.jpg,peligro_14403.jpg,.jpg,20605,224,224,RGB,147d2d0ced2607bc3fbe8c025bed661bd56a3cbd7685788e5532368ef2e25e4d,c85693b7182fa369,True,
train,peligro,dataset_curado_v3/train/peligro/peligro_14441.jpg,peligro_14441.jpg,.jpg,17073,224,224,RGB,656b6c84b6038e842d1890d4b2f1777ab418b917ae7ad988cc7ab686759ab82c,dfe4c049b7b448d2,True,
train,peligro,dataset_curado_v3/train/peligro/peligro_14781.jpg,peligro_14781.jpg,.jpg,20449,224,224,RGB,1253527b430e4bf7200d45b682fbae07f2ad3a6368db32c0819f8d0cdedfadae,85bd55c595ad0cc9,True,
train,peligro,dataset_curado_v3/train/peligro/peligro_14874.jpg,peligro_14874.jpg,.jpg,23574,224,224,RGB,566f1d427eaaa315dbd7c9605edd61a5b1f3490aa20709ba011afa75d2edad77,934f62a19e68ea56,True,
train,peligro,dataset_curado_v3/train/peligro/peligro_14972.jpg,peligro_14972.jpg,.jpg,17714,224,224,RGB,6ddfe2bb454b15e7ef3f34847ea18baf8dad321e47ae00b9e91ce60b084baf7a,ae4ed1b4d0cbc839,True,
train,peligro,dataset_curado_v3/train/peligro/visual_balance_peligro_00071.jpg,visual_balance_peligro_00071.jpg,.jpg,22629,224,224,RGB,b7bde8e3a69711f8bd53174c954c79915d35a55ca7f42a1b2b551f221f993170,9b743c81e82fb562,True,
train,peligro,dataset_curado_v3/train/peligro/visual_balance_peligro_00137.jpg,visual_balance_peligro_00137.jpg,.jpg,17278,224,224,RGB,b5bdb4679a57820de5868ccabc036a5f3f5fb91cd45e9d8327326235832f41fd,d4adda15cdb0626a,True,
train,peligro,dataset_curado_v3/train/peligro/visual_balance_peligro_00544.jpg,visual_balance_peligro_00544.jpg,.jpg,22699,224,224,RGB,b1c896d07a3d355dd8dfef3760eff2464d28ec7b72df2a9aa2922cb5b632aad6,95e92480bd878ede,True,
train,peligro,dataset_curado_v3/train/peligro/visual_balance_peligro_00584.jpg,visual_balance_peligro_00584.jpg,.jpg,22830,224,224,RGB,b0e62ea4e85d95c5bc40f14c6554cf7ec5000d6feec81f8d6a51d2ffb96db4b3,af65d2d094bc90ab,True,
train,peligro,dataset_curado_v3/train/peligro/visual_balance_peligro_00642.jpg,visual_balance_peligro_00642.jpg,.jpg,17653,224,224,RGB,b9c91ed1d78444822b07e4d4771a9c738ebcf4308233c6c2c9b7ac85e663bd08,97346b4d589b22b6,True,
train,peligro,dataset_curado_v3/train/peligro/visual_balance_peligro_00852.jpg,visual_balance_peligro_00852.jpg,.jpg,19958,224,224,RGB,b4f711beb875f0d08b94d6b6549a7554e112ba193b3ec204d29b72afc8edde98,ef5ec96cf009eb00,True,
train,peligro,dataset_curado_v3/train/peligro/visual_balance_peligro_00934.jpg,visual_balance_peligro_00934.jpg,.jpg,22489,224,224,RGB,b46fd4a1046f3798eb1dd19361969a3991468574356b801a7058b5449bd035b9,873bbd1da91fa00c,True,
train,peligro,dataset_curado_v3/train/peligro/visual_balance_peligro_00980.jpg,visual_balance_peligro_00980.jpg,.jpg,17463,224,224,RGB,b96b17fe7fbe2b099282b0a4832c691088bdbc4879ef557e70b31a87addf979d,e99e964ee9944263,True,
train,peligro,dataset_curado_v3/train/peligro/visual_balance_peligro_01033.jpg,visual_balance_peligro_01033.jpg,.jpg,26351,224,224,RGB,b21b0530d637efb386efaca20a171173feafd8e9b9c52adb69b6f63cb1bf71a3,825887d766ff5142,True,
train,peligro,dataset_curado_v3/train/peligro/visual_balance_peligro_01084.jpg,visual_balance_peligro_01084.jpg,.jpg,24559,224,224,RGB,b2ffe1ab72577fd2722aa8379198aac306d1a179d592e9401cf31f8bef3ac954,863b658e78a037f2,True,
train,peligro,dataset_curado_v3/train/peligro/visual_balance_peligro_01263.jpg,visual_balance_peligro_01263.jpg,.jpg,22853,224,224,RGB,b1de52d70d3047c70f1ceb71a41562977ae14802fae3f12acba8a4cc8507fa68,afc9988e3e266992,True,
train,peligro,dataset_curado_v3/train/peligro/visual_balance_peligro_01297.jpg,visual_balance_peligro_01297.jpg,.jpg,16256,275,183,RGB,ba0b7a68948a14846da2a1155c850c7b0fc148fb2445f15f2882c108d4a65ac6,d9cdd8d3c35c0f10,True,
train,peligro,dataset_curado_v3/train/peligro/visual_balance_peligro_01319.jpg,visual_balance_peligro_01319.jpg,.jpg,12228,259,194,RGB,b54226e3e075f38e58ed03ed74803e10cf6271b36f71e16f9a433519c3e6f885,bdc205e62b39721d,True,
train,peligro,dataset_curado_v3/train/peligro/visual_balance_peligro_01349.jpg,visual_balance_peligro_01349.jpg,.jpg,48002,478,450,RGB,b8a2b5ec1b90f7102da2bac857bffc152b94bad96a9d899328edb4504244907c,9b8b88ebfb0302d6,True,
train,peligro,dataset_curado_v3/train/peligro/visual_balance_peligro_01696.jpg,visual_balance_peligro_01696.jpg,.jpg,102325,932,313,RGB,ba0c616322a21aadde3feaa35c3f6a2c19ce720c63d19121b62f27e3a46cbbae,d495b41f86722766,True,
train,peligro,dataset_curado_v3/train/peligro/visual_balance_peligro_01762.jpg,visual_balance_peligro_01762.jpg,.jpg,35395,389,280,RGB,b463a0b2c69441df9b0729fdb55bb0d5b6eef1e6c863a85b247d69d50cbb3c56,a6b7991ade0cd02b,True,
train,peligro,dataset_curado_v3/train/peligro/visual_balance_peligro_01869.jpg,visual_balance_peligro_01869.jpg,.jpg,13032,259,194,RGB,b6f94bfca79c491b4540c6b94e3d25b9f37fcdfc1afe7dcfce7f242e061e968a,c097e9c6aa4da995,True,
train,peligro,dataset_curado_v3/train/peligro/visual_balance_peligro_01954.jpg,visual_balance_peligro_01954.jpg,.jpg,4498,268,188,RGB,b4b1c1fb4127caee63810a33527bcd7f478fb922bfc719d4098078d78fe233d8,a42b57ed3a946970,True,
train,peligro,dataset_curado_v3/train/peligro/visual_balance_peligro_02004.jpg,visual_balance_peligro_02004.jpg,.jpg,9709,274,184,RGB,b5cfdb951937231aa579dfa52d0d07c580b0fb40f83bece9060ccd259f9f0f79,8753663ce5f40993,True,
train,peligro,dataset_curado_v3/train/peligro/visual_balance_peligro_02049.jpg,visual_balance_peligro_02049.jpg,.jpg,7242,259,194,RGB,b8b89dab9f49e3c44260352d6acc7b3f08e1c311c272ac5480166b69456d007d,d28a4b61687c4ff2,True,
train,peligro,dataset_curado_v3/train/peligro/visual_balance_peligro_02140.jpg,visual_balance_peligro_02140.jpg,.jpg,14664,194,259,RGB,b3cf20ed523fc8141e48c54e3c943c7afdf1473b9f1618f1ae260455cd16cd09,a88d69f48c0f65d3,True,
train,peligro,dataset_curado_v3/train/peligro/visual_balance_peligro_02141.jpg,visual_balance_peligro_02141.jpg,.jpg,7009,231,219,RGB,b4c919bd91c7ad0e1fcb4a779d8a3a238741d8851e24abced39d65b888b17355,d38d40872d9efe84,True,
train,peligro,dataset_curado_v3/train/peligro/visual_balance_peligro_02152.jpg,visual_balance_peligro_02152.jpg,.jpg,11384,194,259,RGB,b8685ac8457c6f034ae16e51be56a9309968c49efc14025838b5fd0c982aed85,a495a0fb52ec7b0c,True,
train,peligro,dataset_curado_v3/train/peligro/visual_balance_peligro_02220.jpg,visual_balance_peligro_02220.jpg,.jpg,5960,184,224,RGB,b88f19c05513ef93f999f1d959235f8f733749ae31f3ff1650c03e8a42b32459,d7556a2621b1d83e,True,
train,peligro,dataset_curado_v3/train/peligro/visual_balance_peligro_02364.jpg,visual_balance_peligro_02364.jpg,.jpg,15348,259,194,RGB,b596b1358ffea92272a114052a23862404774451ed14573a8015ea68c52aa1fd,9935668e63b3464b,True,
train,peligro,dataset_curado_v3/train/peligro/visual_balance_peligro_02539.jpg,visual_balance_peligro_02539.jpg,.jpg,14763,259,194,RGB,b088cf1d96361938a673e9e87005abb85f6f6980a2d44d30a1d7a5c9253b4beb,8761f171645961eb,True,
train,peligro,dataset_curado_v3/train/peligro/visual_balance_peligro_02584.jpg,visual_balance_peligro_02584.jpg,.jpg,6920,260,194,RGB,b656e32c5cbd71d1201f8bf7012f13bf84e62e9adc1a5fe30c0be1fe05102fd7,c8cb0818bf9e3c57,True,
train,peligro,dataset_curado_v3/train/peligro/visual_balance_peligro_02623.jpg,visual_balance_peligro_02623.jpg,.jpg,9450,225,225,RGB,b5f0a6786b7bd5a251c489356fa3e26e3374b9f61c501bb6471341140581c5c3,81de12e26a658fa7,True,
train,peligro,dataset_curado_v3/train/peligro/visual_balance_peligro_03236.jpg,visual_balance_peligro_03236.jpg,.jpg,19522,224,224,RGB,b72f828a8521a4d4d34f74e29b04ef2d65dc06e71bc56f892f3e3676bf1648d2,c6d3edd294990a99,True,
train,peligro,dataset_curado_v3/train/peligro/visual_balance_peligro_05047.jpg,visual_balance_peligro_05047.jpg,.jpg,21291,224,224,RGB,ba0cc8132595c4c61982ff7df222a066e9059a1a08cf7cba255f94250c67914c,d99963ee64658cb0,True,
train,peligro,dataset_curado_v3/train/peligro/visual_balance_peligro_05378.jpg,visual_balance_peligro_05378.jpg,.jpg,17931,224,224,RGB,b134bcf4016c66fb2819859e475dc5f2cf5d64622f209bf40262cdc0181c97c3,d8c4e465a726b517,True,
train,peligro,dataset_curado_v3/train/peligro/visual_balance_peligro_05559.jpg,visual_balance_peligro_05559.jpg,.jpg,31598,224,224,RGB,b11ca911226ffcc1b9bf3d983406504f0a5523d610968ec367e835760c6b7a32,cccef3e9c359c050,True,
train,peligro,dataset_curado_v3/train/peligro/visual_balance_peligro_05662.jpg,visual_balance_peligro_05662.jpg,.jpg,23360,224,224,RGB,b70cd1c1ae5c1e0fb9d1136b4b487415354e7d7b2625510aa6ab534a3fee0504,ec5b9ae14b1c87d0,True,
train,peligro,dataset_curado_v3/train/peligro/visual_balance_peligro_06111.jpg,visual_balance_peligro_06111.jpg,.jpg,14456,224,224,RGB,b8a18e2ae4bd383c63fb8cb87319d5f8f58989fcb755ebe1615781ecafecf960,8580bc59d19e5eec,True,
train,peligro,dataset_curado_v3/train/peligro/visual_balance_peligro_06446.jpg,visual_balance_peligro_06446.jpg,.jpg,25346,224,224,RGB,b2b35d50a04c877f3f0ae3a27dc178b8a69386a8d7ef30ba59ba969840396b79,acaca3b19c56669a,True,
train,peligro,dataset_curado_v3/train/peligro/visual_balance_peligro_06708.jpg,visual_balance_peligro_06708.jpg,.jpg,20992,224,224,RGB,b1cbb08405fc2a7a960911fc2f391568533aa5ba80a3e663315a52d4d6e2422a,b5ead2077839f304,True,
train,peligro,dataset_curado_v3/train/peligro/visual_balance_peligro_07156.jpg,visual_balance_peligro_07156.jpg,.jpg,25185,224,224,RGB,b592c4d439afd14886fca738ace7cc2bda1ac43dfa80f4aca8f38a617c2e91ce,bcd4cde113075a69,True,
train,peligro,dataset_curado_v3/train/peligro/visual_balance_peligro_07462.jpg,visual_balance_peligro_07462.jpg,.jpg,13995,224,224,RGB,ba0ecbae7fb8d3c1bf79470dd9f8a55f0b3ad9de59c7458c8ca5c813401314d1,eb4a466c9996e564,True,
train,peligro,dataset_curado_v3/train/peligro/visual_balance_peligro_07646.jpg,visual_balance_peligro_07646.jpg,.jpg,23097,224,224,RGB,b5bb3fc548768800addae998d02ec1ee0e3f858c86f6142520aab96cd4abd654,cf91e004b01fb2bf,True,
train,peligro,dataset_curado_v3/train/peligro/visual_balance_peligro_08295.jpg,visual_balance_peligro_08295.jpg,.jpg,25853,224,224,RGB,b9a437e7a1e8c2da8a2cc4a2ec2cb13fb90943f365473f1b242bbee0af00d51c,90dc49e33bd554d8,True,
train,peligro,dataset_curado_v3/train/peligro/visual_balance_peligro_09019.jpg,visual_balance_peligro_09019.jpg,.jpg,31710,224,224,RGB,b52ad3bc2c278c8d97f77c47c894acf3b59c5313577ab70e773e5f1bb61f2fce,8e2a6b9f3a2129e6,True,
train,peligro,dataset_curado_v3/train/peligro/visual_balance_peligro_09197.jpg,visual_balance_peligro_09197.jpg,.jpg,25793,224,224,RGB,b4fcf16d0ec9ee34df3b327b6fad467b91f00b3d97a3b28a077c8e12b8bb36b9,90a4786c3b1e5b3e,True,
train,peligro,dataset_curado_v3/train/peligro/visual_balance_peligro_09257.jpg,visual_balance_peligro_09257.jpg,.jpg,24994,224,224,RGB,b9f41fabc2e4264406f47ac1ec3744a808f679b06db9039689cc9e0b2285b2b1,b5f1836bb4a31495,True,
train,peligro,dataset_curado_v3/train/peligro/visual_balance_peligro_09532.jpg,visual_balance_peligro_09532.jpg,.jpg,21311,224,224,RGB,b486d57f5c1b391fc53649ec52012f7a972fd69f55f8b384515b941cfc83e17d,855534dc1ae3c78e,True,
train,peligro,dataset_curado_v3/train/peligro/visual_balance_peligro_10161.jpg,visual_balance_peligro_10161.jpg,.jpg,25566,224,224,RGB,b253dc803edc1b0f927679bf686f5a44487ecc6583a787d6b845f43b60f95195,d3e5726a6e4044b7,True,
train,peligro,dataset_curado_v3/train/peligro/visual_balance_peligro_10279.jpg,visual_balance_peligro_10279.jpg,.jpg,26151,224,224,RGB,b6d5a92d5d0af8d7c78dcdeed1b2631277872bdb5ef997aeecc6f9e150b2b47a,ff9b19516ddc0421,True,
train,peligro,dataset_curado_v3/train/peligro/visual_balance_peligro_12040.jpg,visual_balance_peligro_12040.jpg,.jpg,22468,224,224,RGB,b0af8db37e697e915c375fb51e46f72a717ba366b00dcc60e5bc51989d2361b8,b1d865403c9d96e7,True,
train,peligro,dataset_curado_v3/train/peligro/visual_balance_peligro_12800.jpg,visual_balance_peligro_12800.jpg,.jpg,18438,224,224,RGB,b51843aa99746e5389ac1bb67b0e89d9b483d5142baf3f421fa9e505d61305a7,94f383483b8bec8d,True,
train,peligro,dataset_curado_v3/train/peligro/visual_balance_peligro_13445.jpg,visual_balance_peligro_13445.jpg,.jpg,26780,224,224,RGB,b803d9c52d58c2b9210e9f2728f14bb07d795d5b3b14a134bcc625516e6d0531,df937007e93084f5,True,
train,sano,dataset_curado_v3/train/sano/sano_00005.jpg,sano_00005.jpg,.jpg,19578,224,224,RGB,332b4d7cb1d7f80535cd4c2a88e4be1cf5e1d80d8bced38959b1f77c23a7c234,e38c87c494c78d9e,True,
train,sano,dataset_curado_v3/train/sano/sano_00016.jpg,sano_00016.jpg,.jpg,27242,224,224,RGB,0b65bafbb0aee9478002aae2a9687be3196ef1d972fb80e51dd8c12e2fa99daa,bb950442ddd9360f,True,
train,sano,dataset_curado_v3/train/sano/sano_00023.jpg,sano_00023.jpg,.jpg,25363,224,224,RGB,4cde7e2acbdd8b208436bffcf5720ba513f7edc1eb0d8372c12569edf2942f58,93282c77645bb83b,True,
train,sano,dataset_curado_v3/train/sano/sano_00025.jpg,sano_00025.jpg,.jpg,19654,224,224,RGB,2d2b0bc8199501e77e021ddf05281374ab59ca76059b9e76662007e34e52e49f,bbb1c2031b1f2d1e,True,
train,sano,dataset_curado_v3/train/sano/sano_00039.jpg,sano_00039.jpg,.jpg,24267,224,224,RGB,2cda742a8d52c55d4495b9975f0eeb33dca20bc2b703d9cd8d774f4366b0db2d,c391b95e343347c6,True,
train,sano,dataset_curado_v3/train/sano/sano_00051.jpg,sano_00051.jpg,.jpg,30828,224,224,RGB,23e13c74ae2e5bf782a99574e5b5efb0aabd06c2eeb2d7c5617049684fcdf2ca,ce6eea68e712e04a,True,
train,sano,dataset_curado_v3/train/sano/sano_00061.jpg,sano_00061.jpg,.jpg,34200,224,224,RGB,47b0c260b84d7af0389fec8b6346e791c905b6de1050ca41da8a847666842087,e1dafec292bb01d0,True,
train,sano,dataset_curado_v3/train/sano/sano_00065.jpg,sano_00065.jpg,.jpg,20793,224,224,RGB,1ce9cb57587f085b227e06496166ce2e1296b0187d024227836aa25d98d1d417,f6c0ce67925aa23a,True,
train,sano,dataset_curado_v3/train/sano/sano_00067.jpg,sano_00067.jpg,.jpg,31949,224,224,RGB,4b56a03106b4c14cd1ae78980ab0c8a9b712cb7c0f29cddf68a111c63fcde66e,fd48d46a91a5d253,True,
train,sano,dataset_curado_v3/train/sano/sano_00085.jpg,sano_00085.jpg,.jpg,33442,224,224,RGB,73cd563d11900e6d781ed33bd990635256ff77b7b434890a136b5c335c3f3124,96a333b2275b0c3d,True,
train,sano,dataset_curado_v3/train/sano/sano_00105.jpg,sano_00105.jpg,.jpg,32503,224,224,RGB,50b22c61b4a4cc2aebc742631f57d8ebe376ac67bcc47008e1c0ccd5d6d4877e,f7bf4d4893b0a054,True,
train,sano,dataset_curado_v3/train/sano/sano_00120.jpg,sano_00120.jpg,.jpg,25667,224,224,RGB,665d759dcd4ea0828b2af22e0b33a79dfb022b1c15df5e3b003cadab13c4d8f4,f094e73087994f99,True,
train,sano,dataset_curado_v3/train/sano/sano_00141.jpg,sano_00141.jpg,.jpg,32126,224,224,RGB,163ab212e4baac4a6013accd0814e393f2849275759155bb89eaf267ae1b7359,ec0d57678f4a6642,True,
train,sano,dataset_curado_v3/train/sano/sano_00153.jpg,sano_00153.jpg,.jpg,26615,224,224,RGB,2e7d111e1f44154d83800c3ed6a5ae1574621c423cab2fdb3100bd7f7774b73e,e4a8bc36be14b343,True,
train,sano,dataset_curado_v3/train/sano/sano_00162.jpg,sano_00162.jpg,.jpg,27991,224,224,RGB,306faa4eb26769ce8412442c18cb7152d52771f2bc3a62b89947ce456e08a5b9,c7ae91932d69a2b4,True,
train,sano,dataset_curado_v3/train/sano/sano_00182.jpg,sano_00182.jpg,.jpg,21441,224,224,RGB,12310bb31406b37492a048f3a26b746ed2c3b9963f1ee8ae7517cbd9ea53f0af,bfcbac06073e2638,True,
train,sano,dataset_curado_v3/train/sano/sano_00188.jpg,sano_00188.jpg,.jpg,27428,224,224,RGB,06dfaa3ab823b94d222c4d7f24a0dc5913924004c41b756382619d8c4db692b8,cc0c3df2342972f3,True,
train,sano,dataset_curado_v3/train/sano/sano_00200.jpg,sano_00200.jpg,.jpg,23770,224,224,RGB,22d7cb2015ff34ff9f8ea2c71f3ebba652090b7223dfafe1ba0cd912347f8637,dc14433c26761fe6,True,
train,sano,dataset_curado_v3/train/sano/sano_00248.jpg,sano_00248.jpg,.jpg,24857,224,224,RGB,538611bb7e77b45b8d4b321edaa96ff481969afa0bc09131a46f62f51486ad3b,d0dad4bd83e461c6,True,
train,sano,dataset_curado_v3/train/sano/sano_00252.jpg,sano_00252.jpg,.jpg,22637,224,224,RGB,5be371cbc422e3c8f6f0656e8d7aefd3a1bb860c23412af7650bb6fb973ab64f,a5acdb13e48a0f72,True,
train,sano,dataset_curado_v3/train/sano/sano_00263.jpg,sano_00263.jpg,.jpg,32104,224,224,RGB,4ed08c241e992caa0bfffec9306949d9fb4988082ca01c8c752b27aa40db9534,86c56c27ffaa380a,True,
train,sano,dataset_curado_v3/train/sano/sano_00266.jpg,sano_00266.jpg,.jpg,21929,224,224,RGB,30ee646f00f1064463946f7bd6652775e2b038d836a3c04a87dfff399675527d,cbb23496263b19d9,True,
train,sano,dataset_curado_v3/train/sano/sano_00269.jpg,sano_00269.jpg,.jpg,20526,224,224,RGB,6ca5fd0ed0325b0c9e2b44b13502a66ca9460156acf567e6f679d33cfaf2e2c1,abcdce2ab583a0a5,True,
train,sano,dataset_curado_v3/train/sano/sano_00271.jpg,sano_00271.jpg,.jpg,19558,224,224,RGB,6b702f7792e26ef67d1c59d87249238d9b5527e1dc5993ad498c0beedcca97f7,e91a96c1c33f3c68,True,
train,sano,dataset_curado_v3/train/sano/sano_00275.jpg,sano_00275.jpg,.jpg,32367,224,224,RGB,4d327143a796f782a4a50e94a670b5272fec64255e992db50806c954a6431999,965ce20039d30fbf,True,
train,sano,dataset_curado_v3/train/sano/sano_00276.jpg,sano_00276.jpg,.jpg,22776,224,224,RGB,222b5416ad4b209ed7ca2beee5c187bc460792138e1ca574652d137948d0d34f,8c147aad85eaa65d,True,
train,sano,dataset_curado_v3/train/sano/sano_00281.jpg,sano_00281.jpg,.jpg,31368,224,224,RGB,6e1d5d97159b036f8599525466a53162142a601bf5aad7a945c8f050fdbbb661,9c9de7e3704b1c84,True,
train,sano,dataset_curado_v3/train/sano/sano_00288.jpg,sano_00288.jpg,.jpg,24756,224,224,RGB,597596cf3839ca9a865bc30101e3f9583f3b1fa5b7ff64fa64af3df16d24b1b6,ee3ba11a5f2e8603,True,
train,sano,dataset_curado_v3/train/sano/sano_00291.jpg,sano_00291.jpg,.jpg,30606,224,224,RGB,6b2e39b0bce7948f07ecb46edab7147a13b9a4f98ffec6849b9fcfab2b3522e0,cf5bb22694e1074e,True,
train,sano,dataset_curado_v3/train/sano/sano_00311.jpg,sano_00311.jpg,.jpg,28484,224,224,RGB,409b833f6f72bbe019cd298b746e6f39e7d57bb984d48071748b49df1c7f14d8,bcc3f38c9c4c3e28,True,
train,sano,dataset_curado_v3/train/sano/sano_00316.jpg,sano_00316.jpg,.jpg,25451,224,224,RGB,4319be91080edee66ab840200b2142c9aa7a7c984a3fadb8782d4b011de3ac32,e0a58f8dc5ebc056,True,
train,sano,dataset_curado_v3/train/sano/sano_00334.jpg,sano_00334.jpg,.jpg,35481,224,224,RGB,09c6849d9965abcc1a827d36cf3a53827909b26f5612e0190c94803b54b760d5,a9cb8b48fd7e9022,True,
train,sano,dataset_curado_v3/train/sano/sano_00335.jpg,sano_00335.jpg,.jpg,23561,224,224,RGB,7347597d0ff573a956bc4e9a5423aea86114a754af3a1a0c718b27049c727b1f,d732a6e27b54a00f,True,
train,sano,dataset_curado_v3/train/sano/sano_00339.jpg,sano_00339.jpg,.jpg,21369,224,224,RGB,2b7007e8162084af2a31f553dbffc0892010a1094fde763b80eb93b814135c41,f6c89ff409b24991,True,
train,sano,dataset_curado_v3/train/sano/sano_00343.jpg,sano_00343.jpg,.jpg,15774,224,224,RGB,570188057ca4f216cba9626506b32cf160f38dc33429f2b421ebf563397f8849,f3b44ec29963829e,True,
train,sano,dataset_curado_v3/train/sano/sano_00350.jpg,sano_00350.jpg,.jpg,32375,224,224,RGB,598bc5a009dd2dcbaf86fd68ea63a73a7d9151cc1ff826dc545402946d12eeb2,d126d411b30fec67,True,
train,sano,dataset_curado_v3/train/sano/sano_00351.jpg,sano_00351.jpg,.jpg,32907,224,224,RGB,4763c6b4f90fe89053f3bc1fd1c9eabe13c12516404efedb9cf8d0d7aaa56ebe,ca96e4cec3982673,True,
train,sano,dataset_curado_v3/train/sano/sano_00355.jpg,sano_00355.jpg,.jpg,27707,224,224,RGB,3a446fa3be883df27af3e999946f32f1a49329ca2de796b349e1934f3b884ca0,afaa28b131d7d90c,True,
train,sano,dataset_curado_v3/train/sano/sano_00367.jpg,sano_00367.jpg,.jpg,25973,224,224,RGB,61e8d9ee37f3d46ae569ed30e2893e61dd880e31be02ab0198394a99cef4ca5a,e699b4c6c9b4921b,True,
train,sano,dataset_curado_v3/train/sano/sano_00368.jpg,sano_00368.jpg,.jpg,10686,224,224,RGB,6aef2ea87916492570d3d607a8c82b6d010c237d2cd11b3f11fb320dd4545a40,e5ce9a319c86a52d,True,
train,sano,dataset_curado_v3/train/sano/sano_00398.jpg,sano_00398.jpg,.jpg,29591,224,224,RGB,64703abb46fba328463eff912db3d136f51ab7cece3730a6ce60d3353033e756,fa8b6834e7b1d8c0,True,
train,sano,dataset_curado_v3/train/sano/sano_00402.jpg,sano_00402.jpg,.jpg,22198,224,224,RGB,68c72ff460ef3dd521991a0d4263ddcae84d00782d3d82477890cf1dd0ddf8b1,bcc3d0ad879c9338,True,
train,sano,dataset_curado_v3/train/sano/sano_00419.jpg,sano_00419.jpg,.jpg,25730,224,224,RGB,6db7c5753d5d55bc3772d6aab9ad2fba9921ecf08a7c5f98f6c4711b1bc34288,9d1206db27ac3e71,True,
train,sano,dataset_curado_v3/train/sano/sano_00424.jpg,sano_00424.jpg,.jpg,19585,224,224,RGB,5bbd96eff7e906e5c1cb547033fafd65192a4b08b0725ecc0a3cc4c26385af1e,cc9b3033869db6d2,True,
train,sano,dataset_curado_v3/train/sano/sano_00425.jpg,sano_00425.jpg,.jpg,28986,224,224,RGB,5e1bfe0db0608707cff76322d2d86437395249f22e77d945486b1e20ead70205,c24476f77c21712d,True,
train,sano,dataset_curado_v3/train/sano/sano_00432.jpg,sano_00432.jpg,.jpg,25008,224,224,RGB,6bbb8b3d128bf74eff66ca8eaf54fe7065f5a7ad3ead52110b4802e6dd7868da,ad0ee9732a53c4cc,True,
train,sano,dataset_curado_v3/train/sano/sano_00450.jpg,sano_00450.jpg,.jpg,30568,224,224,RGB,01202b76959ab9d739ecb51a9e7931360201ea5b07a44171e103b530b59f6901,f3ca0a1b78a9c59c,True,
train,sano,dataset_curado_v3/train/sano/sano_00474.jpg,sano_00474.jpg,.jpg,32677,224,224,RGB,1fafcae5cd2aef1aa5187867a61af5b14c6a69b919b939b1d1330370ba82eaba,97e568876178ce13,True,
train,sano,dataset_curado_v3/train/sano/sano_00479.jpg,sano_00479.jpg,.jpg,25907,224,224,RGB,57011012c678b080398ad1311a1976ee77a2dc8a9b8cac25cb5879164bf17a66,a4d70b95f22b1c93,True,
train,sano,dataset_curado_v3/train/sano/sano_00482.jpg,sano_00482.jpg,.jpg,34391,224,224,RGB,4323fb71dcf8089dfc3b07a36df6b9f90bebd3c48bd9b30ec40bda656ef6fedc,e807a3153cf3e649,True,
train,sano,dataset_curado_v3/train/sano/sano_00499.jpg,sano_00499.jpg,.jpg,16460,224,224,RGB,323cc41b31c9036ded7904b594da3e6b40f9fc8af8340827f1301f6883d9dabd,b34cc833cf13ca87,True,
train,sano,dataset_curado_v3/train/sano/sano_00511.jpg,sano_00511.jpg,.jpg,18712,224,224,RGB,6a9ff39f105f5154d2cedf1a640e9de2bac7c4f7686dc840edfdd8952098828e,c4611f6395187ed6,True,
train,sano,dataset_curado_v3/train/sano/sano_00531.jpg,sano_00531.jpg,.jpg,30515,224,224,RGB,045a3ebcbc583d0b15137ab110f201a9b92dbcf01264d70774d10da219f01bec,bf8825716991a5b9,True,
train,sano,dataset_curado_v3/train/sano/sano_00533.jpg,sano_00533.jpg,.jpg,22089,224,224,RGB,42c96fba625bd2b4079e387394c7f9a30b9b3fdd8907ca371267c79971dabbf3,819492c85d9aefe9,True,
train,sano,dataset_curado_v3/train/sano/sano_00539.jpg,sano_00539.jpg,.jpg,36642,224,224,RGB,570d37b06b0f1a02724ebd093d8a2ed2e7b9e4a61c489dc350a5616f9821b8cd,d79ea5aa02f38362,True,
train,sano,dataset_curado_v3/train/sano/sano_00547.jpg,sano_00547.jpg,.jpg,19993,224,224,RGB,46b19e76f4156a2a807253fb2bad8b8c2935e0dbf2d71ffabb75e83051ebfa25,e63d793636121b52,True,
train,sano,dataset_curado_v3/train/sano/sano_00548.jpg,sano_00548.jpg,.jpg,37823,224,224,RGB,31e2f09fc980da98727a2ac2acc234851232b9c79059da1b91c06e8dae259f58,b8a51bfe8586a760,True,
train,sano,dataset_curado_v3/train/sano/sano_00560.jpg,sano_00560.jpg,.jpg,22203,224,224,RGB,71b903efcabfcf59507e12e8dd1011a5291a48fbc5e10734b5e5d3b0328b055e,e0c93d1c52f82adb,True,
train,sano,dataset_curado_v3/train/sano/sano_00579.jpg,sano_00579.jpg,.jpg,22049,224,224,RGB,737020baf32a2e021b4580853dd024928efdb93768286ec6eaaf9d1a63df142c,a98dcb79fc0ea054,True,
train,sano,dataset_curado_v3/train/sano/sano_00582.jpg,sano_00582.jpg,.jpg,24144,224,224,RGB,04c83a2e2742f1bbcd1cfb7780b77b6f6218ffb03625a6e7a124be485baa48f9,e9fee8913bc11312,True,
train,sano,dataset_curado_v3/train/sano/sano_00583.jpg,sano_00583.jpg,.jpg,23924,224,224,RGB,4ea8d408c20a4dde48cc8fef95e72f33cffc819038127acd097d1e8ee9b62b43,ce0247a5329fe1ad,True,
train,sano,dataset_curado_v3/train/sano/sano_00620.jpg,sano_00620.jpg,.jpg,32519,224,224,RGB,4bc48f8a5dd30cbf2454ed657cb5fee9ef6ea037263d8099c81e220a8b6ee28c,aaf6993aa7dac044,True,
train,sano,dataset_curado_v3/train/sano/sano_00621.jpg,sano_00621.jpg,.jpg,22804,224,224,RGB,608f80ff80e56741fc91e9e2094ca8fff61ee1a6a01a489d04eef4f87fdb1d61,861a0fe5e3b4839e,True,
train,sano,dataset_curado_v3/train/sano/sano_00631.jpg,sano_00631.jpg,.jpg,20039,224,224,RGB,63f862c0e3772d74b6090fa180e87ff49b02aee6c71958fbdb16e6c859d8d991,f267ba14e5529654,True,
train,sano,dataset_curado_v3/train/sano/sano_00640.jpg,sano_00640.jpg,.jpg,29958,224,224,RGB,25c4f5d4f2c6e053bf70724f345e8312dd3c79a3334a590aa99fcaeec4dffef3,d7ea7898432078b7,True,
train,sano,dataset_curado_v3/train/sano/sano_00647.jpg,sano_00647.jpg,.jpg,31034,224,224,RGB,67f607561911e90d4005e27007912dabf9ae72c8540444c13915d060661ab6c5,80fb8535d40ffa86,True,
train,sano,dataset_curado_v3/train/sano/sano_00662.jpg,sano_00662.jpg,.jpg,29839,224,224,RGB,06a0eba6b1849c1debad583453165ff0848346ce2a76e8b64961bc43f5113a90,e7cb85b160961f23,True,
train,sano,dataset_curado_v3/train/sano/sano_00666.jpg,sano_00666.jpg,.jpg,32701,224,224,RGB,25cc4b2cddfe64c64ce65cf50138986f53bf0bbe5e52b8149314dd5038aef9e5,da5bb216e640b52d,True,
train,sano,dataset_curado_v3/train/sano/sano_00678.jpg,sano_00678.jpg,.jpg,29029,224,224,RGB,3d44ef0cc8ebdc02e41cc0175af3748243428d03a19e936407d544106585f146,a4a7dfb1291fd802,True,
train,sano,dataset_curado_v3/train/sano/sano_00690.jpg,sano_00690.jpg,.jpg,24125,224,224,RGB,53e9008933b77610aade248fd97112a7be759e0e8469313517e7c44ec91afaf9,db2eb05bb3538119,True,
train,sano,dataset_curado_v3/train/sano/sano_00697.jpg,sano_00697.jpg,.jpg,24154,224,224,RGB,04d1cdd30175f46cb7341dc708ecc61a285f3e352bd7af32364f3d665d227650,e59e8ea684ec30cd,True,
train,sano,dataset_curado_v3/train/sano/sano_00707.jpg,sano_00707.jpg,.jpg,22200,224,224,RGB,2a0068db1c1b1a7df841ef69286b817619d76fce9e8979fd9e2dfbb1bdbb4a01,c498bf3e983e8c16,True,
train,sano,dataset_curado_v3/train/sano/sano_00708.jpg,sano_00708.jpg,.jpg,22879,224,224,RGB,29868b9561161f8049bbed3105802be18667b551707c199aa36d19ead58dbfac,fdc0b4038b97c22f,True,
train,sano,dataset_curado_v3/train/sano/sano_00713.jpg,sano_00713.jpg,.jpg,31196,224,224,RGB,527b6e20bd90bfd53e6c6449d4e012bd069194f437d7213ce086670f1a2fe5ae,b5918289cdc2f8f6,True,
train,sano,dataset_curado_v3/train/sano/sano_00719.jpg,sano_00719.jpg,.jpg,32191,224,224,RGB,3621cc4011359b341510d9385d0e5f5fd666c3437f41527589512e21cc54a26a,fc83f38d8378146c,True,
train,sano,dataset_curado_v3/train/sano/sano_00726.jpg,sano_00726.jpg,.jpg,21545,224,224,RGB,4f84e0796b7bec591fc6eda04d80a50ead8f5baad508d668e3c69e26402779b4,e3e0b875e01bf41c,True,
train,sano,dataset_curado_v3/train/sano/sano_00729.jpg,sano_00729.jpg,.jpg,30815,224,224,RGB,59cd7c21b8ba33241b924682eace613476e926d1162d53f1c64b4a8d2c34dc0f,ee458b419f1c712b,True,
train,sano,dataset_curado_v3/train/sano/sano_00735.jpg,sano_00735.jpg,.jpg,29849,224,224,RGB,039e8b9544401a95bbcfe931c7cd7057fccc6d47ffae3dff884d4b4ba0ffc4e2,fad103bc23dea027,True,
train,sano,dataset_curado_v3/train/sano/sano_00736.jpg,sano_00736.jpg,.jpg,18594,224,224,RGB,609143b96004cf6ae32ae0ad76e7ffebdd1cba3d0fdbdcc7029aa19398cfe30b,abd9dc2dc336d022,True,
train,sano,dataset_curado_v3/train/sano/sano_00738.jpg,sano_00738.jpg,.jpg,35046,224,224,RGB,4410082bd1a0680a001409330893d3dcb2dd97d6189fcb73cbbd99c7f87b556a,c568b814ed5d9327,True,
train,sano,dataset_curado_v3/train/sano/sano_00745.jpg,sano_00745.jpg,.jpg,30861,224,224,RGB,2e94ef34d1e3e788abff414a11610028f065ab9a522a24117677db95481e4df6,e68c7de70cd34388,True,
train,sano,dataset_curado_v3/train/sano/sano_00766.jpg,sano_00766.jpg,.jpg,21442,224,224,RGB,3a2faf91218785cc6517041d30efaeeadbb802041843f82e29a5c171c33c3cc4,ab1edcd88725d162,True,
train,sano,dataset_curado_v3/train/sano/sano_00814.jpg,sano_00814.jpg,.jpg,21562,224,224,RGB,1c7ab0420e1ab00981d53cf5a8ceaac3219fd142a58d8958f72d8012d1b71db2,bdc0c33139ce7c07,True,
train,sano,dataset_curado_v3/train/sano/sano_00815.jpg,sano_00815.jpg,.jpg,34432,224,224,RGB,3bd3861f7701440b9a1001f31c34be1759a8aa6bf9633a5dee1c4632050df5b1,e09fe18891b394b7,True,
train,sano,dataset_curado_v3/train/sano/sano_00816.jpg,sano_00816.jpg,.jpg,28321,224,224,RGB,17a77eca55720e684cb38644b82bdec4475a3234b60a78e0ddfdbb094d43792a,97ac68e73532c2d4,True,
train,sano,dataset_curado_v3/train/sano/sano_00821.jpg,sano_00821.jpg,.jpg,16738,224,224,RGB,3a0d1e48189aa469be3e5f8ee06c7c48b90b8403122a362fc6ed2bf2f93f0b17,c4fffc7888609943,True,
train,sano,dataset_curado_v3/train/sano/sano_00825.jpg,sano_00825.jpg,.jpg,27910,224,224,RGB,56d4abf614d1ccb9eecce169b5d979334732aa3abcaf9789cf30d14f65b037a7,e2e62a3a19ed007f,True,
train,sano,dataset_curado_v3/train/sano/sano_00837.jpg,sano_00837.jpg,.jpg,19831,224,224,RGB,46304286f127441a61ded509d67e00a45a568281b6fa638202eb239596e11052,d4e21bc69c228b3f,True,
train,sano,dataset_curado_v3/train/sano/sano_00840.jpg,sano_00840.jpg,.jpg,27369,224,224,RGB,2fad1d2abd53e172d1a1df0ae1e685e677a28bae04bae2231052b7c608f64369,968fb0e2e8515aec,True,
train,sano,dataset_curado_v3/train/sano/sano_00850.jpg,sano_00850.jpg,.jpg,27856,224,224,RGB,09c9b4c2c5eaa842c3d425b3a8da1a63151384c7c64a0c2ae79d7f002d7e3627,bf8bd09b8234c7b0,True,
train,sano,dataset_curado_v3/train/sano/sano_00893.jpg,sano_00893.jpg,.jpg,30238,224,224,RGB,3e1c492c32041b8f37c82307912c6f84f3016b8a638cde03b2bf6a9d8a4ec293,c7acc6ce6348f24c,True,
train,sano,dataset_curado_v3/train/sano/sano_00899.jpg,sano_00899.jpg,.jpg,22847,224,224,RGB,05fc6f3b5163ce41fcfbb2412b2a4128e71b93ab8268c94e2f6f2b24d2894280,b206ca2f29397c8f,True,
train,sano,dataset_curado_v3/train/sano/sano_00916.jpg,sano_00916.jpg,.jpg,31995,224,224,RGB,419531dc0741ecec890ebb2ed37104ee438855279e9ec6b5e0a86fca547b5425,99ac9629b2f94b70,True,
train,sano,dataset_curado_v3/train/sano/sano_00919.jpg,sano_00919.jpg,.jpg,35906,224,224,RGB,5af3863eefea1f02fcd2eae2725d19ee61c87e50a29f944d1f6788215e62b8e8,cc0cc7b3e214f5ca,True,
train,sano,dataset_curado_v3/train/sano/sano_00920.jpg,sano_00920.jpg,.jpg,30233,224,224,RGB,089b722d5054e0b3ca7cae65c1a7c33ff090fccae69d2846a87b63694c68ac09,d396de1841c3372b,True,
train,sano,dataset_curado_v3/train/sano/sano_00924.jpg,sano_00924.jpg,.jpg,35866,224,224,RGB,2563a8083c2fd90914e58544e95b2c909b7b055a2c2bb6f40f5f40ef8ab7bddf,999886669e6de40f,True,
train,sano,dataset_curado_v3/train/sano/sano_00925.jpg,sano_00925.jpg,.jpg,34647,224,224,RGB,44e0d808aaec230a300ed795a63149bb1c685dbda9681f9a0e463ae69b1856e2,9696cb4be958e941,True,
train,sano,dataset_curado_v3/train/sano/sano_00941.jpg,sano_00941.jpg,.jpg,36414,224,224,RGB,4c37d7d9dd2b9cefcc3fed5b1fc056366e7b8dc5deaeeda35fff39b80fbbde80,949acbe466dc42f1,True,
train,sano,dataset_curado_v3/train/sano/sano_00943.jpg,sano_00943.jpg,.jpg,29112,224,224,RGB,014bb169f2c8e626eab7dc10f75b10a97462fc8d2de7e963616d613e1c13450c,8fb2cccd69671813,True,
train,sano,dataset_curado_v3/train/sano/sano_00974.jpg,sano_00974.jpg,.jpg,13295,224,224,RGB,27b106fc93be51623d08ffccfd1dd0926a67d322316c4203e4238e3cbd805902,b38dcce2e6350e49,True,
train,sano,dataset_curado_v3/train/sano/sano_00979.jpg,sano_00979.jpg,.jpg,24527,224,224,RGB,6eb15e29467df0931723476b59cf3b61103e9745ef452ea3c06b3a0d94d5d880,f2945cf34ec831d2,True,
train,sano,dataset_curado_v3/train/sano/sano_00986.jpg,sano_00986.jpg,.jpg,25671,224,224,RGB,69e8de5d74f9fa3466ee39a0c8b98280cd68ae5427d93c2034da42c109c503a1,f2568deae2aa322a,True,
train,sano,dataset_curado_v3/train/sano/sano_00987.jpg,sano_00987.jpg,.jpg,27247,224,224,RGB,4c18945ce04702b4c4f4962221deea852b4c973b28376c5c8df6676b139ac9ad,9b19f62ec446e871,True,
train,sano,dataset_curado_v3/train/sano/sano_01010.jpg,sano_01010.jpg,.jpg,32601,224,224,RGB,68565af6e3595d3bd948993d7da1aa5669332b03a26c139db6ea0c1f1456f53c,b58fb80f1a786e60,True,
train,sano,dataset_curado_v3/train/sano/sano_01021.jpg,sano_01021.jpg,.jpg,19200,224,224,RGB,3947690d647666674b35653c5900df1152a36f522f1a95ee53a5a4999e00a940,d927f29114f6c8c9,True,
train,sano,dataset_curado_v3/train/sano/sano_01024.jpg,sano_01024.jpg,.jpg,24710,224,224,RGB,18267d1cbf0cb2aa6e5a77447329e348551ecd73b13a3a2da52034610cc1ce66,b07f8036c5f2a695,True,
train,sano,dataset_curado_v3/train/sano/sano_01031.jpg,sano_01031.jpg,.jpg,20105,224,224,RGB,6aa1888f07b29dd0cd808aab01d3ebd22cfb028e66c8be0e233b7faaa2b640b8,c3bbde24bccb3090,True,
train,sano,dataset_curado_v3/train/sano/sano_01040.jpg,sano_01040.jpg,.jpg,33936,224,224,RGB,1e7df169238f5da8257d965950c6819a749f75e5194cc56eedcfd89e3af7555e,d51a0336fbc4856e,True,
train,sano,dataset_curado_v3/train/sano/sano_01067.jpg,sano_01067.jpg,.jpg,20010,224,224,RGB,322778b258aefdce5ab512a6ac15e9556caea6186284f9fe40eb4876e093d6fd,a58dce33771e2845,True,
train,sano,dataset_curado_v3/train/sano/sano_01100.jpg,sano_01100.jpg,.jpg,33797,224,224,RGB,307a5abbf99591555844917c47996331e67949d9ea820287a066c05d54a03ed5,b0a419cbebd3a385,True,
train,sano,dataset_curado_v3/train/sano/sano_01163.jpg,sano_01163.jpg,.jpg,19954,224,224,RGB,087f807abd199bb28fee8cb037ee2f65bd3948eaa3222c338916dfe110540930,92cd6c916c4f3333,True,
train,sano,dataset_curado_v3/train/sano/sano_01182.jpg,sano_01182.jpg,.jpg,24050,224,224,RGB,3f9ac4c2de6768c44bdf89e7991918696890f33e3f21a6c650229dd47b91711b,a4c38d9e2a35176b,True,
train,sano,dataset_curado_v3/train/sano/sano_01218.jpg,sano_01218.jpg,.jpg,29806,224,224,RGB,5dbcf200abb8b1dfedb26360035c35d8abd52412f84ca9e54d5ab97a8729d0c0,de39813ea1643acd,True,
train,sano,dataset_curado_v3/train/sano/sano_01234.jpg,sano_01234.jpg,.jpg,29426,224,224,RGB,2db8dbd056399a3fe0e3be4ae3f8aa939f388ab55d0832abbb9ba1422a056fec,c6cd297750f8b432,True,
train,sano,dataset_curado_v3/train/sano/sano_01238.jpg,sano_01238.jpg,.jpg,15377,224,224,RGB,5e4f0d98e05de7006a5daf9011f9019f7eecdd3316c4c2838fe42b085b38c450,dedc3333c8cccc06,True,
train,sano,dataset_curado_v3/train/sano/sano_01239.jpg,sano_01239.jpg,.jpg,27425,224,224,RGB,0c3e311e4312da0fd8413687837bf71894ad4957f25d511295c4fa6f527c5d9a,a0ca87e7cc4e9c95,True,
train,sano,dataset_curado_v3/train/sano/sano_01250.jpg,sano_01250.jpg,.jpg,29747,224,224,RGB,1108bcbf748b008c12dd1093a070b90b089a2b0c95d482fbcc06b579b40defc1,a9da434739b16f88,True,
train,sano,dataset_curado_v3/train/sano/sano_01286.jpg,sano_01286.jpg,.jpg,29711,224,224,RGB,0adf9f04f90693966d2f518bad294036f226ece595c41a71bfde7a5f02b846d0,ec855ae46817e25d,True,
train,sano,dataset_curado_v3/train/sano/sano_01293.jpg,sano_01293.jpg,.jpg,28328,224,224,RGB,0a368237acacd9bf615b69bf156ff86f6cc3a9e3f7f7fb86f4408a2c2f0f0236,c17d1248cffee502,True,
train,sano,dataset_curado_v3/train/sano/sano_01295.jpg,sano_01295.jpg,.jpg,27113,224,224,RGB,29a2b4b74d8438562f6b9cf24acb0226d059442c012c354cdf898b8eba1c0048,ceb033c7a823b96a,True,
train,sano,dataset_curado_v3/train/sano/sano_01298.jpg,sano_01298.jpg,.jpg,14280,183,275,RGB,0389db8b49069d202c7e96094b5859903f04752dd10cf8388e2188e47aea74cf,8a6de546790e706d,True,
train,sano,dataset_curado_v3/train/sano/sano_01299.jpg,sano_01299.jpg,.jpg,15513,259,194,RGB,2f09e8ad0a0f552db72647ca26ce07e5b2cb770515f5e92f9470d697b9b26953,d7555e7a26622e06,True,
train,sano,dataset_curado_v3/train/sano/sano_01311.jpg,sano_01311.jpg,.jpg,13371,262,192,RGB,5792a78116080f04fe79998f17346e369aa62b4aa2807c77ec5a2a2701aaf6f0,b8f072cc7d8324ce,True,
train,sano,dataset_curado_v3/train/sano/sano_01312.jpg,sano_01312.jpg,.jpg,10174,275,183,RGB,46b818158c34f44efdf2e62bbfaef70977437b63c0765238452e01246834a1a0,de68821f08eb156f,True,
train,sano,dataset_curado_v3/train/sano/sano_01315.jpg,sano_01315.jpg,.jpg,11364,194,259,RGB,0797348dedc73651cfe3dd4e75790ab2235d40ba373390e376d0c2f84fd80302,a593ea5425d2a5cb,True,
train,sano,dataset_curado_v3/train/sano/sano_01330.jpg,sano_01330.jpg,.jpg,13512,225,225,RGB,2c8bd88e5bc8307466fc2baf11d5932d4361b3c5892c52eb1e5a0b32b6b40f03,e791cb989c63930e,True,
train,sano,dataset_curado_v3/train/sano/sano_01342.jpg,sano_01342.jpg,.jpg,10071,275,183,RGB,2d8731753fb807245c1c89583fb70bff1b683fd080058cc7d179e904252b9b5c,96dede8e33b87080,True,
train,sano,dataset_curado_v3/train/sano/sano_01357.jpg,sano_01357.jpg,.jpg,32675,347,280,RGB,16a3aea9261c242e00d19943ae531f6e5768262e0a9cafa5e02e48d854999d9e,e4038f52b31ff02e,True,
train,sano,dataset_curado_v3/train/sano/sano_01365.jpg,sano_01365.jpg,.jpg,6252,225,224,RGB,70a7ff955e6aaa8559e2931e19e6f4920538c14f1382412a52a21295ecafc3c1,b398cbc7642c9c33,True,
train,sano,dataset_curado_v3/train/sano/sano_01367.jpg,sano_01367.jpg,.jpg,76821,417,626,RGB,32b1148b0134c02c684d659f34167a79774af6eb0c1a1ebaccb8acc1d0e1c251,ea959ac3c5f02ce4,True,
train,sano,dataset_curado_v3/train/sano/sano_01374.jpg,sano_01374.jpg,.jpg,10239,262,192,RGB,72dbb85f32838743acc7883caf761014139d0a37388b9fab765781b40b802014,c1cb7a1e0ed44dd1,True,
train,sano,dataset_curado_v3/train/sano/sano_01387.jpg,sano_01387.jpg,.jpg,9772,275,183,RGB,68fb68904de196107d72c0cdbe0d638b3ece470cf63ba502e87eed16d814abad,cd48cdcdcd83c315,True,
train,sano,dataset_curado_v3/train/sano/sano_01397.jpg,sano_01397.jpg,.jpg,10149,275,183,RGB,17f586a2abdde33185e74b240ca046fdf15331937f63c1f1bfb714d894a82d53,c5de7133284b0d1f,True,
train,sano,dataset_curado_v3/train/sano/sano_01400.jpg,sano_01400.jpg,.jpg,11013,262,192,RGB,0d0e50f4881aa5434acd255b67a913ab4c2d8486b4d4cf44b975dfb68de1368d,e3b99ac61da462c9,True,
train,sano,dataset_curado_v3/train/sano/sano_01416.jpg,sano_01416.jpg,.jpg,11761,224,225,RGB,480977a36a3831d6d9e34bb511043f0f0e1f54d55617fd39cdb3341b3cefdd54,e28536d2237ec46e,True,
train,sano,dataset_curado_v3/train/sano/sano_01433.jpg,sano_01433.jpg,.jpg,8431,183,275,RGB,35b0921539b5e0df54d374398301f250ab957ff1d4b798380c1c2eb8dcc8389c,f1c1563be850aba9,True,
train,sano,dataset_curado_v3/train/sano/sano_01458.jpg,sano_01458.jpg,.jpg,7193,183,275,RGB,61af2426b56b85073233e281d8e08df0125d27ba32e808d9854677cf29e9e4fa,ac62d3f84cf76304,True,
train,sano,dataset_curado_v3/train/sano/sano_01478.jpg,sano_01478.jpg,.jpg,11017,259,194,RGB,6981c165c55419caec8c4b7936cc2329a710013a081d63a963941343c7bda6fe,c3c1e5d036ee68cc,True,
train,sano,dataset_curado_v3/train/sano/sano_01492.jpg,sano_01492.jpg,.jpg,7497,225,225,RGB,5be41712795d7cd721e027189e94ff4b2d8ad0df549ffafb20ef92c95604a53e,b04dc232d9c9cf36,True,
train,sano,dataset_curado_v3/train/sano/sano_01502.jpg,sano_01502.jpg,.jpg,8823,225,225,RGB,07e242da6a93e843dba260fe491d1d22c912d0101b640bc0007db716de84782e,f1f3014a3f81769c,True,
train,sano,dataset_curado_v3/train/sano/sano_01517.jpg,sano_01517.jpg,.jpg,8845,275,183,RGB,6d4982a6a99f14be1103d142104218fdda709832d1dc43de71038e54eb8454d5,fad780b271262eaa,True,
train,sano,dataset_curado_v3/train/sano/sano_01521.jpg,sano_01521.jpg,.jpg,9647,275,183,RGB,4dda25cd44a314d99944cdfca424b097d6114b9a54be7a88fdf2a56c938aff1e,a12b08a17ff8879b,True,
train,sano,dataset_curado_v3/train/sano/sano_01526.jpg,sano_01526.jpg,.jpg,7360,183,275,RGB,3f9f1c2c3e60ec98e0b0bf7e3dc4352e4a5f5f14b4d65d5426cce9dc930a1723,b4d9cb52b44dc172,True,
train,sano,dataset_curado_v3/train/sano/sano_01527.jpg,sano_01527.jpg,.jpg,12633,274,184,RGB,13cd2ce42f2e33997478236cf4c670c36049049c987f8661630d8eafdfcabd0f,a182d72f386e3d4c,True,
train,sano,dataset_curado_v3/train/sano/sano_01533.jpg,sano_01533.jpg,.jpg,10887,275,183,RGB,44ce99e466cc2b0c91b7e02c27fa011d9fe8692e42608330a0636f8a7c87b33f,f2430977ab35c81e,True,
train,sano,dataset_curado_v3/train/sano/sano_01534.jpg,sano_01534.jpg,.jpg,218028,2048,1365,RGB,14a7f482d9d2df36f5053d840bddfac1e308b6ec458cba6a259802d5209e334d,8da837f82687c4f4,True,
train,sano,dataset_curado_v3/train/sano/sano_01547.jpg,sano_01547.jpg,.jpg,13594,183,275,RGB,67b1fcfadb61c50000ebc07caae88f7c8589f4aeaa74e265282e31d99e12b607,fba833dad8472416,True,
train,sano,dataset_curado_v3/train/sano/sano_01549.jpg,sano_01549.jpg,.jpg,9357,250,201,RGB,507e42f2423549cde4e79ef6a11d99829867f81b780305d871b94a3cd46229a1,9fa58063df32b0a3,True,
train,sano,dataset_curado_v3/train/sano/sano_01555.jpg,sano_01555.jpg,.jpg,49981,417,626,RGB,3610ee31cce558f4fa7641c1e0ca5a7776f99ad524ad723168b95d2fcc0322f9,bfc0f489f7385604,True,
train,sano,dataset_curado_v3/train/sano/sano_01567.jpg,sano_01567.jpg,.jpg,12539,259,194,RGB,37dba44b41bfcc432d3361635f6a0fe3201bbb5daa3db2805e56965ef4b91ee9,c4af27c4d127ad91,True,
train,sano,dataset_curado_v3/train/sano/sano_01575.jpg,sano_01575.jpg,.jpg,21278,300,300,RGB,6dc65be94855ee49a56a33a6f3354de7d24280a18fec9d6e105c1eead3b37d24,c3aeebda8243b1a2,True,
train,sano,dataset_curado_v3/train/sano/sano_01582.jpg,sano_01582.jpg,.jpg,14602,194,259,RGB,637df7973875933480ce02c9e33b7e05132c7cb86aea97f6bd1db046e780c399,a0bcedac6953453c,True,
train,sano,dataset_curado_v3/train/sano/sano_01588.jpg,sano_01588.jpg,.jpg,12764,183,275,RGB,5506fdd530659ec32ddf29be206bba5d91085d703f39485371d130ad635076b1,f146b89798fe824a,True,
train,sano,dataset_curado_v3/train/sano/sano_01603.jpg,sano_01603.jpg,.jpg,14878,400,225,RGB,74122435edef70ae6c6b223cba073f57ff7ce04b61ab7d58481e509e05074c78,a7cd538e945629e1,True,
train,sano,dataset_curado_v3/train/sano/sano_01604.jpg,sano_01604.jpg,.jpg,9995,225,225,RGB,71af9af6238a746d71b340800fbb21df970780ff6ee0267e3494132220e43cab,e10b1038df78d8f6,True,
train,sano,dataset_curado_v3/train/sano/sano_01609.jpg,sano_01609.jpg,.jpg,26012,195,280,RGB,366bdcfdad0deedaf5cadf2a6e087e1ecb57d6cd22fd5aad3218155ffbf9400a,a540fe6cd2af89d0,True,
train,sano,dataset_curado_v3/train/sano/sano_01624.jpg,sano_01624.jpg,.jpg,14812,194,259,RGB,4f6b51d6c8f5413fa0914824498c35a257aa026105400f449944091b37785e20,d9f4f4c927a8880f,True,
train,sano,dataset_curado_v3/train/sano/sano_01625.jpg,sano_01625.jpg,.jpg,14543,194,259,RGB,2b2ecdbbc57b5ffd73252bd5bf20464e2561dcc730ea266178b381fea5eea2cc,d1d5d594845ba9c6,True,
train,sano,dataset_curado_v3/train/sano/sano_01628.jpg,sano_01628.jpg,.jpg,9751,225,225,RGB,1df648d67f0a22f727a75e27747473f425d55a86591f76ee56fd664b897f8c09,a5f05e5edb906c09,True,
train,sano,dataset_curado_v3/train/sano/sano_01635.jpg,sano_01635.jpg,.jpg,9210,242,208,RGB,4c84874042defb45ab5ad6a5edd7e41e69ad58df8ee9669c7d396b16b2e60655,80831f0f5edc79d1,True,
train,sano,dataset_curado_v3/train/sano/sano_01637.jpg,sano_01637.jpg,.jpg,15040,275,183,RGB,1afcc3a575f7cee06208f2b5da92d412c981a5536f50ffc4cbb9511b6dd12b6e,fc0c36e5aa87074e,True,
train,sano,dataset_curado_v3/train/sano/sano_01648.jpg,sano_01648.jpg,.jpg,11633,225,225,RGB,4ab212ce2a3c5e0768270385ed7a36c9aeb0d8ed5bbe9d62c247efc9ae6c539c,9d491139eed04aee,True,
train,sano,dataset_curado_v3/train/sano/sano_01654.jpg,sano_01654.jpg,.jpg,9306,194,259,RGB,3d753624b2c491ee98551bc992d1ce863db54cf9ac87495d31add7c81c4f256d,e2f4dc7de0802fa8,True,
train,sano,dataset_curado_v3/train/sano/sano_01680.jpg,sano_01680.jpg,.jpg,144356,334,334,RGB,0e5cc697ccc29a083650965fe1205a7d613c68ed1e769c1ab2b3985052ed0979,f385f8286cbd918a,True,
train,sano,dataset_curado_v3/train/sano/sano_01681.jpg,sano_01681.jpg,.jpg,7721,183,275,RGB,31fb4cd4b7553df31e7091743210d9ce97d35b3e73ba1b66ae5ecca87542957f,df93740712e5076a,True,
train,sano,dataset_curado_v3/train/sano/sano_01693.jpg,sano_01693.jpg,.jpg,10039,248,203,RGB,0e83e9416098bc4442f83bb0f1865b41317797190eb97f55804e5df21e1d5ce7,f0940fc34ddc7ce0,True,
train,sano,dataset_curado_v3/train/sano/sano_01711.jpg,sano_01711.jpg,.jpg,15931,275,183,RGB,2a4907d899abaf47ef9808bd3a35dc20064430eba2746e6cc9115a69ede5383d,ab8eb5131086eaf5,True,
train,sano,dataset_curado_v3/train/sano/sano_01716.jpg,sano_01716.jpg,.jpg,47709,1000,563,RGB,0e8e36987010c0e4217598de58746c2b0d7e676ddb41dfe3ce9726ccd81e1aa4,d036ca627bc12fc9,True,
train,sano,dataset_curado_v3/train/sano/sano_01723.jpg,sano_01723.jpg,.jpg,13656,217,232,RGB,39f2492b6bc67f79a4bcd381bbff54f9bf5c747aa66a80c0a6a202c0ddb8bdc1,a6a7c454aa0bf3b2,True,
train,sano,dataset_curado_v3/train/sano/sano_01727.jpg,sano_01727.jpg,.jpg,7330,262,192,RGB,213ef6475194a8e432315ddce94f2c3bbc0022bb04b7d6bf39ad20b08dcae2ee,b6b5ad9610f269c2,True,
train,sano,dataset_curado_v3/train/sano/sano_01730.jpg,sano_01730.jpg,.jpg,12394,225,225,RGB,541a5987d916c77cdefa100b0cea44284d8e55e23453be2696667d731574e449,d891282fef5a11e6,True,
train,sano,dataset_curado_v3/train/sano/sano_01732.jpg,sano_01732.jpg,.jpg,12669,275,183,RGB,742facf12ede052004969d7597a682e2ddb68f0a67d219c3f49363a60eab5292,a7857bce680fac11,True,
train,sano,dataset_curado_v3/train/sano/sano_01736.jpg,sano_01736.jpg,.jpg,11440,259,194,RGB,3b37a30251736380549439bb98862c974ff1d353288e816427629189967560e0,e2fee50dc0d260e5,True,
train,sano,dataset_curado_v3/train/sano/sano_01764.jpg,sano_01764.jpg,.jpg,21810,392,280,RGB,1201dc045e20b23e1041084b8d44600202e7c66803d95a7325ac7bdfc333c5aa,9c24e36bea1a9437,True,
train,sano,dataset_curado_v3/train/sano/sano_01765.jpg,sano_01765.jpg,.jpg,12459,201,251,RGB,3dbe301b3838799788e8ad583a2654fa6f9424af6da862377177d5ef0fece96b,fc88c3499da3724b,True,
train,sano,dataset_curado_v3/train/sano/sano_01779.jpg,sano_01779.jpg,.jpg,12452,259,194,RGB,33d76aa0f0a40dbcf91031d25a05c2502c3223a6912d9fe992badfc1162920b2,8093fb47cc34f6e0,True,
train,sano,dataset_curado_v3/train/sano/sano_01782.jpg,sano_01782.jpg,.jpg,11799,218,231,RGB,4ae1bc84fcf750615fbe8826aa606a02a9e07f2186fa560d4811f61882adbe3d,c88b12f4b8b04ff3,True,
train,sano,dataset_curado_v3/train/sano/sano_01784.jpg,sano_01784.jpg,.jpg,7861,275,183,RGB,53e292cf406622056c315582345520332707079222b674a53a070b945100da17,85870ece60e3a9fc,True,
train,sano,dataset_curado_v3/train/sano/sano_01786.jpg,sano_01786.jpg,.jpg,8095,275,183,RGB,54e3910d3b0fbba1b0706781a2a2c9a183b55e220b672318f5ded469f733bb31,b5d9bde5501a066c,True,
train,sano,dataset_curado_v3/train/sano/sano_01787.jpg,sano_01787.jpg,.jpg,12050,186,271,RGB,03787788058493cba8d0595d5134c4350b3d33e926e9333605ee65039aea04ea,b2cd9c970eb90b61,True,
train,sano,dataset_curado_v3/train/sano/sano_01792.jpg,sano_01792.jpg,.jpg,11246,259,194,RGB,20cbe6fbf1ae1ffa6aefb1d12729cffc127286df4b0659ca029c945baa9f7c07,85e11e366e693c74,True,
train,sano,dataset_curado_v3/train/sano/sano_01796.jpg,sano_01796.jpg,.jpg,8444,225,225,RGB,122a30f5a2c1ad18a4883ec5b361de01ad00bcbebaf3f54c5fd37a28f69d956d,c5f15aea70d870e1,True,
train,sano,dataset_curado_v3/train/sano/sano_01797.jpg,sano_01797.jpg,.jpg,8495,183,275,RGB,336a68a54afe254f014926595d7ca3a2eadfb1549a2bcaf0580cf6cd5e26b3b9,bce799fc52190e82,True,
train,sano,dataset_curado_v3/train/sano/sano_01798.jpg,sano_01798.jpg,.jpg,4853,275,183,RGB,2ffd6221bc883f8c4b5b99f01ac21941f2bbc9c437ef44632081b9c6138c3a60,e2ad8c9598529a77,True,
train,sano,dataset_curado_v3/train/sano/sano_01800.jpg,sano_01800.jpg,.jpg,7804,275,183,RGB,430f3dd8a1332de82f0cfcc22de624d1234dc4b3c50f210b5f479857144a3d87,854a706cb7d4d359,True,
train,sano,dataset_curado_v3/train/sano/sano_01805.jpg,sano_01805.jpg,.jpg,12318,194,259,RGB,59ae5d8228c40f608323420682e393604395281ae586db1e2b103f07294a19d8,d08c6e1b7f4720b6,True,
train,sano,dataset_curado_v3/train/sano/sano_01814.jpg,sano_01814.jpg,.jpg,7648,275,183,RGB,272e77a05ca45fe29f92eb525ad5a3afb113e62c740cab8f22d54f3e245ec5c6,8659ad06c646abfc,True,
train,sano,dataset_curado_v3/train/sano/sano_01821.jpg,sano_01821.jpg,.jpg,31353,626,399,RGB,1d973a11af49ed01f80361713066952a583f9d30606f72d4f1cfb372aa9d94d2,b69bc064c273d9b4,True,
train,sano,dataset_curado_v3/train/sano/sano_01822.jpg,sano_01822.jpg,.jpg,5389,275,183,RGB,4333a0269455589783238400acf4d74e21516612130ee561de315dfb5af7526f,eec2942dd332db12,True,
train,sano,dataset_curado_v3/train/sano/sano_01828.jpg,sano_01828.jpg,.jpg,7195,275,183,RGB,3c61cda84234ca41f1f16282bf9a184a90176993b13555ed991be079c4247e01,f561810e43bd7c3a,True,
train,sano,dataset_curado_v3/train/sano/sano_01836.jpg,sano_01836.jpg,.jpg,7340,275,183,RGB,584c6fce6a4f406060c8ca6936c2338b33169f48f7448ff545937ad52fd173bb,91c4e463263db5b5,True,
train,sano,dataset_curado_v3/train/sano/sano_01838.jpg,sano_01838.jpg,.jpg,8934,262,192,RGB,0ae94cc0744808f80aa5da1d9814ec6a79631d0f80e71e350b6c484b98e5c585,b18163ce6d951af2,True,
train,sano,dataset_curado_v3/train/sano/sano_01852.jpg,sano_01852.jpg,.jpg,4036,225,225,RGB,0f647f37c37d398d6bdf46e6b353b5f0df9b976c2b3b0d8fffd106e0bbb9e641,b86493966d7834c7,True,
train,sano,dataset_curado_v3/train/sano/sano_01866.jpg,sano_01866.jpg,.jpg,14064,225,225,RGB,2415e513c34bb2c959ae09b3551c3654d97fe970fb240a41fdf691b198862288,ee9bd8e4914e31a4,True,
train,sano,dataset_curado_v3/train/sano/sano_01892.jpg,sano_01892.jpg,.jpg,8450,194,259,RGB,31f9775bab0a68541c65328be4465ff894af5e1c68d135577c31fdcae48372bb,bee0f0819996cc5b,True,
train,sano,dataset_curado_v3/train/sano/sano_01900.jpg,sano_01900.jpg,.jpg,9649,183,275,RGB,325c8dd6fa788e4fe7e7ce5c544e549e3582f39bdb0b2d4daf3841a7645a736a,abc5099b1b6b7246,True,
train,sano,dataset_curado_v3/train/sano/sano_01907.jpg,sano_01907.jpg,.jpg,9090,183,275,RGB,54135599487abf87fb8ef06744ce800b0a7569f845188c6686c9c8e635e4585f,ede2f6320c70c1b5,True,
train,sano,dataset_curado_v3/train/sano/sano_01922.jpg,sano_01922.jpg,.jpg,7200,255,197,RGB,4c48e1e1017d01ce0482e0cdc3b3b3bf91934a67066a5e51ce9385965bdcc989,91e26b8f7ccd5c80,True,
train,sano,dataset_curado_v3/train/sano/sano_01925.jpg,sano_01925.jpg,.jpg,10711,259,194,RGB,15e9e07ea98e58edca67aa2926c68cf3692429f6b97ae72c456ac3087c0e0007,95eae1d45b9d8328,True,
train,sano,dataset_curado_v3/train/sano/sano_01931.jpg,sano_01931.jpg,.jpg,7868,275,183,RGB,18e9adab3e864a40015b890c6160b4435814a1455412e19a8ae601fda373e39f,f7e3493ffc001305,True,
train,sano,dataset_curado_v3/train/sano/sano_01934.jpg,sano_01934.jpg,.jpg,11115,259,194,RGB,518e87cc5c802e86854db6c0526f17310ac796fd4203a7dd563b39b0ee4b7052,ab87c0e91fb7a0b0,True,
train,sano,dataset_curado_v3/train/sano/sano_01939.jpg,sano_01939.jpg,.jpg,6737,194,259,RGB,5a8ba801be23518526b9ff06f9f35d1c603867a2beec9c3abadae5b60f6ab564,b2ef84055717dc38,True,
train,sano,dataset_curado_v3/train/sano/sano_01942.jpg,sano_01942.jpg,.jpg,6291,280,180,RGB,18fc3fe6ba7e4bfd13dbbb5ac5c2c7cb9fb09970daf431c9bb90dd7802c8fee8,c0ff00dd3bc07f0c,True,
train,sano,dataset_curado_v3/train/sano/sano_01946.jpg,sano_01946.jpg,.jpg,8769,276,183,RGB,32137ae1ccaf85c4da3c6d2d59782c6dac13902d9ca6ed58876128fcc9726dc1,fd15917bd2e088c6,True,
train,sano,dataset_curado_v3/train/sano/sano_01947.jpg,sano_01947.jpg,.jpg,9925,250,202,RGB,6c521d54be1b4719d4e090a683240278ad7521f2280e132ac668ec1e3f0ab22b,d487c56109ef339c,True,
train,sano,dataset_curado_v3/train/sano/sano_01957.jpg,sano_01957.jpg,.jpg,6931,188,268,RGB,742dd97582252995e57d5e71556da53e1227fcdc300fd4b0f9322715a2c914f9,c0872f423f2dfa32,True,
train,sano,dataset_curado_v3/train/sano/sano_01978.jpg,sano_01978.jpg,.jpg,4947,199,253,RGB,2a074e6cf8f7ba486a29dd0813ff683a1b0b376c4f7f9b66545967de3a675d4c,f9c69e654639849c,True,
train,sano,dataset_curado_v3/train/sano/sano_01994.jpg,sano_01994.jpg,.jpg,12693,183,275,RGB,3163f47d49dc2dce3a75515b8badeabf6b71974ab0f66fd7479ce48f2a069f12,feb380558e4a352b,True,
train,sano,dataset_curado_v3/train/sano/sano_02013.jpg,sano_02013.jpg,.jpg,87245,600,600,RGB,3e95285701177caf0d4e9bda12fb9b6bd68255b0ff3da554bacc507b8cbbb64f,bda11277136c3792,True,
train,sano,dataset_curado_v3/train/sano/sano_02022.jpg,sano_02022.jpg,.jpg,37807,461,280,RGB,6fbb3a9a4c37e3545d2adbbd9f00c6526835d2e0732ad3b63eb5058c930240b4,ec44935af80b973a,True,
train,sano,dataset_curado_v3/train/sano/sano_02031.jpg,sano_02031.jpg,.jpg,46822,800,534,RGB,555d0b3fc6649f90ee285130cd0c31f844b9b5e2b35c52f9bce208c97fe83e74,94966b4c9e3934e6,True,
train,sano,dataset_curado_v3/train/sano/sano_02035.jpg,sano_02035.jpg,.jpg,340820,600,600,RGB,33323ce4f0b9b4a72527829676896797122820efd46eb4c61acf038dab0b56e0,efc99034447a1fc3,True,
train,sano,dataset_curado_v3/train/sano/sano_02040.jpg,sano_02040.jpg,.jpg,220970,1053,1363,RGB,0289920043a48aaf75a7c6fc5f6ef59af30dd0e72f16f581989b914e92b0d049,ca349c7be6d92544,True,
train,sano,dataset_curado_v3/train/sano/sano_02062.jpg,sano_02062.jpg,.jpg,15088,194,259,RGB,3622fe6b1858b98dc6cfad61458ec79108dfdfc53279e15e12bcacb0a668b91e,d0fc207f472137e8,True,
train,sano,dataset_curado_v3/train/sano/sano_02067.jpg,sano_02067.jpg,.jpg,44129,800,533,RGB,036ca17d33da006e707cb8c8b615b138e66c11cb1889d899a29aa25d49afe730,b2b359c19c96e68a,True,
train,sano,dataset_curado_v3/train/sano/sano_02077.jpg,sano_02077.jpg,.jpg,10205,265,265,RGB,2007326b23bf00e81b45c09e28f1c0cd822db2d3419cb5d1502590fbad3dc2fb,af66c8ec4d534a13,True,
train,sano,dataset_curado_v3/train/sano/sano_02088.jpg,sano_02088.jpg,.jpg,15504,275,183,RGB,06c9ae555d5502ffdffcfa54001b23118fb4368e068a60afdc70807c955dcbcf,fd9462261738bae1,True,
train,sano,dataset_curado_v3/train/sano/sano_02089.jpg,sano_02089.jpg,.jpg,7763,264,191,RGB,0453755cca6d17e9880df11fc7ff8c4f22f20b8da4a6c80d33302adce22e7467,80dd72d52d4c5f83,True,
train,sano,dataset_curado_v3/train/sano/sano_02090.jpg,sano_02090.jpg,.jpg,12125,193,262,RGB,1e6506d1c6320f82d319065d9178d90ec02d88561aeb2d90d6c3e0427d840edb,b2ce2739341769cc,True,
train,sano,dataset_curado_v3/train/sano/sano_02093.jpg,sano_02093.jpg,.jpg,92723,1000,667,RGB,4719ec161ebb41a2a9c544cd65591038f88cb3323cb9c23c56cd643ed1c27e3a,b55ac29992ecc72c,True,
train,sano,dataset_curado_v3/train/sano/sano_02152.jpg,sano_02152.jpg,.jpg,58741,360,509,RGB,6b0f13eb506d2266906e7250c3bfe67c60bafbe617502d56b448485845f3ff49,e0d7c58ede620c27,True,
train,sano,dataset_curado_v3/train/sano/sano_02155.jpg,sano_02155.jpg,.jpg,6615,194,259,RGB,159faa14ba68e5f6e1367065291972c57098bf30a87e04ff29aa21704e23a275,f83a9a2e65c9c916,True,
train,sano,dataset_curado_v3/train/sano/sano_02159.jpg,sano_02159.jpg,.jpg,13541,275,183,RGB,0c9b52375c9f011fa677a371d10c0fcb345cc19ac5a5d24c89be1fcf9f2e54e6,a80496795c3fde4c,True,
train,sano,dataset_curado_v3/train/sano/sano_02160.jpg,sano_02160.jpg,.jpg,7842,192,262,RGB,0dce9b2781e4a9ba0abe9570ba5dcea95f68fe2e618088ed26adf99e8d79c850,ce47247a971a6b94,True,
train,sano,dataset_curado_v3/train/sano/sano_02171.jpg,sano_02171.jpg,.jpg,10908,259,194,RGB,2a2745aeea27535769816ba0d6b5af673280b9c244ee970c34f8d7b43b34d86c,aed764e8b689d290,True,
train,sano,dataset_curado_v3/train/sano/sano_02192.jpg,sano_02192.jpg,.jpg,9979,275,183,RGB,00da2005cdc7d07a8523e9b7078b227fd0f2e742028fba632f68ca3bc12993d7,d0ba1dea585cc339,True,
train,sano,dataset_curado_v3/train/sano/sano_02206.jpg,sano_02206.jpg,.jpg,12823,194,259,RGB,0c7caae86f8c87166554f8ffc87a74bb3c3e9231746466e194689f16903a04cf,cfd8e358ec005a6b,True,
train,sano,dataset_curado_v3/train/sano/sano_02222.jpg,sano_02222.jpg,.jpg,14404,280,180,RGB,4e9d4b65516f537b44a37fffd8c7eb3bc09ffb6fd8d4ba26dd37ab32bfdbe6ff,ecd30cc80b2feb91,True,
train,sano,dataset_curado_v3/train/sano/sano_02241.jpg,sano_02241.jpg,.jpg,6036,275,183,RGB,3cb8a183c58ae84a30b827955edc713fa0df79f3564ff40258650858671f5a50,d1612b8f9b1a35c3,True,
train,sano,dataset_curado_v3/train/sano/sano_02244.jpg,sano_02244.jpg,.jpg,11126,194,259,RGB,7036467932e5c6b1d58932010d76f0785bcf683d37cc7068bb9dda337b9e21ef,ffc049fd0602fc38,True,
train,sano,dataset_curado_v3/train/sano/sano_02246.jpg,sano_02246.jpg,.jpg,10061,265,190,RGB,5a4bfc096d02819e33c9dd5ad4d998a38ef0c8181ab4bed89947632c5fa8d53f,e2c51fd07cce6c84,True,
train,sano,dataset_curado_v3/train/sano/sano_02266.jpg,sano_02266.jpg,.jpg,10436,188,268,RGB,1898e3a359410478f74a0a8b170aad2256fa850afe15918bdafafc5225bf88b5,8b870bc97bd225b4,True,
train,sano,dataset_curado_v3/train/sano/sano_02273.jpg,sano_02273.jpg,.jpg,5669,225,225,P,526abdc4c89a59f5773fb86188c49a041b24c755284780600809007a0c64e551,b1c69a99c6388ecd,True,
train,sano,dataset_curado_v3/train/sano/sano_02283.jpg,sano_02283.jpg,.jpg,10696,275,183,RGB,11e1358a107a7b92af469087d6e312237bd950aafa27d7a55a20a5f45a0ba5b4,8acebe2eef129181,True,
train,sano,dataset_curado_v3/train/sano/sano_02294.jpg,sano_02294.jpg,.jpg,7661,225,225,RGB,14fc01bc00adc28885556ed83cb0494c810f3a96e10d3df252fd161c4b6cb406,bdb0c24f368768f0,True,
train,sano,dataset_curado_v3/train/sano/sano_02301.jpg,sano_02301.jpg,.jpg,7639,194,259,RGB,432dafd2d320787589d70f3d8699835f5be096c973d373bbc09f1757d96e86c1,e88790788f346bf1,True,
train,sano,dataset_curado_v3/train/sano/sano_02314.jpg,sano_02314.jpg,.jpg,9722,275,183,RGB,59cf3484cf9fd253d214f104eda44334034c4b5fb3fd7cba1a5b12b2f803714a,9cabecdc94d641c8,True,
train,sano,dataset_curado_v3/train/sano/sano_02317.jpg,sano_02317.jpg,.jpg,26011,195,280,RGB,403b9658047ad5539cd841d7826a236d684a2aac043393bb79347b856d388d42,bb3ed06b8354ad05,True,
train,sano,dataset_curado_v3/train/sano/sano_02336.jpg,sano_02336.jpg,.jpg,12431,225,225,RGB,0ad20c91b81ea5fffe59b5f337169a3219ddde200de682a5bca4e2f0618d5e80,8a8b5c1636f1c35b,True,
train,sano,dataset_curado_v3/train/sano/sano_02395.jpg,sano_02395.jpg,.jpg,36528,347,280,RGB,71d6338870f4f9e88e1c4b0815577280ca25e6135ab226abbdee73afc7fd99df,c811e95aba5ef44c,True,
train,sano,dataset_curado_v3/train/sano/sano_02400.jpg,sano_02400.jpg,.jpg,30818,800,533,RGB,343076413665d82b81caa1ea6695756641bf0984203005b8bbce0ffec7478298,f27298043f9e0dad,True,
train,sano,dataset_curado_v3/train/sano/sano_02413.jpg,sano_02413.jpg,.jpg,50331,800,534,RGB,20150c829752fa666371b9e25d0b39f5678cc1c7b67bc8cdd412470327823182,87d19765c9064f2b,True,
train,sano,dataset_curado_v3/train/sano/sano_02420.jpg,sano_02420.jpg,.jpg,38912,600,400,RGB,47e28581137caf7c7607ebcb4e6433df70585113f23a8408d191d68c4f63decf,af41d063e2fe848d,True,
train,sano,dataset_curado_v3/train/sano/sano_02429.jpg,sano_02429.jpg,.jpg,5788,225,225,RGB,42e02d73ab4f396ee532c65ae2ec1b4fa85c5dfd412eb94398190fbb0773a1fd,eaca9635c91ba4c9,True,
train,sano,dataset_curado_v3/train/sano/sano_02446.jpg,sano_02446.jpg,.jpg,8796,259,194,RGB,392ea44002a5644ada888b895aab4add2abbc8c3aecac98a7cd8a6fa966ce410,ac493df041b65e5c,True,
train,sano,dataset_curado_v3/train/sano/sano_02453.jpg,sano_02453.jpg,.jpg,17820,600,564,RGB,54c1d07fa6102ad72e817ac566343079b56ac95d12ad3502f33cb8a0d42f7793,b3999c6287d3316c,True,
train,sano,dataset_curado_v3/train/sano/sano_02463.jpg,sano_02463.jpg,.jpg,47683,469,315,RGB,4ac35b689e16edf13c988736dfcb027687e6fe628ff5d86454a76e2638d414d7,8bc1c915dd7a1a3a,True,
train,sano,dataset_curado_v3/train/sano/sano_02513.jpg,sano_02513.jpg,.jpg,96247,1024,576,RGB,24265a91e3daf823a531993653027136286cbece7f5a63617cc69e6f4955518b,931e4be97651589a,True,
train,sano,dataset_curado_v3/train/sano/sano_02562.jpg,sano_02562.jpg,.jpg,10192,275,183,RGB,0b731cb0f697ba94eeec5f721b166c32fe224fea007530089bf39a21bcd8da19,bcdfd008df338161,True,
train,sano,dataset_curado_v3/train/sano/sano_02565.jpg,sano_02565.jpg,.jpg,10994,194,259,RGB,4fac7b6385586e8511bbd679dad4e3e02b4ae1c76a23d2f9f45f4b19f5b363c4,fa91919ab5b382a9,True,
train,sano,dataset_curado_v3/train/sano/sano_02569.jpg,sano_02569.jpg,.jpg,15560,275,183,RGB,73f3356a6fc7ca73c089172aed61fa812688797b2b14635a9335debd0f6064f0,e21f87c1ca0e5bac,True,
train,sano,dataset_curado_v3/train/sano/sano_02573.jpg,sano_02573.jpg,.jpg,9887,194,259,RGB,69579c5efe6cfee0f12c9c019414ae8625c1d83afd3c6da599b349c7a2ddb789,c7f2648d3765602e,True,
train,sano,dataset_curado_v3/train/sano/sano_02579.jpg,sano_02579.jpg,.jpg,12064,194,260,RGB,5d34163cc39a9472978a581e92dd5b9c9f96986a4ccf99e25cba78d885bba4d2,d922b75e9a4b2692,True,
train,sano,dataset_curado_v3/train/sano/sano_02580.jpg,sano_02580.jpg,.jpg,8630,194,259,RGB,5aefac146d2d73a0e90d05025d47e95b76ce3980eea2d28dcbb2e94290aa9609,c4e266fc950db552,True,
train,sano,dataset_curado_v3/train/sano/sano_02591.jpg,sano_02591.jpg,.jpg,15557,259,194,RGB,0a3a1eb04e47514743d99addbb0eb1ffbf694f93206319b29814c3f7b82dd554,be92d2e50990dbe8,True,
train,sano,dataset_curado_v3/train/sano/sano_02634.jpg,sano_02634.jpg,.jpg,16907,212,237,RGB,6b18a72917383ddda72186783e5077fd51c3a89b90c78f7f61532de964886bc2,f893d882ba6d9266,True,
train,sano,dataset_curado_v3/train/sano/sano_02642.jpg,sano_02642.jpg,.jpg,11850,225,225,RGB,379522c079e4ce83d2ba2d20030692ad8f49f1c7003541b099a8fe7f84378525,ec9ad59c39312e4a,True,
train,sano,dataset_curado_v3/train/sano/sano_02653.jpg,sano_02653.jpg,.jpg,10814,259,194,RGB,2a41133ed1941f664900a74d22d6b2eca340a08e137b302dbcfd8d81e7baa35d,f49a35929a67ca98,True,
train,sano,dataset_curado_v3/train/sano/sano_02660.jpg,sano_02660.jpg,.jpg,9288,225,225,RGB,6fbab2a626eb2eb6de0f4b2d0e9a529cda740700401e1aaf181eb00d9294e718,c6e6134e29365aab,True,
train,sano,dataset_curado_v3/train/sano/sano_02665.jpg,sano_02665.jpg,.jpg,16239,259,194,RGB,066bf6c3dc6b0b12c29d9ee97691d357ff2894602ca688a4b82f474ec627ecba,87ac394907c496df,True,
train,sano,dataset_curado_v3/train/sano/sano_02677.jpg,sano_02677.jpg,.jpg,9889,259,194,RGB,08150cc6f9f7ce8b11e1f0ee1606af1d1b26c40f448ea1bb713bae0de57f150d,cccce9e39950e61a,True,
train,sano,dataset_curado_v3/train/sano/sano_02685.jpg,sano_02685.jpg,.jpg,8102,250,182,RGB,4422fb6aeae8dd54387bc5c914524b8767790a6e9e4384493549686bd88c99f2,c69a6b693cc6c685,True,
train,sano,dataset_curado_v3/train/sano/sano_02687.jpg,sano_02687.jpg,.jpg,6612,194,259,RGB,63e772efb4ed3e511784476c076f67ec7611ad1187c85bf411f28f88f304e876,e197d6c8c5613665,True,
train,sano,dataset_curado_v3/train/sano/sano_02690.jpg,sano_02690.jpg,.jpg,5534,221,228,RGB,3ba03ebf145bda021b2d17195a8075bf934071211a88659d2b17ab6648c03fd0,8b5d6cb64a5bc01e,True,
train,sano,dataset_curado_v3/train/sano/sano_02709.jpg,sano_02709.jpg,.jpg,9644,259,194,RGB,03a9a34b04720ed11447b87da22e17c05fd92fe1e2fd0d44e860d92b0007e13c,b76b43b03d182c5e,True,
train,sano,dataset_curado_v3/train/sano/sano_02723.jpg,sano_02723.jpg,.jpg,12169,264,191,RGB,5dda95bf5989228561554e5e30dc2a19189f174f645df6589a872d432c9b4164,aeccf0e205a54fe4,True,
train,sano,dataset_curado_v3/train/sano/sano_02765.jpg,sano_02765.jpg,.jpg,21788,224,224,RGB,12c30c29407f090cfb95d44c5c3b4981226fbf6f1493d98e25e926675d616ab1,ba16a209d575b51b,True,
train,sano,dataset_curado_v3/train/sano/sano_02834.jpg,sano_02834.jpg,.jpg,20209,224,224,RGB,13062f82120f4cc320cb997812f05d13463ba94660ac79c4f0573391c86f8d09,ae62c06ff38524f2,True,
train,sano,dataset_curado_v3/train/sano/sano_02954.jpg,sano_02954.jpg,.jpg,27359,224,224,RGB,2592f8d42b70bcb589a3205a71635cebeab6aee7b5f7370f9b8fd0b50fa5db02,ef1ecaec6111d2b0,True,
train,sano,dataset_curado_v3/train/sano/sano_02977.jpg,sano_02977.jpg,.jpg,35653,224,224,RGB,01bc4d10557dab48c4857c2dbfdc753200dbed21e0f85d317633e729612280d1,c4dc89663c8f4679,True,
train,sano,dataset_curado_v3/train/sano/sano_02987.jpg,sano_02987.jpg,.jpg,32061,224,224,RGB,51fc5b2aa72bd15a77c4dbc16520c9c52b2ddf949976791cd710c05548e4a273,c6e7d2422de00b7d,True,
train,sano,dataset_curado_v3/train/sano/sano_02994.jpg,sano_02994.jpg,.jpg,35401,224,224,RGB,1e5b3d5843b76d47461c20c8f86df0aa1170f3f37ec0cd403b202443ca7b8fd4,cf8e81d1b479ae42,True,
train,sano,dataset_curado_v3/train/sano/sano_02998.jpg,sano_02998.jpg,.jpg,20983,224,224,RGB,38c02a8dfcfe576eb30e98de04e666a9afdd45224a9f224369bc06a780bf660b,d0893fb328e20fd5,True,
train,sano,dataset_curado_v3/train/sano/sano_03005.jpg,sano_03005.jpg,.jpg,25963,224,224,RGB,395842a2c710bbf04023329e671f31410dc521213105e5c6b6f2f2ff34ab0ccb,991f204689ec3f37,True,
train,sano,dataset_curado_v3/train/sano/sano_03038.jpg,sano_03038.jpg,.jpg,27391,224,224,RGB,32bc80072d885b8b50a6959a989747446d16d285d5fc02ac6d2d39caa4a96f78,e676e86185e3826b,True,
train,sano,dataset_curado_v3/train/sano/sano_03039.jpg,sano_03039.jpg,.jpg,29693,224,224,RGB,36d584857baa99d4c884e41615a415d2ca846232a8939b63da787ca0ebbd94bd,abb0f4c3984bc33c,True,
train,sano,dataset_curado_v3/train/sano/sano_03136.jpg,sano_03136.jpg,.jpg,33427,224,224,RGB,2200e335853bfd3ba4fd6dfd25df01d9699cddaf0f7d68fea4e38c81dd1f8118,9d1993b3660bdb05,True,
train,sano,dataset_curado_v3/train/sano/sano_03175.jpg,sano_03175.jpg,.jpg,29007,224,224,RGB,66611bb87c3008d8e33fb1ccf2817ad676443f196f113aaf6061b8a66d498d1b,f40f19a6406cef9a,True,
train,sano,dataset_curado_v3/train/sano/sano_03257.jpg,sano_03257.jpg,.jpg,22729,224,224,RGB,642de13fd10eb2bfdaa8d5b05a437a784930a981a43d763bb6ef6f12e92e764a,8e5cb920d64bed13,True,
train,sano,dataset_curado_v3/train/sano/sano_03295.jpg,sano_03295.jpg,.jpg,19439,224,224,RGB,42f4e595f15d638758010d58524c0007c1cb991549eac1d46d7ec8b9329b3965,999cc2424dd1fa5b,True,
train,sano,dataset_curado_v3/train/sano/sano_03297.jpg,sano_03297.jpg,.jpg,18848,224,224,RGB,4ea2c71c3421e7756da2ce6a226a2de399475f8916ca32d2d8b184086bf2edb5,e2bcaad3d1087cac,True,
train,sano,dataset_curado_v3/train/sano/sano_03326.jpg,sano_03326.jpg,.jpg,19815,224,224,RGB,186989fe0a1c52bda3ff9733c19a68afdd557b3bb2d1a7bf944c9a9d90f48782,87d6283ec5a83a5d,True,
train,sano,dataset_curado_v3/train/sano/sano_03458.jpg,sano_03458.jpg,.jpg,40438,224,224,RGB,6692d83ffa81452b4cc12dba9b6cee95d7262945acc16923450d3b3fd37d4186,cef72dc942f64203,True,
train,sano,dataset_curado_v3/train/sano/sano_03465.jpg,sano_03465.jpg,.jpg,27116,224,224,RGB,2d534f33e9f97c91569bfc78b2cad75c9f5ab2d967fb35480aa4fa8e424349ba,9de79d040ba987aa,True,
train,sano,dataset_curado_v3/train/sano/sano_03512.jpg,sano_03512.jpg,.jpg,24256,224,224,RGB,719f534452aba33efbf581e3fc3e5ab17faa953da10e84cf44db5ce8e0b56e66,8bb966c69129e55c,True,
train,sano,dataset_curado_v3/train/sano/sano_03528.jpg,sano_03528.jpg,.jpg,18315,224,224,RGB,55d4b9c46b186958a63460664dae3fac424b20e55a844e0bd1adfcff930cc392,d0f5866786666c39,True,
train,sano,dataset_curado_v3/train/sano/sano_03531.jpg,sano_03531.jpg,.jpg,22171,224,224,RGB,3062db40fb4e31fd2c9bf13bda0b9e1038456d743e074e528eb58ebf1a7a886f,807b58f83d8a1dd6,True,
train,sano,dataset_curado_v3/train/sano/sano_03563.jpg,sano_03563.jpg,.jpg,23867,224,224,RGB,4ea9b5d47f0ce71160ad9748cbb5cc58ef15bdc95a1ef5222998afb538bdb8b5,bcdb3b032e70e9c0,True,
train,sano,dataset_curado_v3/train/sano/sano_03664.jpg,sano_03664.jpg,.jpg,28150,224,224,RGB,4740be7256b4e8a83c2c129645740172ae5e796d8b46ada1461b6cfdd945d4ca,99b19699d998f606,True,
train,sano,dataset_curado_v3/train/sano/sano_03703.jpg,sano_03703.jpg,.jpg,33017,224,224,RGB,2dfa94d99f5bdb9f8d0110e81693b89008c19126043b49bb86e88c4fc42281b8,c3b2d507d5cb9e08,True,
train,sano,dataset_curado_v3/train/sano/sano_03711.jpg,sano_03711.jpg,.jpg,31124,224,224,RGB,1fd63ee568bb6756a66d18d1c4b5d739a06e3e3ca6534268942ec09537554694,86c6c15726a6fe25,True,
train,sano,dataset_curado_v3/train/sano/sano_03729.jpg,sano_03729.jpg,.jpg,19438,224,224,RGB,24d90d49b4696151ee32eb970ecb12482c378d659ee2a65003b6c66dabc1adbd,f26511525e4b6d0f,True,
train,sano,dataset_curado_v3/train/sano/sano_03743.jpg,sano_03743.jpg,.jpg,19392,224,224,RGB,4d45db09f224f8cd099f67ae36dfeeff0abff1735ddb1fb106f9d6a8037eb371,fae0c635ce01788f,True,
train,sano,dataset_curado_v3/train/sano/sano_03777.jpg,sano_03777.jpg,.jpg,28031,224,224,RGB,334869238a5ff8a7c84cfadf3cdc0afb6c1686944396a57d4d858e8cf09bb50b,8dc31eb4f2df6050,True,
train,sano,dataset_curado_v3/train/sano/sano_03899.jpg,sano_03899.jpg,.jpg,7117,224,224,RGB,1b37d371643cd83e07aa21c6354926fc5fc64aa96a43ae8e38a16b60382ba6d9,b34ccc33c4cc33b3,True,
train,sano,dataset_curado_v3/train/sano/sano_03965.jpg,sano_03965.jpg,.jpg,29480,224,224,RGB,667434a3efb409823fee2216f63dcc989171f64626eb938a47aa8108aa00a483,c29eb8a55649fdc0,True,
train,sano,dataset_curado_v3/train/sano/sano_03992.jpg,sano_03992.jpg,.jpg,31375,224,224,RGB,4cc77eebd5871c67f0a6ce7aeccb279aaa05f2d5632171434162333344816dc6,a5cf8510fb47d207,True,
train,sano,dataset_curado_v3/train/sano/sano_04092.jpg,sano_04092.jpg,.jpg,24127,224,224,RGB,2f082a693b93c3076ea09c7137bc7653b9342303d75ee410d91b52f91a168223,f27c270b96e26d88,True,
train,sano,dataset_curado_v3/train/sano/sano_04105.jpg,sano_04105.jpg,.jpg,32942,224,224,RGB,028d5b9ea146e24f87a111cb0e42dd7b18e60d2da5f383c91c2c48182b229d87,dc7f888d3214a557,True,
train,sano,dataset_curado_v3/train/sano/sano_04108.jpg,sano_04108.jpg,.jpg,14818,224,224,RGB,38c280af939e567b44c9dc2b578f6066d00dbce88c1e3c21feaf96e28e69a8d0,98b54ab46bd163d1,True,
train,sano,dataset_curado_v3/train/sano/sano_04155.jpg,sano_04155.jpg,.jpg,24987,224,224,RGB,73eefd1259cea923fb2759908d8ccc27308f95ce308c79c0cf05c3605dbfad73,a4f9d8f470334173,True,
train,sano,dataset_curado_v3/train/sano/sano_04167.jpg,sano_04167.jpg,.jpg,31635,224,224,RGB,62bba5142aac1d944489f03b58d88e3ee185e6a533618e7685e9c3abd9d78d4d,d7110d681b2e34fe,True,
train,sano,dataset_curado_v3/train/sano/sano_04168.jpg,sano_04168.jpg,.jpg,38248,224,224,RGB,247c763f5b6f63562dba29666c974e341fc3063dfeb3df2d5c93322d76140f7b,f6992b133d23564a,True,
train,sano,dataset_curado_v3/train/sano/sano_04169.jpg,sano_04169.jpg,.jpg,24181,224,224,RGB,07fe34764a18865cffd0fd2de2e84c8d14fd05486b6e05b900c07823b70a683f,90e93bdae231b722,True,
train,sano,dataset_curado_v3/train/sano/sano_04182.jpg,sano_04182.jpg,.jpg,22261,224,224,RGB,3bbaaa872c17e60598e554cba48de9e099d3ea3df0b790547a59857565d72163,e983927ccfc61670,True,
train,sano,dataset_curado_v3/train/sano/sano_04249.jpg,sano_04249.jpg,.jpg,25279,224,224,RGB,51fd7cc6b0a8dce6dbac4e72968326d449a76c92e6487d4f2a3507bbdbdd114b,c68360cff49483cf,True,
train,sano,dataset_curado_v3/train/sano/sano_04264.jpg,sano_04264.jpg,.jpg,15419,224,224,RGB,11d441bae40ac6fdce1945f3f9f516ff89b551a970b87309f4e2cdbd13f97659,b38d13e60bb14ce3,True,
train,sano,dataset_curado_v3/train/sano/sano_04285.jpg,sano_04285.jpg,.jpg,18416,224,224,RGB,6386b973e295ffbd9899a46bba635466814e21b1905362a2038d1fc8cc5b2c8a,a29e43583e510ebf,True,
train,sano,dataset_curado_v3/train/sano/sano_04291.jpg,sano_04291.jpg,.jpg,22961,224,224,RGB,535033e5872f21f86b86bc0edff0a97bc8399143f4ddb41cd1a5201c708371fa,a4a4e4dbc28c9dcd,True,
train,sano,dataset_curado_v3/train/sano/sano_04297.jpg,sano_04297.jpg,.jpg,19139,224,224,RGB,52e9d52279b1c130e94ae9d3d90b744fc6036d14f7f2c41ea81ab21754e0a47c,dcf870364e1ce23a,True,
train,sano,dataset_curado_v3/train/sano/sano_04319.jpg,sano_04319.jpg,.jpg,31463,224,224,RGB,1273f14febc4d9527fbd6d3671798b2cf11e0859c1a1eda681a77190587af580,e7fca9e0e8810e95,True,
train,sano,dataset_curado_v3/train/sano/sano_04325.jpg,sano_04325.jpg,.jpg,33945,224,224,RGB,6445439298894dbccb277da55fd2ca6db2539170844fc3c52eb86d20154c5989,ade904f7f452b105,True,
train,sano,dataset_curado_v3/train/sano/sano_04327.jpg,sano_04327.jpg,.jpg,38808,224,224,RGB,2bc566fcd27add761cec80c3712e8486aad509e8609fc5e07543931a1f623871,8d09ec7bd026ad4e,True,
train,sano,dataset_curado_v3/train/sano/sano_04330.jpg,sano_04330.jpg,.jpg,40672,224,224,RGB,5c62cdcd17cd1670c66b5609fa5357e3d57ffd6d55586384abaf69630ec111a1,c1c96c6c636368e7,True,
train,sano,dataset_curado_v3/train/sano/sano_04351.jpg,sano_04351.jpg,.jpg,27833,224,224,RGB,234724a8fc08f33c8e586a1cee7ef42d88cf520b373fcc64cad541e2fea5a796,8a4ed53a5b352e16,True,
train,sano,dataset_curado_v3/train/sano/sano_04462.jpg,sano_04462.jpg,.jpg,25811,224,224,RGB,269941a7ab3b2a60d8ddad3be6e331e29a86deab3d91a4e11cdc353919dded5d,c6a15be3bbcc9046,True,
train,sano,dataset_curado_v3/train/sano/sano_04562.jpg,sano_04562.jpg,.jpg,39107,224,224,RGB,01cf9a2743a36892fb362fc0c94fadd48d1fbf0a57b1964c19d71d6bb17d7aad,99c4b79b3818dc8b,True,
train,sano,dataset_curado_v3/train/sano/sano_04598.jpg,sano_04598.jpg,.jpg,21803,224,224,RGB,33c66b95994634ea2d6a078e4994e67188f860ede0cdcb88eb472ac06dec086a,cae025879d9c81fe,True,
train,sano,dataset_curado_v3/train/sano/sano_04644.jpg,sano_04644.jpg,.jpg,12410,224,224,RGB,2932d3689c6d59342ac2572d193e75d339336d800afac002bec9943256c5687e,ea9c95731a0d65d4,True,
train,sano,dataset_curado_v3/train/sano/sano_04678.jpg,sano_04678.jpg,.jpg,34647,224,224,RGB,0e01a094f74773780b15645e798054d9c84d939cabbe66d632c2643836555571,ef9056e7098b35c1,True,
train,sano,dataset_curado_v3/train/sano/sano_04708.jpg,sano_04708.jpg,.jpg,16063,224,224,RGB,17157b4d02af2119debad5d522c611d92aeb3a18a78b11b9138231c4048acfe4,e70dd3b3483a9466,True,
train,sano,dataset_curado_v3/train/sano/sano_04727.jpg,sano_04727.jpg,.jpg,25784,224,224,RGB,262138c2598314d9fa6c9cf70379ba2aed1cb675b88bba59a7874d0616bbbc8f,fc7953a604f38558,True,
train,sano,dataset_curado_v3/train/sano/sano_04741.jpg,sano_04741.jpg,.jpg,28775,224,224,RGB,3310133ffee88b5dd872178c084025e5bce5395ca52c0f5b93fa7bda348099fc,a42ccfe224d2b8de,True,
train,sano,dataset_curado_v3/train/sano/sano_04756.jpg,sano_04756.jpg,.jpg,24879,224,224,RGB,4a8d4a77ce77336cc333cdd02722bb88b54affc92a4dc2174f8561c23ec78e2a,b05606bb7beed044,True,
train,sano,dataset_curado_v3/train/sano/sano_04762.jpg,sano_04762.jpg,.jpg,19341,224,224,RGB,74d9ab4fe9199deaebb376deced67327e4c95b2e151a52124dd61d043a809f38,aba885f5fdd0105c,True,
train,sano,dataset_curado_v3/train/sano/sano_04798.jpg,sano_04798.jpg,.jpg,20904,224,224,RGB,3a2c2ed312d4b852d0e5325f16eb6520b82341c0a1f6974ea90998c9dd6c3aa2,f4c2b1f2c35892d5,True,
train,sano,dataset_curado_v3/train/sano/sano_04865.jpg,sano_04865.jpg,.jpg,15046,224,224,RGB,0ca1e4abe28a69155183fcfb1ced3ef51e7f847f8b5b8d6a336e3421edcfbbc4,b9c2962fcc95cd18,True,
train,sano,dataset_curado_v3/train/sano/sano_04867.jpg,sano_04867.jpg,.jpg,19022,224,224,RGB,3e951fee6940c21bbe20d65df3415e858c59da703b4958ec229e723aa9376c0a,860bee5d0672f8b2,True,
train,sano,dataset_curado_v3/train/sano/sano_04877.jpg,sano_04877.jpg,.jpg,23034,224,224,RGB,4a98f41e4b4cf550690d7e7a91d4cd322a0bf796ec4919ebc3e88129ef99fe8b,82dcc38fba865879,True,
train,sano,dataset_curado_v3/train/sano/sano_04886.jpg,sano_04886.jpg,.jpg,37222,224,224,RGB,431dc205f648c9cce4c22ae9aae64f9545f853ad1488d9570298dc04377d4989,da0686e9eb33c45c,True,
train,sano,dataset_curado_v3/train/sano/sano_04966.jpg,sano_04966.jpg,.jpg,25664,224,224,RGB,527aff6ac5cdd93cd49ee6756bedc99b2330e13d1c3b8966b0f92e79fe11aeb8,a792c11afd0fb14a,True,
train,sano,dataset_curado_v3/train/sano/sano_04996.jpg,sano_04996.jpg,.jpg,35031,224,224,RGB,45da36801eb963875ce4670c4392500f69a9bb9221a634e758f675baf1651ffd,c3819b52da7a66a3,True,
train,sano,dataset_curado_v3/train/sano/sano_05011.jpg,sano_05011.jpg,.jpg,24890,224,224,RGB,613b4c5f4af0e30b691c0269d719d4a8e03e90fdbd663063993924bf67bbd225,d55468cbec971991,True,
train,sano,dataset_curado_v3/train/sano/sano_05029.jpg,sano_05029.jpg,.jpg,35891,224,224,RGB,6b819e4533104cd0dca2986632acadb7d7bdedd6d101d575807248eb045dff0f,e59dc6c2b619d832,True,
train,sano,dataset_curado_v3/train/sano/sano_05035.jpg,sano_05035.jpg,.jpg,29619,224,224,RGB,008a7e25d1a92a93d3cead7370e7314ea716e5f5a7e295b59486ed758beac184,f089724ed30f72c6,True,
train,sano,dataset_curado_v3/train/sano/sano_05039.jpg,sano_05039.jpg,.jpg,26543,224,224,RGB,6813491d04be50fd48f806bdab41600c903d24263e9fe9d764082a505183df6a,d3fecd958864f408,True,
train,sano,dataset_curado_v3/train/sano/sano_05068.jpg,sano_05068.jpg,.jpg,28652,224,224,RGB,5a3fcc4301a95047c53b2c24c9283d350bc730ff11a9a5e33170bb0e19ba7cd1,f996c5f01e27980e,True,
train,sano,dataset_curado_v3/train/sano/sano_05101.jpg,sano_05101.jpg,.jpg,21671,224,224,RGB,30120efe89a57192cf12d74bc3906b2ccfb17a5381ad1fe245bc8b028f339f1a,d1266ef2cc9b320d,True,
train,sano,dataset_curado_v3/train/sano/sano_05222.jpg,sano_05222.jpg,.jpg,23061,224,224,RGB,031ebf8e5d87b1792ad08d3a28411e3deafef2488e7ee9254b3a0e6bc98a2ecf,d0d946a66f9624e9,True,
train,sano,dataset_curado_v3/train/sano/sano_05227.jpg,sano_05227.jpg,.jpg,19069,224,224,RGB,3744d3142947a40466992c9d292f07a0aa33057bd6e49ced51eea95a94c944f6,899653e3ccac344f,True,
train,sano,dataset_curado_v3/train/sano/sano_05242.jpg,sano_05242.jpg,.jpg,30144,224,224,RGB,0837f4fadf9d24e7a255045883a00c8e261e5db04df8ef0649dfd596d6e62573,f0d8ea341c44f66e,True,
train,sano,dataset_curado_v3/train/sano/sano_05252.jpg,sano_05252.jpg,.jpg,26682,224,224,RGB,224134d7acbdd81a2bb596da9b840cd77bf5d396231a455ce3a84edb56a6cf81,d95ed8cbd94a1452,True,
train,sano,dataset_curado_v3/train/sano/sano_05283.jpg,sano_05283.jpg,.jpg,27208,224,224,RGB,0e64d3f985162f25ee32d4f5dba6de715aba6e97f4a1a51f93b58e75d6d60cef,bd9268eca0ad6917,True,
train,sano,dataset_curado_v3/train/sano/sano_05285.jpg,sano_05285.jpg,.jpg,25161,224,224,RGB,41ec9f71d199213e69c1148d3683200cd03b72e88c98209515eeba0ceec1dc11,87adca9225fa22cd,True,
train,sano,dataset_curado_v3/train/sano/sano_05290.jpg,sano_05290.jpg,.jpg,27947,224,224,RGB,7260c942d7949cfd6cbc6e5cd7580d7648b13daf30bf5b44ee104aae569528a8,d80f4e4bf28a2d3a,True,
train,sano,dataset_curado_v3/train/sano/sano_05305.jpg,sano_05305.jpg,.jpg,34880,224,224,RGB,1935a7ce81c90b27e5fe6914488732eeea00ef424140e410491e1ebc2f4b1c0a,8ecc3480d843efaf,True,
train,sano,dataset_curado_v3/train/sano/sano_05314.jpg,sano_05314.jpg,.jpg,34626,224,224,RGB,11f414410734d1fc3c2d533ff83380be719a58c04869caab5b3348910e966375,a4ddf12881dc96ae,True,
train,sano,dataset_curado_v3/train/sano/sano_05325.jpg,sano_05325.jpg,.jpg,23514,224,224,RGB,671ad2d6963f6ab47ab1322662e7135b7a7768602ab9c2f1c7c18c8a7792bedd,f38d68bca840af17,True,
train,sano,dataset_curado_v3/train/sano/sano_05339.jpg,sano_05339.jpg,.jpg,21751,224,224,RGB,4b23c6516d1fc96d71b57475973c78f319b513e749f598a78258d85b284fe712,e8e5139c35965ca3,True,
train,sano,dataset_curado_v3/train/sano/sano_05372.jpg,sano_05372.jpg,.jpg,25389,224,224,RGB,3dd0d7f461a74d0c27ed63a37f3bd3047b19661a642b76d85a362a4afaff8d7a,85e772296a5e34b2,True,
train,sano,dataset_curado_v3/train/sano/sano_05375.jpg,sano_05375.jpg,.jpg,18072,224,224,RGB,14ff309dc18fca8adf0d20282857c5014ac93e2941e6ff170fd5d24958fb6478,e235de662506cd9a,True,
train,sano,dataset_curado_v3/train/sano/sano_05389.jpg,sano_05389.jpg,.jpg,19975,224,224,RGB,43e019a6e1dc2a29dab85f7ddd42257cdea8503cf59e3bc0cef21a322a7cd0b0,e40779a49ea167b4,True,
train,sano,dataset_curado_v3/train/sano/sano_05407.jpg,sano_05407.jpg,.jpg,31048,224,224,RGB,5ac8bc0a61bddcf56147b620e91dc6ae6bdd0521283b9f69a75ccfd632fa1fd9,ca90707fc7b484d3,True,
train,sano,dataset_curado_v3/train/sano/sano_05413.jpg,sano_05413.jpg,.jpg,34495,224,224,RGB,2750c09661b4ae8e47de594fbd425bf41721cba52db970326b1eac165ee69bfb,fe9091ae0bb43c87,True,
train,sano,dataset_curado_v3/train/sano/sano_05438.jpg,sano_05438.jpg,.jpg,16301,224,224,RGB,1710ca4a1a6c76c563bc415b0f584ce4a30d582d00ca531edee53557a50ddc07,8dd9dbc5ca4644e2,True,
train,sano,dataset_curado_v3/train/sano/sano_05493.jpg,sano_05493.jpg,.jpg,31193,224,224,RGB,23f51169512886d2b3f5596627c2284072f9e17cb1dccbb29f2e85fac287a352,f5a38cd9ce542f20,True,
train,sano,dataset_curado_v3/train/sano/sano_05513.jpg,sano_05513.jpg,.jpg,30886,224,224,RGB,48d89931d00eb8a37648e34e25c459e1676c81dd4507e2a13472679c29750dd2,fa85045a0b713f76,True,
train,sano,dataset_curado_v3/train/sano/sano_05530.jpg,sano_05530.jpg,.jpg,32096,224,224,RGB,45fe70e84e77e1cb744ec5108153d81cd8088702e170f7756639e2b085fdab44,c0fee087b8ab9465,True,
train,sano,dataset_curado_v3/train/sano/sano_05622.jpg,sano_05622.jpg,.jpg,25146,224,224,RGB,56d86e3a1de8b2df6950868929eb6db8938e051f47ae04cf4d6dcd8bc145fc58,cc967244bf7850da,True,
train,sano,dataset_curado_v3/train/sano/sano_05743.jpg,sano_05743.jpg,.jpg,33920,224,224,RGB,0afa980e0662a156e406a6f04738c1f90bbe8ff791ab48374ac7654952965649,ec8c58e9e7b011b5,True,
train,sano,dataset_curado_v3/train/sano/sano_05776.jpg,sano_05776.jpg,.jpg,29028,224,224,RGB,0406a618845f441c62a8f32fee68be0c80005762fb99eda76fdd36b53b46a4ec,be42cba1a5981dd5,True,
train,sano,dataset_curado_v3/train/sano/sano_05829.jpg,sano_05829.jpg,.jpg,19773,224,224,RGB,730d107165c549b6b6bbd40f7b2cdd3a13244844cbb9e950df81e219485a026e,f069979e93c2ca61,True,
train,sano,dataset_curado_v3/train/sano/sano_05841.jpg,sano_05841.jpg,.jpg,34303,224,224,RGB,5698c004e76746b3c41923a37ad39c14288fcc86904bb84d2eb824510ac62acb,a3ccb519f610eb34,True,
train,sano,dataset_curado_v3/train/sano/sano_05868.jpg,sano_05868.jpg,.jpg,22664,224,224,RGB,5b32766e8b90bfced3151f7424d8a5a422ef31db4518d462172a0498ff7ad76a,8283b76e1e793961,True,
train,sano,dataset_curado_v3/train/sano/sano_05904.jpg,sano_05904.jpg,.jpg,22249,224,224,RGB,10b01d14c33543737f5a20e78a024e78153c335198891bbfc26f58f638f7c623,a0d892dac3ef2275,True,
train,sano,dataset_curado_v3/train/sano/sano_06080.jpg,sano_06080.jpg,.jpg,26749,224,224,RGB,4ee68b7cbf9a4846c9538e9903934d6ca6135337e037b793f7945791bbadda47,b969db375669a402,True,
train,sano,dataset_curado_v3/train/sano/sano_06156.jpg,sano_06156.jpg,.jpg,30133,224,224,RGB,497cdab31a47fc9eec417d11acd369d2bf52470da4717385204594f6116681ad,e19e801c7ed99257,True,
train,sano,dataset_curado_v3/train/sano/sano_06219.jpg,sano_06219.jpg,.jpg,16892,224,224,RGB,6d1c481b800af5f0f7d62fcf997850ba0197040cd81660254acaf64da434570c,c858f3539b50db58,True,
train,sano,dataset_curado_v3/train/sano/sano_06265.jpg,sano_06265.jpg,.jpg,18213,224,224,RGB,59773530e490ce41ca5878bdcf99fe64fb69922b680f29ae68f495d9b0653c52,e9d3dc6c8770c889,True,
train,sano,dataset_curado_v3/train/sano/sano_06442.jpg,sano_06442.jpg,.jpg,16135,224,224,RGB,21267ed704429413b9c8470f0588152d54403dc1f7ef3fe042b9c3abe9dbabbe,81b2dd5373b9d822,True,
train,sano,dataset_curado_v3/train/sano/sano_06472.jpg,sano_06472.jpg,.jpg,22211,224,224,RGB,334bdd10e6c65f04d5b4ca6aa5c029bcf4eee8835260de9358889e9f2acb2525,e3acc0e44b461f37,True,
train,sano,dataset_curado_v3/train/sano/sano_06479.jpg,sano_06479.jpg,.jpg,18217,224,224,RGB,52fec317b82a8c3791f80ddedfa778929970dea5c62763e8951194e3dd140d35,c18bbf6a9045bb26,True,
train,sano,dataset_curado_v3/train/sano/sano_06619.jpg,sano_06619.jpg,.jpg,32151,224,224,RGB,202a49303895e28a9f5b6391e14d2cc6b7c77048f1e305852df2b0f7cd0b2987,f7ad14e7043cf051,True,
train,sano,dataset_curado_v3/train/sano/sano_06691.jpg,sano_06691.jpg,.jpg,31498,224,224,RGB,69bfd9494612ca9c095e676b738139ab54fb72b9987938c1a3f3c438e3c7a702,9bf44e533cd0c256,True,
train,sano,dataset_curado_v3/train/sano/sano_06777.jpg,sano_06777.jpg,.jpg,28722,224,224,RGB,7115094b38679ab3031efd6adaa71aa704296fc6403ced77973d746acd55ecbe,9a6ce541bee5a48a,True,
train,sano,dataset_curado_v3/train/sano/sano_06850.jpg,sano_06850.jpg,.jpg,23165,224,224,RGB,0c459772e1151bfc05ba31446fa931d208a5a8aa1f29369e423af7546a23464d,cfa0b11133dd5671,True,
train,sano,dataset_curado_v3/train/sano/sano_07244.jpg,sano_07244.jpg,.jpg,32134,224,224,RGB,2373baa6a4a4d4072e1dca3e3deb32d09434185fe93dd06071051c132095e6a8,a61fe94cde60c21b,True,
train,sano,dataset_curado_v3/train/sano/sano_07307.jpg,sano_07307.jpg,.jpg,11648,224,224,RGB,2559f7aa57133f34b8148b60b5a15f6cbc56d64bc3b96edfa9f90da4f4d9259d,ecc09732ca3b6999,True,
train,sano,dataset_curado_v3/train/sano/sano_07391.jpg,sano_07391.jpg,.jpg,21008,224,224,RGB,1b903cdcf8efa5a840db4a9b8ebafad82d8bedc8dc88c65a77d8ccb852de8207,f1dd6360be1228ec,True,
train,sano,dataset_curado_v3/train/sano/sano_07459.jpg,sano_07459.jpg,.jpg,21077,224,224,RGB,16028995dfa41c0f7cfa3db5c0afe6fbb1529134f37b7f1cc1d2540ee19b8f4b,9c0947be568479da,True,
train,sano,dataset_curado_v3/train/sano/sano_07564.jpg,sano_07564.jpg,.jpg,25010,224,224,RGB,5264554480f04cd1cdb2d924252bb8c5db3cd429f3a069632f09f7ed6bd0c5f2,c07ee5310fc1e0d7,True,
train,sano,dataset_curado_v3/train/sano/sano_07684.jpg,sano_07684.jpg,.jpg,32543,224,224,RGB,09489d0b29f419b2c88c71192534537866d1d7a7da8693049fbfb108927f4999,f00f6de436c2b4c9,True,
train,sano,dataset_curado_v3/train/sano/sano_07788.jpg,sano_07788.jpg,.jpg,30728,224,224,RGB,1d8de4ea16dfe2eedd95eba70893a495eafb9ab6adde7262c1695135605a733f,a55cf9e6ce528702,True,
train,sano,dataset_curado_v3/train/sano/sano_07862.jpg,sano_07862.jpg,.jpg,35969,224,224,RGB,0fb244ae4e415344b2d908c214b2b27ff7d735b09f80f82a8eefad8605232d79,bec5b0ee803dcc8a,True,
train,sano,dataset_curado_v3/train/sano/sano_08034.jpg,sano_08034.jpg,.jpg,24018,224,224,RGB,1f574581dbea14cef00e6a9dce60b3a8f013c053beabe0549e0455a17c7bb5b3,92b187a3a199a7ab,True,
train,sano,dataset_curado_v3/train/sano/sano_08275.jpg,sano_08275.jpg,.jpg,35238,224,224,RGB,00b2b2bf3ce28318d23d9f09cf23aacf0269a7030240322e34c6444dca654afd,c929cd55f51eaa0a,True,
train,sano,dataset_curado_v3/train/sano/sano_08315.jpg,sano_08315.jpg,.jpg,22657,224,224,RGB,53e549a6c795431764c60442718622bbdbc429d14732add9c31c8d2b3d3ac589,a4e44f5cd8176c72,True,
train,sano,dataset_curado_v3/train/sano/sano_08476.jpg,sano_08476.jpg,.jpg,30535,224,224,RGB,3803eac39e90c4b9568d1d1a73187822e9493a75a566c02546fc62ae29bf348d,bef140331c59e176,True,
train,sano,dataset_curado_v3/train/sano/sano_08921.jpg,sano_08921.jpg,.jpg,22543,224,224,RGB,479d6315f97df26f80c45e2c51918dd9441fafd44b503edc6fc50537aa81311b,f844c9f0d11d227f,True,
train,sano,dataset_curado_v3/train/sano/sano_08929.jpg,sano_08929.jpg,.jpg,19136,224,224,RGB,50c949f06599515b2470db913b319ee54e592f39af13a3409f7f0272723c8cb5,867be105f41dfc06,True,
train,sano,dataset_curado_v3/train/sano/sano_08961.jpg,sano_08961.jpg,.jpg,29094,224,224,RGB,701e9aaebd229173fcdb6ba766619660f7540c8d49770bb08943c14a28187f96,ce93db81f86ea412,True,
train,sano,dataset_curado_v3/train/sano/sano_08963.jpg,sano_08963.jpg,.jpg,16275,224,224,RGB,6e4e88b1ccc243b12e3462c7270f1657037573619c3672b45a5cf287b4e40a5d,99934cd9a36e5929,True,
train,sano,dataset_curado_v3/train/sano/sano_09014.jpg,sano_09014.jpg,.jpg,20717,224,224,RGB,07d694cb962f7a012811602023891273edaf6bb61950fd2e2abb96fc995b1e0b,a7d9085f71704e8d,True,
train,sano,dataset_curado_v3/train/sano/sano_09017.jpg,sano_09017.jpg,.jpg,30576,224,224,RGB,6aa2ded4650ef85610a7c953b374a4ceb7afbffd1bcc5d98f9ccc4e9815ee7cb,9832a644b54cf74f,True,
train,sano,dataset_curado_v3/train/sano/sano_09122.jpg,sano_09122.jpg,.jpg,22955,224,224,RGB,67ee0f9166211ded193fb07cbc48636836faa06f6499c3916c8588d78a0273d0,f3cd39f030e94878,True,
train,sano,dataset_curado_v3/train/sano/sano_09377.jpg,sano_09377.jpg,.jpg,21488,224,224,RGB,0930b37eb84dad2bc2732a17e4200ffc56cba75453abe26ba154be611d5ccd64,bdb692b2d5aa4055,True,
train,sano,dataset_curado_v3/train/sano/sano_09539.jpg,sano_09539.jpg,.jpg,31826,224,224,RGB,201b0670d6bb38f92c5332f94ff5d424e6dbc18b3ddf2e9feb81a6c6e6e503e7,b889b3f6db04d215,True,
train,sano,dataset_curado_v3/train/sano/sano_09552.jpg,sano_09552.jpg,.jpg,26573,224,224,RGB,20d1f55f3b63fe366b57749535df4cfdff17092d98152f587f84f516a3bc8d2c,f2c5f02ea9b23133,True,
train,sano,dataset_curado_v3/train/sano/sano_09592.jpg,sano_09592.jpg,.jpg,30754,224,224,RGB,5f4ebb5b4661603953f9123bb211f08540f5a19aa18340836d60605e3754e3f3,e9f8964b9026e3d8,True,
train,sano,dataset_curado_v3/train/sano/sano_09617.jpg,sano_09617.jpg,.jpg,26886,224,224,RGB,18a0d82d86b3e31a307b7ac4828e3c04068a58f6c7d679cc1498327b675c6ebc,eb12a2345dcb958e,True,
train,sano,dataset_curado_v3/train/sano/sano_09965.jpg,sano_09965.jpg,.jpg,27059,224,224,RGB,1f676f1cd841638b2fbb909b634ea5eca8a9fffbedaaae2b84c5af32f03ec945,b8a7d8cf502f21d8,True,
train,sano,dataset_curado_v3/train/sano/sano_10183.jpg,sano_10183.jpg,.jpg,28128,224,224,RGB,43127abef428a5d330d57be361b84ae47df372ab3f546fa928d0e892c0342635,92a97c960f5cf2c8,True,
train,sano,dataset_curado_v3/train/sano/sano_10245.jpg,sano_10245.jpg,.jpg,24289,224,224,RGB,3b635dfde847aedd99b7415f0c6892e3fd7fc6dc54ed5e45c759a9613c3a1975,bc42359a3b6d968a,True,
train,sano,dataset_curado_v3/train/sano/sano_10254.jpg,sano_10254.jpg,.jpg,17574,224,224,RGB,6bb85162df6ad5bb9d358f35948c9c6e59c43a744c50ea1b759880d9565c4eea,dc2d77903b89e584,True,
train,sano,dataset_curado_v3/train/sano/sano_10344.jpg,sano_10344.jpg,.jpg,38011,224,224,RGB,0139bf1520e8f7b98c8d06f9b21a0466a95e3a30e2c8cd69ca4297a4d71f7ad9,b83e2da339d149cc,True,
train,sano,dataset_curado_v3/train/sano/sano_10386.jpg,sano_10386.jpg,.jpg,21330,224,224,RGB,0e4fe4357cccb196ed655f5eb626d6add7d963c9346ecf61d420e32f458be685,d54928b4936fe2e4,True,
train,sano,dataset_curado_v3/train/sano/sano_10411.jpg,sano_10411.jpg,.jpg,8828,224,224,RGB,6ef8f66b9687b7df78d4bc750c4efa7449c149f2ec9aa02ed3d50db251c55d55,eccc9b32b0cb6d84,True,
train,sano,dataset_curado_v3/train/sano/sano_10435.jpg,sano_10435.jpg,.jpg,25596,224,224,RGB,3dc80e32a42f1099c244a050e96ac6672b14f25962288158ed649c13aadbbc61,b3855fbb91508e54,True,
train,sano,dataset_curado_v3/train/sano/sano_10551.jpg,sano_10551.jpg,.jpg,20056,224,224,RGB,51f181fcd2655bcbb2957b0cc760de80f2167d24668f22257dbfbbf4883ab00f,f1cd83364453b46e,True,
train,sano,dataset_curado_v3/train/sano/sano_10562.jpg,sano_10562.jpg,.jpg,26175,224,224,RGB,01fae3dc269938ab135ade4ceda6b2b06b0b366a64003a8a2a3982e3fc5de9ff,a1b04acefe38cdc2,True,
train,sano,dataset_curado_v3/train/sano/sano_11097.jpg,sano_11097.jpg,.jpg,23398,224,224,RGB,2d99b47d84da347ccd4c0db838cc43347b81988803c57ca6fbb8aa548bcc8280,ce3301cc6f0dd14f,True,
train,sano,dataset_curado_v3/train/sano/sano_11131.jpg,sano_11131.jpg,.jpg,37260,224,224,RGB,3aefb9d1df7fd1012c429d0a4812ecaabfc6492535439e164c4dcc1b3e523d60,df887de20906b91e,True,
train,sano,dataset_curado_v3/train/sano/sano_11146.jpg,sano_11146.jpg,.jpg,31388,224,224,RGB,41c9bd3aae2841f25204a4673ab6d519aaeb2b38d591c327e828040075ac546d,a78c84dd9e962cf0,True,
train,sano,dataset_curado_v3/train/sano/sano_11302.jpg,sano_11302.jpg,.jpg,29658,224,224,RGB,0974bdd49f7bd9481f77befb6e7c5a3ed71ca2b306eecc34e32872784e0332f9,fd509778861ec21b,True,
train,sano,dataset_curado_v3/train/sano/sano_11313.jpg,sano_11313.jpg,.jpg,26460,224,224,RGB,06dc5050d42e1124f9b163844589950618be5810bc6d3208e120623900e5fe85,bed98160dd035ce6,True,
train,sano,dataset_curado_v3/train/sano/sano_11346.jpg,sano_11346.jpg,.jpg,28332,224,224,RGB,1ee107ddc5488e8c509f6ed430b008af76efaac29dd3142fd7a007da0031f175,b48ad4a4d87dc22f,True,
train,sano,dataset_curado_v3/train/sano/sano_11388.jpg,sano_11388.jpg,.jpg,23112,224,224,RGB,124e3a0a69f120f558ad10f5ec09f40f2a98edabb0a589493b3ebceea98ed139,bb848eff0a8781e1,True,
train,sano,dataset_curado_v3/train/sano/sano_11424.jpg,sano_11424.jpg,.jpg,23947,224,224,RGB,53058364a4bc16ab8bbeda0bfe4151573e7a871452d4b25f5e346a57c586bdf2,baced08c8969e752,True,
train,sano,dataset_curado_v3/train/sano/sano_11455.jpg,sano_11455.jpg,.jpg,28687,224,224,RGB,140e8cd001074c17a776ec8b8f1bc6d7d2fee6a2e24f3a1b360f15d6b9521ecc,fd898b749553a035,True,
train,sano,dataset_curado_v3/train/sano/sano_11542.jpg,sano_11542.jpg,.jpg,17805,224,224,RGB,5ff3d8337b82e40b27bdf61f964621b637677c2947c2d684627223fd4656b83c,e896cd31d648b3cc,True,
train,sano,dataset_curado_v3/train/sano/sano_11700.jpg,sano_11700.jpg,.jpg,30223,224,224,RGB,569d959c82ae4aedea0d5a8d5f394b61146385cbbc0d6919ab6b588cb2834db8,ecb88d2a19f311b9,True,
train,sano,dataset_curado_v3/train/sano/sano_11848.jpg,sano_11848.jpg,.jpg,32363,224,224,RGB,15b8be6560d9f798b11261f64828cda523b588f956bf60851537e8328b1fe34f,99e19f64e688d46a,True,
train,sano,dataset_curado_v3/train/sano/sano_11960.jpg,sano_11960.jpg,.jpg,14655,224,224,RGB,414c2587f14a1c5d9e05c530c3bfbcc11ca382393b3da4fedc77278e00f2b438,e699c1681ea4d937,True,
train,sano,dataset_curado_v3/train/sano/sano_12033.jpg,sano_12033.jpg,.jpg,26704,224,224,RGB,007dc3d71dc96734cabec06ce17c82565705a34b0f58bfaa122ab30579b58049,f25cdf02b4c5cb48,True,
train,sano,dataset_curado_v3/train/sano/sano_12306.jpg,sano_12306.jpg,.jpg,16845,224,224,RGB,46eb95bfa56e9b3645da8c1579ac9b2a9bf328a54725b038fbd40cd6da8d9a50,be9c814296e35a3d,True,
train,sano,dataset_curado_v3/train/sano/sano_12361.jpg,sano_12361.jpg,.jpg,26714,224,224,RGB,70a820d42a07e7e9efafcd1d9a9665fb13008bbb17f44bb46b848ae6cc8ac601,d5cd8435b3ec4a19,True,
train,sano,dataset_curado_v3/train/sano/sano_12364.jpg,sano_12364.jpg,.jpg,32263,224,224,RGB,6844dca75a6e6ad77083dcd5282bdf3e7269c155565396d612a3779b84a9682d,f5cf98abc18021be,True,
train,sano,dataset_curado_v3/train/sano/sano_12365.jpg,sano_12365.jpg,.jpg,35768,224,224,RGB,47ca441e86764a97fc5e2e25e5e345fe65dca0a205606edb7c1b8d7cdba825cd,93618c7b6ca7112f,True,
train,sano,dataset_curado_v3/train/sano/sano_12371.jpg,sano_12371.jpg,.jpg,36152,224,224,RGB,09580ca36b1e0094fce186ce45cd54e90c5612e8c63c07fedec5ea5f9f454d44,ec3187259567b466,True,
train,sano,dataset_curado_v3/train/sano/sano_12373.jpg,sano_12373.jpg,.jpg,35865,224,224,RGB,54d347dfd63552a759e71b6da0c0e1c5c46df10755d4742a6f29283c60bf472c,ee0dc278d16cb5c2,True,
train,sano,dataset_curado_v3/train/sano/sano_12375.jpg,sano_12375.jpg,.jpg,36155,224,224,RGB,14e2a523e74a771950c2e37f89023e86c658fd7193d91e0441426e072ee46366,e284e2a8d6f8cdf0,True,
train,sano,dataset_curado_v3/train/sano/sano_12377.jpg,sano_12377.jpg,.jpg,37240,224,224,RGB,4323737c1e9cb95ac994289e0041c88d186ab3173dae5ddd010ce6f6f6b2a238,f63e5141e00baeab,True,
train,sano,dataset_curado_v3/train/sano/sano_12380.jpg,sano_12380.jpg,.jpg,36402,224,224,RGB,59d83500625eb746d1ca6b4c9cb4e15c5941c3ee8fcba517b23fc57d59e72423,b49781d01f55f171,True,
train,sano,dataset_curado_v3/train/sano/sano_12385.jpg,sano_12385.jpg,.jpg,32898,224,224,RGB,7232ac02f400a2ad45581b6189757673ba05284f419cc46588b099370268c9f8,f196977206714cab,True,
train,sano,dataset_curado_v3/train/sano/sano_12386.jpg,sano_12386.jpg,.jpg,30275,224,224,RGB,51f68f56b9514a75f9220a4053384a25596b1f3eae8d2a5cb8ab064dfc04bd2a,a5d4f7257c1435c4,True,
train,sano,dataset_curado_v3/train/sano/sano_12387.jpg,sano_12387.jpg,.jpg,36015,224,224,RGB,7379120f6214e3b9aad03983aa57825da0df6510582697c22c5e89f75f6ab1fa,eb9d826b952e82e8,True,
train,sano,dataset_curado_v3/train/sano/sano_12389.jpg,sano_12389.jpg,.jpg,31957,224,224,RGB,5a2353ceca0dd0ae6b9c0fc590892e4da4bb35fe3e12cd8edf6ae0e048ff2417,e087972017256f77,True,
train,sano,dataset_curado_v3/train/sano/sano_12392.jpg,sano_12392.jpg,.jpg,35692,224,224,RGB,6e948145c0621f4a1c7afe21ed20ddaca95a903d18685ea14b1d93f2fa48059a,bb8e802f82609ffc,True,
train,sano,dataset_curado_v3/train/sano/sano_12393.jpg,sano_12393.jpg,.jpg,34823,224,224,RGB,5d00b62765ad6ee8f3f3be4f7c57252aa69ebe63e294a9c97b5f43eee2c1379e,bd7e802ccbf107e0,True,
train,sano,dataset_curado_v3/train/sano/sano_12395.jpg,sano_12395.jpg,.jpg,33294,224,224,RGB,2b6f29f58b03afffd43dad6c7471fd3526aa2eed5bd97c06ddbba404b04492c3,e905c67d84483dd7,True,
train,sano,dataset_curado_v3/train/sano/sano_12396.jpg,sano_12396.jpg,.jpg,37959,224,224,RGB,643c7314642279757c49c227431767f982dee66d59be7b46d0af83b8058e6632,ae8514fac3c5a0f9,True,
train,sano,dataset_curado_v3/train/sano/sano_12399.jpg,sano_12399.jpg,.jpg,36880,224,224,RGB,05611ef112b80eb265d1c0942d4cd8e7bfb1b8dd40b5b97e732f3b5a59719322,e6cecbe2cc4c9231,True,
train,sano,dataset_curado_v3/train/sano/sano_12401.jpg,sano_12401.jpg,.jpg,35755,224,224,RGB,3417c84558a6d9c8019132d3d28bba3b6f440bfb3678a6ebc61f2d208f71e871,e39e85308ee5bac4,True,
train,sano,dataset_curado_v3/train/sano/sano_12403.jpg,sano_12403.jpg,.jpg,37663,224,224,RGB,2675d0c0e98d458644424336529b404c74164c9ce60c3e8c7fa7f05a3856c06c,e395a1948ec98dba,True,
train,sano,dataset_curado_v3/train/sano/sano_12404.jpg,sano_12404.jpg,.jpg,38937,224,224,RGB,484b502b7fb680ef87ecfb3fc0ba2041a7c2a783991e30da67f9e1918fe63f27,f4ce61a206c1fa37,True,
train,sano,dataset_curado_v3/train/sano/sano_12405.jpg,sano_12405.jpg,.jpg,39193,224,224,RGB,4ec25b2973b4a4d1102f5ec7ede780357fdeeaa25c832b3fbb251de25a839cb7,f5d07a2a0d17845f,True,
train,sano,dataset_curado_v3/train/sano/sano_12406.jpg,sano_12406.jpg,.jpg,35786,224,224,RGB,558a5c9651b035ac9025837050168605193e4391679ffd472de4203a8d7fb177,aa80dcc2dcef92d8,True,
train,sano,dataset_curado_v3/train/sano/sano_12409.jpg,sano_12409.jpg,.jpg,24855,224,224,RGB,558885d03ea13dffa449cc16929e8662261d2078ef5bd645e65abed3af2cc469,f09c8f8070cccdf3,True,
train,sano,dataset_curado_v3/train/sano/sano_12413.jpg,sano_12413.jpg,.jpg,33475,224,224,RGB,2c6750137c18d1d1f0a331b1fcacf590d8b9c2f279b4e4451be714bf99465eaa,e29a8df59c45586a,True,
train,sano,dataset_curado_v3/train/sano/sano_12414.jpg,sano_12414.jpg,.jpg,35420,224,224,RGB,4f9e19ea4dbf126a0844a621c2dbb7f44f194affe332ad90e36de4f5eae22f82,f2b698d672985a70,True,
train,sano,dataset_curado_v3/train/sano/sano_12415.jpg,sano_12415.jpg,.jpg,38871,224,224,RGB,5cc1c2eb9cc04a54497f9020954a436224f5afeb185ff9ccdcdf7ae3afb9c06c,f5bdd8c26108e365,True,
train,sano,dataset_curado_v3/train/sano/sano_12417.jpg,sano_12417.jpg,.jpg,38231,224,224,RGB,54944dafd04e139c8234fe7d655d76296fdd40cedc3b1fb2b257aec0fea24678,e164c2238ed50f9f,True,
train,sano,dataset_curado_v3/train/sano/sano_12418.jpg,sano_12418.jpg,.jpg,32485,224,224,RGB,1ff6a685c899eba3f9a3000a56cdc3f78708e24d88d6200a53df51067949639f,f5cb83b4c7225a94,True,
train,sano,dataset_curado_v3/train/sano/sano_12422.jpg,sano_12422.jpg,.jpg,31840,224,224,RGB,41f21afd1f1389b39a83d5b7636c283814c2165975715ca7630b55c220f30166,c4f2d6e299c89197,True,
train,sano,dataset_curado_v3/train/sano/sano_12424.jpg,sano_12424.jpg,.jpg,35772,224,224,RGB,0b3f21a462db1f610bd9dd6dca25f477028bdf114ee5ccdac70d3785b908de1f,ed18b376d42a426b,True,
train,sano,dataset_curado_v3/train/sano/sano_12427.jpg,sano_12427.jpg,.jpg,35863,224,224,RGB,266bb43bbaa2dd53e10b513d265d879a23e63864e59cc61eeebbc7dce656eb0f,a39e8c1573e68caa,True,
train,sano,dataset_curado_v3/train/sano/sano_12431.jpg,sano_12431.jpg,.jpg,34287,224,224,RGB,1cb1f536d4f960b2e71e6a1e307b2f83a51e1235022a90dcc76fcf180a0293c3,a1a8c9cf98628ff8,True,
train,sano,dataset_curado_v3/train/sano/sano_12432.jpg,sano_12432.jpg,.jpg,30359,224,224,RGB,4c114550658605a33537708aa1f0da6219fc180781b731a55a9311983e869002,9f99a3da2047b961,True,
train,sano,dataset_curado_v3/train/sano/sano_12434.jpg,sano_12434.jpg,.jpg,33633,224,224,RGB,5d5534baf88c95dc2a337ae8d6f9fa496daef9f96219fd9487c02e5d57a94c60,f5c60b2ae5212af5,True,
train,sano,dataset_curado_v3/train/sano/sano_12439.jpg,sano_12439.jpg,.jpg,27017,224,224,RGB,5756ff1b07f9dd59bf5c6167e8fb19ac6bc4ebb86c71dfec80c362bc28baa088,bae0b953dc584e64,True,
train,sano,dataset_curado_v3/train/sano/sano_12443.jpg,sano_12443.jpg,.jpg,33464,224,224,RGB,26f27afc74afaf87f136426850e65bc9c466d071458570b3b48197c906bdd1da,9fae927d3c3402ca,True,
train,sano,dataset_curado_v3/train/sano/sano_12447.jpg,sano_12447.jpg,.jpg,33694,224,224,RGB,3c481e9b3b0e7a449229409b5934732c3195451f5f9e11defc474d506f0bc726,bed084d70e757298,True,
train,sano,dataset_curado_v3/train/sano/sano_12451.jpg,sano_12451.jpg,.jpg,33145,224,224,RGB,2fa1abe5618809a7724e46188507774cdee0a62a766dd96ee3b28b17854d1afb,a2bb94035c6a672f,True,
train,sano,dataset_curado_v3/train/sano/sano_12452.jpg,sano_12452.jpg,.jpg,34491,224,224,RGB,5cfcfeec62fd54950985a9217ffc3d188552172ef92ccc4bdabc638a514d355a,aa8ad07e037f3c13,True,
train,sano,dataset_curado_v3/train/sano/sano_12453.jpg,sano_12453.jpg,.jpg,34297,224,224,RGB,2ce5302ea38b844352293a251dfd4918e891c366c84e380531a31f777a822768,a98ddf2378371a0c,True,
train,sano,dataset_curado_v3/train/sano/sano_12455.jpg,sano_12455.jpg,.jpg,33633,224,224,RGB,6060590a4f84cc1c013ba452b8d9ff22b27f1b14e8ced30ee0e19603f20593b7,905f889792ea957a,True,
train,sano,dataset_curado_v3/train/sano/sano_12459.jpg,sano_12459.jpg,.jpg,32338,224,224,RGB,52b811698057da0fa9fcad13c98cb1f7297d81f9cf5060473bb4f964b5e43032,f025cfa0d5cb2cc3,True,
train,sano,dataset_curado_v3/train/sano/sano_12462.jpg,sano_12462.jpg,.jpg,35344,224,224,RGB,618ae3c9bf6066ca744e35e65b5b3ab309f98e8be460abffc1aa53c9107c30b9,e36ee1a7cea90c50,True,
train,sano,dataset_curado_v3/train/sano/sano_12463.jpg,sano_12463.jpg,.jpg,35608,224,224,RGB,3009b8d746dc3b7245ddf901fb286fecbcf4109cae2512e82a925a6da446f9f6,c31ec5d3d88f341c,True,
train,sano,dataset_curado_v3/train/sano/sano_12466.jpg,sano_12466.jpg,.jpg,37306,224,224,RGB,61fe65902ea328488ae42a8305ac6c5275ccda3d292f0f750b633ee63ade50b3,cba8f6b681d12f48,True,
train,sano,dataset_curado_v3/train/sano/sano_12469.jpg,sano_12469.jpg,.jpg,36723,224,224,RGB,29995b3e86c01a0b9b4674eb49e7ea92120d4b3f8071ed891351a5fb24096723,968bf483fe203738,True,
train,sano,dataset_curado_v3/train/sano/sano_12471.jpg,sano_12471.jpg,.jpg,37547,224,224,RGB,68f7d8458527de1052deb13f377b47922a2ba2e6e261699785a7a6dc22dd7a6e,f38a4d4747622979,True,
train,sano,dataset_curado_v3/train/sano/sano_12473.jpg,sano_12473.jpg,.jpg,33982,224,224,RGB,70296becfa0a80721031a8bd1dcd50696ab823727fd165f20babcff611658586,e13678ec26a91e69,True,
train,sano,dataset_curado_v3/train/sano/sano_12478.jpg,sano_12478.jpg,.jpg,32661,224,224,RGB,6135172b730d0343f28786d055583997d41dccdeabf0e98f4e8f7b8585106c35,c025deb179de254c,True,
train,sano,dataset_curado_v3/train/sano/sano_12479.jpg,sano_12479.jpg,.jpg,34582,224,224,RGB,5a2f107800a7e461a1daf89ddbb3e2497a638c55be2c38ed3db32b484a08dbab,a827a5c9a49b5d36,True,
train,sano,dataset_curado_v3/train/sano/sano_12480.jpg,sano_12480.jpg,.jpg,32928,224,224,RGB,5b2bc5adb1d19e1ca066b2641a1fe51813d7761d87ff3b995f141064f30c2f46,fc0309ad568a2bdd,True,
train,sano,dataset_curado_v3/train/sano/sano_12484.jpg,sano_12484.jpg,.jpg,35555,224,224,RGB,6a150a837c0fea0df5d3e6c3de2403beac266047a07015ff75a97eca0fbe837c,c56e3ca22a9ea1da,True,
train,sano,dataset_curado_v3/train/sano/sano_12485.jpg,sano_12485.jpg,.jpg,35452,224,224,RGB,0e169478f45cb2d4efcc2992ddb5a433f91951eecab8fbf0bdbc2cd9a54afc9f,e17ef0d5ea8582b0,True,
train,sano,dataset_curado_v3/train/sano/sano_12488.jpg,sano_12488.jpg,.jpg,34396,224,224,RGB,20e518df0bcd86f6253e9518a0ddf7de5d2db3b861b201549918b84df406a66b,af2339847710ce73,True,
train,sano,dataset_curado_v3/train/sano/sano_12490.jpg,sano_12490.jpg,.jpg,33766,224,224,RGB,4638f3170866c1db145642c88407ba6d602ea5d7970f9d72f1733bde6c406526,c04f0f64daabdca2,True,
train,sano,dataset_curado_v3/train/sano/sano_12491.jpg,sano_12491.jpg,.jpg,36400,224,224,RGB,1c768c4d03d615f6c5ad69caecb7ba9c8652453a183033cc6d27d4fba739919f,d2ea2f25525b0f2c,True,
train,sano,dataset_curado_v3/train/sano/sano_12495.jpg,sano_12495.jpg,.jpg,33960,224,224,RGB,6b0ee1b5bf4835f71d0664cedb20219c5ccf5758305a3dc671eadb49f4521d44,f1dfb48a4142e996,True,
train,sano,dataset_curado_v3/train/sano/sano_12496.jpg,sano_12496.jpg,.jpg,36349,224,224,RGB,690d8f7bb2a7db4fbfbaaa47b6fe8bdd5d1793b47efab055ed172ad91fffeec3,d649cf90c93ee033,True,
train,sano,dataset_curado_v3/train/sano/sano_12502.jpg,sano_12502.jpg,.jpg,36475,224,224,RGB,3cf326e3cc41144a7771ca166b906a3c14ce2101b3c460a29b1ee4915b4ee4d3,e9f39608a235a86f,True,
train,sano,dataset_curado_v3/train/sano/sano_12505.jpg,sano_12505.jpg,.jpg,36801,224,224,RGB,35a3924fb29c66af682730fadf9f461b301f59972417e9cf7a90e57a32e9f4c4,f2a3d44aa95cf126,True,
train,sano,dataset_curado_v3/train/sano/sano_12507.jpg,sano_12507.jpg,.jpg,39248,224,224,RGB,16aa4d1596fa66dc9765a979aefafa9e9e017373fa79410edc6d33a41862dc99,bafce9ab980b0564,True,
train,sano,dataset_curado_v3/train/sano/sano_12508.jpg,sano_12508.jpg,.jpg,38789,224,224,RGB,29edcf1a4836e87e14d958b12700cafa6a6e2f482408608abce8a5b76989cdab,eea4d283e072eccc,True,
train,sano,dataset_curado_v3/train/sano/sano_12509.jpg,sano_12509.jpg,.jpg,38182,224,224,RGB,500abfa60f3a17ed7ffc86082574df9f1577d22dab083d665a479b945180c5e3,eaa3e284e4d2e56c,True,
train,sano,dataset_curado_v3/train/sano/sano_12510.jpg,sano_12510.jpg,.jpg,30896,224,224,RGB,22a1c7ca19019ad397ef88278a4e19a1a555fc31f18dd33e14cedb565e15b525,fac3899e0face00b,True,
train,sano,dataset_curado_v3/train/sano/sano_12513.jpg,sano_12513.jpg,.jpg,37366,224,224,RGB,3f7c3856e3c3f9eb98cc39cf29fdbd55b8124184ae663ece286869138ae59019,b9f1bcc3c34c898a,True,
train,sano,dataset_curado_v3/train/sano/sano_12516.jpg,sano_12516.jpg,.jpg,34440,224,224,RGB,18074be70da1cb35a1847e45ed8b58bc29625a2ff5cab6db515714dc8da211e0,ff8880f6812e7659,True,
train,sano,dataset_curado_v3/train/sano/sano_12518.jpg,sano_12518.jpg,.jpg,34403,224,224,RGB,3f3c4806244129c170b36c537dcf38fa606df37a7e737ea198a5c520acf68b97,eb956a3c8431f516,True,
train,sano,dataset_curado_v3/train/sano/sano_12524.jpg,sano_12524.jpg,.jpg,34897,224,224,RGB,4b43c83897e5f6297f38eec4a657c48dc0a6dbb8537287ffd37bd1ea778545b0,f333da352d5a054c,True,
train,sano,dataset_curado_v3/train/sano/sano_12525.jpg,sano_12525.jpg,.jpg,32298,224,224,RGB,1aeda252fb86ccf9735b01186aea7fa4ef4a1f6bec517ef82026a34df6de9c0f,ee5e94e244b56895,True,
train,sano,dataset_curado_v3/train/sano/sano_12526.jpg,sano_12526.jpg,.jpg,33402,224,224,RGB,61ce6bc904c20541891b49144afa5f57ac9f66dc6596685b8dac300a23dfc0bf,b8cd8ffe0cb23680,True,
train,sano,dataset_curado_v3/train/sano/sano_12529.jpg,sano_12529.jpg,.jpg,35156,224,224,RGB,481781569608c6ba77762e15c6795055f9f97a6a0207e2fd5e262038f99497b3,bccb48bca5c8e84d,True,
train,sano,dataset_curado_v3/train/sano/sano_12530.jpg,sano_12530.jpg,.jpg,34967,224,224,RGB,6dbd75a54bdd9a6b9d85ab76461e86840c29cc9610ef8331444bb0443eff3dab,b6ef84465b42468f,True,
train,sano,dataset_curado_v3/train/sano/sano_12531.jpg,sano_12531.jpg,.jpg,35802,224,224,RGB,37b1c3e7c04d80ee04f24dec9200dc728fadcfc7b2710ee0acd4be97fdc31adb,b3c6dab742b8520e,True,
train,sano,dataset_curado_v3/train/sano/sano_12533.jpg,sano_12533.jpg,.jpg,35456,224,224,RGB,6d1d710252bd6214f1d5ba38c7ee0006dabb3e0041a4fb9283cc5885833b3185,b2cdd8b0fdf0c098,True,
train,sano,dataset_curado_v3/train/sano/sano_12534.jpg,sano_12534.jpg,.jpg,37108,224,224,RGB,439fa04d1bc71fb59e23ecf339e33a6fd4c8ab659bee284e16a348daf867a495,a282b1e1acec87f9,True,
train,sano,dataset_curado_v3/train/sano/sano_12541.jpg,sano_12541.jpg,.jpg,37717,224,224,RGB,2da7a44a9a5803e32dc91d387f2f0594cc718d4e85c07d6d805402d4f542a2e6,bafd9962c4288957,True,
train,sano,dataset_curado_v3/train/sano/sano_12545.jpg,sano_12545.jpg,.jpg,35592,224,224,RGB,2d8ace30025b88e0d46532fca3db97c6312ea16285a74abccfd1b020e72c4e3a,f0eed01599852f9a,True,
train,sano,dataset_curado_v3/train/sano/sano_12546.jpg,sano_12546.jpg,.jpg,35785,224,224,RGB,1f863c6406e99208490109933f4713506f00c25e803033992c9e00cc1892b071,bbe6b1d9c4069859,True,
train,sano,dataset_curado_v3/train/sano/sano_12549.jpg,sano_12549.jpg,.jpg,34296,224,224,RGB,4619673cdc35cc36e5a7afa7265c0635818e6e8c571ccb75160267e0787f5365,e6ce1a89d635c992,True,
train,sano,dataset_curado_v3/train/sano/sano_12550.jpg,sano_12550.jpg,.jpg,33479,224,224,RGB,3f2a8684bdae816ab29283fab22a48192b9a259e6fdc1302938d1d1c7ee8a742,a7bd90bca6d0e146,True,
train,sano,dataset_curado_v3/train/sano/sano_12553.jpg,sano_12553.jpg,.jpg,38198,224,224,RGB,74348b0072e333c49fe7483266ad2e8c636ffc23a5ad6bac6e31ed37de3aba21,ac9497e59c4666e8,True,
train,sano,dataset_curado_v3/train/sano/sano_12556.jpg,sano_12556.jpg,.jpg,36000,224,224,RGB,529c471252cbdc24dcc3bed5173ca7d253d2332d51d6824e4dfe1b5dbc1c55f0,e79cddc3d0688d06,True,
train,sano,dataset_curado_v3/train/sano/sano_12558.jpg,sano_12558.jpg,.jpg,30607,224,224,RGB,0c35efc6cd179c800e9cc496759aee4f1682f164649302252d2bf05f3b753302,f7c8c0e4dca51cb8,True,
train,sano,dataset_curado_v3/train/sano/sano_12563.jpg,sano_12563.jpg,.jpg,37345,224,224,RGB,060ef35ae472cb0595627215ec13f21073c24966853cc307bc2d731f3e2a9b02,a3afd0209c7d7c61,True,
train,sano,dataset_curado_v3/train/sano/sano_12564.jpg,sano_12564.jpg,.jpg,34230,224,224,RGB,5942a60695926fe9aeb6661d1baed408486c4473009028cfb26d2371c5b3e4f0,80dc4b265b8f1be6,True,
train,sano,dataset_curado_v3/train/sano/visual_balance_sano_00143.jpg,visual_balance_sano_00143.jpg,.jpg,27664,224,224,RGB,a65089bf1adca9f6e602e68ac3ec114b2c3dd6fad8578c5bd2ec616a3869ae22,e08dc78a9f2750dc,True,
train,sano,dataset_curado_v3/train/sano/visual_balance_sano_00149.jpg,visual_balance_sano_00149.jpg,.jpg,29578,224,224,RGB,b1da8455bc282d05e8f1886bfce91be4ec7301b907efa45f55b0d37205a5c5c9,9df83b8bdd900383,True,
train,sano,dataset_curado_v3/train/sano/visual_balance_sano_00306.jpg,visual_balance_sano_00306.jpg,.jpg,35957,224,224,RGB,aa8364d5541d8b799b9c63e312b4bedcd5d0b5da2ecb37301d1fba6beb3a4fa9,bf65db16e940a431,True,
train,sano,dataset_curado_v3/train/sano/visual_balance_sano_00668.jpg,visual_balance_sano_00668.jpg,.jpg,18182,224,224,RGB,adc3a6d8ac2a8eb5142094dd28130cf68d5d664925d8cb10527fd1e081f0f8cf,fe454936a26bab14,True,
train,sano,dataset_curado_v3/train/sano/visual_balance_sano_00936.jpg,visual_balance_sano_00936.jpg,.jpg,19033,224,224,RGB,ae1da4aab8d3ecab8e1e2e99564dee792c0289331e86db7bc8dde8b292dd7c43,bc49c334995aad5a,True,
train,sano,dataset_curado_v3/train/sano/visual_balance_sano_00954.jpg,visual_balance_sano_00954.jpg,.jpg,31923,224,224,RGB,a7b85dcc12974e39a2ff1b5a7686d2fb548a67eb4d0d053e801b1a2866e4379e,f070e3f31c97e130,True,
train,sano,dataset_curado_v3/train/sano/visual_balance_sano_01008.jpg,visual_balance_sano_01008.jpg,.jpg,17518,224,224,RGB,a69489a4910805c4dbee4bbf10add2be07dd0fe32bbca1a374d0a2752b9e5c08,f2e99a458b3c89d2,True,
train,sano,dataset_curado_v3/train/sano/visual_balance_sano_01560.jpg,visual_balance_sano_01560.jpg,.jpg,16397,194,259,RGB,a680bec01877ca1c366099dc2c679522ece1f07914011fc48253fcc4c7b5fde7,9ba2724d4a3231df,True,
train,sano,dataset_curado_v3/train/sano/visual_balance_sano_01577.jpg,visual_balance_sano_01577.jpg,.jpg,9956,259,194,RGB,ae2cdf615b5b6c92cd76c187de899c52140cf1d79388bac339d7e50f156e9f0e,dc0bd6f222176d8a,True,
train,sano,dataset_curado_v3/train/sano/visual_balance_sano_01589.jpg,visual_balance_sano_01589.jpg,.jpg,27449,389,280,RGB,a8c18b2a27d4e1ed7b2c7d57000cd9e7edc4eb6872cfc6cc442ed38f5ea76b63,f910e4669d59b169,True,
train,sano,dataset_curado_v3/train/sano/visual_balance_sano_01766.jpg,visual_balance_sano_01766.jpg,.jpg,7328,183,275,RGB,ad473127b7977cf2a6f267e32b96557a7e053c60bc155205f581fbb4dcd40347,c6be00da6d46e6c9,True,
train,sano,dataset_curado_v3/train/sano/visual_balance_sano_01840.jpg,visual_balance_sano_01840.jpg,.jpg,10986,194,259,RGB,afed40fc263bc769bbb0f6ac4fc65d9eb34557b241602f3d5a5cca1c6982538b,a5657c330a581e9f,True,
train,sano,dataset_curado_v3/train/sano/visual_balance_sano_02024.jpg,visual_balance_sano_02024.jpg,.jpg,88330,800,480,RGB,ac53352c745321341772216bbd016393300dbbdf82f264beff99792ba92c994a,8ec93f90e166a63a,True,
train,sano,dataset_curado_v3/train/sano/visual_balance_sano_02243.jpg,visual_balance_sano_02243.jpg,.jpg,6294,275,183,RGB,a77eb362f1df59720a4053cdaf41bc4ca96235795495c63dec75e05dd918cb0d,ebd08a3afc51f920,True,
train,sano,dataset_curado_v3/train/sano/visual_balance_sano_02253.jpg,visual_balance_sano_02253.jpg,.jpg,13948,225,225,RGB,a96c214d29f61672e02e77c5dcea47d860b08b6dcd36d3660819b0229c660996,94b1961e02c735ef,True,
train,sano,dataset_curado_v3/train/sano/visual_balance_sano_02373.jpg,visual_balance_sano_02373.jpg,.jpg,57633,600,401,RGB,a59f13e0a022a7cfeb2ea27981c14e0abad943cda937344c2b17aa68e6f1d521,bfc79038c8382f39,True,
train,sano,dataset_curado_v3/train/sano/visual_balance_sano_02448.jpg,visual_balance_sano_02448.jpg,.jpg,52281,1024,590,RGB,a56f25469080b6f046a0bca491782f3408b09fc08ab3b7da07610e7c1d633d5a,990b381a72b557ce,True,
train,sano,dataset_curado_v3/train/sano/visual_balance_sano_02613.jpg,visual_balance_sano_02613.jpg,.jpg,243841,600,600,RGBA,aef89e996f69fe220c6803be9f5d7d005466fbdb0a6747f9890f5197c6c3fa85,e9b6a519c31acb92,True,
train,sano,dataset_curado_v3/train/sano/visual_balance_sano_02663.jpg,visual_balance_sano_02663.jpg,.jpg,8968,259,194,RGB,a58e79b3c3dda8ba1b2830da42576a227183fd2791ab70738ed5af49288ff3b9,8e86e507d5616dd8,True,
train,sano,dataset_curado_v3/train/sano/visual_balance_sano_03008.jpg,visual_balance_sano_03008.jpg,.jpg,32989,224,224,RGB,b06cf9adc546b91c828ed970c3e40fbb056815ba35cf790a4f7e98e7b0003497,bdf378ec539061c0,True,
train,sano,dataset_curado_v3/train/sano/visual_balance_sano_03436.jpg,visual_balance_sano_03436.jpg,.jpg,28169,224,224,RGB,ae0e929ae6a34d12ea5f75518486c1db26b34880ef9c49dd324549451c4b3739,e196bab5021e6d71,True,
train,sano,dataset_curado_v3/train/sano/visual_balance_sano_03492.jpg,visual_balance_sano_03492.jpg,.jpg,26724,224,224,RGB,b004264d72bd1977787ecb741cbd13dbe30b8410768c84827081f4d76ed5ca67,829214e76999cff4,True,
train,sano,dataset_curado_v3/train/sano/visual_balance_sano_03922.jpg,visual_balance_sano_03922.jpg,.jpg,32567,224,224,RGB,a6df5ca33e12af1865d833535130f8c566048fbc92d9727000808bed378df505,d580782e79683b73,True,
train,sano,dataset_curado_v3/train/sano/visual_balance_sano_04286.jpg,visual_balance_sano_04286.jpg,.jpg,30045,224,224,RGB,a5f4e477f517849afe130a79a6474448af45f9c1aadb52485f7ae01606e44a6a,bc3c9b55d05ef802,True,
train,sano,dataset_curado_v3/train/sano/visual_balance_sano_04372.jpg,visual_balance_sano_04372.jpg,.jpg,19270,224,224,RGB,ab743b377c90127690975bc0d768c69217afdffb44ffdfe1f3aeaa2b24c1381e,86295957a909b77c,True,
train,sano,dataset_curado_v3/train/sano/visual_balance_sano_05228.jpg,visual_balance_sano_05228.jpg,.jpg,32535,224,224,RGB,a60f21e8345932db8be8dc8280c051c44638b097633e67c6c563887e48fe6963,f47b0dc9f386c490,True,
train,sano,dataset_curado_v3/train/sano/visual_balance_sano_05508.jpg,visual_balance_sano_05508.jpg,.jpg,28397,224,224,RGB,a56fdd21fd835901cd7f67122407c4ba65bdb7f1bd9dcc8f76820b9d0e888a8e,bbf88890f86c9b0b,True,
train,sano,dataset_curado_v3/train/sano/visual_balance_sano_05921.jpg,visual_balance_sano_05921.jpg,.jpg,25711,224,224,RGB,b0f5b36b8b4538929a636981a97063a9b2b4edc9c7540866b9bf851d00be0c0f,ce32b3be8488c6cb,True,
train,sano,dataset_curado_v3/train/sano/visual_balance_sano_07323.jpg,visual_balance_sano_07323.jpg,.jpg,20344,224,224,RGB,a89e0c71e5a0a4790b91bfeb25d42715207fb41b6045084abb49c5579a600917,d6ce67716549980d,True,
train,sano,dataset_curado_v3/train/sano/visual_balance_sano_07588.jpg,visual_balance_sano_07588.jpg,.jpg,33764,224,224,RGB,a739145f52810d52f8803d88078be5cc2a8053f2dbfe062dc26b6444de8b7729,c03f837f211fa0ba,True,
train,sano,dataset_curado_v3/train/sano/visual_balance_sano_08742.jpg,visual_balance_sano_08742.jpg,.jpg,26863,224,224,RGB,a9a6556d174d472e7c46eb9ea8a3be6cd80833c2a6d69281dc1a86a92e167cec,c7fc859e186750c5,True,
train,sano,dataset_curado_v3/train/sano/visual_balance_sano_09491.jpg,visual_balance_sano_09491.jpg,.jpg,26302,224,224,RGB,af6ad7d8cf5027b464abdc2c3860f33d9a86da0828d9d04c2a6f108f3ce42f06,fb9a9c1d41ecc10b,True,
train,sano,dataset_curado_v3/train/sano/visual_balance_sano_09635.jpg,visual_balance_sano_09635.jpg,.jpg,34053,224,224,RGB,b0a7ebbfd433ea57511604f08a2d7a54383db0c2205d898789ebad82db609803,91b6a71a37381727,True,
train,sano,dataset_curado_v3/train/sano/visual_balance_sano_09710.jpg,visual_balance_sano_09710.jpg,.jpg,30715,224,224,RGB,aa7e875698cb75ead7515a2a468923d3e02224f161d96b0b6935b209f0b4fcb3,ae88855e63b5905f,True,
train,sano,dataset_curado_v3/train/sano/visual_balance_sano_10066.jpg,visual_balance_sano_10066.jpg,.jpg,21180,224,224,RGB,aaba18eeb01403c0228e371a13d4da49fafe77fff60daf5f00bb4fd77d110145,8c1bb09ccb3cfe44,True,
train,sano,dataset_curado_v3/train/sano/visual_balance_sano_11570.jpg,visual_balance_sano_11570.jpg,.jpg,34849,224,224,RGB,a74883aa5280ead261a2725d0b552e9ca95f2dafb4996c94788608037577cd62,97838ea22943eafa,True,
train,sano,dataset_curado_v3/train/sano/visual_balance_sano_12363.jpg,visual_balance_sano_12363.jpg,.jpg,36394,224,224,RGB,ac600ac9a4552e2be602acc4de5d82c59e6b53f3b27e91d37c2bec857f9553e5,b6db85a2998dd4c2,True,
train,sano,dataset_curado_v3/train/sano/visual_balance_sano_12370.jpg,visual_balance_sano_12370.jpg,.jpg,32774,224,224,RGB,b0efe985070fce7fd97a4e857f79185ce19b2896cc8292af9dc4046499bdfb48,e17cd10a8e3ab69c,True,
train,sano,dataset_curado_v3/train/sano/visual_balance_sano_12398.jpg,visual_balance_sano_12398.jpg,.jpg,35891,224,224,RGB,a704b3a67b0206e06ea1c178edace7ffacfb88d090bf70c5c00315c202271aba,b7dc82a3d838833b,True,
train,sano,dataset_curado_v3/train/sano/visual_balance_sano_12419.jpg,visual_balance_sano_12419.jpg,.jpg,37912,224,224,RGB,ac53596ed5db1647716afa60b44b1d3846c3fb40f34bcd54895d5d55adc4c19e,f0a99e19e95aca0d,True,
train,sano,dataset_curado_v3/train/sano/visual_balance_sano_12423.jpg,visual_balance_sano_12423.jpg,.jpg,37290,224,224,RGB,b1c3ec49414f15f635fab15a1d2a2a4c4035bb6fac676544013270e3daa83c5c,a313c246bd4a8bf9,True,
train,sano,dataset_curado_v3/train/sano/visual_balance_sano_12428.jpg,visual_balance_sano_12428.jpg,.jpg,36452,224,224,RGB,abb7d9bbe59c4cf164b72af5bffb283a1665b0802bb97635556c443c8e467d52,a0dacb16792996ec,True,
train,sano,dataset_curado_v3/train/sano/visual_balance_sano_12430.jpg,visual_balance_sano_12430.jpg,.jpg,34994,224,224,RGB,a60619122677487a288c0051ca05843e53da4bed0126fcd8fb1b66dd79ad6740,9ccc934751ad666a,True,
train,sano,dataset_curado_v3/train/sano/visual_balance_sano_12457.jpg,visual_balance_sano_12457.jpg,.jpg,36491,224,224,RGB,b198b315a26fa9bdbbf57c92976cd18877e49453ec87c2ade0719381b9d71e18,e33c4279acd770a4,True,
train,sano,dataset_curado_v3/train/sano/visual_balance_sano_12499.jpg,visual_balance_sano_12499.jpg,.jpg,36381,224,224,RGB,b12cf47cf63f39215ca9959dd855331daef738751b02f7a3c85bbfd53e21f13f,fff08942d4183f32,True,
train,sano,dataset_curado_v3/train/sano/visual_balance_sano_12511.jpg,visual_balance_sano_12511.jpg,.jpg,36208,224,224,RGB,b257d6a4b45f5a68768c80b326fa0377c8c8d894243a514c155ab06cb0d03ea8,fff990cca380d192,True,
train,sano,dataset_curado_v3/train/sano/visual_balance_sano_12548.jpg,visual_balance_sano_12548.jpg,.jpg,34539,224,224,RGB,b14bdc6d70d5197902dda5844f1dc2ec36273e3d772018b10722289bc0835fc9,a4e7d20cdb3a0e1b,True,
train,sano,dataset_curado_v3/train/sano/visual_balance_sano_12555.jpg,visual_balance_sano_12555.jpg,.jpg,37478,224,224,RGB,aca831709f29f65eddb0250e1ffc7bc7b1862331ef788c11f11cb815a251dd3d,a49c95e99ec2a1ec,True,
train,sano,dataset_curado_v3/train/sano/visual_balance_sano_12560.jpg,visual_balance_sano_12560.jpg,.jpg,36554,224,224,RGB,ac523423ca2f08d92ebda296d718f4081a6d65366b8845beccb3f4db0473d999,e299d886c47d7370,True,
validation,atencion,dataset_curado_v3/validation/atencion/atencion_00197.jpg,atencion_00197.jpg,.jpg,22710,224,224,RGB,b70ad1c990c71f89a48a6074acc9d51ce9aa3c92b83e48271dfa312b7420d3dc,898530aec71db5b3,True,
validation,atencion,dataset_curado_v3/validation/atencion/atencion_00209.jpg,atencion_00209.jpg,.jpg,22161,224,224,RGB,c2e5e17c91a60c7ab90a899c9379b27e499444d9e2c17e22a55fa0659bc35a0c,89726a5c16d69f16,True,
validation,atencion,dataset_curado_v3/validation/atencion/atencion_00223.jpg,atencion_00223.jpg,.jpg,23592,224,224,RGB,e07b4f7821de312aac0e1fb424865c9aa257348b30c326abc3bf09d0ab8dcf89,d37a2c6d840e9a3b,True,
validation,atencion,dataset_curado_v3/validation/atencion/atencion_00239.jpg,atencion_00239.jpg,.jpg,27838,224,224,RGB,cc96df2bf29d0957ad36b40595042aaa8a034564ad1c66b2af3caee5f7dfae19,c49339b932e6643e,True,
validation,atencion,dataset_curado_v3/validation/atencion/atencion_00272.jpg,atencion_00272.jpg,.jpg,22011,224,224,RGB,de94179579786e34ecce7a11f9d6774ca8651c78977203aee9e87b32a00def8b,ce11b8668c75d963,True,
validation,atencion,dataset_curado_v3/validation/atencion/atencion_00289.jpg,atencion_00289.jpg,.jpg,30418,224,224,RGB,d205c60bb1c7cfcf40105ce11675b0849d7bea5fc9568bc57070787313bbe14e,a3a80cc3d61ebf4c,True,
validation,atencion,dataset_curado_v3/validation/atencion/atencion_00302.jpg,atencion_00302.jpg,.jpg,16499,224,224,RGB,da33ef5ce5c08f37a34fe962b38c97226af4b710855ec20f59aecad671bec443,c008147bfcfcf2d2,True,
validation,atencion,dataset_curado_v3/validation/atencion/atencion_00453.jpg,atencion_00453.jpg,.jpg,12593,224,224,RGB,daf0b54d8002ad68e3f918b1f07ffcda299c95645222da7947e89c8a2b52bcb7,dee1e11e81e11e99,True,
validation,atencion,dataset_curado_v3/validation/atencion/atencion_00481.jpg,atencion_00481.jpg,.jpg,25138,224,224,RGB,bffac435339badb87befc0532396afd707c86eb3354ae39705a189dea13bd0b7,8f35536b2c64c16e,True,
validation,atencion,dataset_curado_v3/validation/atencion/atencion_00540.jpg,atencion_00540.jpg,.jpg,15103,224,224,RGB,be4247005e8876d88597b944b6624d8d2543019d4abf563ac3d9fac393d89f85,e61119ec9e1fa4f0,True,
validation,atencion,dataset_curado_v3/validation/atencion/atencion_00597.jpg,atencion_00597.jpg,.jpg,24686,224,224,RGB,d3c45f7cdd2adfd2a1e3ee3e552e677051cd84a72c5fefc4a349a05421543672,c8a73e973238276c,True,
validation,atencion,dataset_curado_v3/validation/atencion/atencion_00607.jpg,atencion_00607.jpg,.jpg,27978,224,224,RGB,b685978dd5c9430ea4514d55af0d774a4e1b2d361ba5409ce392196af87937cf,8afafac250987ce4,True,
validation,atencion,dataset_curado_v3/validation/atencion/atencion_00652.jpg,atencion_00652.jpg,.jpg,14045,224,224,RGB,d81d93acacd82da62b964bbe1a37003500ec8134e339f22a7ff028e612da233a,b1a7d6994b873832,True,
validation,atencion,dataset_curado_v3/validation/atencion/atencion_00691.jpg,atencion_00691.jpg,.jpg,26943,224,224,RGB,be779b36fdaab419fac5b4b6f4848f800211ab6df9da7ffba70811ea03323883,d0b93e30aebc8c9c,True,
validation,atencion,dataset_curado_v3/validation/atencion/atencion_00708.jpg,atencion_00708.jpg,.jpg,26741,224,224,RGB,e5b7e632987fffeafeb31ded92f01bd2cec366dc4b93e3013bc89a1fd5b7268e,c4da3ac5adba02b9,True,
validation,atencion,dataset_curado_v3/validation/atencion/atencion_00738.jpg,atencion_00738.jpg,.jpg,23317,224,224,RGB,d14f56c4898fa59f8291842305a3fd3b1deee5cd1aa2aaae4511fe331df3b8a5,d5f6e1428e90ec47,True,
validation,atencion,dataset_curado_v3/validation/atencion/atencion_00748.jpg,atencion_00748.jpg,.jpg,31495,224,224,RGB,b53ead2ee165eaecfacdb167c72214c45da667cbf6eee57afba3a6a62cf4e037,b3f8d01aaf735904,True,
validation,atencion,dataset_curado_v3/validation/atencion/atencion_00774.jpg,atencion_00774.jpg,.jpg,23672,224,224,RGB,c6d7591614074d43e579b13a28cd953e8219293a3b96f8625679cbda7e74f0a2,bc7d3fd590b0d802,True,
validation,atencion,dataset_curado_v3/validation/atencion/atencion_01157.jpg,atencion_01157.jpg,.jpg,21501,390,280,RGB,ccfe1f2202993cd915244a46ddf08727d394f675f36e6d223d180520365b40ef,da59f371a542e846,True,
validation,atencion,dataset_curado_v3/validation/atencion/atencion_01163.jpg,atencion_01163.jpg,.jpg,15376,225,225,RGB,cdbd918ec7c0b01d37c93ac58981d79f191cd638aaeac7087f66dbd02b2ecd6e,dbbc880c3d177493,True,
validation,atencion,dataset_curado_v3/validation/atencion/atencion_01168.jpg,atencion_01168.jpg,.jpg,12628,241,209,RGB,cf56dc77fa4ed62a28ecfc127f10a85d406b8d72b8cdb7cd5064b4f64c89af75,bb89357dc62152f0,True,
validation,atencion,dataset_curado_v3/validation/atencion/atencion_01210.jpg,atencion_01210.jpg,.jpg,8333,187,270,RGB,c1b492e1579eb979b1d4b2f7b6836f05639a9aa22f391a2d575dbb2078d5e574,989a43b97df078c1,True,
validation,atencion,dataset_curado_v3/validation/atencion/atencion_01216.jpg,atencion_01216.jpg,.jpg,10246,251,201,RGB,df78e6dcd4656194fbca526c7edec2809cc12852be23eb346bdaf19ed7142a2a,efb86e9c88c19706,True,
validation,atencion,dataset_curado_v3/validation/atencion/atencion_01238.jpg,atencion_01238.jpg,.jpg,5707,214,235,RGB,ba7981f23229f8deba1f3d0c2631eb61ae51e40f26e39e6ec55037f339781206,c79c704570e5b8e6,True,
validation,atencion,dataset_curado_v3/validation/atencion/atencion_01246.jpg,atencion_01246.jpg,.jpg,5789,277,182,RGB,cf85a51d9d28bc478477d6f028f69240ddb98f48ceba6bf2c73c6107ba22b331,a98961c4269b9c7f,True,
validation,atencion,dataset_curado_v3/validation/atencion/atencion_01264.jpg,atencion_01264.jpg,.jpg,7220,275,183,RGB,e37e9850c6d842412e88d0e0836e31e3127a1a4d4c18fde856e845cfbce7c6b4,d2387a672a870de9,True,
validation,atencion,dataset_curado_v3/validation/atencion/atencion_01277.jpg,atencion_01277.jpg,.jpg,10980,225,225,RGB,d5e6247c558b0e2bd7f7456602d114f2bb349fbc8f512c9649c696e100ba5a28,d2b0b43df961b912,True,
validation,atencion,dataset_curado_v3/validation/atencion/atencion_01278.jpg,atencion_01278.jpg,.jpg,8330,253,199,RGB,bb71bd49124bc0fb863cb028106d81244968465583cd6e16d2324b0c4496ac36,9c9368d2314deb1b,True,
validation,atencion,dataset_curado_v3/validation/atencion/atencion_01300.jpg,atencion_01300.jpg,.jpg,8845,262,193,RGB,d27848e247f2cc43aa2102302da1b0abd345dcdae00c412c40a5c2ad6b31e2d6,96462be169b97790,True,
validation,atencion,dataset_curado_v3/validation/atencion/atencion_01325.jpg,atencion_01325.jpg,.jpg,6934,259,195,RGB,c310ca89af37f4f9a8ac309cbfe5df6581677a9481e1cd55aad1dd19b75c0d49,eee1941ec7e11916,True,
validation,atencion,dataset_curado_v3/validation/atencion/atencion_01360.jpg,atencion_01360.jpg,.jpg,16824,259,194,RGB,cf9c4f11f6583ea55e30b34164fcd1c3053469da34d719320f93a343a5727fe2,a5d995c61cccc83d,True,
validation,atencion,dataset_curado_v3/validation/atencion/atencion_01370.jpg,atencion_01370.jpg,.jpg,13085,194,259,RGB,e13427c5680511fce62bcf95ac0a41e2a73068805b4bd94bb378576f46cec1fd,e2b0247692fd68a7,True,
validation,atencion,dataset_curado_v3/validation/atencion/atencion_01382.jpg,atencion_01382.jpg,.jpg,10451,194,259,RGB,e78095d2915a21d77494df9b7370e667185650484166004681c941b54e35034d,993a2d9a62b8b335,True,
validation,atencion,dataset_curado_v3/validation/atencion/atencion_01395.jpg,atencion_01395.jpg,.jpg,27071,300,300,RGB,ddfdb088b191af403c58264a1261fa3e4105e6ddbcad1dc7a25c7ccf210344df,eedb36e0920db0c6,True,
validation,atencion,dataset_curado_v3/validation/atencion/atencion_01419.jpg,atencion_01419.jpg,.jpg,4195,275,183,RGB,d22fc4e625d54a7ec1d07508d3b37cd7692ee593f23b7c1832995d13accf21c8,ac9a92c9d398cf19,True,
validation,atencion,dataset_curado_v3/validation/atencion/atencion_01453.jpg,atencion_01453.jpg,.jpg,14672,194,259,RGB,b65a8357a6bb586ffa8b6d3d5a29ca25f8754d4a5163267940bc508ba827b81e,83031e4b5a667e79,True,
validation,atencion,dataset_curado_v3/validation/atencion/atencion_01511.jpg,atencion_01511.jpg,.jpg,12487,250,201,RGB,b42fff46a791c56df2e8218e21966aa35cc9558401945536f1ff0d413d21e000,8dba743b1a64bc29,True,
validation,atencion,dataset_curado_v3/validation/atencion/atencion_01539.jpg,atencion_01539.jpg,.jpg,33638,480,320,RGB,ba5e97e992c744367748ce242d422b50070ccbb3981294885fa37bfed94cbe24,bc3073c69c6813f6,True,
validation,atencion,dataset_curado_v3/validation/atencion/atencion_01540.jpg,atencion_01540.jpg,.jpg,9687,262,192,RGB,dd14677fefc0ce17872c0e1f1fd824506b5e8eb0ce3276d7ae38b155a156c1c5,dedd32a44dd245a8,True,
validation,atencion,dataset_curado_v3/validation/atencion/atencion_01563.jpg,atencion_01563.jpg,.jpg,89864,600,425,RGB,cd8ac7534153b0406705ab116217edae52f3847a48074f726de356ef58d25dbb,c59af47bce278502,True,
validation,atencion,dataset_curado_v3/validation/atencion/atencion_01603.jpg,atencion_01603.jpg,.jpg,11861,225,225,RGB,d28110c482e17f112e7b0e793ab5c35608b31f578572ec7e638d10d3575415d8,d59167f48dc801f6,True,
validation,atencion,dataset_curado_v3/validation/atencion/atencion_01666.jpg,atencion_01666.jpg,.jpg,7079,237,213,RGB,d931691d9b8025a9178bc36bd32dec4f139fbaf094fee21ddd0ea292478852fa,db1c6a6b2d68a465,True,
validation,atencion,dataset_curado_v3/validation/atencion/atencion_01667.jpg,atencion_01667.jpg,.jpg,46261,800,520,RGB,b3c9230fe5b4d2e3353663c459a1f50912789a1996574db14bcf2d0399017586,95686e974eb0c88f,True,
validation,atencion,dataset_curado_v3/validation/atencion/atencion_01698.jpg,atencion_01698.jpg,.jpg,9951,216,234,RGB,c1258089577a2f51e622d90cb3f72ad850a92eac20517412d2f59ce8e050d8ba,90dd0da262b5b337,True,
validation,atencion,dataset_curado_v3/validation/atencion/atencion_01720.jpg,atencion_01720.jpg,.jpg,10794,194,259,RGB,ce48855bf8fdfd2356a0a3df10b4e2cc4bc38bd08e7ebac873102ae3c0cccbba,d4d682b9db744da0,True,
validation,atencion,dataset_curado_v3/validation/atencion/atencion_01733.jpg,atencion_01733.jpg,.jpg,5599,276,183,RGB,d84fe74d3f836199190ea4f3b7d775534e5dd26457527e311002773818bc6ecd,bf9dc2803c33327c,True,
validation,atencion,dataset_curado_v3/validation/atencion/atencion_01738.jpg,atencion_01738.jpg,.jpg,6326,256,197,RGB,befa621a4ed5c9019e7a52bd3d81b098f6b480b6d8865c35b4fd5ece3c266915,d1c5158d0b9a1f1f,True,
validation,atencion,dataset_curado_v3/validation/atencion/atencion_01745.jpg,atencion_01745.jpg,.jpg,14053,194,259,RGB,d58c9f9fed160b4b5e5208df239687ed2fc70dc82ff50eba8865967fd964a2e3,b6252b69caab15aa,True,
validation,atencion,dataset_curado_v3/validation/atencion/atencion_01752.jpg,atencion_01752.jpg,.jpg,7479,259,194,RGB,dd788fb287a52395032fb63915c30753327f1ec003e36a7e7af9c77cd782156c,c6ae79d2b3399441,True,
validation,atencion,dataset_curado_v3/validation/atencion/atencion_01760.jpg,atencion_01760.jpg,.jpg,8755,188,268,RGB,e43328b6777184e75cecfc7c0b11b5225ca582237b9938ed2a11479e7e776db5,d97b61ccac995688,True,
validation,atencion,dataset_curado_v3/validation/atencion/atencion_01776.jpg,atencion_01776.jpg,.jpg,16425,462,280,RGB,e7a33ed9925b6225aa78dfd8bc5494bb128a5830cd21ec2d5ce49520936669ac,9919f653e416e91c,True,
validation,atencion,dataset_curado_v3/validation/atencion/atencion_01834.jpg,atencion_01834.jpg,.jpg,9481,194,259,RGB,c69c2cc40f2f6c2954687414bf41103e2a9584fda6610ca3f6a2595477060f43,feeba10782649e38,True,
validation,atencion,dataset_curado_v3/validation/atencion/atencion_01838.jpg,atencion_01838.jpg,.jpg,13415,202,250,RGB,bb980c3d3ddc8893b55f17daff7a3167e107894e1722f1d405115ebe252f4046,d2c47d19cde0f207,True,
validation,atencion,dataset_curado_v3/validation/atencion/atencion_01868.jpg,atencion_01868.jpg,.jpg,11382,259,194,RGB,e5f0ab9cd7260f1f53305f752e38d986f3b2e0144c4936373d6b3666bb3db2ff,8d16c9537c2e4dcc,True,
validation,atencion,dataset_curado_v3/validation/atencion/atencion_01883.jpg,atencion_01883.jpg,.jpg,45451,850,358,RGB,da422517c71939319fd1a02c6423278061c4ff2d28e40c65696008119fcecd85,8f88d794b8f2a0d6,True,
validation,atencion,dataset_curado_v3/validation/atencion/atencion_01986.jpg,atencion_01986.jpg,.jpg,7663,257,196,RGB,ca1898338eea02dbf4a999360eaad8ab5ea16ccf0964e5f771e061dc06518b5e,cc0e33f82d306b8f,True,
validation,atencion,dataset_curado_v3/validation/atencion/atencion_02025.jpg,atencion_02025.jpg,.jpg,7454,194,259,RGB,dddeb245acfa0cd85aa2414abc7fceed2ffcbab6e6ad83df51213bf7b2530d26,aec21c91dd84536f,True,
validation,atencion,dataset_curado_v3/validation/atencion/atencion_02054.jpg,atencion_02054.jpg,.jpg,8867,281,180,RGB,deec4368aca21d869a87eaacbbb0879b716b221487808ed6180c58a1942c749c,c7dca46c246b5aa5,True,
validation,atencion,dataset_curado_v3/validation/atencion/atencion_02116.jpg,atencion_02116.jpg,.jpg,11679,259,194,RGB,e495f9c419d6fe51f281b1046ed4ddd7bd8cd2d520b9c8ec74fb9d42d4bbafa3,d19b3e658f02658d,True,
validation,atencion,dataset_curado_v3/validation/atencion/atencion_02199.jpg,atencion_02199.jpg,.jpg,23640,224,224,RGB,d1c776ac0f73ae6003c632466ba48e386240487d9e262754119320911bdee3c6,de24db55368c3833,True,
validation,atencion,dataset_curado_v3/validation/atencion/atencion_02292.jpg,atencion_02292.jpg,.jpg,29719,224,224,RGB,c9453f96d7356ed66635156aece63ed302491433549a797bc309b54c3ea74603,933c47f4619c74c9,True,
validation,atencion,dataset_curado_v3/validation/atencion/atencion_02302.jpg,atencion_02302.jpg,.jpg,25660,224,224,RGB,b3b87e414a49e5f385ccab1a198e859c51e8231202b9baff1451c25d6c87a542,bf34e06aa521cb5a,True,
validation,atencion,dataset_curado_v3/validation/atencion/atencion_02304.jpg,atencion_02304.jpg,.jpg,24919,224,224,RGB,d77a2d8ba41d9449b42e4ac60658bc2c64b8c77dd81f3bc6a97af7780a09abe1,b16a0a65e0b677a5,True,
validation,atencion,dataset_curado_v3/validation/atencion/atencion_02305.jpg,atencion_02305.jpg,.jpg,26233,224,224,RGB,cb7a6f666d7174ca9b39aa2bb293ecab710e1045471478987ce29fe69b607328,aa589465bfa44ba9,True,
validation,atencion,dataset_curado_v3/validation/atencion/atencion_02396.jpg,atencion_02396.jpg,.jpg,33625,224,224,RGB,df0dbe6c33b5f970a4ae0e9de782a890be664e1ad47b1837258e633b355e1799,ac671c61619b9cdc,True,
validation,atencion,dataset_curado_v3/validation/atencion/atencion_02402.jpg,atencion_02402.jpg,.jpg,22465,224,224,RGB,b646ae93405fb70ef22ed5c8c0b6c7b96e775b56d9e906fb3439254adb5ada2a,f30aa5ba51589ed1,True,
validation,atencion,dataset_curado_v3/validation/atencion/atencion_02443.jpg,atencion_02443.jpg,.jpg,21929,224,224,RGB,ccad55fd51a5b601e2eeff6954c8e4fa5f63b98e478b7305984c104ef8bcbb04,f0e94b5e4e2db412,True,
validation,atencion,dataset_curado_v3/validation/atencion/atencion_02590.jpg,atencion_02590.jpg,.jpg,21981,224,224,RGB,ce9f9345603b238594ae4550a27fcda10aa9ef8fabb5cd5b3c1a4cd318f28907,def384a41b70741e,True,
validation,atencion,dataset_curado_v3/validation/atencion/atencion_02929.jpg,atencion_02929.jpg,.jpg,31069,224,224,RGB,b5c2683b3ab600732bea241fc087070fb0d85e3759d52b2b5b5377842abfd157,ad96ba88d54a6d23,True,
validation,atencion,dataset_curado_v3/validation/atencion/atencion_03006.jpg,atencion_03006.jpg,.jpg,15765,224,224,RGB,c5f3d023d2afb97a4b07bbaed77fcfb2d0e16799904ce82f00f2d23a9a0cd277,b979c2f60e03389d,True,
validation,atencion,dataset_curado_v3/validation/atencion/atencion_03035.jpg,atencion_03035.jpg,.jpg,18661,224,224,RGB,babe1998c699d365e8fa1c0fdbbad2267b092ed0cc85a65f4e864fa815b8b141,c8d961cf91a74c4b,True,
validation,atencion,dataset_curado_v3/validation/atencion/atencion_03116.jpg,atencion_03116.jpg,.jpg,23943,224,224,RGB,bdce456898c5afa3bdea14429a22d51d916fece048b36b5e94d7830f7a23516b,d2466c1999b1fa3a,True,
validation,atencion,dataset_curado_v3/validation/atencion/atencion_03120.jpg,atencion_03120.jpg,.jpg,27397,224,224,RGB,b7e5e152a1710e25971b4afd18f4d35a1a3da5f89e13e14342799865c629d869,d7d04abaa55b7c20,True,
validation,atencion,dataset_curado_v3/validation/atencion/atencion_03163.jpg,atencion_03163.jpg,.jpg,10800,224,224,RGB,b51e2c6c4b978c81da0129018c0e9b11657904749ad9283403410cf633741da9,d09b4f2c8e663363,True,
validation,atencion,dataset_curado_v3/validation/atencion/atencion_03361.jpg,atencion_03361.jpg,.jpg,24071,224,224,RGB,e1a0c053969fb82e98869de98f724d45a2c53ca7f5d639cfe88fe4065f60a60d,e7f3ad5a398900a5,True,
validation,atencion,dataset_curado_v3/validation/atencion/atencion_03394.jpg,atencion_03394.jpg,.jpg,36633,224,224,RGB,df1abf6f4565f3950b5e16715e1251e6077b9c2f763d48dfd95fa8d62d849991,ce05e4f3d01fe0e8,True,
validation,atencion,dataset_curado_v3/validation/atencion/atencion_03458.jpg,atencion_03458.jpg,.jpg,38431,224,224,RGB,d61a919a0cbb22d4ae4b2967a08b89a9fa92b99a359ab809a0b6844a3cb833c5,a8cf360442f663be,True,
validation,atencion,dataset_curado_v3/validation/atencion/atencion_03467.jpg,atencion_03467.jpg,.jpg,27301,224,224,RGB,bf75a390cc0ca7650fc283920a1f08633745f63bf48e46f6056e5178a59d850f,9969da328d42b5ce,True,
validation,atencion,dataset_curado_v3/validation/atencion/atencion_03487.jpg,atencion_03487.jpg,.jpg,20528,224,224,RGB,e579b32d729937fbac69510830567062b321d150b6497148659bbf1f8af1bc9c,8d53d3381dc1b68e,True,
validation,atencion,dataset_curado_v3/validation/atencion/atencion_03529.jpg,atencion_03529.jpg,.jpg,33979,224,224,RGB,b7ceb9d721b24d7a5811daf28a90ee9f6d451d8693c6f64cb718e55e745f244a,8a8731dd3e581f23,True,
validation,atencion,dataset_curado_v3/validation/atencion/atencion_03543.jpg,atencion_03543.jpg,.jpg,31155,224,224,RGB,ba2f7846b37745398a383cb9b6db2ff79753d1c0c61e9a916cee42433e474f3e,d8e5279e55512333,True,
validation,atencion,dataset_curado_v3/validation/atencion/atencion_03761.jpg,atencion_03761.jpg,.jpg,12407,224,224,RGB,da83b746d25db1ef5c0aa7ef5d4864ebc64ce9b28579d90d80564e6f8d2935d2,86cc6e6ab4939339,True,
validation,atencion,dataset_curado_v3/validation/atencion/atencion_03825.jpg,atencion_03825.jpg,.jpg,25002,224,224,RGB,c42036b83aa191f3847df805878624c5e8485ceff15187d8731a4a5d5898ed6f,b3c455915f817f82,True,
validation,atencion,dataset_curado_v3/validation/atencion/atencion_03986.jpg,atencion_03986.jpg,.jpg,17911,224,224,RGB,cb6a1d76a58c0d066960142819987666fd010128d98685ad0077ea45d8e77cb7,a428373f1b52d2da,True,
validation,atencion,dataset_curado_v3/validation/atencion/atencion_04073.jpg,atencion_04073.jpg,.jpg,17252,224,224,RGB,e2ea2b6406bf8981bc066e497e708ad1306df47da73b2b4e807c4ce52b50e915,bd38d845a20bcfe4,True,
validation,atencion,dataset_curado_v3/validation/atencion/atencion_04601.jpg,atencion_04601.jpg,.jpg,23730,224,224,RGB,e496f025c208ca1dbd3de75b9e7aa1d5b122d34df9af6ff119d4604a1e04338d,d0af6b70927512da,True,
validation,atencion,dataset_curado_v3/validation/atencion/atencion_04914.jpg,atencion_04914.jpg,.jpg,27322,224,224,RGB,c07934849aadfbf4cc0df1ed0428e81768b8b40bb0e3392974fdbea7464356b0,8d8ea6647d6c6c1a,True,
validation,atencion,dataset_curado_v3/validation/atencion/atencion_05084.jpg,atencion_05084.jpg,.jpg,28303,224,224,RGB,b6395754e97a641ed19ad09dcfb9514149dacb53fbb2327714b8b638cbbc7b59,bc9849a645d361f3,True,
validation,atencion,dataset_curado_v3/validation/atencion/atencion_05090.jpg,atencion_05090.jpg,.jpg,35222,224,224,RGB,b925be8ef4967d62fabc0e15780d2514fbb4aa01a8804aea0f77a32311096725,86c233af5fd29149,True,
validation,atencion,dataset_curado_v3/validation/atencion/atencion_05094.jpg,atencion_05094.jpg,.jpg,28523,224,224,RGB,e455328da3f7b8822954043b728d40be0ca14998693c44c36729446c94ca432d,cf6ee3e1900369d1,True,
validation,atencion,dataset_curado_v3/validation/atencion/atencion_05164.jpg,atencion_05164.jpg,.jpg,27023,224,224,RGB,d05ce48d137f02268524098749684b78488c520ed2c990310edc2d761a438286,b16e1a597a7134e2,True,
validation,atencion,dataset_curado_v3/validation/atencion/atencion_05404.jpg,atencion_05404.jpg,.jpg,13978,224,224,RGB,d4a894db8419c58ce732cd8e22a639680b285b3fa79ef8af6e503a3f7935518a,e4939b319ccd269c,True,
validation,atencion,dataset_curado_v3/validation/atencion/atencion_05416.jpg,atencion_05416.jpg,.jpg,31258,224,224,RGB,cb45b3468eae6024e560c1d684a6c933e940f4e4b2d9a70f624e02c61df562a6,f858e301857fd916,True,
validation,atencion,dataset_curado_v3/validation/atencion/atencion_05457.jpg,atencion_05457.jpg,.jpg,26399,224,224,RGB,d3abad4d15bcbadc9b07688d8dd885e2b0aebc5a07188552af34a4b6fe3e4c17,e6819ba5dfae1013,True,
validation,atencion,dataset_curado_v3/validation/atencion/atencion_06502.jpg,atencion_06502.jpg,.jpg,19361,224,224,RGB,e69c60e30514173cd6386e2183f5ce6df3173bb3bf26dd01d177c85318032497,b2366ecc1d2cb269,True,
validation,atencion,dataset_curado_v3/validation/atencion/atencion_06510.jpg,atencion_06510.jpg,.jpg,32303,224,224,RGB,c784331e1e67b4668e6828132a6f24824d92d6087789d57b20a5d7e21413b03e,943e3393997931a6,True,
validation,atencion,dataset_curado_v3/validation/atencion/atencion_06624.jpg,atencion_06624.jpg,.jpg,19264,224,224,RGB,d028ebbd370399199fdee53b827d98bbf85ae3230fe19f4572e68436ee3c81e5,c3361f50bb5782a6,True,
validation,atencion,dataset_curado_v3/validation/atencion/atencion_07150.jpg,atencion_07150.jpg,.jpg,34072,224,224,RGB,d73907241f7c906f9a3b9ca62dc8f73bb0f263028600b339f79038157d163c3f,b5cad7049a5dc174,True,
validation,atencion,dataset_curado_v3/validation/atencion/atencion_07330.jpg,atencion_07330.jpg,.jpg,32977,224,224,RGB,cfc8e6f073fdc46827c597a16e7113b152eb614c9f61fa29dd26264505cdf303,e29ac90ab7b115ba,True,
validation,atencion,dataset_curado_v3/validation/atencion/atencion_07608.jpg,atencion_07608.jpg,.jpg,29187,224,224,RGB,d6132ff4879ac8c1d4eeb97b0d4e190ee0572ef52caaec4db4ee2bf873ca7769,e0f34de4b0135eb4,True,
validation,atencion,dataset_curado_v3/validation/atencion/atencion_07746.jpg,atencion_07746.jpg,.jpg,35132,224,224,RGB,bddde7aa7cf0ee4e4dc0f4f64167f28d418e8ed35d823a29a673c348fc6c3274,e43a91ea8d9a0ef8,True,
validation,atencion,dataset_curado_v3/validation/atencion/atencion_08059.jpg,atencion_08059.jpg,.jpg,17553,224,224,RGB,b79a57ecabc8194c8f9e293894984f1756cc3d625e78ddc8b7e4afd6239cde75,cef341a9a71c3634,True,
validation,atencion,dataset_curado_v3/validation/atencion/atencion_08134.jpg,atencion_08134.jpg,.jpg,25651,224,224,RGB,e170c94471cc6672417845d17a00b1624b2d62f80d140b21d9d696adacb95658,a44eb26953a107df,True,
validation,atencion,dataset_curado_v3/validation/atencion/atencion_09264.jpg,atencion_09264.jpg,.jpg,23158,224,224,RGB,de3ce52267f84e718af79066b97375908f0a69c9b4f442aadaaa9c83ef038af4,c2b4b5befa840aac,True,
validation,atencion,dataset_curado_v3/validation/atencion/atencion_09533.jpg,atencion_09533.jpg,.jpg,25309,224,224,RGB,e13adc2c4ab87e83f2a9c8c8c9d4d9b5b8b5ea2d09bf9eb65f84eca5027846a8,c1f35b2943577905,True,
validation,atencion,dataset_curado_v3/validation/atencion/atencion_09685.jpg,atencion_09685.jpg,.jpg,23474,224,224,RGB,e4b9308f8209334fb72588e93752a4e6b7314bc94ee0d623b6b8df5f7f1bfaea,caf9d04558a6f938,True,
validation,atencion,dataset_curado_v3/validation/atencion/atencion_09808.jpg,atencion_09808.jpg,.jpg,34218,224,224,RGB,b770f82889cedcc879fa0d4c7a7fcb1a7f752ecd373ccbc63ce91aeda54f7631,ddd3b20d280be5b1,True,
validation,atencion,dataset_curado_v3/validation/atencion/atencion_11541.jpg,atencion_11541.jpg,.jpg,36018,224,224,RGB,d0042ab8e3ca84286113a7fa3c1ec0e2f4bdb51cfc27a3762a7509518ef12560,dcd924ba5b3c7142,True,
validation,atencion,dataset_curado_v3/validation/atencion/atencion_11672.jpg,atencion_11672.jpg,.jpg,17544,224,224,RGB,c3f93d40cbf03ef45188792412fa2ba3633668805fd514a65c7c7f9f4cefc6a9,c8303453d9ccf799,True,
validation,atencion,dataset_curado_v3/validation/atencion/atencion_11863.jpg,atencion_11863.jpg,.jpg,23078,224,224,RGB,de438ea5784323bb5d44fac375d68fed9f78b50aa92c43d8f161abc992df9952,c3ec2c9afdf5c040,True,
validation,atencion,dataset_curado_v3/validation/atencion/atencion_12984.jpg,atencion_12984.jpg,.jpg,32790,224,224,RGB,c74d0d4cbeb3b74e835464cc8a03b187463aca60d551dc5dafae96d0e61e2968,86f88ec31d89f447,True,
validation,atencion,dataset_curado_v3/validation/atencion/atencion_13277.jpg,atencion_13277.jpg,.jpg,37514,224,224,RGB,c6f908d3b8467a0a4e17a9e2d0c448060bcc339a1a3f8314f637d183c7523ddd,b995c7480f76d069,True,
validation,atencion,dataset_curado_v3/validation/atencion/atencion_14069.jpg,atencion_14069.jpg,.jpg,34381,224,224,RGB,c2b5db6a1cc1b31288807489301660b31de06c98cd0ce84b20b7be3579bd236c,bfe290d1792868dc,True,
validation,atencion,dataset_curado_v3/validation/atencion/atencion_14073.jpg,atencion_14073.jpg,.jpg,35956,224,224,RGB,c0c4903d08aae58b5083f4f8c0716fae01851f4b39b31b5435d3e2aa71db74fd,b9f8db26a2331b03,True,
validation,atencion,dataset_curado_v3/validation/atencion/atencion_14076.jpg,atencion_14076.jpg,.jpg,32540,224,224,RGB,d382a7adf37f29d3dfbd8325f5c7ac6e3f5a3e1e99be28f50ebac7bee6c358ff,b6d196b5c252d54a,True,
validation,atencion,dataset_curado_v3/validation/atencion/atencion_14078.jpg,atencion_14078.jpg,.jpg,28961,224,224,RGB,e44ed50f577d60cd438ff97bb740eba87e6bc16ddcf18c5c271140b2ecdfdd20,9998bc692cb75a4c,True,
validation,atencion,dataset_curado_v3/validation/atencion/atencion_14090.jpg,atencion_14090.jpg,.jpg,35984,224,224,RGB,c8394aa54148881d57b29ccec35e54081506366681fbf5f535b02e524e906a88,b9e3a028efe8c562,True,
validation,atencion,dataset_curado_v3/validation/atencion/atencion_14095.jpg,atencion_14095.jpg,.jpg,31322,224,224,RGB,e13d5d8fafe7f1e10673c883a708af64fbafe1b63ebb202e16613f5562d35894,aad8c369c926f2ac,True,
validation,atencion,dataset_curado_v3/validation/atencion/atencion_14100.jpg,atencion_14100.jpg,.jpg,36194,224,224,RGB,dcda0992a2423732429a3fd5bec4c22a67dfcccb0386065e05301ea3788b2388,a4f3f61ee03a0d2c,True,
validation,atencion,dataset_curado_v3/validation/atencion/atencion_14104.jpg,atencion_14104.jpg,.jpg,31673,224,224,RGB,cc1f3933b1386d7d8797005ff9b54006025b904fa3ec51753ab7dca304c1eabf,faea9119b53bc224,True,
validation,atencion,dataset_curado_v3/validation/atencion/atencion_14110.jpg,atencion_14110.jpg,.jpg,37445,224,224,RGB,c500ec26521bfe63272d9454b4dfad442f57c2965f83f6ba1145b4c9759ccdf8,c4c4d596b33e63a8,True,
validation,atencion,dataset_curado_v3/validation/atencion/atencion_14115.jpg,atencion_14115.jpg,.jpg,33005,224,224,RGB,e6367ce83152a446fecd137b524595d3fe6648827a20bfe45035005bbe856f8a,96c791f8a1f5c831,True,
validation,atencion,dataset_curado_v3/validation/atencion/atencion_14119.jpg,atencion_14119.jpg,.jpg,36188,224,224,RGB,cbce44ef2e94ce2fe2c27dc18f9d64cd1a64831446a16816dbee659aa4477cd4,e47a9f2574d1541a,True,
validation,atencion,dataset_curado_v3/validation/atencion/atencion_14122.jpg,atencion_14122.jpg,.jpg,38822,224,224,RGB,c4cba3cb2a9feae309ff5061c62c8ff2e6a43156fc92b0ecbfa93743dd4f1a51,f0c5f4022e2f196f,True,
validation,atencion,dataset_curado_v3/validation/atencion/atencion_14125.jpg,atencion_14125.jpg,.jpg,36921,224,224,RGB,c9a367ea28656803f9ed7e08448c61ae3bfdab12a69dfe8229c2b1fa3789c69d,b45b81f0cfe4d2e0,True,
validation,atencion,dataset_curado_v3/validation/atencion/atencion_14128.jpg,atencion_14128.jpg,.jpg,36294,224,224,RGB,bc2d65566eb60ecce50e358feeadaddaaff5636385a62a7dfbea9048f05d6588,a84e9a611f15639f,True,
validation,atencion,dataset_curado_v3/validation/atencion/atencion_14129.jpg,atencion_14129.jpg,.jpg,36190,224,224,RGB,d27f9b21e82a15c7d104073e64ba0c41bc7f5815b0d80c47541ff5abb1c57d78,91698f74c9fb4c81,True,
validation,atencion,dataset_curado_v3/validation/atencion/atencion_14143.jpg,atencion_14143.jpg,.jpg,32986,224,224,RGB,caefe91b86d8684497b6f1c18569f7b14f4be45682033ed2676c530f52e2428d,e39ac0f58be15a61,True,
validation,atencion,dataset_curado_v3/validation/atencion/atencion_14149.jpg,atencion_14149.jpg,.jpg,32505,224,224,RGB,e2bbaf3c82d006a7b18d7822b57ff9fd131920f73d372f1a38ec36c435368d61,a894d6da6167664b,True,
validation,atencion,dataset_curado_v3/validation/atencion/atencion_14157.jpg,atencion_14157.jpg,.jpg,26987,224,224,RGB,c846aa2c3238899315957d6910f6a999e9554babcdc9e3650043726a052d8ecc,e87e9ece51954291,True,
validation,atencion,dataset_curado_v3/validation/atencion/atencion_14168.jpg,atencion_14168.jpg,.jpg,30067,224,224,RGB,db1b2e5a68be8281134071e745ed2e50e166c0c1c3ed73d5f305fcaec18192ed,acf2d66dc62c0b8c,True,
validation,atencion,dataset_curado_v3/validation/atencion/atencion_14169.jpg,atencion_14169.jpg,.jpg,32068,224,224,RGB,b8eaac71b45b2401543eff654967fcd8e41620a1cc275ecca602cddb9f47d855,ba85d3067a25db64,True,
validation,atencion,dataset_curado_v3/validation/atencion/atencion_14173.jpg,atencion_14173.jpg,.jpg,35358,224,224,RGB,cd78c5732ab85a04ffe82c327a0c931cc828bfb9729d07b7157d35a1984c020f,aa954c6b1f9a8da4,True,
validation,atencion,dataset_curado_v3/validation/atencion/atencion_14178.jpg,atencion_14178.jpg,.jpg,34813,224,224,RGB,e1f155b0e21604439a703d8001e4970996117ca78cb60b20d74f2807f4f93dbd,b2f0cd09d633f825,True,
validation,atencion,dataset_curado_v3/validation/atencion/atencion_14179.jpg,atencion_14179.jpg,.jpg,37452,224,224,RGB,e3c4f895631733398fcdf78a1a3075ab29223577672eb8e60dee0bfb08fed230,b44b130f305ea7d9,True,
validation,atencion,dataset_curado_v3/validation/atencion/atencion_14184.jpg,atencion_14184.jpg,.jpg,38563,224,224,RGB,cb9525c4c22dd1a40ba86d98be717ba55d46c23623bc0b95b5505661567c7710,e44d9a608eae19be,True,
validation,atencion,dataset_curado_v3/validation/atencion/atencion_14191.jpg,atencion_14191.jpg,.jpg,32877,224,224,RGB,e5d8cb3d9ffe9dd55df92c1ca55b5320720c104ebdeda3782db38a397e65615e,e3c49d1a58a1e35e,True,
validation,atencion,dataset_curado_v3/validation/atencion/atencion_14194.jpg,atencion_14194.jpg,.jpg,25030,224,224,RGB,d0dfa5d5748a7f94e4f9afe0be0a9b21f0d189e5d678e582babfd17969bc6893,800aad5ba571fe47,True,
validation,atencion,dataset_curado_v3/validation/atencion/atencion_14197.jpg,atencion_14197.jpg,.jpg,30174,224,224,RGB,cfba311a9fb23987563480219bc328bec9d18b50cec2dc26fc37b0cf33111d05,fd3e8209168ac75e,True,
validation,atencion,dataset_curado_v3/validation/atencion/atencion_14198.jpg,atencion_14198.jpg,.jpg,23828,224,224,RGB,e1899818aeccbd39f3b2ad5b19135781c57cfcaaec9849d75761253956296f37,ab2aa6a5617b13f0,True,
validation,atencion,dataset_curado_v3/validation/atencion/atencion_14199.jpg,atencion_14199.jpg,.jpg,24019,224,224,RGB,c820b9a1c65a2b85bf071eb2fb7184f7d58c3c91ebf9e45c09c4cdaa22ac80c4,fc658568b7c86833,True,
validation,atencion,dataset_curado_v3/validation/atencion/atencion_14201.jpg,atencion_14201.jpg,.jpg,31913,224,224,RGB,e2e0adb5a0bab89f680c68f7a01344e933fc5d28a270ff310caf66ccda604b25,9ae7251679e282e3,True,
validation,atencion,dataset_curado_v3/validation/atencion/atencion_14205.jpg,atencion_14205.jpg,.jpg,27299,224,224,RGB,c014735f9ceebbcf65a65d03adfcd98486d85cce5600eef3c2c8ff336b454469,9b84155b587e6b29,True,
validation,atencion,dataset_curado_v3/validation/atencion/atencion_14211.jpg,atencion_14211.jpg,.jpg,28573,224,224,RGB,ba3e738e581f3017d8364985e23fd4495dcf96e8ab4a6a7cef465e7efcd27fac,f384adf0f4a4398a,True,
validation,atencion,dataset_curado_v3/validation/atencion/atencion_14215.jpg,atencion_14215.jpg,.jpg,31599,224,224,RGB,b9af441f3d665ff8990a0ebeea612751d47d2c6736af71b00d68616017d4b631,ea85ca2dd429a367,True,
validation,atencion,dataset_curado_v3/validation/atencion/atencion_14227.jpg,atencion_14227.jpg,.jpg,32066,224,224,RGB,bccc016690692ffd107e663891ce3b6cd703c1c52e6b49a41b0da38d587ee249,bb42482f1c36f745,True,
validation,atencion,dataset_curado_v3/validation/atencion/visual_atencion_00732.jpg,visual_atencion_00732.jpg,.jpg,28214,224,224,RGB,caa2587df87e75a2ca8c27c4e71aff41d7a1a339819fb1cfb37a09a3dcd3153f,ede6369201e693a6,True,
validation,atencion,dataset_curado_v3/validation/atencion/visual_atencion_01214.jpg,visual_atencion_01214.jpg,.jpg,38773,400,279,RGB,df42c701b11209409d588bf0e68e83915773ec2925ddd4ee634dc529177a4d89,d7836c60c735f09a,True,
validation,atencion,dataset_curado_v3/validation/atencion/visual_atencion_01268.jpg,visual_atencion_01268.jpg,.jpg,7054,275,183,RGB,c093b8572ecd91704bc284b070fe9241a52b00a62092e608d498b3f3d33f7bc5,da8aa4f2d19033f3,True,
validation,atencion,dataset_curado_v3/validation/atencion/visual_atencion_01422.jpg,visual_atencion_01422.jpg,.jpg,8275,225,224,RGB,ba27a5a5e66bfb3c6c7527196150572fa3b5827e8e51b9f4cfe31a3fcf087f81,f74b591078a786cc,True,
validation,atencion,dataset_curado_v3/validation/atencion/visual_atencion_01465.jpg,visual_atencion_01465.jpg,.jpg,10697,275,183,RGB,b7e6e40080af368d87f9a5bccafc07d893e0671ff3a9a836be15474cf9f1769f,c21c7d29d9c2e3d2,True,
validation,atencion,dataset_curado_v3/validation/atencion/visual_atencion_01535.jpg,visual_atencion_01535.jpg,.jpg,7248,224,224,RGB,c89d4de13f435f4ae0a18c9a2493b7ae9ec51a4b01a64a3d1deee7e14a35e2bf,9fe57c0e251c7a0a,True,
validation,atencion,dataset_curado_v3/validation/atencion/visual_atencion_01543.jpg,visual_atencion_01543.jpg,.jpg,10022,259,194,RGB,ba4a16e26aed505a352dc9c7a7f45228bbda7044a4ac5968bb97db4c571d59d6,d7527d64426227b6,True,
validation,atencion,dataset_curado_v3/validation/atencion/visual_atencion_01560.jpg,visual_atencion_01560.jpg,.jpg,7770,273,185,RGB,b9fcd28ead8a7866c450a07679f1bf0b3b4ef1749b081e8812c184d9a46c1efa,dde6213c1638f0ad,True,
validation,atencion,dataset_curado_v3/validation/atencion/visual_atencion_02510.jpg,visual_atencion_02510.jpg,.jpg,31807,224,224,RGB,dd09dbaf3a4a3b383f980941820323833e0dd5cb089f94de7a67d3aa488fad22,c71e3f27096ab0c6,True,
validation,atencion,dataset_curado_v3/validation/atencion/visual_atencion_03340.jpg,visual_atencion_03340.jpg,.jpg,18399,224,224,RGB,cf19bb86bf849387f88244d36a62ed46c73254269f696eff3fc223e0e4b2c955,85ca5d3d4a663a72,True,
validation,atencion,dataset_curado_v3/validation/atencion/visual_atencion_03687.jpg,visual_atencion_03687.jpg,.jpg,30403,224,224,RGB,f106c11fc6cb20108a58fe0e4ce889fb4ff1f5ce94b2b48123d279776595f666,d78ca0e65894cba7,True,
validation,atencion,dataset_curado_v3/validation/atencion/visual_atencion_05764.jpg,visual_atencion_05764.jpg,.jpg,27141,224,224,RGB,ec853e893a0aa4d4db1682993588ef4e02668b9498ba20a75dd055dfa9a7288f,b4d80e9ca0ddb347,True,
validation,atencion,dataset_curado_v3/validation/atencion/visual_atencion_05788.jpg,visual_atencion_05788.jpg,.jpg,26318,224,224,RGB,e8b57f0c1841e52bbdbe6d660456079ec15ef6d6d974a503dcdc522edf8cef1c,ec9338ac533e218f,True,
validation,atencion,dataset_curado_v3/validation/atencion/visual_atencion_07034.jpg,visual_atencion_07034.jpg,.jpg,24563,224,224,RGB,e3d56d0422f1e7aace64f7f5b05512ada2a32175cfb2e8460876497bb394bbcb,ea9380957c687b2d,True,
validation,peligro,dataset_curado_v3/validation/peligro/peligro_00034.jpg,peligro_00034.jpg,.jpg,32514,224,224,RGB,778505ac69a1ee8dbf06965259a98d73765440bec14f53f46315684e461524a7,99ab16a047b46acf,True,
validation,peligro,dataset_curado_v3/validation/peligro/peligro_00066.jpg,peligro_00066.jpg,.jpg,29210,224,224,RGB,86d98989f7e1d7b42fbc896470461738abb91277d82ae5f612b2deb0eeb1750f,ebd973c0c0f55826,True,
validation,peligro,dataset_curado_v3/validation/peligro/peligro_00077.jpg,peligro_00077.jpg,.jpg,33801,224,224,RGB,7801d39f365e1f42677c0821a0d43952d65c957c17dec43c1876cb467a417028,9fcb261b8d1031ee,True,
validation,peligro,dataset_curado_v3/validation/peligro/peligro_00087.jpg,peligro_00087.jpg,.jpg,32605,224,224,RGB,8197390cc74a7d903baaf8c96d5f25ad85e4f27186bddd7052808de8f8a7420d,83fba0c704c9af1e,True,
validation,peligro,dataset_curado_v3/validation/peligro/peligro_00094.jpg,peligro_00094.jpg,.jpg,37273,224,224,RGB,94531e1dd8ace42b10f8582419d75b0b93c45eb3214334041047de84732c3e32,d81933e1d3928ef8,True,
validation,peligro,dataset_curado_v3/validation/peligro/peligro_00143.jpg,peligro_00143.jpg,.jpg,19106,224,224,RGB,7dbeb3d1357b6122c0e84cfb5493199aec4e49408f28ad85698713d9b64cfeab,a3d92021173b2f6f,True,
validation,peligro,dataset_curado_v3/validation/peligro/peligro_00231.jpg,peligro_00231.jpg,.jpg,28593,224,224,RGB,82b536c78f224864554cbadfec6bc0d5fd87f337b663429e61e6ff3715a9fa37,aa1cee2c31551bb9,True,
validation,peligro,dataset_curado_v3/validation/peligro/peligro_00246.jpg,peligro_00246.jpg,.jpg,28871,224,224,RGB,95843e284ec944f205c798c516e77fabd73877d784d6613b0c3209ff6ffb9e4a,b5dab6a253b8b841,True,
validation,peligro,dataset_curado_v3/validation/peligro/peligro_00305.jpg,peligro_00305.jpg,.jpg,28455,224,224,RGB,85f8b221bf27042015b3b1fb21912f662bc18a432b26e701e5a892b98bf4271d,fc4fe86cc362944a,True,
validation,peligro,dataset_curado_v3/validation/peligro/peligro_00370.jpg,peligro_00370.jpg,.jpg,29487,224,224,RGB,9b71f45f70f0c4ee63745b402267171d5a6c4af89a91cc429eb789e1fc1f7cb0,a06bdb9685adc992,True,
validation,peligro,dataset_curado_v3/validation/peligro/peligro_00379.jpg,peligro_00379.jpg,.jpg,23766,224,224,RGB,8a2778f60d49a0d750e1e40b798fe8f5290c77766afc0a2c3398a66c49d7ac66,dc8e3b91348fb238,True,
validation,peligro,dataset_curado_v3/validation/peligro/peligro_00420.jpg,peligro_00420.jpg,.jpg,19014,224,224,RGB,771d84059e027fdd27a6febf7cee4472905fa027fdbd74d9813b46087b33e8e9,ede1c01e93923ee1,True,
validation,peligro,dataset_curado_v3/validation/peligro/peligro_00443.jpg,peligro_00443.jpg,.jpg,16484,224,224,RGB,77fb3c379d7a4cb1a7755bec41c2bd2e45d82118caf200c95addb22c755536e5,9933e524dadda641,True,
validation,peligro,dataset_curado_v3/validation/peligro/peligro_00451.jpg,peligro_00451.jpg,.jpg,22378,224,224,RGB,9be3d559db04e4134b37b20342fc771ffecb3028dcb47314f0690afe7819b30e,c2eb6478c70fb864,True,
validation,peligro,dataset_curado_v3/validation/peligro/peligro_00459.jpg,peligro_00459.jpg,.jpg,29160,224,224,RGB,804613e68cd724d871a5f0c93caba8d9830f94ab74da8272edfe298c7996e9d8,e383c3c32c1fc1bc,True,
validation,peligro,dataset_curado_v3/validation/peligro/peligro_00498.jpg,peligro_00498.jpg,.jpg,9288,224,224,RGB,95ce58c4313a1921fd5b57302307695272722f089b9469610652c7013c0cb8af,b93fc668c7c8c0d8,True,
validation,peligro,dataset_curado_v3/validation/peligro/peligro_00575.jpg,peligro_00575.jpg,.jpg,29340,224,224,RGB,9672635bee3e8e9b9f8fd911b9a2786903136f4bdecfdfc8639b1721901736c9,816e87a63e6c954e,True,
validation,peligro,dataset_curado_v3/validation/peligro/peligro_00609.jpg,peligro_00609.jpg,.jpg,16644,224,224,RGB,7b7441c6854d1be875b343afa4c90fdbb78f82c6e2ad73e065874d293db86b92,cb1527683bfa9087,True,
validation,peligro,dataset_curado_v3/validation/peligro/peligro_00675.jpg,peligro_00675.jpg,.jpg,21559,224,224,RGB,79adab6648a9bd9da73be3b03dc466ea045fd101a031fda31ab3c26858c22d50,c4fd6f272d723410,True,
validation,peligro,dataset_curado_v3/validation/peligro/peligro_00696.jpg,peligro_00696.jpg,.jpg,28621,224,224,RGB,88bd399dd5e35309188f8eeaada2b8eb8d12e448315ce08e5b1673bb4098ce71,9b587984d5077a65,True,
validation,peligro,dataset_curado_v3/validation/peligro/peligro_00746.jpg,peligro_00746.jpg,.jpg,25061,224,224,RGB,7b5ca90305f1d9f3e82dec6a0a2033367d83f25a5a9d6ee1698930ec3819113b,85a56a1c27dbe88b,True,
validation,peligro,dataset_curado_v3/validation/peligro/peligro_00851.jpg,peligro_00851.jpg,.jpg,28189,224,224,RGB,7b16d8a6035d5a33a2ee6759ded228146d825c5c638290e86f1886214c558d40,d40e46ce4761363f,True,
validation,peligro,dataset_curado_v3/validation/peligro/peligro_00882.jpg,peligro_00882.jpg,.jpg,17529,224,224,RGB,7e7b2de28f627e1fc0639682bc596bae52ec0740669762c412735d08c5d9c50d,b0dc69f2c9890f4e,True,
validation,peligro,dataset_curado_v3/validation/peligro/peligro_00905.jpg,peligro_00905.jpg,.jpg,23445,224,224,RGB,86345c6f60ed885b9038690144cdbba7eb075d770e0c7fbc2f6b2ce7a8582e58,aa3c1ecee105de2a,True,
validation,peligro,dataset_curado_v3/validation/peligro/peligro_01000.jpg,peligro_01000.jpg,.jpg,21490,224,224,RGB,84320f265154b0448574ddb7912fb83060911b5d25bae064b4ccc8d9c12b2eb8,8f063ff8212f50e3,True,
validation,peligro,dataset_curado_v3/validation/peligro/peligro_01007.jpg,peligro_01007.jpg,.jpg,31307,224,224,RGB,8aaf8cc810003d378bc5abca83b40486c77ab342ff34597c3ab11f1ea280e9a6,b6eba81530c47e8d,True,
validation,peligro,dataset_curado_v3/validation/peligro/peligro_01041.jpg,peligro_01041.jpg,.jpg,20881,224,224,RGB,812dfb4964d32f67bbb364b799de1f9dc7944c1893ff2b0d8053b727578b10c3,d1fe295d22298f1a,True,
validation,peligro,dataset_curado_v3/validation/peligro/peligro_01083.jpg,peligro_01083.jpg,.jpg,19304,224,224,RGB,7f120266f7b6986a86dc494bedc64099a7b0f2c9341c30073903c60bd22cc36f,a29b99a4bc62d2b9,True,
validation,peligro,dataset_curado_v3/validation/peligro/peligro_01139.jpg,peligro_01139.jpg,.jpg,24766,224,224,RGB,7607a8e979c8b02d3909713d1334bfebff2c3652e1181855a844f1a384952ce2,dd36cdb440d00f6b,True,
validation,peligro,dataset_curado_v3/validation/peligro/peligro_01179.jpg,peligro_01179.jpg,.jpg,25680,224,224,RGB,973bfd7f000878672fab920f80d4bff61cf382c8d3b0e7809824f9d97af9bbf2,c8bd10ac4a8ab5fe,True,
validation,peligro,dataset_curado_v3/validation/peligro/peligro_01222.jpg,peligro_01222.jpg,.jpg,26333,224,224,RGB,99e0561e59451f3c1df0a10760cc209018a41b2d76e2ec8954a243fccfa7749d,ce47207798e29bcc,True,
validation,peligro,dataset_curado_v3/validation/peligro/peligro_01243.jpg,peligro_01243.jpg,.jpg,34916,224,224,RGB,7f8f4a05152d8564e8092a8fa13ea9aecb242fe5108f4c25b84018b3082f71c4,9782586e3d038dbb,True,
validation,peligro,dataset_curado_v3/validation/peligro/peligro_01283.jpg,peligro_01283.jpg,.jpg,15412,194,259,RGB,94227d52f102f77a3aee1af543c55eeeb6706e10e2b5659b972764d348c52db0,c6e629ce0134dcf9,True,
validation,peligro,dataset_curado_v3/validation/peligro/peligro_01300.jpg,peligro_01300.jpg,.jpg,7755,194,259,RGB,8690a1ebc0481276a7ce5fc2056af606e66036891adfd1f980c96ab4cc264c47,f55a2ae29198d2b5,True,
validation,peligro,dataset_curado_v3/validation/peligro/peligro_01317.jpg,peligro_01317.jpg,.jpg,15744,194,259,RGB,853db8749a459eab69e0aca5516feff805644f1eec97f89cca1fa7186ecd50f4,84d63c1bd3d85d2a,True,
validation,peligro,dataset_curado_v3/validation/peligro/peligro_01318.jpg,peligro_01318.jpg,.jpg,103813,1000,667,RGB,9ae76f477c64938f876f963852b2fd37a46338b5f77d589c2f3b5e5ec93d6354,c7f13804e03f3ec6,True,
validation,peligro,dataset_curado_v3/validation/peligro/peligro_01321.jpg,peligro_01321.jpg,.jpg,23083,195,259,RGB,7a5ab0997423b9c7bcb9acb6a2305182117a888744c16bbc60256ae2ec7ec111,c56aa4d55b2ba9a1,True,
validation,peligro,dataset_curado_v3/validation/peligro/peligro_01322.jpg,peligro_01322.jpg,.jpg,10540,225,225,RGB,9069fecb66504305953ce0bae293d110a8710138ebc0ad19352b15609054f9cc,cbf2e442861999f3,True,
validation,peligro,dataset_curado_v3/validation/peligro/peligro_01326.jpg,peligro_01326.jpg,.jpg,15598,194,259,RGB,8bf114a05b285ee0c79974641948ee9682d51720d80b0e0e83964d5160fbf06d,c6ac98c9e1bed452,True,
validation,peligro,dataset_curado_v3/validation/peligro/peligro_01360.jpg,peligro_01360.jpg,.jpg,13115,189,266,RGB,8ffc1496adfb14300611f1579dacaa83a23f71ef5076f9d0e5024df2f5f2f872,d0d5aac06fbcc50e,True,
validation,peligro,dataset_curado_v3/validation/peligro/peligro_01370.jpg,peligro_01370.jpg,.jpg,242778,1080,1920,RGB,9ae8bea7316e3b9fb82c39561ea19cb3ce2bb3171afd4fc7c6c80e8350fe323d,f09083c2de1efcf0,True,
validation,peligro,dataset_curado_v3/validation/peligro/peligro_01374.jpg,peligro_01374.jpg,.jpg,14959,194,259,RGB,7f0919ab6fac341e470d98cc6e038b3149768c6b49717048da8bc5f3de94f372,d68df9b705b20915,True,
validation,peligro,dataset_curado_v3/validation/peligro/peligro_01396.jpg,peligro_01396.jpg,.jpg,16124,193,262,RGB,8e10ef54f1d3503787bbff0cdaec590fdff7a41fd1f847cc0708a41fc9d39a30,cda31296b0c771d9,True,
validation,peligro,dataset_curado_v3/validation/peligro/peligro_01405.jpg,peligro_01405.jpg,.jpg,8013,194,259,RGB,93a33d1dc76e9b53b3eb4649b23bd4d4104c7d160fde9b20cd8e298f3c06a1cb,f9e906562bb550c3,True,
validation,peligro,dataset_curado_v3/validation/peligro/peligro_01463.jpg,peligro_01463.jpg,.jpg,15857,194,259,RGB,784c869c916dd7c3c7ebf82234dc3a59de2ff4bfaae79f0162e88f66181fe793,97e147ba42aec2b8,True,
validation,peligro,dataset_curado_v3/validation/peligro/peligro_01478.jpg,peligro_01478.jpg,.jpg,8554,249,202,RGB,8f71acd9474458b8dbe29123d4e45f8aad46c30037e759f0678ceb2ba61e7de8,e5d0da1b8167e16c,True,
validation,peligro,dataset_curado_v3/validation/peligro/peligro_01531.jpg,peligro_01531.jpg,.jpg,9543,259,195,RGB,7a40dba37e998362002307df4959a9600e9503019ad5d0907c91553b698e71e6,ab2f48fc9ad4242d,True,
validation,peligro,dataset_curado_v3/validation/peligro/peligro_01556.jpg,peligro_01556.jpg,.jpg,8357,275,183,RGB,927a9324f0a5137a1eef5c1de2a0974c104102d8205e4f433bb4786c3e81a325,f985e0179c36b661,True,
validation,peligro,dataset_curado_v3/validation/peligro/peligro_01569.jpg,peligro_01569.jpg,.jpg,12253,194,259,RGB,7bbe1383fbc95349e4b2a7531945d04153799e3544f7fb3ed26af3b6972f668b,f98671e8843943b7,True,
validation,peligro,dataset_curado_v3/validation/peligro/peligro_01643.jpg,peligro_01643.jpg,.jpg,9967,275,183,RGB,9bc78cfea66ce1cc239a1fe0258dc2dc1430054a300db70acfb7ce647a4a9df8,a09c4abdf680ce73,True,
validation,peligro,dataset_curado_v3/validation/peligro/peligro_01679.jpg,peligro_01679.jpg,.jpg,86808,300,224,RGB,8f64d53de765336c89447abb49a1277334fe428babf1b2a958fe02976b0ce49b,e1c70fb1db8d2432,True,
validation,peligro,dataset_curado_v3/validation/peligro/peligro_01782.jpg,peligro_01782.jpg,.jpg,5664,225,225,RGB,8857e1953d9ecfaa4d7984e9e3dcc00c060852594d425364e98ec5c63d9180e6,c09f237f843ac3b4,True,
validation,peligro,dataset_curado_v3/validation/peligro/peligro_01790.jpg,peligro_01790.jpg,.jpg,7918,274,184,RGB,97205c5c070cff83ce7bd421d130bfa451999011ac4049ac59284cf7d7906711,84530d787472dbae,True,
validation,peligro,dataset_curado_v3/validation/peligro/peligro_01796.jpg,peligro_01796.jpg,.jpg,10150,275,183,RGB,8a6d443c9c1a0cdf33730e7d3294375523e5e199988b19c93dfbfce545059e07,fea40ddc2143bc59,True,
validation,peligro,dataset_curado_v3/validation/peligro/peligro_01874.jpg,peligro_01874.jpg,.jpg,8314,195,259,RGB,8e7d7bc977980adf948bbe8fb0b6dc648a39edca1958561d2b406e0174858f5b,bb90854c3c93b5ab,True,
validation,peligro,dataset_curado_v3/validation/peligro/peligro_01929.jpg,peligro_01929.jpg,.jpg,18536,280,180,RGB,9533bcab3ee8411cc93d33516b5b8397f3f2044fc509320df6a9f9be7e4c78aa,88cf632c0f0e5db6,True,
validation,peligro,dataset_curado_v3/validation/peligro/peligro_01941.jpg,peligro_01941.jpg,.jpg,7886,275,183,RGB,7d473328943787ed565c54213f1b773fb4174392e57c12bae44467734873d606,ccbb0eaba5ada0a8,True,
validation,peligro,dataset_curado_v3/validation/peligro/peligro_01947.jpg,peligro_01947.jpg,.jpg,9393,225,225,RGB,7f4b76d52c653e664633ec0ddb588c537c772f1abe7eb0d950eeda4e7c2581fe,da4e0c2de8d2b4a7,True,
validation,peligro,dataset_curado_v3/validation/peligro/peligro_01976.jpg,peligro_01976.jpg,.jpg,6832,259,194,RGB,8cfc03547fbc68a4da88e361010df0bf2c12c1a27fb42a74211703467d70d61a,cb2f8a37a54ea648,True,
validation,peligro,dataset_curado_v3/validation/peligro/peligro_01981.jpg,peligro_01981.jpg,.jpg,6033,234,216,RGB,831353a581f578386725c853e45308c03305c3ed39982a368a6528ab1923f230,de5555561a99e11a,True,
validation,peligro,dataset_curado_v3/validation/peligro/peligro_01985.jpg,peligro_01985.jpg,.jpg,9129,201,250,RGB,9be572a6da09eed1e34edc06b9b9d4ae9812a0f477c38e032a0b23aeefed50f0,ca2b291d35ea9933,True,
validation,peligro,dataset_curado_v3/validation/peligro/peligro_02024.jpg,peligro_02024.jpg,.jpg,11145,275,183,RGB,8ad381bdf68ea2565821e256512c0f0c417f0844511c728f30b6ae0c0f7e9845,eb892cfe12ecd222,True,
validation,peligro,dataset_curado_v3/validation/peligro/peligro_02053.jpg,peligro_02053.jpg,.jpg,8224,260,194,RGB,93fce8497bddfd40bfa1c79ebfc7f809fab72fabb3dd68747a03f09e4991e75c,b86586329dfe6a21,True,
validation,peligro,dataset_curado_v3/validation/peligro/peligro_02084.jpg,peligro_02084.jpg,.jpg,10689,194,259,RGB,97d738d73f4dee87635166dc0d485c7b6c5aa3cc8a812aae98f34012bfe8b1c7,c4266d3f90f4e34c,True,
validation,peligro,dataset_curado_v3/validation/peligro/peligro_02107.jpg,peligro_02107.jpg,.jpg,39411,600,450,RGB,7eb06df7ac0e1fae47c9aa2948a8ee4afdd8186914d5e519ab8bb6dc0df71b92,95da7431296e4e4d,True,
validation,peligro,dataset_curado_v3/validation/peligro/peligro_02202.jpg,peligro_02202.jpg,.jpg,23685,400,299,RGB,9301372b6497171906047274b2e58c1abc20f05699364941a5f943a1780845f3,c4653476e6227b2d,True,
validation,peligro,dataset_curado_v3/validation/peligro/peligro_02223.jpg,peligro_02223.jpg,.jpg,9650,260,194,RGB,8feb82d3365b9ea620d4d4818a699c75489f4b416bf5616d615b6df904dcdb87,80bb12bd396c9ce6,True,
validation,peligro,dataset_curado_v3/validation/peligro/peligro_02296.jpg,peligro_02296.jpg,.jpg,11586,259,194,RGB,93545940cb141a8f42d0f48b616ee849bbb0a0f7da47d780b6f04e4b5da44600,81026d270ff516fe,True,
validation,peligro,dataset_curado_v3/validation/peligro/peligro_02321.jpg,peligro_02321.jpg,.jpg,953441,1024,838,RGBA,95488d38cdd6af2e44e65d5e09587afd18b5db8d6c48400d7c182a9ca307a486,95231e614fda2eb4,True,
validation,peligro,dataset_curado_v3/validation/peligro/peligro_02412.jpg,peligro_02412.jpg,.jpg,10349,194,259,RGB,854d725d69ec5f9ba4148b4199d6be9de5f5a7c3d9ed597303c8f6c1766b99fb,a39c87a9f066946d,True,
validation,peligro,dataset_curado_v3/validation/peligro/peligro_02422.jpg,peligro_02422.jpg,.jpg,98202,418,626,RGB,96f9f08ffd762c19db6678a7e3f2486291c209443719f8f54465a417eb95cfc8,bc839d4ef401ec17,True,
validation,peligro,dataset_curado_v3/validation/peligro/peligro_02472.jpg,peligro_02472.jpg,.jpg,5725,274,184,RGB,7696cf0b07c76ccab5d3c968cd0384ca17a58136fdd96c34eb615e4d26daaee1,f1279a324f9a78e0,True,
validation,peligro,dataset_curado_v3/validation/peligro/peligro_02489.jpg,peligro_02489.jpg,.jpg,6816,225,225,RGB,9a1759338cc1f88b32e6188e42243d1b3ee12b47105c28d3182ef6557e321771,b2389cc3cdcbc389,True,
validation,peligro,dataset_curado_v3/validation/peligro/peligro_02491.jpg,peligro_02491.jpg,.jpg,16301,224,224,RGB,86133d88251894c512283d71c396b490a6eaf3515c7e3f6acc06e572328273ab,fb5ca54185353c72,True,
validation,peligro,dataset_curado_v3/validation/peligro/peligro_02587.jpg,peligro_02587.jpg,.jpg,8242,265,191,RGB,929e5955f73a16ffb90d4b0b126920a009d62f2e31a61718346351d2de7ade5b,bc8dc332875b9b88,True,
validation,peligro,dataset_curado_v3/validation/peligro/peligro_02648.jpg,peligro_02648.jpg,.jpg,20014,224,224,RGB,8bca9a58ef6f4a02149ad03161f5a0d9a9baf48d67d3c26e707aeebe92b2dfe4,c0e02ecd5f60393f,True,
validation,peligro,dataset_curado_v3/validation/peligro/peligro_02759.jpg,peligro_02759.jpg,.jpg,18546,224,224,RGB,99702f32ceff77edc863bfd1a4ebf834b14408f2c5b93d733089649857eb66b8,b2b3cd98b349991c,True,
validation,peligro,dataset_curado_v3/validation/peligro/peligro_02760.jpg,peligro_02760.jpg,.jpg,19632,224,224,RGB,82a99472882954e3369f2bf7d93cde612cd2cbc27fd035e51b13fa1a30c356c6,ddca9d5a8605e691,True,
validation,peligro,dataset_curado_v3/validation/peligro/peligro_02828.jpg,peligro_02828.jpg,.jpg,26125,224,224,RGB,7a2bba7eaddb809c59fe9379f07f8791afa559ac61b715df1df843887376337c,c2e4b750d3e22937,True,
validation,peligro,dataset_curado_v3/validation/peligro/peligro_02906.jpg,peligro_02906.jpg,.jpg,17661,224,224,RGB,98248548028c8835b258c1330a41a0c1dd6d9acd5e2e55372983bb0773b164fb,908d7453b6a22f7a,True,
validation,peligro,dataset_curado_v3/validation/peligro/peligro_03012.jpg,peligro_03012.jpg,.jpg,26691,224,224,RGB,8c97ea59a34339acf3abed2450404a80498811ea868ae81fecf286df5649ca56,d1d9e9ad5a6c2464,True,
validation,peligro,dataset_curado_v3/validation/peligro/peligro_03036.jpg,peligro_03036.jpg,.jpg,25154,224,224,RGB,7b4651b6daae95d8853c21dae9ece1a6daf0e5b2625afcfd5c9aa199bd9c030b,c91423e3de22e96d,True,
validation,peligro,dataset_curado_v3/validation/peligro/peligro_03049.jpg,peligro_03049.jpg,.jpg,18992,224,224,RGB,84ba82386e89dd6d8c6e03834b89f44f718a012c376be48e2bd0dcc2cdfc7151,e104ae5a564ad74f,True,
validation,peligro,dataset_curado_v3/validation/peligro/peligro_03071.jpg,peligro_03071.jpg,.jpg,28411,224,224,RGB,81cfc8cef2b8a77696e88602fb9161cf4e89021cfdd6f46ec0c2059e01143aad,ecb464c98d39f1a2,True,
validation,peligro,dataset_curado_v3/validation/peligro/peligro_03152.jpg,peligro_03152.jpg,.jpg,21466,224,224,RGB,8ce31eab60c523305e2aa617a491b99b751f5a9f69ab4bef2f6f0e86784561c5,be94cb3bab183948,True,
validation,peligro,dataset_curado_v3/validation/peligro/peligro_03277.jpg,peligro_03277.jpg,.jpg,24191,224,224,RGB,84049b5b9a49c4c567c72792969f0acb4f02e58f2de5ed8101b65349d2c86cba,b639be3b72a141a1,True,
validation,peligro,dataset_curado_v3/validation/peligro/peligro_03301.jpg,peligro_03301.jpg,.jpg,20499,224,224,RGB,8e2a15086f04feb0bc29107f12996e69c0e26fb2075502a922bc1426d11e9e70,899636331d4ae6ec,True,
validation,peligro,dataset_curado_v3/validation/peligro/peligro_03307.jpg,peligro_03307.jpg,.jpg,9062,224,224,RGB,894698285102ced85da03e9337a8ee5ddb0ffc9733309653a01bb0ca386e2f3f,ecad52a253a955aa,True,
validation,peligro,dataset_curado_v3/validation/peligro/peligro_03344.jpg,peligro_03344.jpg,.jpg,18103,224,224,RGB,78eb431e63c5da7d007e742f662f94de6f4276a3ddda3196b7189cd0402061aa,91716e959a2d574a,True,
validation,peligro,dataset_curado_v3/validation/peligro/peligro_03355.jpg,peligro_03355.jpg,.jpg,33276,224,224,RGB,9a93bb1c91272b1272b877533aa90f4ad6dc3dfb040a08cfc963f000f9f3bc3d,d1353e44c1396bba,True,
validation,peligro,dataset_curado_v3/validation/peligro/peligro_03414.jpg,peligro_03414.jpg,.jpg,13244,224,224,RGB,7fb77241126915f9efea1a91b92049da2c5cb1ea053ff46661075878efd532d4,c3cf3961713596c2,True,
validation,peligro,dataset_curado_v3/validation/peligro/peligro_03436.jpg,peligro_03436.jpg,.jpg,18161,224,224,RGB,8b99ca40cbcdd816d270c56abfb9026e64cfdca366f675c232d2a3d0c714b04d,8a9ee191b5439d65,True,
validation,peligro,dataset_curado_v3/validation/peligro/peligro_03452.jpg,peligro_03452.jpg,.jpg,20365,224,224,RGB,8e5690988c8e1387d9678e1cc26365719265f1c6993a578236fdabd3bf1775f1,95397ae029877d98,True,
validation,peligro,dataset_curado_v3/validation/peligro/peligro_03494.jpg,peligro_03494.jpg,.jpg,22278,224,224,RGB,8adacad16fcd2f898d9af94dc58adb3f2eff14ff6cbc44a2205aa7e0de3cdb22,b5ad9ad372f0a068,True,
validation,peligro,dataset_curado_v3/validation/peligro/peligro_03562.jpg,peligro_03562.jpg,.jpg,25562,224,224,RGB,998ac1b95612981c9fe84301e27a094c1c92f9d9b68a1286635476c6c2969245,8c9343cec835d3c7,True,
validation,peligro,dataset_curado_v3/validation/peligro/peligro_03585.jpg,peligro_03585.jpg,.jpg,25312,224,224,RGB,7c0cec78e9633474f5d45f76112c0d84b58e13369bd470c26b86e1065026a9ac,b86c5b7ff0232588,True,
validation,peligro,dataset_curado_v3/validation/peligro/peligro_03657.jpg,peligro_03657.jpg,.jpg,18965,224,224,RGB,8c4449f7f2847c52bae8d1d4ed3ec4b79e555d8cf7c172c5137160c1cbc534fa,9f8d6968664692d3,True,
validation,peligro,dataset_curado_v3/validation/peligro/peligro_03761.jpg,peligro_03761.jpg,.jpg,24403,224,224,RGB,93b7bf2096823f366b70beaf41035cfab8aa7425c157523ba79c1f251712bb5f,f817a08c05929fdf,True,
validation,peligro,dataset_curado_v3/validation/peligro/peligro_03864.jpg,peligro_03864.jpg,.jpg,18675,224,224,RGB,771f32db79ba0fe0d20bd8508ae5f896a4e369c05201a8164cce5ed4a772f297,f1c0238be0fb04fe,True,
validation,peligro,dataset_curado_v3/validation/peligro/peligro_03899.jpg,peligro_03899.jpg,.jpg,29224,224,224,RGB,7da3a85d0ba58e1147e82318a72ca8f82ba21bf9d7b9a1bf411dfca076488b97,9cbc7b798206b98c,True,
validation,peligro,dataset_curado_v3/validation/peligro/peligro_04560.jpg,peligro_04560.jpg,.jpg,26212,224,224,RGB,885d4ca491d87dc81a5ff188a34677aa8b0e92b182f0bc1ec53df7b59d99535a,ac9bf24b92a1abc1,True,
validation,peligro,dataset_curado_v3/validation/peligro/peligro_04648.jpg,peligro_04648.jpg,.jpg,28912,224,224,RGB,7d0dbe55dad6ca57cffd62b6b09c3a72de1608e23580d1a1b8988472a5dcfe82,b99ab1130c7893bd,True,
validation,peligro,dataset_curado_v3/validation/peligro/peligro_04657.jpg,peligro_04657.jpg,.jpg,27374,224,224,RGB,882803612fe570a83ab6edcf2d8f7107ed75ccbccd878dd70f01452e8bec24c6,d299ed21d2e9c5c2,True,
validation,peligro,dataset_curado_v3/validation/peligro/peligro_04659.jpg,peligro_04659.jpg,.jpg,21787,224,224,RGB,9a19637b58b90f3f15e977869eff6855ef435cbcfad02328bb12be76c7342b2b,b699c87269cd854e,True,
validation,peligro,dataset_curado_v3/validation/peligro/peligro_04901.jpg,peligro_04901.jpg,.jpg,20662,224,224,RGB,968e32086ec6f3f7e05487405e3c70f825c5c50c242a3db14bcf0d05027d8e96,b9d2d7c0b46d6c88,True,
validation,peligro,dataset_curado_v3/validation/peligro/peligro_05249.jpg,peligro_05249.jpg,.jpg,25590,224,224,RGB,86b0284922791ae3745184a4369fa2e64d7925f580e8738ed59deffdca8856fb,b07e0e8747f3e301,True,
validation,peligro,dataset_curado_v3/validation/peligro/peligro_05250.jpg,peligro_05250.jpg,.jpg,15054,224,224,RGB,7da3b7e705b1b25110505c3d8aab68e83b221d00532dd440f93884ad5552b236,919d1a1c3a7a7b68,True,
validation,peligro,dataset_curado_v3/validation/peligro/peligro_05252.jpg,peligro_05252.jpg,.jpg,22737,224,224,RGB,973bf9abe122d0419e6164e33e9d72ee13bc0a4250bf1249a031a4b4d8c54d46,d3bc7156cc934439,True,
validation,peligro,dataset_curado_v3/validation/peligro/peligro_05294.jpg,peligro_05294.jpg,.jpg,20397,224,224,RGB,8dda93f43e7209f09079088a1ec7668b44ca7a74294a2c87e819d0d8209ac664,cfbd389320857746,True,
validation,peligro,dataset_curado_v3/validation/peligro/peligro_05403.jpg,peligro_05403.jpg,.jpg,15384,224,224,RGB,75aa51df078643aa9109216c56b022051d9e6762483fc24efaa1c840c2745592,b6e1854f8a1e49bc,True,
validation,peligro,dataset_curado_v3/validation/peligro/peligro_05739.jpg,peligro_05739.jpg,.jpg,25831,224,224,RGB,8c5619db57f713139038e2b597c29fe76e2912fac5a37c2a915ec075cbebbdb4,dcb107340eced2dc,True,
validation,peligro,dataset_curado_v3/validation/peligro/peligro_05754.jpg,peligro_05754.jpg,.jpg,19395,224,224,RGB,87176a0824aa1bc8f620287c36d94929b46e8195f70f07d28a87b4984060a3e5,a69959e6cef0223c,True,
validation,peligro,dataset_curado_v3/validation/peligro/peligro_06505.jpg,peligro_06505.jpg,.jpg,20004,224,224,RGB,95cb8fb4bac7b0a6b25653cfe213de2b71b928daf8305027ec71d83373512ddc,fe70940a932fc297,True,
validation,peligro,dataset_curado_v3/validation/peligro/peligro_07282.jpg,peligro_07282.jpg,.jpg,22716,224,224,RGB,88fd84f2a4a77dfcf68e99b1f61b417af545fa77f2437a884543c5a9b731e690,9926233f9d3c7e04,True,
validation,peligro,dataset_curado_v3/validation/peligro/peligro_07699.jpg,peligro_07699.jpg,.jpg,20213,224,224,RGB,7dcd3ae6387b6a44195f6970d9964bd92299de73586b3430196ec7296ae789e7,f29c4fcb244c3974,True,
validation,peligro,dataset_curado_v3/validation/peligro/peligro_07935.jpg,peligro_07935.jpg,.jpg,31513,224,224,RGB,7dd59d28327ce539b54daf530ef023f456ca6d59d37d60058aefa7928bce0a4a,d05bcb16a459be4c,True,
validation,peligro,dataset_curado_v3/validation/peligro/peligro_07941.jpg,peligro_07941.jpg,.jpg,22688,224,224,RGB,8e7870924ac2e3642b8e9bdac56b03b8540dc679c3b5c6e3149055bc48dd4c65,b50b84d162cda767,True,
validation,peligro,dataset_curado_v3/validation/peligro/peligro_08046.jpg,peligro_08046.jpg,.jpg,19841,224,224,RGB,7f34af2b998f9004593742ddde3c3db22fc97e745e1f93e5c49d76786e5821e9,c938bc47b141e72e,True,
validation,peligro,dataset_curado_v3/validation/peligro/peligro_08659.jpg,peligro_08659.jpg,.jpg,20877,224,224,RGB,8e7b5cb542eb90edd9bb4245d049d81caeb036fae153d53d85c04c20f29e2f05,f1ec385b9892d668,True,
validation,peligro,dataset_curado_v3/validation/peligro/peligro_08699.jpg,peligro_08699.jpg,.jpg,29727,224,224,RGB,8c5ee11c0ffd73b0815c76deb751c076c016b60e1d5600d7b8c0e95756953e33,d09a67678d889b36,True,
validation,peligro,dataset_curado_v3/validation/peligro/peligro_08933.jpg,peligro_08933.jpg,.jpg,16476,224,224,RGB,7cf62cf91b019d42082f6a53aa488f5450cd72b03bfecc61b21c1da490ea4f7d,c39c3cc33073c9cd,True,
validation,peligro,dataset_curado_v3/validation/peligro/peligro_09055.jpg,peligro_09055.jpg,.jpg,21640,224,224,RGB,8680478157df325ae608f0220992b0f3c9683994269d7ccfe8f2912d2c7da2c0,c3873c3c17b82a76,True,
validation,peligro,dataset_curado_v3/validation/peligro/peligro_09056.jpg,peligro_09056.jpg,.jpg,29046,224,224,RGB,88dfbc79f78dca43b0011128b1ba8acb090a6b2f46edea4f7ec19e36ae7902ba,81580aa27fbb71d5,True,
validation,peligro,dataset_curado_v3/validation/peligro/peligro_09063.jpg,peligro_09063.jpg,.jpg,23625,224,224,RGB,9955bd2be0b4f3f4466b7517f59780bb9eafa9e03ca31677eb671bd6a16e35cf,e1aecde19ac8b186,True,
validation,peligro,dataset_curado_v3/validation/peligro/peligro_09213.jpg,peligro_09213.jpg,.jpg,16665,224,224,RGB,80ee41ff94df65eaa0564bf2cab31077637a036823cbf775bd22257a7613cf4a,8c21bea7407f2c97,True,
validation,peligro,dataset_curado_v3/validation/peligro/peligro_09250.jpg,peligro_09250.jpg,.jpg,23618,224,224,RGB,8557968b1692c3daaf565510c95f602fb1ae532e92d59deff73cfc81773ccbf7,f4f1a5a99787030b,True,
validation,peligro,dataset_curado_v3/validation/peligro/peligro_09284.jpg,peligro_09284.jpg,.jpg,20434,224,224,RGB,7bfefdc0109ba94382be805ad66b25c7ef733f85efc7a542eddbc271d2872197,f9c5061b35e4da32,True,
validation,peligro,dataset_curado_v3/validation/peligro/peligro_09725.jpg,peligro_09725.jpg,.jpg,28557,224,224,RGB,7695474a397387a440292bfdaef5f4f3abc134df82c50ad1dcebf30a4f65b6ca,8dd8949815baea6d,True,
validation,peligro,dataset_curado_v3/validation/peligro/peligro_10165.jpg,peligro_10165.jpg,.jpg,32538,224,224,RGB,9a894737752c128c59f8664f24e591a85f497ab08791a3ec4b44b98defc98560,d1fa4d163e91498b,True,
validation,peligro,dataset_curado_v3/validation/peligro/peligro_10217.jpg,peligro_10217.jpg,.jpg,24735,224,224,RGB,8edaa16dc6a473ad30900c625ca089749594a6562e1c12a4415b92f945796e24,d190a2b9664fbd07,True,
validation,peligro,dataset_curado_v3/validation/peligro/peligro_10236.jpg,peligro_10236.jpg,.jpg,33923,224,224,RGB,7ee21dbf7cfb7f1e602cecdf09449e6f29dd5c27e97cf3d0da469e86a024c99a,ae91a2ea91b5b51c,True,
validation,peligro,dataset_curado_v3/validation/peligro/peligro_11412.jpg,peligro_11412.jpg,.jpg,18709,224,224,RGB,81077f30aabfeb66b0601d17ce385583ec1b1b0654948616591f1942e2936749,aa5b59a6662bb542,True,
validation,peligro,dataset_curado_v3/validation/peligro/peligro_11537.jpg,peligro_11537.jpg,.jpg,25585,224,224,RGB,8aca8cb3672658236231f0ea70dde4c3b046bee81f2f9afc57588582c81b22a8,89175a12776ce5ca,True,
validation,peligro,dataset_curado_v3/validation/peligro/peligro_11848.jpg,peligro_11848.jpg,.jpg,17345,224,224,RGB,82adcc685a1b67eaafb7d6b2932ff470c0f23e8b843723aa2ab112d653260d6c,da9c1d74c9e1c42d,True,
validation,peligro,dataset_curado_v3/validation/peligro/peligro_11980.jpg,peligro_11980.jpg,.jpg,19681,224,224,RGB,7ba214c873e0ca51f817d9def2816122ecbf07cdc7e91ea4960c59efbb537493,a67a0731d4572793,True,
validation,peligro,dataset_curado_v3/validation/peligro/peligro_12004.jpg,peligro_12004.jpg,.jpg,18110,224,224,RGB,7bd67275111c6e022e6b2b1c2c8c43bc9c61d98998f7571b2d59806ea81ffa2d,ead9b989ca945992,True,
validation,peligro,dataset_curado_v3/validation/peligro/peligro_12443.jpg,peligro_12443.jpg,.jpg,35501,224,224,RGB,88c2bfb4297ecb56f1128be3b0b6367668b92f2c6adf12feef9e8b6de43aa33a,832e3d011f78f2ce,True,
validation,peligro,dataset_curado_v3/validation/peligro/peligro_13185.jpg,peligro_13185.jpg,.jpg,22309,224,224,RGB,7ee144d036b766b0a28cc845e65b836ed1bc0e5fc6d02c8e2da5507ee6a43adb,91c4159b8793e5ae,True,
validation,peligro,dataset_curado_v3/validation/peligro/peligro_13286.jpg,peligro_13286.jpg,.jpg,28012,224,224,RGB,8d25a372aa9d5481947c94106d1cd38403425afceae914a288bff9e5fb1a5315,b36b990ec3799c03,True,
validation,peligro,dataset_curado_v3/validation/peligro/peligro_13396.jpg,peligro_13396.jpg,.jpg,18084,224,224,RGB,8a80c803b2b0f390e7c52c8135e9140fd754455fd65cab2e44dc298ce367ddb1,9d483972b348a7d9,True,
validation,peligro,dataset_curado_v3/validation/peligro/peligro_13423.jpg,peligro_13423.jpg,.jpg,26420,224,224,RGB,82bac7596447a6830dc87a8a60922575f2d66e0ce9caf1b09d4be1457af902a0,f4c22de4c23de30b,True,
validation,peligro,dataset_curado_v3/validation/peligro/peligro_13461.jpg,peligro_13461.jpg,.jpg,24331,224,224,RGB,8603fccdc243ecdfd6eb9d25019e1a516596aa4875372d110dd30688ab54139f,823ae475ccc29ee3,True,
validation,peligro,dataset_curado_v3/validation/peligro/peligro_13479.jpg,peligro_13479.jpg,.jpg,8634,224,224,RGB,75a99e7365ff14448de7ad99d7606a278bcf5119ed745ee92784e1214fea89c3,bdc2d23de09cc718,True,
validation,peligro,dataset_curado_v3/validation/peligro/peligro_13582.jpg,peligro_13582.jpg,.jpg,23048,224,224,RGB,95c44738452e38ce7a3899939b6fde909ea1faf7bafe74d4b6a533b5005af959,8ec861b92e636a75,True,
validation,peligro,dataset_curado_v3/validation/peligro/peligro_13739.jpg,peligro_13739.jpg,.jpg,30011,224,224,RGB,80dac02f4c52765ea10858ecf995c23388f91af7a4ea0490285320b2f8117431,8c9516e679fc1ca4,True,
validation,peligro,dataset_curado_v3/validation/peligro/peligro_15011.jpg,peligro_15011.jpg,.jpg,31826,224,224,RGB,7f3605b9ed25172bf9045777be15aea5e30a1553583103d21a2cb92044fb4c32,9ae265dac381ed15,True,
validation,peligro,dataset_curado_v3/validation/peligro/visual_balance_peligro_00176.jpg,visual_balance_peligro_00176.jpg,.jpg,33839,224,224,RGB,bb85a09b82f3806fb1a1b11ccea424f13a3d2368b0db5ea2cd1076967a2fbd12,e4c21b7b7d1e0a07,True,
validation,peligro,dataset_curado_v3/validation/peligro/visual_balance_peligro_00678.jpg,visual_balance_peligro_00678.jpg,.jpg,19948,224,224,RGB,bd4a4016de0f6ac834c9a423addbf09b19b264f888a68abd643132e51fdc7746,a881a24ecd5fdb49,True,
validation,peligro,dataset_curado_v3/validation/peligro/visual_balance_peligro_00731.jpg,visual_balance_peligro_00731.jpg,.jpg,27455,224,224,RGB,bc3a2235320c6a03b3a20a5919e45c379b8265aa9e635258b8f18456d9545a28,810f143f77e056ad,True,
validation,peligro,dataset_curado_v3/validation/peligro/visual_balance_peligro_01308.jpg,visual_balance_peligro_01308.jpg,.jpg,10501,194,260,RGB,bcecdc1211d7dea48162e2e3c2ada1d5825b7289baa88deedf4888aa930362e2,b36071adfa82c6a9,True,
validation,peligro,dataset_curado_v3/validation/peligro/visual_balance_peligro_01352.jpg,visual_balance_peligro_01352.jpg,.jpg,8718,194,259,RGB,bafda30c387ef5e5a02eb975229a1ffcc11e91ebad962b07445d91a385658ab1,c169c037bd8daea2,True,
validation,peligro,dataset_curado_v3/validation/peligro/visual_balance_peligro_01371.jpg,visual_balance_peligro_01371.jpg,.jpg,13469,259,194,RGB,bcb14b09b1d06058f13c492929c463b716f4f1ea867874b4ede527dad0dd6f17,b4c5917a5e07dc49,True,
validation,peligro,dataset_curado_v3/validation/peligro/visual_balance_peligro_01377.jpg,visual_balance_peligro_01377.jpg,.jpg,8102,194,259,RGB,ba738b145b2d1474552e11e9478eb71bc95a3e76f13ff7a95ed6716ede960dcf,aa568d06fce8d187,True,
validation,peligro,dataset_curado_v3/validation/peligro/visual_balance_peligro_02063.jpg,visual_balance_peligro_02063.jpg,.jpg,7626,274,184,RGB,bb2e2dfa60884e2eae3d36eef7141a8457ce2d65def7385375760b8803ca3ac4,bd87c07a8778166c,True,
validation,peligro,dataset_curado_v3/validation/peligro/visual_balance_peligro_03098.jpg,visual_balance_peligro_03098.jpg,.jpg,30078,224,224,RGB,ba62c2c742e275b82cc4c1616dec71143ba680d5e14af401450ecb46b0573fa5,a7e74c8cc19c5993,True,
validation,peligro,dataset_curado_v3/validation/peligro/visual_balance_peligro_03920.jpg,visual_balance_peligro_03920.jpg,.jpg,19060,224,224,RGB,bc96e583c1965e2f0df9b8124a7e60ad9ea228b2a7ae6c6e72a275cdd9e40f27,fe27c0f8c1c0f196,True,
validation,peligro,dataset_curado_v3/validation/peligro/visual_balance_peligro_06385.jpg,visual_balance_peligro_06385.jpg,.jpg,21181,224,224,RGB,bc1004ae500cdca552079a09c646317e8da9e51e002c82f956782c940d34e192,90176cf3905efb0a,True,
validation,peligro,dataset_curado_v3/validation/peligro/visual_balance_peligro_07031.jpg,visual_balance_peligro_07031.jpg,.jpg,18167,224,224,RGB,ba70a2db996501ecee6adb5b0c477f2e91843e7304cc63a9fa23d31dab36d842,9292eacb2d1197ec,True,
validation,peligro,dataset_curado_v3/validation/peligro/visual_balance_peligro_08826.jpg,visual_balance_peligro_08826.jpg,.jpg,27234,224,224,RGB,baa8cce2e4f46bc42b883cb52a475338ae2f607ffa987e8843d887e961ff61dc,e6f3eacc2811ccd1,True,
validation,peligro,dataset_curado_v3/validation/peligro/visual_balance_peligro_10205.jpg,visual_balance_peligro_10205.jpg,.jpg,14692,224,224,RGB,bd2a51c2fb3a0fe7333892d59529840dd443aca782cc7b27fd1464c08360ebda,9e9263c764cc9c8d,True,
validation,sano,dataset_curado_v3/validation/sano/sano_00020.jpg,sano_00020.jpg,.jpg,14949,224,224,RGB,7c2909fcf3ad78975186d797f3434e9c3003a878f9cd2e9cf221271121260f5f,b2ccc7c6c3c1c786,True,
validation,sano,dataset_curado_v3/validation/sano/sano_00026.jpg,sano_00026.jpg,.jpg,24007,224,224,RGB,7886f529ecc4449b35132b456eec76edac9f8e2c53f09af42098d632b43cc836,88663fcd60ac789e,True,
validation,sano,dataset_curado_v3/validation/sano/sano_00049.jpg,sano_00049.jpg,.jpg,23361,224,224,RGB,883d7a3f1046f2f66fc5c21889526ee04bfffce3295ef3939468e9143ca8c74e,ffc0971c3c63604b,True,
validation,sano,dataset_curado_v3/validation/sano/sano_00079.jpg,sano_00079.jpg,.jpg,26127,224,224,RGB,8c466660886af81787dcc81e8240ba4a8075ef482374f22164c1534e00cee11d,a12f3867c98c4f99,True,
validation,sano,dataset_curado_v3/validation/sano/sano_00127.jpg,sano_00127.jpg,.jpg,27832,224,224,RGB,856f31513637675699d3bb09ab53267c302e34ae9b2ee6a90b6bc45faddada19,9fe72491f06d4493,True,
validation,sano,dataset_curado_v3/validation/sano/sano_00130.jpg,sano_00130.jpg,.jpg,35969,224,224,RGB,865467eba6f8b380d8640a23165a9e54a189391da92dee2a4d87b9201b50dcc2,93ad49326f27d42a,True,
validation,sano,dataset_curado_v3/validation/sano/sano_00135.jpg,sano_00135.jpg,.jpg,19952,224,224,RGB,9208360714fe3bdc404634d36f754d08ad14c3a7f63ff2c0afbd80ae752c7a11,ee90f1c79c9031cb,True,
validation,sano,dataset_curado_v3/validation/sano/sano_00136.jpg,sano_00136.jpg,.jpg,25257,224,224,RGB,8e72d09ebf09108d6aedc39477cc7ba7fd7f9587651ed38c0f0f486bbbdc2478,e54b92f0df27a222,True,
validation,sano,dataset_curado_v3/validation/sano/sano_00270.jpg,sano_00270.jpg,.jpg,19231,224,224,RGB,7dca254f30125c645d20011959a12c5202ec1bc21da7d56862dc775e2be081e6,b4e474856cdb1b61,True,
validation,sano,dataset_curado_v3/validation/sano/sano_00299.jpg,sano_00299.jpg,.jpg,16072,224,224,RGB,7ffa970bbf162fdc0c8883c49f5e75aaad465865c52425cbba5bf6211458f963,eb323b696433384e,True,
validation,sano,dataset_curado_v3/validation/sano/sano_00341.jpg,sano_00341.jpg,.jpg,21333,224,224,RGB,83c2d6276df392e92d34fe3926095901ab5260b0ca2c9bfa07c9c8a4c4d5d900,d38659ced14f8cc1,True,
validation,sano,dataset_curado_v3/validation/sano/sano_00342.jpg,sano_00342.jpg,.jpg,25615,224,224,RGB,920e04f50a38159b3103bd808fcc4537f5952cc51eeb277f77bcef4cf7a45657,db0456aeae4ac971,True,
validation,sano,dataset_curado_v3/validation/sano/sano_00358.jpg,sano_00358.jpg,.jpg,25152,224,224,RGB,8dccd5a38f1f9a8bdf877f7093c40561f8e650a03633d2a5997b912ad2441e35,85b45b736559744c,True,
validation,sano,dataset_curado_v3/validation/sano/sano_00485.jpg,sano_00485.jpg,.jpg,24619,224,224,RGB,8423e411015abcde72be2588cac1101e0cebee4772211141dc41da9877cc3a2b,ddf6d0495458b61a,True,
validation,sano,dataset_curado_v3/validation/sano/sano_00490.jpg,sano_00490.jpg,.jpg,21205,224,224,RGB,8767e5f560f91306032f3239ef2e528894513f46034a4666304825d62faf7959,ccc4baab2a5c7a4a,True,
validation,sano,dataset_curado_v3/validation/sano/sano_00496.jpg,sano_00496.jpg,.jpg,9655,224,224,RGB,7856d97a3f9d7133da53104fa751d53c159031da991c7e8971419458d6408fcd,c1d936663a9ce3e0,True,
validation,sano,dataset_curado_v3/validation/sano/sano_00559.jpg,sano_00559.jpg,.jpg,18949,224,224,RGB,7906b09fb1d8961f29f398a779d8745ec0034455a675082e6d5c01f2158072d6,d8de663179607646,True,
validation,sano,dataset_curado_v3/validation/sano/sano_00562.jpg,sano_00562.jpg,.jpg,29571,224,224,RGB,790d1b9b13cd1857d225344375760e9ccc6e0c83e830cb9b45fa628317ea269c,c63c630e71c2bbc5,True,
validation,sano,dataset_curado_v3/validation/sano/sano_00650.jpg,sano_00650.jpg,.jpg,13114,224,224,RGB,785b5f0b09039298475b7275d17fd953b70353a3ce3fe2932db2af25d1dcc5c7,b998c0e04f9727ce,True,
validation,sano,dataset_curado_v3/validation/sano/sano_00680.jpg,sano_00680.jpg,.jpg,25924,224,224,RGB,7d053cf0950b5f9b3c1eca9a0b1398539ce54c769bd94f21b2ac49c3e2f8a86d,989c297067e7e607,True,
validation,sano,dataset_curado_v3/validation/sano/sano_00717.jpg,sano_00717.jpg,.jpg,17399,224,224,RGB,817216fb1f5bd10459cf8ae97d2458994e857ee112b5c8f610feb9c75b0ff571,f19414b97eda44ca,True,
validation,sano,dataset_curado_v3/validation/sano/sano_00765.jpg,sano_00765.jpg,.jpg,28982,224,224,RGB,88bba2900cadd484ae265c955249a15aa11231c0950f9f6c9c87bb8121ee41a9,b370f06f0cd09b1e,True,
validation,sano,dataset_curado_v3/validation/sano/sano_00828.jpg,sano_00828.jpg,.jpg,30352,224,224,RGB,89a57d8b15a1661179b3ef38dd773405b9b24e02b46a486151b00cd684479368,ffe0e0c2e5988e86,True,
validation,sano,dataset_curado_v3/validation/sano/sano_00873.jpg,sano_00873.jpg,.jpg,21932,224,224,RGB,812646b2b11dd4fabb5f64f125a260a02f8652faf96b7415af9cfefdb0566752,91ff1c596466c607,True,
validation,sano,dataset_curado_v3/validation/sano/sano_00895.jpg,sano_00895.jpg,.jpg,33325,224,224,RGB,805303e069b520acaa42bd7d6880f8de178cc372b5465ed435ff5970c7a99bda,e9d9b8c8ccaedc80,True,
validation,sano,dataset_curado_v3/validation/sano/sano_01013.jpg,sano_01013.jpg,.jpg,20680,224,224,RGB,86099189e16f1333705568055ba6afb746843afa406e5585115178ef078976e0,a99a8f67259cf038,True,
validation,sano,dataset_curado_v3/validation/sano/sano_01121.jpg,sano_01121.jpg,.jpg,33093,224,224,RGB,78352c6a1415b319745e5b28b138e36cf39bef6444d2c474a17ec8da2e427483,afb707091a9a3c65,True,
validation,sano,dataset_curado_v3/validation/sano/sano_01164.jpg,sano_01164.jpg,.jpg,30073,224,224,RGB,7d6e0d84b2c6e4a092182f9b3c9f9b2a5a4e059e035963de13a3a3a6e39b59e8,d24d6d2224ad37f2,True,
validation,sano,dataset_curado_v3/validation/sano/sano_01168.jpg,sano_01168.jpg,.jpg,17112,224,224,RGB,80efc4a7d3db782d7e9a65f29c09f36e86b3ce739a63dea4e5d65397717b7a1f,b2218df46cc973d2,True,
validation,sano,dataset_curado_v3/validation/sano/sano_01170.jpg,sano_01170.jpg,.jpg,25464,224,224,RGB,79ad012c0d414e04f759c98bfc7935a5a702516549fdd778310a273fb8e27db9,e38006b97cd659e5,True,
validation,sano,dataset_curado_v3/validation/sano/sano_01198.jpg,sano_01198.jpg,.jpg,29228,224,224,RGB,8d625e365acb9696ab92c84546e71e26964ab10672c46ef8d84b7dfc73a92bd2,b29091b13f17a85f,True,
validation,sano,dataset_curado_v3/validation/sano/sano_01222.jpg,sano_01222.jpg,.jpg,38152,224,224,RGB,81b44e69f78a0aee37f1e184b145f61188c6710afe33b4a5adbf573db7c4c68d,d0dfd4c1daa54a25,True,
validation,sano,dataset_curado_v3/validation/sano/sano_01236.jpg,sano_01236.jpg,.jpg,32546,224,224,RGB,79784a869f0ce3005300a2967c7b7026af9cba8e2109f913c39f472253ea43c4,8fb1f9d463251389,True,
validation,sano,dataset_curado_v3/validation/sano/sano_01304.jpg,sano_01304.jpg,.jpg,8351,206,244,RGB,89419df4cd1db679bb4250dd80a87afea73fbb1bc9a76d9a566b4f8093e94df0,b0e293126e8ee979,True,
validation,sano,dataset_curado_v3/validation/sano/sano_01320.jpg,sano_01320.jpg,.jpg,12819,194,259,RGB,875116022c1c7b0ec9a84b3b224be1b45040277a1c168f56544c1941ca028ea9,a5d6111ab1e5ca9d,True,
validation,sano,dataset_curado_v3/validation/sano/sano_01335.jpg,sano_01335.jpg,.jpg,17310,275,183,RGB,83dec007d49058377cc0791018f5626aa4daad61d2e543557b62d82765f5ba22,d6dad805889cd6f4,True,
validation,sano,dataset_curado_v3/validation/sano/sano_01349.jpg,sano_01349.jpg,.jpg,12728,229,220,RGB,7e4b48bd78eb58c46dd350e1d39a0ed97e312386aed64bfd699e4a30f81e1b2e,f9f4a00e246f5b46,True,
validation,sano,dataset_curado_v3/validation/sano/sano_01380.jpg,sano_01380.jpg,.jpg,9926,190,266,RGB,7e79fb03156a779409f325f9dea1b04e9e936cbe3eac968bd63785646e00fff2,a594a3d98ec8f8a5,True,
validation,sano,dataset_curado_v3/validation/sano/sano_01418.jpg,sano_01418.jpg,.jpg,12441,225,225,RGB,8a4dce5285a4dc6dfc506819327a6c2ff2e84dc6563234da131f5dabc8730234,f9aca9b001bffc40,True,
validation,sano,dataset_curado_v3/validation/sano/sano_01457.jpg,sano_01457.jpg,.jpg,1638128,1080,1080,RGBA,879aded284db308ca8d7ec480b8de40dc447c6085d2b3561f90304556b3749ea,f60855bf3e80684f,True,
validation,sano,dataset_curado_v3/validation/sano/sano_01503.jpg,sano_01503.jpg,.jpg,13340,205,246,RGB,78be2e8d3c2e4ee87c2c0e7c5b693f3be598abeac236f70d196bcd5a8eaba7e7,8f1ea442fac35b19,True,
validation,sano,dataset_curado_v3/validation/sano/sano_01507.jpg,sano_01507.jpg,.jpg,15815,259,194,RGB,8531b2a7db3710bb3807a3ae905b70c35edf4f8c8d05810b1ef017e0525ac856,d0f87cd57724c254,True,
validation,sano,dataset_curado_v3/validation/sano/sano_01516.jpg,sano_01516.jpg,.jpg,16492,259,194,RGB,86f437614d186576daf7a97bdd925226165b4cf101e88b04c05898d9ae1c1db0,f62df1a386aaa4a2,True,
validation,sano,dataset_curado_v3/validation/sano/sano_01571.jpg,sano_01571.jpg,.jpg,8107,275,183,RGB,7902e48553aa10b257207fd2760fcff778d70db4782bdda41be8f3cf5870e393,d7f096d49ba44239,True,
validation,sano,dataset_curado_v3/validation/sano/sano_01572.jpg,sano_01572.jpg,.jpg,6858,274,184,RGB,86e177de7e5d2b01fd0f5a2f8241ce2fad2e0fb66cc0110205ad3e46264e6517,bd5a72078e8c2cbc,True,
validation,sano,dataset_curado_v3/validation/sano/sano_01627.jpg,sano_01627.jpg,.jpg,7299,265,190,RGB,77bd9a479f865421b8473c2771bc7289fded8d5871f113322707a1c56d2ee020,f3438947e7199f08,True,
validation,sano,dataset_curado_v3/validation/sano/sano_01645.jpg,sano_01645.jpg,.jpg,10785,275,183,RGB,7ffe7bbeed50b9724777402e77f8c05c73c724756f9d0cf8c055b05f5f0e5b4f,bfba3d44a1258cc3,True,
validation,sano,dataset_curado_v3/validation/sano/sano_01670.jpg,sano_01670.jpg,.jpg,8728,275,183,RGB,8286839fde0f5e8628efa0e6fa8c69fb4f299decc8fe8231ecc47d352b1d6bbd,cdd096c57aa84a37,True,
validation,sano,dataset_curado_v3/validation/sano/sano_01686.jpg,sano_01686.jpg,.jpg,11806,183,275,RGB,8c795e558d538232006b30cb0a3ec1b1be1318e27bf300b44cde6fad34e3b16c,926aad1ba1e46e96,True,
validation,sano,dataset_curado_v3/validation/sano/sano_01721.jpg,sano_01721.jpg,.jpg,15260,225,225,RGB,7eea4c7af0301da7c2c1fcae9e5d7a3a38fd24ca73e0c5b664be374ecde22514,eb92c1da3dd92854,True,
validation,sano,dataset_curado_v3/validation/sano/sano_01726.jpg,sano_01726.jpg,.jpg,13557,275,183,RGB,910f3a3088193416f933ebbf7ddc7c7037b096b587e60ab6e01addb02292d758,858bc64170e3aafb,True,
validation,sano,dataset_curado_v3/validation/sano/sano_01735.jpg,sano_01735.jpg,.jpg,12787,212,237,RGB,74fcada9794355092f611addf7d8dcdba43bbf35b65bbad652153563147e44b6,d89e75e02ded1384,True,
validation,sano,dataset_curado_v3/validation/sano/sano_01778.jpg,sano_01778.jpg,.jpg,39513,390,280,RGB,8474e4af52bb2a7ca75cc555d491510232d7570ec5a269325cd8d51d5e4dd4ce,a341fa3ab86de470,True,
validation,sano,dataset_curado_v3/validation/sano/sano_01831.jpg,sano_01831.jpg,.jpg,9395,259,194,RGB,769fcc63cd73dda540bd493f40f40612cbb2b361facbf0e6634388c111c58ddf,f8a6e9f825e806d4,True,
validation,sano,dataset_curado_v3/validation/sano/sano_01850.jpg,sano_01850.jpg,.jpg,6171,225,225,RGB,8634712140eb69e3e154d11668c4c058803ac157b3a779f6099f927d207ec2e3,b34cf39284269e5b,True,
validation,sano,dataset_curado_v3/validation/sano/sano_01872.jpg,sano_01872.jpg,.jpg,6373,275,183,RGB,8387d4e0f6dee2868a39ca1762c4202d041af6f2a85c6cea47ba3f37d5e506ef,83ac2e2fb062a9bd,True,
validation,sano,dataset_curado_v3/validation/sano/sano_01899.jpg,sano_01899.jpg,.jpg,48393,478,478,RGB,7b52dead8e782f48064de556723872062e1b47fe2d01aa7b273221bc585b0349,929eb46bf1da340a,True,
validation,sano,dataset_curado_v3/validation/sano/sano_01904.jpg,sano_01904.jpg,.jpg,59560,600,400,RGB,8bff3d2513e8f2e362b545b7335d48a72f3c8824a4c3a949d6087509715df143,c9820badadcbc3c6,True,
validation,sano,dataset_curado_v3/validation/sano/sano_01943.jpg,sano_01943.jpg,.jpg,6246,250,201,RGB,751f33e803e955450d989516aab460c1f91b00dd90a0cf76978694d651d166fe,bc86c2a84de50f9e,True,
validation,sano,dataset_curado_v3/validation/sano/sano_01963.jpg,sano_01963.jpg,.jpg,5815,275,183,RGB,8368cf64551a10c88459379738d9b673b45582cbbb3bfa3e2a8e65a48a67ab51,ace9cf7ab1921c18,True,
validation,sano,dataset_curado_v3/validation/sano/sano_01976.jpg,sano_01976.jpg,.jpg,8001,275,183,RGB,813a48035d8f35ceda97e9d17b8fc3773aeffbfe0d84ceaf8e42bf2885ed9d7b,90678492a7fb8e0f,True,
validation,sano,dataset_curado_v3/validation/sano/sano_02041.jpg,sano_02041.jpg,.jpg,31928,669,634,RGB,8de8f1ecdb774f69cb90bc2202f281a543d36023671534dc931cbf542b761166,d5e929921573ec19,True,
validation,sano,dataset_curado_v3/validation/sano/sano_02104.jpg,sano_02104.jpg,.jpg,7590,219,230,RGB,7d9f230d82dd4dfe708770ed3aba8940ad5566c1d57ec993dad8587ece71484a,cacbde3f1603e089,True,
validation,sano,dataset_curado_v3/validation/sano/sano_02105.jpg,sano_02105.jpg,.jpg,14558,250,201,RGB,78dc0734b8cc1a11c4285de9aba94949bbaccdb7ab781d705f0b8e190db82e10,eecec446dcc71431,True,
validation,sano,dataset_curado_v3/validation/sano/sano_02137.jpg,sano_02137.jpg,.jpg,10894,194,259,RGB,80a3b79c99c07e314c0c4ea9dc79943f2075aba73222264444c13e9bf5d07238,ccb2c6b00b16edcb,True,
validation,sano,dataset_curado_v3/validation/sano/sano_02201.jpg,sano_02201.jpg,.jpg,11044,250,202,RGB,7c35266cbe83aca8fe8b4cdf0a98ce9a405c4bb0f6bb92138bed3a67d46db025,b5f06c5f92b46065,True,
validation,sano,dataset_curado_v3/validation/sano/sano_02300.jpg,sano_02300.jpg,.jpg,11287,275,183,RGB,85cb2e421bfa8f01796d76f9e92768df229595ec742a07d164221e3fb5c597a1,f6db183c83a1165b,True,
validation,sano,dataset_curado_v3/validation/sano/sano_02555.jpg,sano_02555.jpg,.jpg,63063,383,626,RGB,7890cc331449cd74f2377b3f29d001bb2f5a3a9b8d9660fb92fc61f80277b2e5,ac271d9a4be8533c,True,
validation,sano,dataset_curado_v3/validation/sano/sano_02564.jpg,sano_02564.jpg,.jpg,12524,259,194,RGB,8e522b3eb73ad623e58797f49e39240d9fea270e534ce4360e315f247c260f9f,a7d33291cb7a5285,True,
validation,sano,dataset_curado_v3/validation/sano/sano_02626.jpg,sano_02626.jpg,.jpg,10548,225,225,RGB,79f4bd8a3872928e9b59c4b9fef0d5f647d44fe38757047445542b556ac394fb,e79881fe01fd600f,True,
validation,sano,dataset_curado_v3/validation/sano/sano_02629.jpg,sano_02629.jpg,.jpg,8101,275,183,RGB,787074c3388236fd5f92b22c7656a20d5cfbd36aab65c3b6e09d62e02c11bbe1,ca40e3ee7a0c1c3f,True,
validation,sano,dataset_curado_v3/validation/sano/sano_02631.jpg,sano_02631.jpg,.jpg,12938,194,259,RGB,84ce8c0e5a41413a958dbd1bebb50f74c0e0d41c0d1f7ed25555bfcf88187876,eb5a8972b409a727,True,
validation,sano,dataset_curado_v3/validation/sano/sano_02633.jpg,sano_02633.jpg,.jpg,43052,800,534,RGB,8de92a84f7f5fb471970f8241b3e666ce4cbe248871033844d5220262de61d26,9ca63eed2b8e3038,True,
validation,sano,dataset_curado_v3/validation/sano/sano_02659.jpg,sano_02659.jpg,.jpg,9169,260,194,RGB,804b89e51a8569a59db893b904a9772fdb80c5ef6cf01d55a86bbd899744ec68,ad93e8c2d6ad32c2,True,
validation,sano,dataset_curado_v3/validation/sano/sano_02669.jpg,sano_02669.jpg,.jpg,7886,259,194,RGB,76a27f99236efc8100d2c2647fc3c53d240669ce5ec7dafacdb7b94b4bd3fe4b,f6b3c5a08acaf41c,True,
validation,sano,dataset_curado_v3/validation/sano/sano_02695.jpg,sano_02695.jpg,.jpg,12269,259,194,RGB,774e14371a71b866d705f2ad9b66b0366d596fd28d5cd0e8d2bcdf7c1a9efea3,af144a679a0967cd,True,
validation,sano,dataset_curado_v3/validation/sano/sano_02696.jpg,sano_02696.jpg,.jpg,7950,233,216,RGB,75ac6d21fdf1d2af3da5e582eed3422ab256bd0ecf9e962ffd6f64b478592267,95a3235bcdcd7c04,True,
validation,sano,dataset_curado_v3/validation/sano/sano_02727.jpg,sano_02727.jpg,.jpg,6446,211,239,RGB,8391f9bc3d8a47ce76e9db7a7d26940d575f187132baec4d8174d7abee2ce7fb,eae3951c63632cc3,True,
validation,sano,dataset_curado_v3/validation/sano/sano_02819.jpg,sano_02819.jpg,.jpg,17155,224,224,RGB,8cdaa5f87659a27ee0c11f0601f69249b927069ddb76fb20eb964cddee9a2248,a048e51dbe1e5f52,True,
validation,sano,dataset_curado_v3/validation/sano/sano_02938.jpg,sano_02938.jpg,.jpg,16993,224,224,RGB,8d452471b9d8dc55d73aef2d2f8d77c436ec570f2d544cc28cba942352649b2d,ba97c0ee0dc93493,True,
validation,sano,dataset_curado_v3/validation/sano/sano_02989.jpg,sano_02989.jpg,.jpg,29565,224,224,RGB,8e991b2215d3bca4f50643c424df3397b29c5186e8a7e797a4dc4b492f4baa17,fc87a0f825994ce6,True,
validation,sano,dataset_curado_v3/validation/sano/sano_03093.jpg,sano_03093.jpg,.jpg,34583,224,224,RGB,7743b521569e63d81b5f2ad435ce0b7deac0de256ed7cf7073d4087e62073eab,f780b483d28deaf0,True,
validation,sano,dataset_curado_v3/validation/sano/sano_03125.jpg,sano_03125.jpg,.jpg,35605,224,224,RGB,7e7fe45ce2f696df5854d7ae9a7beb8c2238228b88c711445cfdfd675bc7c1e9,e7e2fb4aed2c0046,True,
validation,sano,dataset_curado_v3/validation/sano/sano_03324.jpg,sano_03324.jpg,.jpg,23382,224,224,RGB,7e184bc2f5052d7bf3697549806c45df68613b4a311c50cec36f51792ae560cc,c801e56af182f8bf,True,
validation,sano,dataset_curado_v3/validation/sano/sano_03440.jpg,sano_03440.jpg,.jpg,44446,224,224,RGB,89bbe1803d4a53ec594bac405d7ba848fdd5cf30ac2e09415d1625cbc36f1dd5,889107e5ceced53a,True,
validation,sano,dataset_curado_v3/validation/sano/sano_03827.jpg,sano_03827.jpg,.jpg,13034,224,224,RGB,7787210eb7b01b85618eb6d3c017707c0b4c59be47eba37d69932cbe1fbe43bc,e6dd193226619c4f,True,
validation,sano,dataset_curado_v3/validation/sano/sano_04109.jpg,sano_04109.jpg,.jpg,30689,224,224,RGB,8a142c8c5dd4d66003d291c38ecd30833b345600f2b128b8a9540c43ccbe6587,c63823c332775a8f,True,
validation,sano,dataset_curado_v3/validation/sano/sano_04112.jpg,sano_04112.jpg,.jpg,28643,224,224,RGB,8abe7e8e304db65f988296d53f32dd61650d88c029734cd4c787254d6d3a232f,8e35d1396ac263ab,True,
validation,sano,dataset_curado_v3/validation/sano/sano_04130.jpg,sano_04130.jpg,.jpg,25076,224,224,RGB,7b04ab73c19538b1cc3d1bede4cf257eafc3bb4da6997295d55a3dfc687a1291,f3e92933805c5ea5,True,
validation,sano,dataset_curado_v3/validation/sano/sano_04153.jpg,sano_04153.jpg,.jpg,21717,224,224,RGB,913e54f9bfe166caf7a97bcc4a7af13fc7ce3d7fc5db56e9437f6c910f16f45c,db81e6047d079cf8,True,
validation,sano,dataset_curado_v3/validation/sano/sano_04205.jpg,sano_04205.jpg,.jpg,19495,224,224,RGB,8698e793a8e4644dc4743443025d442e311408798a629f402fcc23f9e4add5ca,e85c853768275ef0,True,
validation,sano,dataset_curado_v3/validation/sano/sano_04307.jpg,sano_04307.jpg,.jpg,34449,224,224,RGB,83cc28a576c3707bde4d833184bdb003fd132fbfced83c585a305a4c7e784326,ea9b9086ed9476a1,True,
validation,sano,dataset_curado_v3/validation/sano/sano_04314.jpg,sano_04314.jpg,.jpg,18374,224,224,RGB,7cf584501bbfa388f9cbcfa9c681be64d5bc565b6d19e8b5873828629af5ae92,99f2361947954e53,True,
validation,sano,dataset_curado_v3/validation/sano/sano_04346.jpg,sano_04346.jpg,.jpg,31139,224,224,RGB,8d161a16b8d7b08accdb03295efc50c9b4a1bfcccb7fae8fab335af840c76a9b,d0dc6ea1170a79c7,True,
validation,sano,dataset_curado_v3/validation/sano/sano_04538.jpg,sano_04538.jpg,.jpg,20536,224,224,RGB,78b6535a0c14f450066276417f391a12f9a209082d3b40f1d1762053b30215d1,c4c2e6e6b41c636b,True,
validation,sano,dataset_curado_v3/validation/sano/sano_04629.jpg,sano_04629.jpg,.jpg,30424,224,224,RGB,8fb68be6e9bf47b5265e76a0709f30cc7bac76466ddf1bbbb9f5b3e64a8d86d2,cb6790b872ae7c28,True,
validation,sano,dataset_curado_v3/validation/sano/sano_04864.jpg,sano_04864.jpg,.jpg,26376,224,224,RGB,7fa09b47de19b50e495e0c1264558d550ab98f1816a84961ead2f2590bc34b9b,b9a1d2969b098ecb,True,
validation,sano,dataset_curado_v3/validation/sano/sano_04888.jpg,sano_04888.jpg,.jpg,30457,224,224,RGB,8f28e143eaed5af30ed38ecc81008aee5ba7b14b6b983259368bd557aa918434,aaee2f6144e6e04b,True,
validation,sano,dataset_curado_v3/validation/sano/sano_05094.jpg,sano_05094.jpg,.jpg,32562,224,224,RGB,8fc8a5dee9d089d11a94f2bd6224cd7b1e0cded61eb15d2596811057b092b579,eeabeda6850505b4,True,
validation,sano,dataset_curado_v3/validation/sano/sano_05096.jpg,sano_05096.jpg,.jpg,28410,224,224,RGB,8fe11d0d44317081fa29a86f1ff057c1486562c6c26b0579e86c65bef527f5d7,ab7e8583190fda34,True,
validation,sano,dataset_curado_v3/validation/sano/sano_05140.jpg,sano_05140.jpg,.jpg,25588,224,224,RGB,8adddc78035ab0fa914a07ea2883d0a135a8faff4a014435fd11246641241671,b15e6e83b1a1b2d8,True,
validation,sano,dataset_curado_v3/validation/sano/sano_05170.jpg,sano_05170.jpg,.jpg,18493,224,224,RGB,8afb03225135286ae0a48c3190cd7382565a39fece640cad819b9ba33ffe8448,c3d078e1472f370d,True,
validation,sano,dataset_curado_v3/validation/sano/sano_05191.jpg,sano_05191.jpg,.jpg,33679,224,224,RGB,8a2f90db548907538d96acdbb1c171dda815c26fc02d7c369410da638b2da344,d77e65d1acc0ea04,True,
validation,sano,dataset_curado_v3/validation/sano/sano_05200.jpg,sano_05200.jpg,.jpg,7374,224,224,RGB,8e9e8dedb22a220609927ae628ea0a674a78200128b276f07d87ad45248e06e5,c69939666c8e6c99,True,
validation,sano,dataset_curado_v3/validation/sano/sano_05276.jpg,sano_05276.jpg,.jpg,19647,224,224,RGB,77dea072e6608b79b4224379abedbcc422619973793315b19e295cf4a346cac6,911e43d73668f326,True,
validation,sano,dataset_curado_v3/validation/sano/sano_05312.jpg,sano_05312.jpg,.jpg,27626,224,224,RGB,8710ff8e8cc5e3d01de3ace1d0fe5d1b9ca1d9d46f29915b9138ebd41a55b580,e6911c66bf5b3620,True,
validation,sano,dataset_curado_v3/validation/sano/sano_05422.jpg,sano_05422.jpg,.jpg,28471,224,224,RGB,768d9cee9cf79d3e9ced28a750355d9e5b61174acccea2dfef5bfc29db656b75,abc17897c668b45a,True,
validation,sano,dataset_curado_v3/validation/sano/sano_05436.jpg,sano_05436.jpg,.jpg,24920,224,224,RGB,854c5b67ed350a731a797a448d9ff1e3a737722f919625bdb3a75407ac7e0d4b,9dc83438eece8b1a,True,
validation,sano,dataset_curado_v3/validation/sano/sano_05553.jpg,sano_05553.jpg,.jpg,28212,224,224,RGB,8ba5104437efab2cc5e65445cd7e0ec51533977d0d61e4a1882191086d28083e,d278927750e699e1,True,
validation,sano,dataset_curado_v3/validation/sano/sano_05606.jpg,sano_05606.jpg,.jpg,22563,224,224,RGB,7e0e559dd6ac1a065330568144448157e692f4e4b84bf957f7f2632d12da3cf6,a38b3e61258dd437,True,
validation,sano,dataset_curado_v3/validation/sano/sano_06232.jpg,sano_06232.jpg,.jpg,34549,224,224,RGB,881bb33febae84f1c5548e5eee2ef59e77517c634668c2645df6a3ce06c1215c,a3d295a8d897d459,True,
validation,sano,dataset_curado_v3/validation/sano/sano_06342.jpg,sano_06342.jpg,.jpg,19810,224,224,RGB,8492d11ff20f34bbd81de65fe84e494565744de7a7126f8dad9d30eb127fc276,a5d2e165daed042b,True,
validation,sano,dataset_curado_v3/validation/sano/sano_06715.jpg,sano_06715.jpg,.jpg,27457,224,224,RGB,85acecb5b4adf3a7aebdd34d8965497f2d5d26083d1f15bcb799a76d9b57f666,ecf409e5ccc98e85,True,
validation,sano,dataset_curado_v3/validation/sano/sano_07188.jpg,sano_07188.jpg,.jpg,20492,224,224,RGB,7c720c878aff33e0802e9abdaea46d2703981264c689432a0180e860a9e291cb,95818e25f867dad2,True,
validation,sano,dataset_curado_v3/validation/sano/sano_08223.jpg,sano_08223.jpg,.jpg,28807,224,224,RGB,7b26a24a9b4091238013c0ac0e58979003255279ede2323fd9d438ba42347889,a1db4ace1a253ec3,True,
validation,sano,dataset_curado_v3/validation/sano/sano_08768.jpg,sano_08768.jpg,.jpg,23536,224,224,RGB,91ac75ce0c4829b87f899716ce19697871c69207f7341b6b87b3ae26973f0a05,e3781c27e9c4513d,True,
validation,sano,dataset_curado_v3/validation/sano/sano_08911.jpg,sano_08911.jpg,.jpg,37238,224,224,RGB,7d3a9217f1558d00c46563844ba7a6860c30e30634231917af0e46e217782dd2,a0c0f032cc5afd7e,True,
validation,sano,dataset_curado_v3/validation/sano/sano_09429.jpg,sano_09429.jpg,.jpg,31227,224,224,RGB,7511b35ddcc5fc8d01fe560ca63034fa5ef3b0294f3168725ab7297624f65551,f4d8e4589c7902b7,True,
validation,sano,dataset_curado_v3/validation/sano/sano_09488.jpg,sano_09488.jpg,.jpg,10432,224,224,RGB,80b73ad4e9334138b30b300fca5c7a8671b05d91313c79964da16f93c06f42b8,e1cc8e263933a6cd,True,
validation,sano,dataset_curado_v3/validation/sano/sano_09842.jpg,sano_09842.jpg,.jpg,24368,224,224,RGB,7f062899b97f7100d887b29f968732f39e658056927091d68a2a38e78a766f5b,bf1c54ef4da602c1,True,
validation,sano,dataset_curado_v3/validation/sano/sano_10283.jpg,sano_10283.jpg,.jpg,20073,224,224,RGB,76d875896e4901009d2a796a567e7465dcb8c305e9ffaf2a7f9da712b807ac0c,d8b02fbbc819706d,True,
validation,sano,dataset_curado_v3/validation/sano/sano_10526.jpg,sano_10526.jpg,.jpg,35287,224,224,RGB,77fe3c040eb35834de0057b6e126becacd6f5a3bcecc483126b67661088caa1a,bb429473a9845e76,True,
validation,sano,dataset_curado_v3/validation/sano/sano_11457.jpg,sano_11457.jpg,.jpg,19987,224,224,RGB,90d359990c4dbc5335510ad40916f20fbedd852b5bae3cf5436384d6ff332ea2,dee9a9782e70d250,True,
validation,sano,dataset_curado_v3/validation/sano/sano_11842.jpg,sano_11842.jpg,.jpg,15898,224,224,RGB,764a7e479deede5b367f4ec5b3e4936a6f95abbcae6d5d4510c10cbff2fe76ae,9bdbcc9830cc66c9,True,
validation,sano,dataset_curado_v3/validation/sano/sano_12296.jpg,sano_12296.jpg,.jpg,15701,224,224,RGB,84065e8fe64e014c159fb3270437534a24e345900c496f2b7c7f7dd5752a4a1f,d8138e1f8d1e8bcc,True,
validation,sano,dataset_curado_v3/validation/sano/sano_12367.jpg,sano_12367.jpg,.jpg,37108,224,224,RGB,8cafa16703a1ae23878b9f2ca87ed5fbaee195340b6b3c67a600228983adbe0c,f146c27dc1172e9a,True,
validation,sano,dataset_curado_v3/validation/sano/sano_12372.jpg,sano_12372.jpg,.jpg,31039,224,224,RGB,7f13a9f657ffc321f0feb8c08b505547af2c00e0e6cc20d2f5c183cab6e04103,e32e8062bfd1c26d,True,
validation,sano,dataset_curado_v3/validation/sano/sano_12381.jpg,sano_12381.jpg,.jpg,34388,224,224,RGB,9046c22e5fce40b4a5e4acb5c31bce920941227383732879acdd79ac34e23b73,f0928b712eb17987,True,
validation,sano,dataset_curado_v3/validation/sano/sano_12390.jpg,sano_12390.jpg,.jpg,35889,224,224,RGB,79351c01d5bffa3ea897a81a39a9276341032812326bcd609d7f5c20e895eccc,fb88c05f8078f1f1,True,
validation,sano,dataset_curado_v3/validation/sano/sano_12408.jpg,sano_12408.jpg,.jpg,33508,224,224,RGB,882edd60a5b2ebd29b2e6607fc8747423dd1cd45aa741ee7bcafef3030397abb,e281fbec736c0c32,True,
validation,sano,dataset_curado_v3/validation/sano/sano_12441.jpg,sano_12441.jpg,.jpg,31577,224,224,RGB,90c97eb363d8525f602e6df50f6344eb05d0a8fad729d10ddb51c54c008ae8c6,92ce5ad936271b32,True,
validation,sano,dataset_curado_v3/validation/sano/sano_12444.jpg,sano_12444.jpg,.jpg,29686,224,224,RGB,7cf6be4a61d8d5c37de1dd0b4396ff45a7c8fd298e58c140cb6242fd52aa84d9,baf04e6aacaaa4a6,True,
validation,sano,dataset_curado_v3/validation/sano/sano_12449.jpg,sano_12449.jpg,.jpg,32760,224,224,RGB,8ba6b667898b22dbcf17e75034b7855ad3b5b20023821b8a9ad935c094192f52,b8b79885cb38666c,True,
validation,sano,dataset_curado_v3/validation/sano/sano_12461.jpg,sano_12461.jpg,.jpg,35663,224,224,RGB,8b73b05414eca95cdde02fe700bcb19f6f793f15690fdd4bb32b37f08c8da881,ed3208b6bcd0e15e,True,
validation,sano,dataset_curado_v3/validation/sano/sano_12468.jpg,sano_12468.jpg,.jpg,33048,224,224,RGB,7d5ef077793d61eaa3aed7a10082009d214ad46d71b6bd7ba4efc1ecce19c3ca,f621c7907adda162,True,
validation,sano,dataset_curado_v3/validation/sano/sano_12470.jpg,sano_12470.jpg,.jpg,37419,224,224,RGB,87b09dd6313e17f93ba52eb89d285a44a86fd57cd53661c368cce2809687f9c0,c73d6921165b13dc,True,
validation,sano,dataset_curado_v3/validation/sano/sano_12472.jpg,sano_12472.jpg,.jpg,36642,224,224,RGB,8c3fa21c2246b938d55ea03ec5424d1a334bc916fde35322f7ae512acaeaef91,874c78a556da8ec5,True,
validation,sano,dataset_curado_v3/validation/sano/sano_12477.jpg,sano_12477.jpg,.jpg,36919,224,224,RGB,81f2cf54eae29ecff11f8104b81ba10d3bd0856db95f0dc9b61d45184c81868f,c31824a7783ea73b,True,
validation,sano,dataset_curado_v3/validation/sano/sano_12486.jpg,sano_12486.jpg,.jpg,34458,224,224,RGB,919acbe3a6dbce654dcd06c50e39829e71f462de91326d1ef9217ce786479ffa,f0272b3416db3f44,True,
validation,sano,dataset_curado_v3/validation/sano/sano_12503.jpg,sano_12503.jpg,.jpg,35840,224,224,RGB,8fdbcc5eebac3c58c3078639362e6268abfb7cdf125868f5d2a753a8203cea86,cab0dc2f077a89c5,True,
validation,sano,dataset_curado_v3/validation/sano/sano_12515.jpg,sano_12515.jpg,.jpg,37076,224,224,RGB,90d6ed89188246e303a9df6df6255a10f299885cffc8bc54d62197e761a7a059,ecafb3728cac9282,True,
validation,sano,dataset_curado_v3/validation/sano/sano_12519.jpg,sano_12519.jpg,.jpg,28818,224,224,RGB,8dfdf6bd4642cff8f6acb97e880cbe71ee8cf97f38ae78c051a0abc8d077c760,d3ab85f41e181cd6,True,
validation,sano,dataset_curado_v3/validation/sano/sano_12520.jpg,sano_12520.jpg,.jpg,32423,224,224,RGB,7a51e534bfd7125eb32ff033da555f7f66aefd25eb1ef6b959c7ea3468507c27,fea0811f1eb25696,True,
validation,sano,dataset_curado_v3/validation/sano/sano_12538.jpg,sano_12538.jpg,.jpg,31923,224,224,RGB,7fb30d6b608613f3f8d6727e789ea9cdcf0f9a302abea24d70698a278f564461,e4bde09a97f0a660,True,
validation,sano,dataset_curado_v3/validation/sano/sano_12561.jpg,sano_12561.jpg,.jpg,36080,224,224,RGB,8d7e6db1cd652ff964875cf03c0684eeb34b77f78fc7dcf9babc07b402a5b36d,a7c6d2b4dab28613,True,
validation,sano,dataset_curado_v3/validation/sano/sano_12562.jpg,sano_12562.jpg,.jpg,34345,224,224,RGB,76e39f5c1b0c7ebaeaafcc888ad424c70e99792c33348bfae1ec5eeda0dcd7ea,a596c8fad1790c33,True,
validation,sano,dataset_curado_v3/validation/sano/visual_balance_sano_00790.jpg,visual_balance_sano_00790.jpg,.jpg,23139,224,224,RGB,b4d968b19956ec9c97ef893f7741ab3ae7f6eb9558aa638792cb8a62720dcf48,bfa3b096d24aa86c,True,
validation,sano,dataset_curado_v3/validation/sano/visual_balance_sano_01327.jpg,visual_balance_sano_01327.jpg,.jpg,11167,225,225,RGB,b3d58d7f9cf96e6b7fb6f9abacbd718986a231b2aefa60616287768f8f56a92d,99849f39c03e6af8,True,
validation,sano,dataset_curado_v3/validation/sano/visual_balance_sano_02129.jpg,visual_balance_sano_02129.jpg,.jpg,40419,800,723,RGB,b2b8d88404cae0e49f5971581e62aeb432548362fc29d9b108fdc017184b380b,b4cec1379eb13438,True,
validation,sano,dataset_curado_v3/validation/sano/visual_balance_sano_03082.jpg,visual_balance_sano_03082.jpg,.jpg,22981,224,224,RGB,b2d2fc885bc23873794d14377c6b3db5a0f9991b62745fda9d835ad7d91515cb,cb991d36ac22f187,True,
validation,sano,dataset_curado_v3/validation/sano/visual_balance_sano_03658.jpg,visual_balance_sano_03658.jpg,.jpg,27891,224,224,RGB,b3827219570c8f40045f1269e9b009c846bb97ef451f280d5d2b5b93bcbe53a8,eb94acc15e71c6a8,True,
validation,sano,dataset_curado_v3/validation/sano/visual_balance_sano_03753.jpg,visual_balance_sano_03753.jpg,.jpg,24217,224,224,RGB,b3188551d38323d5143893e4ff8ff5e5e85e48f8cbbd2fffda4ea7a7ceebe374,add6a954a5a27d09,True,
validation,sano,dataset_curado_v3/validation/sano/visual_balance_sano_05992.jpg,visual_balance_sano_05992.jpg,.jpg,16933,224,224,RGB,b4840dfa72be5b558c14b3b492d003eba5b9dbd206b87303d198354bf62a0275,c265a85a96d2ad79,True,
validation,sano,dataset_curado_v3/validation/sano/visual_balance_sano_06580.jpg,visual_balance_sano_06580.jpg,.jpg,24401,224,224,RGB,b5372ac16bbfad7a773b4ea6bc607ba3015303fb27ea2d035d46f64d90bdb3e0,91ec329563223d77,True,
validation,sano,dataset_curado_v3/validation/sano/visual_balance_sano_06874.jpg,visual_balance_sano_06874.jpg,.jpg,19533,224,224,RGB,b4e545b21c2d73d6b7452d92efe1edadb54f6f22b946b4248a28589c89af3c8e,f5cfacc91d308887,True,
validation,sano,dataset_curado_v3/validation/sano/visual_balance_sano_08870.jpg,visual_balance_sano_08870.jpg,.jpg,33271,224,224,RGB,b3bd625a9faaed13b3a10d83b1bfd1402482e8d2e52d162a6ef26b210280b8bc,8098ff47bd5ee009,True,
validation,sano,dataset_curado_v3/validation/sano/visual_balance_sano_11137.jpg,visual_balance_sano_11137.jpg,.jpg,24856,224,224,RGB,b26cb56e7dda5154cc55b7f972c4ac2a0e6fe5f88c58e156f61a0b737fc1fd16,bb21a05db36f40f2,True,
validation,sano,dataset_curado_v3/validation/sano/visual_balance_sano_12362.jpg,visual_balance_sano_12362.jpg,.jpg,37395,224,224,RGB,b2d995b591454f86a2ca89f89c5f19598569ef79ba23a7ec9b2e1445b97e1cd7,8a82d4d6f520b77c,True,
validation,sano,dataset_curado_v3/validation/sano/visual_balance_sano_12374.jpg,visual_balance_sano_12374.jpg,.jpg,35922,224,224,RGB,b4be5b7f5d4ca868e328b33ce1d986271ef3d312a0aff6111226e266e42b97fe,f0b6bf93ca02c913,True,
validation,sano,dataset_curado_v3/validation/sano/visual_balance_sano_12540.jpg,visual_balance_sano_12540.jpg,.jpg,32230,224,224,RGB,b2d27e1f76d5368c33b15434dce0820214c1172370b09e71fd9227410c4c89bb,e305dc7e1d0f2aa4,True,
test,atencion,dataset_curado_v3/test/atencion/atencion_00001.jpg,atencion_00001.jpg,.jpg,27587,224,224,RGB,fefb0450984bbf9ae7a56c2f59256e4779530581cf1df5f5976bf2464eab6f5c,f9918de2123fdb40,True,
test,atencion,dataset_curado_v3/test/atencion/atencion_00005.jpg,atencion_00005.jpg,.jpg,28286,224,224,RGB,f04c61567d9bfe520eab7e44f1fd1c2811250f6b295f4af50d523b7bc0089086,85b96ad279cc22f8,True,
test,atencion,dataset_curado_v3/test/atencion/atencion_00418.jpg,atencion_00418.jpg,.jpg,21428,224,224,RGB,e8c4196842ef6c6a3b6ebd20d665076d220f88b37a909fb98d09681c820d3fc3,c33c738779839670,True,
test,atencion,dataset_curado_v3/test/atencion/atencion_00457.jpg,atencion_00457.jpg,.jpg,23780,224,224,RGB,fdb9497d2aacd636c31bf00da420cea795c1a7ff2a79b0b5201044b26bf69e91,b44986f3a5dc1399,True,
test,atencion,dataset_curado_v3/test/atencion/atencion_00587.jpg,atencion_00587.jpg,.jpg,29039,224,224,RGB,f793a4ebc56ac4cf5ea303e5880c0ab4550d3649c3e640566cc655aa8248512b,8cb06ca993cbbae2,True,
test,atencion,dataset_curado_v3/test/atencion/atencion_00617.jpg,atencion_00617.jpg,.jpg,15489,224,224,RGB,efc6be4ea3577456d7915721c8760b14595dfb8c96519cedc6e5feda2b0a8f84,a33d0086c87b779b,True,
test,atencion,dataset_curado_v3/test/atencion/atencion_00746.jpg,atencion_00746.jpg,.jpg,24712,224,224,RGB,eefbc36cc0954546f8b404e91bb0928675275010213904d633d1ba0ac3d0ebf0,8199097b7ca1b6ba,True,
test,atencion,dataset_curado_v3/test/atencion/atencion_01166.jpg,atencion_01166.jpg,.jpg,6003,259,194,RGB,f07b42c034561a934922bfce894ff8295f4b46fa9184c0746f738982018cb0d3,f3318693cd66989c,True,
test,atencion,dataset_curado_v3/test/atencion/atencion_01167.jpg,atencion_01167.jpg,.jpg,9477,250,202,RGB,f5724d2a81883a7243bc876c714ce88b6930a70259e31e010cc58e92948b83e0,934ac34aee4dbc0b,True,
test,atencion,dataset_curado_v3/test/atencion/atencion_01182.jpg,atencion_01182.jpg,.jpg,11771,194,259,RGB,ed9e2b909af24b46c992ebc34a9c6c60b1e5afc1d9d658911188c3e466f8b220,9658f96651d2946d,True,
test,atencion,dataset_curado_v3/test/atencion/atencion_01189.jpg,atencion_01189.jpg,.jpg,13092,195,259,RGB,f3a442e28d95ad9d999a38b155562fd87501b1c536c5e4bc0de1ce76482fbaf9,bb40afde01f29d22,True,
test,atencion,dataset_curado_v3/test/atencion/atencion_01253.jpg,atencion_01253.jpg,.jpg,7456,266,189,RGB,fef6c20c7f9dee4141ad2bf49991c8267e4a18d300ee9ead235175d705bcdd94,e9b9568e4cc600f7,True,
test,atencion,dataset_curado_v3/test/atencion/atencion_01256.jpg,atencion_01256.jpg,.jpg,12877,194,259,RGB,ef20c41bc56dfd067fa7a882ce1a68e14c190343de6a01e9329c910df0bdeea2,e08deb1ac49ade61,True,
test,atencion,dataset_curado_v3/test/atencion/atencion_01294.jpg,atencion_01294.jpg,.jpg,68634,398,226,RGB,ecabd7bdc7706d804d43063deaf5f991e76c71e8699ca6115614628831613e6a,9368631f5c43c637,True,
test,atencion,dataset_curado_v3/test/atencion/atencion_01340.jpg,atencion_01340.jpg,.jpg,9411,225,225,RGB,edf87d425c038db87b4053904718efb7213baab69345348fcbf091f2fb126936,c08ea579bcb961b1,True,
test,atencion,dataset_curado_v3/test/atencion/atencion_01350.jpg,atencion_01350.jpg,.jpg,8484,194,259,RGB,eadc25683e929f261a8109166e9ab4d673a0f8ea88b44a7489c9e68e40ec7034,ae55306aad85d6c9,True,
test,atencion,dataset_curado_v3/test/atencion/atencion_01351.jpg,atencion_01351.jpg,.jpg,8079,250,201,RGB,fdc4205849327a7a5c2c0d97bbf7e4c33aa1768dc337d873260d80789f2ae4f6,f4893ac27a61ef11,True,
test,atencion,dataset_curado_v3/test/atencion/atencion_01379.jpg,atencion_01379.jpg,.jpg,14595,194,259,RGB,f8bec478f210186dc5686b04982c7d86e5cc83306b3f1e5fe12a6575ebf7e798,dec37098db27d04a,True,
test,atencion,dataset_curado_v3/test/atencion/atencion_01408.jpg,atencion_01408.jpg,.jpg,16174,194,259,RGB,fe1daf27673a5f49423aa122c1ed7744c5275ba688d3c3b186210fc88a07dd85,fc89e0fc437c6470,True,
test,atencion,dataset_curado_v3/test/atencion/atencion_01444.jpg,atencion_01444.jpg,.jpg,10426,194,259,RGB,f46ae262b64d66c58f78d5126024b1e96fbe73a3e40dc7ee91c75bce97204d72,b5c88abec4c1e347,True,
test,atencion,dataset_curado_v3/test/atencion/atencion_01447.jpg,atencion_01447.jpg,.jpg,22670,300,300,RGB,fb1bd157a916f638c3663b8401a66bfa5ea063944a995ecb975ad78b9bf35533,aa5557eaa8f52542,True,
test,atencion,dataset_curado_v3/test/atencion/atencion_01542.jpg,atencion_01542.jpg,.jpg,7950,265,190,RGB,f92aac553a9e16df9628c3756ed3244a40a530b07be2701d11ebfe4da3be1651,963dfa04e5528c6b,True,
test,atencion,dataset_curado_v3/test/atencion/atencion_01546.jpg,atencion_01546.jpg,.jpg,10038,194,259,RGB,ef29761fb58107143d572f6040eafac4abe9eed2e580210941b02085a824defc,8ff40f71b2995229,True,
test,atencion,dataset_curado_v3/test/atencion/atencion_01584.jpg,atencion_01584.jpg,.jpg,6116,265,190,RGB,f24ef24c67af853992e7cb560c8118954828f7f16b808218a70af50bc7df8f13,e66c9c52db54a22d,True,
test,atencion,dataset_curado_v3/test/atencion/atencion_01622.jpg,atencion_01622.jpg,.jpg,43538,600,400,RGB,f5061a84dcfa787c48f2502d4bc0231a0bf4e0b6db0b9a8452bd2c0d85775722,cdd07af416a8b60b,True,
test,atencion,dataset_curado_v3/test/atencion/atencion_01660.jpg,atencion_01660.jpg,.jpg,8173,275,183,RGB,fa90315e49d8842bc9f3b74a754fb01331a3536eeb6f01a11102eab0a285d147,af208ca71ccde768,True,
test,atencion,dataset_curado_v3/test/atencion/atencion_01724.jpg,atencion_01724.jpg,.jpg,84883,1200,378,RGB,f7d027d8222647f5871c78b6a96ad64289161cf96a3591813caf483188248ea8,9b0297b0f0f1307f,True,
test,atencion,dataset_curado_v3/test/atencion/atencion_01732.jpg,atencion_01732.jpg,.jpg,10770,194,259,RGB,f1f446597727a139221851834db17ee5ba1e35d588bb4946c03069d5fcbb2563,85ed78c67837d888,True,
test,atencion,dataset_curado_v3/test/atencion/atencion_01735.jpg,atencion_01735.jpg,.jpg,12405,225,225,RGB,f9e97955facd6fb4d2cad84d29e233566fe0c569e0ae5b374eb4b0255f1098d2,95ab54651b8675a6,True,
test,atencion,dataset_curado_v3/test/atencion/atencion_01777.jpg,atencion_01777.jpg,.jpg,8384,195,259,RGB,fad0ff75de6c064a95bd399e97868e2464e2d57fedcdeba20711c7f9ee27e684,acaf2a93559a52aa,True,
test,atencion,dataset_curado_v3/test/atencion/atencion_01806.jpg,atencion_01806.jpg,.jpg,8783,279,181,RGB,eb7948b93e219eb0f6b652b29642a80e301ab841fdd971c5f0001a4a762b7d17,cedc36044af0793e,True,
test,atencion,dataset_curado_v3/test/atencion/atencion_01865.jpg,atencion_01865.jpg,.jpg,7038,239,211,RGB,f78c7e1b6db5733579b01519b888bd50f13055830ef1593083b573f6d47c0a63,fd0d7ae0e1a18707,True,
test,atencion,dataset_curado_v3/test/atencion/atencion_01917.jpg,atencion_01917.jpg,.jpg,13819,225,300,RGB,ffb229086ef425edb64ce3eca0da9bd09040c79f78177b076cdcf5f7ed7a89d8,80b7bfd2df038b01,True,
test,atencion,dataset_curado_v3/test/atencion/atencion_02005.jpg,atencion_02005.jpg,.jpg,14558,194,259,RGB,ec4778ac6ac5e4b7ac4f169bd6606186e1af42e7d94c53bd326b70d6541039ec,a79088b3a8b7b4f4,True,
test,atencion,dataset_curado_v3/test/atencion/atencion_02100.jpg,atencion_02100.jpg,.jpg,159155,1080,1920,RGB,f2bd5c4e7925563988797fa3de3a285e4b4ab15b7f02195d15c94f974e1b89fd,c2ffc1e2c0c4f8c6,True,
test,atencion,dataset_curado_v3/test/atencion/atencion_02151.jpg,atencion_02151.jpg,.jpg,11955,201,251,RGB,e8c11a9fccc4f3cd5b389889efc1bcec6e782088c50a3debc96a72588a259fff,cebcc93e48526cc9,True,
test,atencion,dataset_curado_v3/test/atencion/atencion_02212.jpg,atencion_02212.jpg,.jpg,23889,224,224,RGB,f9ac8b57419c033ceaf2b69712ecdef8ed35b0fe4f97634310ffc614c18dbd12,c1933a7363ac2e5a,True,
test,atencion,dataset_curado_v3/test/atencion/atencion_02217.jpg,atencion_02217.jpg,.jpg,29206,224,224,RGB,ec6467c3d16350c23c6c17f655b67d0aa65121c3c09231bb81a9c26a3596fed9,e3c616ea94f96506,True,
test,atencion,dataset_curado_v3/test/atencion/atencion_02329.jpg,atencion_02329.jpg,.jpg,25681,224,224,RGB,eb5dda6dbde38ba7b0161d726e97097c2a6328f32b4154e7694ff8206034b6b0,a85de42fc13f8278,True,
test,atencion,dataset_curado_v3/test/atencion/atencion_02486.jpg,atencion_02486.jpg,.jpg,18873,224,224,RGB,ec3d0a0dcbc395d5ce33fad250da42fc5ed3af38a785c8a119e9b1e1d51d1ccb,daaa659ae68d9c0c,True,
test,atencion,dataset_curado_v3/test/atencion/atencion_02500.jpg,atencion_02500.jpg,.jpg,12583,224,224,RGB,f0d361df461b32cc7092037d6d975029adef0272535bf388ee11104ec7066129,8981767ea5a3d0d9,True,
test,atencion,dataset_curado_v3/test/atencion/atencion_02638.jpg,atencion_02638.jpg,.jpg,37788,224,224,RGB,fddd746bc03877bc080286c00f149a31de64d7dd820d285781f6ae04b05cfc49,c58c0efa79811f78,True,
test,atencion,dataset_curado_v3/test/atencion/atencion_02698.jpg,atencion_02698.jpg,.jpg,15319,224,224,RGB,f38deaffb98b27695a272fbac3bf0be6c8f2d8329b4b3e0e2f0642a6ae9f9ab2,beb1902ecb4c193d,True,
test,atencion,dataset_curado_v3/test/atencion/atencion_03480.jpg,atencion_03480.jpg,.jpg,32185,224,224,RGB,ecdbb153d5d777ce23f19eeb3e729a848fa0ddecac8214ecd70d325c064f715c,8919bbeeb0c6cc0e,True,
test,atencion,dataset_curado_v3/test/atencion/atencion_03591.jpg,atencion_03591.jpg,.jpg,29139,224,224,RGB,f97122f75b38dcd6603576e8282aa3b8a8bd70ac2801a15c95c99316ea151df6,ab93b43cac52cb29,True,
test,atencion,dataset_curado_v3/test/atencion/atencion_03699.jpg,atencion_03699.jpg,.jpg,17893,224,224,RGB,f7b5af38020717585b567e9f86618badfb4dc34756638773657b57b0bebc8a5d,ee2eb5baa4a01457,True,
test,atencion,dataset_curado_v3/test/atencion/atencion_03753.jpg,atencion_03753.jpg,.jpg,22858,224,224,RGB,f2e8307b248d57c434dcb2326809b89e541ab332f7c3b7e3e216ce210f753086,b847091e6fd1249f,True,
test,atencion,dataset_curado_v3/test/atencion/atencion_03810.jpg,atencion_03810.jpg,.jpg,28397,224,224,RGB,fb6ef1557ec5ec5fb921d7f8485c109d04f462140e6f490167f3fde2b45d6789,a1c0493d5af01f9f,True,
test,atencion,dataset_curado_v3/test/atencion/atencion_03812.jpg,atencion_03812.jpg,.jpg,21232,224,224,RGB,fafc9cedac08419666d176383c13b7f38c400af21febc31c88e9df6fdbbc94fe,a2f2e983f19db026,True,
test,atencion,dataset_curado_v3/test/atencion/atencion_04130.jpg,atencion_04130.jpg,.jpg,17343,224,224,RGB,f048091ef8c5339f896319388edee46d8b60bc21fdf3a14bbe544cbc802e456d,fba28d59e00f9316,True,
test,atencion,dataset_curado_v3/test/atencion/atencion_04709.jpg,atencion_04709.jpg,.jpg,21145,224,224,RGB,fc7c2a0418541ecd86f4311d2f9e75bcdbeb494691860227a6d8ee1d61847e76,d59be9c8390c33cc,True,
test,atencion,dataset_curado_v3/test/atencion/atencion_05153.jpg,atencion_05153.jpg,.jpg,35689,224,224,RGB,e8a144515327620f113ff4122273709694ac73aa760f408d29f68a4c88458aca,90c1c3e84cc6f9b7,True,
test,atencion,dataset_curado_v3/test/atencion/atencion_05182.jpg,atencion_05182.jpg,.jpg,25787,224,224,RGB,fe83f33dd6a01b007a5d69d075bbc1273f32f2dc84fab3c37a37e6e21609276c,877c2e2154d29f59,True,
test,atencion,dataset_curado_v3/test/atencion/atencion_05497.jpg,atencion_05497.jpg,.jpg,26763,224,224,RGB,ee1b97879147c8d04b11ad4122e37d50b2cb6ec9099c57a4dd0bd614ea5704b7,c1336bf830c91e9e,True,
test,atencion,dataset_curado_v3/test/atencion/atencion_05833.jpg,atencion_05833.jpg,.jpg,17976,224,224,RGB,ef5f0d755c0b48dba72f27bea7de6ade54b9746723acc3266cfdafd72e3f6494,d20badf1a439e32c,True,
test,atencion,dataset_curado_v3/test/atencion/atencion_08093.jpg,atencion_08093.jpg,.jpg,18338,224,224,RGB,f37bbea22db0de57dd346446f79cc47632c6ace450525c1b620e1d112a2c4a3a,a82dd592226fd8d9,True,
test,atencion,dataset_curado_v3/test/atencion/atencion_08188.jpg,atencion_08188.jpg,.jpg,31049,224,224,RGB,f7153dbd891d1dedba3eb515a460b35d6983d1330cea81ba0d9ef078fda18b03,999ae6d1a4eb8a61,True,
test,atencion,dataset_curado_v3/test/atencion/atencion_08218.jpg,atencion_08218.jpg,.jpg,15248,224,224,RGB,f942d8c7f39009610b145c4cde11aca2c3eb9636b5d1eb81c4bc027962d6bc1f,e39525d1d869166d,True,
test,atencion,dataset_curado_v3/test/atencion/atencion_08361.jpg,atencion_08361.jpg,.jpg,23906,224,224,RGB,fb61829cca6de1d680f1a848b5f56164f981a41cb3be39630206fbd6f81f1a8a,d41025be6bcb82ee,True,
test,atencion,dataset_curado_v3/test/atencion/atencion_08523.jpg,atencion_08523.jpg,.jpg,12772,224,224,RGB,f8c15b0005d30a05e1789df3544de747bd81b7dbe1eeaf585d46a301e40bcf68,b6c0364aeae2c16f,True,
test,atencion,dataset_curado_v3/test/atencion/atencion_08739.jpg,atencion_08739.jpg,.jpg,39120,224,224,RGB,f815f649830e3ebb69c933be8cb2a2abcbe987baea5b303a2fc71a43e53818a5,a35a7947d4586d64,True,
test,atencion,dataset_curado_v3/test/atencion/atencion_10193.jpg,atencion_10193.jpg,.jpg,29161,224,224,RGB,f209508f96aa3feb80041458bb1ae01395f25bfeed03993d3dc31c694948ec76,cc5bf936b241c50e,True,
test,atencion,dataset_curado_v3/test/atencion/atencion_10281.jpg,atencion_10281.jpg,.jpg,17561,224,224,RGB,f63dd8820041521f7c39c4d9481a6c4e93821b2b8afd9089844845738e646af8,99ade602a9cb1a3d,True,
test,atencion,dataset_curado_v3/test/atencion/atencion_10561.jpg,atencion_10561.jpg,.jpg,28274,224,224,RGB,fdb16cb179cd09a48e589b53f53f0b3fcb2b21718e53099d43ff334d8ec00ef7,c111f3698d3696d6,True,
test,atencion,dataset_curado_v3/test/atencion/atencion_11706.jpg,atencion_11706.jpg,.jpg,23239,224,224,RGB,f9539756e50ba82b8095e1ec2f23ed156909049e842d0fbf07e6542f58104cdd,948ea266ba58cd6d,True,
test,atencion,dataset_curado_v3/test/atencion/atencion_11881.jpg,atencion_11881.jpg,.jpg,20816,224,224,RGB,f1fb3a15b4153db3d13a43ec743778c95c9d2ed0c45ba82fab4d08f0a3d2491c,d050af66f219f14e,True,
test,atencion,dataset_curado_v3/test/atencion/atencion_12327.jpg,atencion_12327.jpg,.jpg,30788,224,224,RGB,f6287f6c62947a713d07205f5588de0a0a0d68033c7d88bb846b15376fc75f29,d772ea4ee444e506,True,
test,atencion,dataset_curado_v3/test/atencion/atencion_14070.jpg,atencion_14070.jpg,.jpg,35510,224,224,RGB,f0837934af5aeee197d669a97c500c2f0fcef4830ae0ef5a4fd49298b99963b8,a4ee85f1c42e7278,True,
test,atencion,dataset_curado_v3/test/atencion/atencion_14072.jpg,atencion_14072.jpg,.jpg,35357,224,224,RGB,fd7f1b6694dd9b7d746433b05a2e5573ec880cef544ffbd039a8bdb695577ad0,f6e40869ad9aa6c3,True,
test,atencion,dataset_curado_v3/test/atencion/atencion_14089.jpg,atencion_14089.jpg,.jpg,22737,224,224,RGB,f9cd90ec5bb0bae0c033411bca3382d335b4d9e6fc9e08b8844c2a3ffcc3de0a,acd7d10a6172dd8a,True,
test,atencion,dataset_curado_v3/test/atencion/atencion_14107.jpg,atencion_14107.jpg,.jpg,30844,224,224,RGB,e8c219ccc8f1efaf77ec7fa490740f6794557ca44acd62ef036fe38dd8ecb565,e8f88586afc0f3c1,True,
test,atencion,dataset_curado_v3/test/atencion/atencion_14116.jpg,atencion_14116.jpg,.jpg,32204,224,224,RGB,eef1996c7c00b6ed1b65318cd584185addeea4a240e551fedba8133171a12724,a8c9e58db5ad2354,True,
test,atencion,dataset_curado_v3/test/atencion/atencion_14167.jpg,atencion_14167.jpg,.jpg,32879,224,224,RGB,fea49e38ac0a973ff7c5f2fc315e1bcd7c348a18bb9ab407a2b83426ce74cc00,b4f3b744c30e680f,True,
test,atencion,dataset_curado_v3/test/atencion/atencion_14203.jpg,atencion_14203.jpg,.jpg,28042,224,224,RGB,fc9d65fb4d9732d835b20cc19a86bf78134550c6474b3daa0124d91e11b468b6,ea956ac63d48879c,True,
test,atencion,dataset_curado_v3/test/atencion/visual_atencion_00202.jpg,visual_atencion_00202.jpg,.jpg,25059,224,224,RGB,f65bfe198cdd6b8632dbd5f92922d826ef1ba9c4bad8ab49547eef0bcee6367b,c18f3c64e8f98cb4,True,
test,atencion,dataset_curado_v3/test/atencion/visual_atencion_01372.jpg,visual_atencion_01372.jpg,.jpg,12901,275,183,RGB,fdf18e34b87771807ead2dbef64e3f07a0ecd347d27b055ca8e546eac08c4ad7,81aa65e7fc84591b,True,
test,atencion,dataset_curado_v3/test/atencion/visual_atencion_01551.jpg,visual_atencion_01551.jpg,.jpg,11640,275,183,RGB,f8e48607c6f01c89d25a5b9e796358ec96111688171ad610e9ed20d7d3b0f07f,c9aaf49c0e89eee0,True,
test,atencion,dataset_curado_v3/test/atencion/visual_atencion_01591.jpg,visual_atencion_01591.jpg,.jpg,13315,259,194,RGB,fc1ebda7d648141e7bd8357e967cd6dd1990718ce35ade2aa26afb17f5c814d3,c18d6db34b9386a5,True,
test,atencion,dataset_curado_v3/test/atencion/visual_atencion_04016.jpg,visual_atencion_04016.jpg,.jpg,27672,224,224,RGB,f903fc283f346de82f86a22ee6819df74e2f26b61eb87480521b6978dece6acc,ccb3c709a6912de6,True,
test,atencion,dataset_curado_v3/test/atencion/visual_atencion_05296.jpg,visual_atencion_05296.jpg,.jpg,27190,224,224,RGB,f3ffa94045f074d7b53df960d8b426a1ef2ce5427dcf25701f7f369b0e518ceb,d13b6abc2dd0d10b,True,
test,atencion,dataset_curado_v3/test/atencion/visual_atencion_07549.jpg,visual_atencion_07549.jpg,.jpg,30734,224,224,RGB,faca3121d3c93b2049d63f5045f60d07844b6dbc19298c2345327fff812efa5b,eaf968a5d41413f4,True,
test,peligro,dataset_curado_v3/test/peligro/peligro_00073.jpg,peligro_00073.jpg,.jpg,22151,224,224,RGB,a918c86f7afcdae79f547e2948aaacbb1fcb3c3b27666f5c7ed7f280c0293163,d8116f7ae0190fb9,True,
test,peligro,dataset_curado_v3/test/peligro/peligro_00136.jpg,peligro_00136.jpg,.jpg,22152,224,224,RGB,ad0e604aaa1982a7db8b7f3492b190909c0a1a1ca0dadb2190c354a48ed0c1a8,8f93b00cd71cde2c,True,
test,peligro,dataset_curado_v3/test/peligro/peligro_00202.jpg,peligro_00202.jpg,.jpg,23951,224,224,RGB,a8e26a8143055a63aadacca413efd58ba846efa99f076880bc4e0ac411bbb701,ea0dd16b2cf288b6,True,
test,peligro,dataset_curado_v3/test/peligro/peligro_00243.jpg,peligro_00243.jpg,.jpg,13728,224,224,RGB,a15139deeeef417db0aa7f4880eaa3ff50fcc684589544e147fc7b0ae87ca11f,d0ae1d5441d68f3b,True,
test,peligro,dataset_curado_v3/test/peligro/peligro_00371.jpg,peligro_00371.jpg,.jpg,27534,224,224,RGB,a14ea7535311b23af41493a3cbfaa30bdfb21c620806baac3794993476526ed7,c3993b2d2dc1366c,True,
test,peligro,dataset_curado_v3/test/peligro/peligro_00398.jpg,peligro_00398.jpg,.jpg,24249,224,224,RGB,ac8b8f6829bceb7cd4b4d7a149927570e53961a33607827d36f3f21958899827,b05bc23cde689726,True,
test,peligro,dataset_curado_v3/test/peligro/peligro_00560.jpg,peligro_00560.jpg,.jpg,14379,224,224,RGB,a819e4a336d8d9c7d1a4a831292fc44f37e1932f3cf18cb5258e604841b595e1,f94117bf30227372,True,
test,peligro,dataset_curado_v3/test/peligro/peligro_00607.jpg,peligro_00607.jpg,.jpg,21218,224,224,RGB,aed7690f2d33b2b49a0f06141c3eeb8375b9f5180b1a77b73fbc90fbb98b550c,d19e1b75532658a9,True,
test,peligro,dataset_curado_v3/test/peligro/peligro_00884.jpg,peligro_00884.jpg,.jpg,10347,224,224,RGB,ab08295e56894e2ab9b62828298064aa787bba47ad05c3c22678c96972eb0d0f,94cf6ba0b1d94ca6,True,
test,peligro,dataset_curado_v3/test/peligro/peligro_00886.jpg,peligro_00886.jpg,.jpg,21451,224,224,RGB,a7c0b678240f0151e540be36fb951c5e7ddf530330d94494454f3e4c542fa8a1,e0073f789de134c6,True,
test,peligro,dataset_curado_v3/test/peligro/peligro_00919.jpg,peligro_00919.jpg,.jpg,24367,224,224,RGB,b04f256bf1237559603eadf0967446ea407b0040ea30fcdf5ef073f1aa1a7014,d553da4bc803ed54,True,
test,peligro,dataset_curado_v3/test/peligro/peligro_00923.jpg,peligro_00923.jpg,.jpg,31321,224,224,RGB,9cbc9aef239c3f8b6d54a6cd3c9419b8c65e5b131cad141b8925c3f7c9b82c27,edc8e19d56e2ab04,True,
test,peligro,dataset_curado_v3/test/peligro/peligro_01056.jpg,peligro_01056.jpg,.jpg,25239,224,224,RGB,b000c1f9cae2400effeca7e96f5809a6e687041cb83b0b9a9235c53d2a6b7b0e,dba5fb3298454a0d,True,
test,peligro,dataset_curado_v3/test/peligro/peligro_01146.jpg,peligro_01146.jpg,.jpg,17236,224,224,RGB,aacfd2a5bea9c92c4ce165d10d752386d0f7f867c29e0d234dc040fd099f7a05,e0ce9739966cce88,True,
test,peligro,dataset_curado_v3/test/peligro/peligro_01224.jpg,peligro_01224.jpg,.jpg,25504,224,224,RGB,afa7472641d9c5481445f9b5f844ff10f4440e721000bf27a194143aed39b6b1,96b97835681929f9,True,
test,peligro,dataset_curado_v3/test/peligro/peligro_01238.jpg,peligro_01238.jpg,.jpg,15173,224,224,RGB,a5127e07d903783a77773440d86d06b9503d2213d8965ee4bfb65e9c4fa3024d,ab92f169f016c62e,True,
test,peligro,dataset_curado_v3/test/peligro/peligro_01272.jpg,peligro_01272.jpg,.jpg,11267,259,194,RGB,a2a7d2d80fda14ec3a794a62a109a8ca420c4af3f689f81c6d44844a54ceb496,99a1de6b74f0d00b,True,
test,peligro,dataset_curado_v3/test/peligro/peligro_01415.jpg,peligro_01415.jpg,.jpg,4586,215,234,RGB,ace1350e4d733f303afd6c47e169421812b90b334135a795d94d46aa82b04c2d,ece9c38d094723b6,True,
test,peligro,dataset_curado_v3/test/peligro/peligro_01426.jpg,peligro_01426.jpg,.jpg,14917,194,259,RGB,a796df38f302dff620dfdc23b66fb33fdb89003c2a850480699782c9b8fcc55a,b4a16929759627c7,True,
test,peligro,dataset_curado_v3/test/peligro/peligro_01465.jpg,peligro_01465.jpg,.jpg,22811,300,225,RGB,a0bb48560568de806fd5d18ac8cff17936817aed64148bb8d71f037009a1a79f,d7cd596138406f3c,True,
test,peligro,dataset_curado_v3/test/peligro/peligro_01581.jpg,peligro_01581.jpg,.jpg,10124,194,259,RGB,aeb0cfcb8b1a06fd6033fa6475ad024d4a435d793a14cf3307947ab93be490b3,a7dc936c88b69c43,True,
test,peligro,dataset_curado_v3/test/peligro/peligro_01633.jpg,peligro_01633.jpg,.jpg,11716,194,259,RGB,a54e244579120f7f63da274c209f01131407be7532d01f77586d0dc265af8748,96de391d4acad360,True,
test,peligro,dataset_curado_v3/test/peligro/peligro_01670.jpg,peligro_01670.jpg,.jpg,49485,300,200,RGB,ac6eecba03a8a9023f75de0643be2dd302973ebca21c11ef77e429bc211112da,d007cf3e4c9a6c9a,True,
test,peligro,dataset_curado_v3/test/peligro/peligro_01681.jpg,peligro_01681.jpg,.jpg,40091,347,280,RGB,9bfe0db852825a2720338f4115d6cfef001fa299d9a9b73f64a15757ffcfd464,8762ba1fcc12d85e,True,
test,peligro,dataset_curado_v3/test/peligro/peligro_01746.jpg,peligro_01746.jpg,.jpg,5060,259,194,RGB,a639707046070f1e7b13df62dae6a94c13eb780f07f06a9ea5a129a7a52a0614,dfb660c636918738,True,
test,peligro,dataset_curado_v3/test/peligro/peligro_01851.jpg,peligro_01851.jpg,.jpg,10645,194,259,RGB,af7152f8d6c42113b2b8873da8481c1f489027b1a051f4e095619d2b0f79fa8f,a6cc19935de0eee0,True,
test,peligro,dataset_curado_v3/test/peligro/peligro_01932.jpg,peligro_01932.jpg,.jpg,12110,194,259,RGB,a450d14737ce52de737920b14c5d0525e4d4ae473de4be04bf8061caa7debb2d,b02b74678eb1eb60,True,
test,peligro,dataset_curado_v3/test/peligro/peligro_02033.jpg,peligro_02033.jpg,.jpg,12146,275,183,RGB,a203b46c3f5e95b1ab6e7528c6d8445df59681c63221c567ad87e123de8212fc,cfbb616293a9ae08,True,
test,peligro,dataset_curado_v3/test/peligro/peligro_02276.jpg,peligro_02276.jpg,.jpg,13670,268,188,RGB,a1d0b4763eb45041bdee7cff7057861bdb000e25f361ba412968b9db3b5b45d1,a0820d3b66697d9f,True,
test,peligro,dataset_curado_v3/test/peligro/peligro_02300.jpg,peligro_02300.jpg,.jpg,12727,239,211,RGB,af87422576226fb729ffd23270d77bc4aa5ff3eb93bf97c5a331b33aafa34fcd,f4818d258e67f88e,True,
test,peligro,dataset_curado_v3/test/peligro/peligro_02384.jpg,peligro_02384.jpg,.jpg,11643,259,194,RGB,ac7addf0448697614e2377587d73a917eb2875a0841b5d968bc3d9eaa0862a60,c176e91ea1682de6,True,
test,peligro,dataset_curado_v3/test/peligro/peligro_02393.jpg,peligro_02393.jpg,.jpg,48387,626,417,RGB,a77dff08d09d8867103abdfdd4b7a1b314b25ccbf469816fa0bb988cb747dc12,c3c34d5aa4fc9358,True,
test,peligro,dataset_curado_v3/test/peligro/peligro_02420.jpg,peligro_02420.jpg,.jpg,45452,800,600,RGB,a1fa51074b1df47397a957a99ed9eb5cd2d540620bc8edeb6b0f61675cba76a2,a0885e63a73797a9,True,
test,peligro,dataset_curado_v3/test/peligro/peligro_02677.jpg,peligro_02677.jpg,.jpg,26196,224,224,RGB,a77870d6313eb61943ad41a905bc2ae0858881a5d94edd6de4a4d7b0dfa8ff66,c3771c58d34f109b,True,
test,peligro,dataset_curado_v3/test/peligro/peligro_02872.jpg,peligro_02872.jpg,.jpg,23512,224,224,RGB,a73fec8c5978674874d2973ebfa1384ccba7148a14c94aa2ea8fe9258561d311,f984c695f01b792a,True,
test,peligro,dataset_curado_v3/test/peligro/peligro_03000.jpg,peligro_03000.jpg,.jpg,34457,224,224,RGB,aeac71194b21ff39d8cb2fe89bcc70f943010ca3ecb2942765c8ead7f8b19e3d,89d561d616906eaf,True,
test,peligro,dataset_curado_v3/test/peligro/peligro_03077.jpg,peligro_03077.jpg,.jpg,15810,224,224,RGB,ab94aa230718f320b093bf5c7b8ffbaf9e01a2b2f0ba6102a21f587cb0f46e77,b499c3c8cfcd8c98,True,
test,peligro,dataset_curado_v3/test/peligro/peligro_03081.jpg,peligro_03081.jpg,.jpg,13351,224,224,RGB,9dfe555163aff6ba76e7d1b73113dbd8c15a0666177426543e4f174e4e289c5c,e99c966346316d93,True,
test,peligro,dataset_curado_v3/test/peligro/peligro_03119.jpg,peligro_03119.jpg,.jpg,15355,224,224,RGB,a205ef61bf0028455c61964fd8c105f67590c7c7d557646ddadb98077d1be70e,b664333699f8cc13,True,
test,peligro,dataset_curado_v3/test/peligro/peligro_03329.jpg,peligro_03329.jpg,.jpg,23127,224,224,RGB,a5b5721b4fa14f358e577fb7045967705fda7fec8c2c8a255dcb6546fd36aa75,b83f2e71972e030e,True,
test,peligro,dataset_curado_v3/test/peligro/peligro_03663.jpg,peligro_03663.jpg,.jpg,21202,224,224,RGB,9d1370c7ac259aedd2fca855fd875b50130a49cef8fad693c9b13536bd6a74f4,db3738244769e41d,True,
test,peligro,dataset_curado_v3/test/peligro/peligro_03912.jpg,peligro_03912.jpg,.jpg,23851,224,224,RGB,a112e35406ee12a6926a519751c351aedb77660ce8a12c43d1fd67a49c28f1f7,c8d93e64a2d571b1,True,
test,peligro,dataset_curado_v3/test/peligro/peligro_04501.jpg,peligro_04501.jpg,.jpg,29439,224,224,RGB,9c4bae367089f90823a586847a8b57bc26693cfc0ff7d20a4c59efaa78ad6152,a29adc3dd6d0e429,True,
test,peligro,dataset_curado_v3/test/peligro/peligro_04532.jpg,peligro_04532.jpg,.jpg,21802,224,224,RGB,a4cfb662ed400e4cbe148aae6bc6de58d1f5cf514ec333e4fcbc86887d2b4862,d2e8562da76b4cb0,True,
test,peligro,dataset_curado_v3/test/peligro/peligro_04595.jpg,peligro_04595.jpg,.jpg,21891,224,224,RGB,ab36d572d836a47504a8fbbf960a0477ad120bce4a6a7d0c35c59b6480e89359,dc1822b9efe78b10,True,
test,peligro,dataset_curado_v3/test/peligro/peligro_04596.jpg,peligro_04596.jpg,.jpg,13680,224,224,RGB,9e9db5c057cbe7939982247200b49be2aac25816395491fe4c2b22fc3a552a01,efc2326f4969c21c,True,
test,peligro,dataset_curado_v3/test/peligro/peligro_04732.jpg,peligro_04732.jpg,.jpg,23953,224,224,RGB,a522f30538508b14361bee207b360a0bdd98a552bd745d038ff188223ccce19a,c017be0cb273fc4a,True,
test,peligro,dataset_curado_v3/test/peligro/peligro_05145.jpg,peligro_05145.jpg,.jpg,31432,224,224,RGB,a22799939ec9f1788a7426aaebe4b95ca24889b1e9bb381b5cc15cf2d098b5c3,8acf7a12c99cd8d4,True,
test,peligro,dataset_curado_v3/test/peligro/peligro_05258.jpg,peligro_05258.jpg,.jpg,26687,224,224,RGB,a58304f0a914f0f5d5f071a86f84e9c1e4ee5d70a4c07b1803d7ffa9106da4c7,d119d035ad46a71f,True,
test,peligro,dataset_curado_v3/test/peligro/peligro_05714.jpg,peligro_05714.jpg,.jpg,24943,224,224,RGB,a921dc554fde84c8abc48321e6acf943285e13a2afc10709db2cc8cebdce820d,fa07e85c8b3c2635,True,
test,peligro,dataset_curado_v3/test/peligro/peligro_05907.jpg,peligro_05907.jpg,.jpg,21669,224,224,RGB,afb2a74dcd745af3fd7f854d5fff50f8c019ead0145c844d9194ee8b51dcceb4,fe5603780c37f2c1,True,
test,peligro,dataset_curado_v3/test/peligro/peligro_06015.jpg,peligro_06015.jpg,.jpg,21850,224,224,RGB,9ee4bcf916f050129527a6dbcde2cc819c67a7784e1f3c6f3e00bd957af78b5b,8a4b12fc796af624,True,
test,peligro,dataset_curado_v3/test/peligro/peligro_06101.jpg,peligro_06101.jpg,.jpg,29680,224,224,RGB,a615a2f50ce65a36ef3edc6ea1363b4ad9d33bb7d3cba73ebabb6f91a3c57067,a59de6708ce181bb,True,
test,peligro,dataset_curado_v3/test/peligro/peligro_06150.jpg,peligro_06150.jpg,.jpg,17461,224,224,RGB,a4d4c6c4dda3a55ce23a0db24dca12c09b2e0387c874e276a7ea268b2e73b0b3,d6c49a7c39a2ab54,True,
test,peligro,dataset_curado_v3/test/peligro/peligro_06317.jpg,peligro_06317.jpg,.jpg,24096,224,224,RGB,a11a5e917d21e42b362103a9a8bc7bde52d5be0c9351528a513fe144ae9511aa,8c0cf7ed58f0643a,True,
test,peligro,dataset_curado_v3/test/peligro/peligro_06346.jpg,peligro_06346.jpg,.jpg,25470,224,224,RGB,a24ed2dda55857cc7f6568293bac3530d6c74c876a5651733a7440d662a1f20d,cb34b17c12b3ac5a,True,
test,peligro,dataset_curado_v3/test/peligro/peligro_06437.jpg,peligro_06437.jpg,.jpg,26939,224,224,RGB,aee62d2d201080df96e6fadcb7f79a80a5b3760b11739c591922aa48763d76c5,82adc1475e65b6d8,True,
test,peligro,dataset_curado_v3/test/peligro/peligro_06646.jpg,peligro_06646.jpg,.jpg,18852,224,224,RGB,9ce9c1b56170b9b4a725094e87002333d8d7a87a8cb59b95e69454bfc2eb5caa,824d17b44bb63de2,True,
test,peligro,dataset_curado_v3/test/peligro/peligro_07206.jpg,peligro_07206.jpg,.jpg,19763,224,224,RGB,a22808c8066df48f5bb810c8c9633cdd04d0f84590e2ed682460ef69dd2e7c95,8762475d68ab905f,True,
test,peligro,dataset_curado_v3/test/peligro/peligro_07232.jpg,peligro_07232.jpg,.jpg,31169,224,224,RGB,b00abf6799c05ad8f9d5c71dafb241cdb5f3fdbd1efc3ca655ba49761c7a8e18,a99d2b2a7602caf9,True,
test,peligro,dataset_curado_v3/test/peligro/peligro_07414.jpg,peligro_07414.jpg,.jpg,26686,224,224,RGB,ada9a0aa271d5b75fac095e30e6c8758dd4b8fc74ccc87f11ada981a8a4f623b,c9b7b3c1cd0aa453,True,
test,peligro,dataset_curado_v3/test/peligro/peligro_07983.jpg,peligro_07983.jpg,.jpg,24929,224,224,RGB,aac6d1367c0c299af1694b8b71526947b1fc587605a4ce5365558fbab71e6920,fb88d16653a79285,True,
test,peligro,dataset_curado_v3/test/peligro/peligro_08049.jpg,peligro_08049.jpg,.jpg,25676,224,224,RGB,aff1962213a71bf8f4c2b4c8533a4909ed2d8e8339fefb167a1d7f6da42b4a89,e58391c52b0c5eeb,True,
test,peligro,dataset_curado_v3/test/peligro/peligro_08284.jpg,peligro_08284.jpg,.jpg,19072,224,224,RGB,9e05b3f3a94e65e1f02157b7e4efdfe3930947042c0d6fea7c17d61a9d3ff952,a52ac731d84fb41b,True,
test,peligro,dataset_curado_v3/test/peligro/peligro_08685.jpg,peligro_08685.jpg,.jpg,37769,224,224,RGB,ae27cede401bee42af0f0989f957050cfb3e16644ff68d6b649a62704e3d5725,87950aee762907b5,True,
test,peligro,dataset_curado_v3/test/peligro/peligro_10111.jpg,peligro_10111.jpg,.jpg,23032,224,224,RGB,af4a035134615ae8ae1f8549ffb8961c44faef9aad9751c01bf19e0744440bb4,fa0dcb1c0b61e2e5,True,
test,peligro,dataset_curado_v3/test/peligro/peligro_10218.jpg,peligro_10218.jpg,.jpg,20621,224,224,RGB,ace1d401bb4b18c3caab1b60b05bc1d6175741a3d545ae750c31cdf3f90b92c9,d8938ab2aeb3849b,True,
test,peligro,dataset_curado_v3/test/peligro/peligro_10310.jpg,peligro_10310.jpg,.jpg,31986,224,224,RGB,a00494b5a4600f0e08e5b9cb966917111d095487afd784ccc9cb8831ba6f501f,e124bc07af758d70,True,
test,peligro,dataset_curado_v3/test/peligro/peligro_10357.jpg,peligro_10357.jpg,.jpg,24407,224,224,RGB,9d1dafa1f2218e1f86caef4e3aa060b5cae36c7c19f2bfacb5bd48aa850f9e40,8dbad4c642ba8cad,True,
test,peligro,dataset_curado_v3/test/peligro/peligro_10582.jpg,peligro_10582.jpg,.jpg,23025,224,224,RGB,9fd52005d82df19713719a3d09ef072a074504ee30e982cef4054bf3febd2ef6,eddab7a9aa189502,True,
test,peligro,dataset_curado_v3/test/peligro/peligro_11398.jpg,peligro_11398.jpg,.jpg,18425,224,224,RGB,aaa26622758f6a49e6ecfee54cc3bc0b0f745d8d8ffa082cd34450010ff309c6,89e47239493f2d1b,True,
test,peligro,dataset_curado_v3/test/peligro/peligro_12700.jpg,peligro_12700.jpg,.jpg,27917,224,224,RGB,b05a8402e54fdc5ed5a7fdf32262672604fd44a591c3b75595c7a5947b3ed608,dc62032edba742a7,True,
test,peligro,dataset_curado_v3/test/peligro/peligro_14276.jpg,peligro_14276.jpg,.jpg,24147,224,224,RGB,ab7697a4a09c467831a4f156d6c110ab638fa4697c18fb44cbfc1af350feb73e,dd8f23a18cd1b386,True,
test,peligro,dataset_curado_v3/test/peligro/peligro_14591.jpg,peligro_14591.jpg,.jpg,19919,224,224,RGB,ab377cb921f7bedd46ccec06628c5c62a6983bb32c3274bf6c02988d212f76c5,a7e119aa7b06598e,True,
test,peligro,dataset_curado_v3/test/peligro/visual_balance_peligro_00171.jpg,visual_balance_peligro_00171.jpg,.jpg,36829,224,224,RGB,be31480631cc622f78f04c39d78a673b5cdff06052186b710958dbaa849fe3cc,cf1e7c4d829e1c70,True,
test,peligro,dataset_curado_v3/test/peligro/visual_balance_peligro_00506.jpg,visual_balance_peligro_00506.jpg,.jpg,29540,224,224,RGB,bd586b13dbb03ba3bfb0a75caa87e49478ffd0d86dab0310ff38a04ec42cae4f,9d26a091fd1ea1ce,True,
test,peligro,dataset_curado_v3/test/peligro/visual_balance_peligro_00788.jpg,visual_balance_peligro_00788.jpg,.jpg,15137,224,224,RGB,bdcfcb61dd9d8c134348bbf28b66b698dd54b600928cdfebf211845b047f0139,c0446da4b75edb26,True,
test,peligro,dataset_curado_v3/test/peligro/visual_balance_peligro_01247.jpg,visual_balance_peligro_01247.jpg,.jpg,29487,224,224,RGB,bde8bade0f4eae836650cb34dae6bb79c4f6fc951cc46c474a75768304de065d,8d7430a6cf59a64d,True,
test,peligro,dataset_curado_v3/test/peligro/visual_balance_peligro_01520.jpg,visual_balance_peligro_01520.jpg,.jpg,4364,232,217,RGB,be325bd07c1122ddc000f94471c58371a9e1339e5165da30a3a276fae3fc2a16,e896cb69314e3669,True,
test,peligro,dataset_curado_v3/test/peligro/visual_balance_peligro_02461.jpg,visual_balance_peligro_02461.jpg,.jpg,12046,225,225,RGB,be37819c22bb5661f1b68227a2bd9e0d1c0664b664fa6e8532fb80669c2ceb85,eaa321c89ba86e3d,True,
test,peligro,dataset_curado_v3/test/peligro/visual_balance_peligro_10122.jpg,visual_balance_peligro_10122.jpg,.jpg,21870,224,224,RGB,befd0b005198da1377f77b40268b79302c9413f8146ada3d2454c71cdf25ec19,87476b607e6364d2,True,
test,sano,dataset_curado_v3/test/sano/sano_00116.jpg,sano_00116.jpg,.jpg,17244,224,224,RGB,98de855f2e6157537aef4545034d2dc602ffa3dcbd3fedb102bb7d491e64426c,c39884979ce31ece,True,
test,sano,dataset_curado_v3/test/sano/sano_00170.jpg,sano_00170.jpg,.jpg,28700,224,224,RGB,a3929b4b14ec4e429cab51beb26a02fde398ef78c53893c1baad22b12b5f6b1b,d273ac6ca46c4c9b,True,
test,sano,dataset_curado_v3/test/sano/sano_00254.jpg,sano_00254.jpg,.jpg,21148,224,224,RGB,93c569f53422a0b90d551d30fb22e71c416ea1742452583bf3fa730b3d19949f,989821617cc797fc,True,
test,sano,dataset_curado_v3/test/sano/sano_00429.jpg,sano_00429.jpg,.jpg,22966,224,224,RGB,a3ea59ba641c804b4be257ee8c92cffd5ab11211dc543ac5fd48f8b7e409a482,d74d79b2240d6297,True,
test,sano,dataset_curado_v3/test/sano/sano_00438.jpg,sano_00438.jpg,.jpg,32252,224,224,RGB,9c7d6ca240e4f6702492bbb149fe2f13a1d0a77f02b5f2d1b1a3355e9a9a3f08,be00d57f62e37320,True,
test,sano,dataset_curado_v3/test/sano/sano_00538.jpg,sano_00538.jpg,.jpg,32471,224,224,RGB,a35ea5bf8efbd81b7655e75130d65ae6a8f1c88df7096b16b7887e0dacb4f91c,8b03f163e47c71e1,True,
test,sano,dataset_curado_v3/test/sano/sano_00744.jpg,sano_00744.jpg,.jpg,16165,224,224,RGB,9d79a87f24c41e6ce5f3d66e07eae5596b72fd59ed6ecb2ab5b2137c0f363cdd,b45a2f70a1ddc2c9,True,
test,sano,dataset_curado_v3/test/sano/sano_00767.jpg,sano_00767.jpg,.jpg,30696,224,224,RGB,9555f324192ddb6395429c6f9f00b8aa61a688786864de08c411d6356e87e3d1,bd52ac05fe24c32d,True,
test,sano,dataset_curado_v3/test/sano/sano_00862.jpg,sano_00862.jpg,.jpg,32681,224,224,RGB,9add36329e3d842ceec266e9a28b8a988ee587256124bb44b2f3ae5736a0243a,87b84e63184cbaed,True,
test,sano,dataset_curado_v3/test/sano/sano_00903.jpg,sano_00903.jpg,.jpg,31363,224,224,RGB,986949e65ed936dcfdead5dd4091ec037ce5b54f6c5166a8c296e6cb0b69c69c,e61971c459a38ef8,True,
test,sano,dataset_curado_v3/test/sano/sano_00923.jpg,sano_00923.jpg,.jpg,27571,224,224,RGB,967cfc9b6956ae9705f12d0f9db23cb265482db66c39b102d1f278dd0ef5719b,ebc7cc6ac16b9428,True,
test,sano,dataset_curado_v3/test/sano/sano_00933.jpg,sano_00933.jpg,.jpg,26654,224,224,RGB,94d6019fde11805fd357a883c6678f3f4b601ace898e6331120e1986633a12d3,be3ed4f47242c072,True,
test,sano,dataset_curado_v3/test/sano/sano_01048.jpg,sano_01048.jpg,.jpg,30477,224,224,RGB,a11999745d70066200f96da46a00bc25f5c6c0771a96e32d8a204c827d1e510b,8a6ba6c9b43e8a78,True,
test,sano,dataset_curado_v3/test/sano/sano_01087.jpg,sano_01087.jpg,.jpg,23156,224,224,RGB,9b8892eab83abe41b8ec04b74b42c074202b6e201e9a32ea0f0a8d1c52eae1bb,aa2ff421e623c49b,True,
test,sano,dataset_curado_v3/test/sano/sano_01187.jpg,sano_01187.jpg,.jpg,19272,224,224,RGB,92ec8e7b6c8880835f5fe24cab429f867453e7d4bef3ec4f1ecca66019a43bf8,ac8e52b517d0789e,True,
test,sano,dataset_curado_v3/test/sano/sano_01224.jpg,sano_01224.jpg,.jpg,35020,224,224,RGB,9e25aae3ad1281a5246b165c9e299b5a8e51dc774ee3670a303048165a2f92df,94f1c6f9a50b360d,True,
test,sano,dataset_curado_v3/test/sano/sano_01241.jpg,sano_01241.jpg,.jpg,32978,224,224,RGB,9f23861291f32d2a35a91eea9f015d23250b26d76cb48bb9095879c1c74127ef,f3a6b3433d44de80,True,
test,sano,dataset_curado_v3/test/sano/sano_01307.jpg,sano_01307.jpg,.jpg,10835,275,183,RGB,9ead0a8bc6f910fb4d1e2aadd2309682e4d08b0b671af239fa814ec2dc3d4d8f,e1cda16876caa0de,True,
test,sano,dataset_curado_v3/test/sano/sano_01326.jpg,sano_01326.jpg,.jpg,15470,183,275,RGB,99ff739e4c9996f67cbb27db9eec252643200c9bfbe436bb016c48a7a9fac4cd,e4f0686092f0faf9,True,
test,sano,dataset_curado_v3/test/sano/sano_01354.jpg,sano_01354.jpg,.jpg,15246,262,192,RGB,971f731369e2984037142f079e339c612edbf755497b93dc8aeb643332f940fb,b11152f62d997da1,True,
test,sano,dataset_curado_v3/test/sano/sano_01390.jpg,sano_01390.jpg,.jpg,10689,199,254,RGB,920e6a52fba672acfe92457d61a6ae7b2e8dc291ccd69e175dc97b48a4184395,bbe14596fe4240ce,True,
test,sano,dataset_curado_v3/test/sano/sano_01548.jpg,sano_01548.jpg,.jpg,12669,225,225,RGB,9ee0e91dc1f40b7c7bfc85e9c533793a140c574cd4eebcad45007f90b8e43edf,ba97ae2e45558b90,True,
test,sano,dataset_curado_v3/test/sano/sano_01606.jpg,sano_01606.jpg,.jpg,8692,183,275,RGB,a172350b02c11f7ef54d47c00a3df39cd1e1993ceb04329ef87d040ddf0bfb7d,ac9aa6d539d2c82e,True,
test,sano,dataset_curado_v3/test/sano/sano_01630.jpg,sano_01630.jpg,.jpg,11274,275,183,RGB,923ca9518c574543f53ad2a6dac3021a3ee6364a01d7386b74fd1c1e5316a0f0,c8ab33d0c6e392a7,True,
test,sano,dataset_curado_v3/test/sano/sano_01740.jpg,sano_01740.jpg,.jpg,8102,275,183,RGB,98ca8c81dd30aeca3c16d8895e353cb05635d627724c7e945250df223e98a8f2,cb8ac695b09c5be2,True,
test,sano,dataset_curado_v3/test/sano/sano_01755.jpg,sano_01755.jpg,.jpg,55765,626,351,RGB,a3d81ab3c8e32acb965fba721c3699a57a1156e4d264ff3000a69a73ea60d7d0,c0f472676e9c3c91,True,
test,sano,dataset_curado_v3/test/sano/sano_01780.jpg,sano_01780.jpg,.jpg,9169,194,259,RGB,a3f9122c1a797ef8cb4106d5f8b154b7a7a0f5564460b35563f0437c21f6a736,82e06dd59476cbb8,True,
test,sano,dataset_curado_v3/test/sano/sano_01826.jpg,sano_01826.jpg,.jpg,11858,224,225,RGB,933a4de6ca4b5fcadf87dff04c96b44f6880f091927e801927772c94b1294913,939b6e82e59998e2,True,
test,sano,dataset_curado_v3/test/sano/sano_01984.jpg,sano_01984.jpg,.jpg,7467,183,275,RGB,a2e706c62608b95b4c99214b591d2274023ea5b110ef23fe47a873b927a91bc8,e08f3c309fdf0525,True,
test,sano,dataset_curado_v3/test/sano/sano_02091.jpg,sano_02091.jpg,.jpg,9752,259,194,RGB,98a294c0636b5bbc1daac2d6ea78df0acf13e248ebdf3867b279f1c993c10f10,d5ba6a8767d0406e,True,
test,sano,dataset_curado_v3/test/sano/sano_02169.jpg,sano_02169.jpg,.jpg,11203,234,215,RGB,a2458ed9fa454409ac7f4c5a7ee011cd869efb6a5d44be8d9d08690de2eb199f,fad744828d1dacb4,True,
test,sano,dataset_curado_v3/test/sano/sano_02170.jpg,sano_02170.jpg,.jpg,10603,249,202,RGB,9b679aa4d7280a53c9ad51b55d533827f7e9b01298ff099ab1f3be8bc8ed0728,e926f853e54ca45a,True,
test,sano,dataset_curado_v3/test/sano/sano_02217.jpg,sano_02217.jpg,.jpg,16779,275,183,RGB,9b7e720f926606d76972e7fe447445c5ec889d3d10009ec37610f2d630b63a13,9d30561fa9c05db9,True,
test,sano,dataset_curado_v3/test/sano/sano_02242.jpg,sano_02242.jpg,.jpg,7152,194,259,RGB,9c973a192abc48b1503343c5a2d681219f826c467b2d89b1e06fca77a946daf1,85cd129c1ee36d9c,True,
test,sano,dataset_curado_v3/test/sano/sano_02263.jpg,sano_02263.jpg,.jpg,10604,194,259,RGB,94734295f510308847a683239f16bfc88a185884242ae19372bfeab5296bbedd,eb83803877730fe2,True,
test,sano,dataset_curado_v3/test/sano/sano_02359.jpg,sano_02359.jpg,.jpg,8055,259,194,RGB,a1afc1fd898ff774b655344a9c29d132d694274e6a447795fab2a3cde2fca5a3,a9bec1d16ec3258c,True,
test,sano,dataset_curado_v3/test/sano/sano_02393.jpg,sano_02393.jpg,.jpg,24942,195,280,RGB,9ab4d34d401b0ea33e53f6c47d123a8cc97c1aa276a644b34326a99738de50e4,8a44fd7ab213ce1c,True,
test,sano,dataset_curado_v3/test/sano/sano_02456.jpg,sano_02456.jpg,.jpg,5116,225,225,RGB,958d00b78a8e5ca62e81f6403cff67f30f7a037b66a46bc602aeac814453529e,e6cccd9399649166,True,
test,sano,dataset_curado_v3/test/sano/sano_02506.jpg,sano_02506.jpg,.jpg,128901,1280,720,RGB,a4d8f4efbc13bad08c371301c7f14c4f9f47dd94764925793165399f34b52dc2,a4c8f38bae62a9b4,True,
test,sano,dataset_curado_v3/test/sano/sano_02650.jpg,sano_02650.jpg,.jpg,7204,245,205,RGB,9d93f9bed26ec2dd9f24fdcff8a89780ad9363cdea5b53838a5ad07d8531b82a,94af67b438741f0a,True,
test,sano,dataset_curado_v3/test/sano/sano_02706.jpg,sano_02706.jpg,.jpg,13333,275,183,RGB,9e4896a8e85b54fe5e1a9bda10e868f525634b46ed60faca2e015ce8fe9a8466,a0de6c44956937d9,True,
test,sano,dataset_curado_v3/test/sano/sano_03296.jpg,sano_03296.jpg,.jpg,23460,224,224,RGB,9e56c12d4d027f1cfb1780a587ab3907422453af9a2a33c577b07467ecbed4fd,f05f85f1009f966a,True,
test,sano,dataset_curado_v3/test/sano/sano_03941.jpg,sano_03941.jpg,.jpg,24953,224,224,RGB,9ecfb33b3bd6d870a65028ca019710072a805b7ccbbcb714a0222c9d0be0fb68,cecc1abfea886489,True,
test,sano,dataset_curado_v3/test/sano/sano_04156.jpg,sano_04156.jpg,.jpg,19986,224,224,RGB,a136ac0b3d53870dd9e24bf24ae76397c759163dd8cd848cc2a3ff5faafb30e2,ff4c85a28271ea5a,True,
test,sano,dataset_curado_v3/test/sano/sano_04780.jpg,sano_04780.jpg,.jpg,26446,224,224,RGB,a2b5d42fac25e5bc76208808f03d683d74f73588162b0741becd9b71d3ef203c,eee913c758b12e44,True,
test,sano,dataset_curado_v3/test/sano/sano_04983.jpg,sano_04983.jpg,.jpg,33612,224,224,RGB,9ff48efc999d25ca121d40cea61cfcd7df995f3dc974e39a86124abc3b71af69,de92b2ce40ed22b9,True,
test,sano,dataset_curado_v3/test/sano/sano_05052.jpg,sano_05052.jpg,.jpg,28840,224,224,RGB,a0f84da18a6d0c53b34ac31bb45836744b293ee16b5b5d7c052a7bd429ec218b,ff8075d2874cd80b,True,
test,sano,dataset_curado_v3/test/sano/sano_05399.jpg,sano_05399.jpg,.jpg,25908,224,224,RGB,9f895a0a42262bf9a7d2e1222cb9fad966e4d353cfe620321e51d80294709529,c5da94ca354ae1da,True,
test,sano,dataset_curado_v3/test/sano/sano_05525.jpg,sano_05525.jpg,.jpg,20311,224,224,RGB,97d038280103ad3d4d1cd0da7880040612c4fd92b11e04c99902bd760af881dc,ed8bc2313535c672,True,
test,sano,dataset_curado_v3/test/sano/sano_06527.jpg,sano_06527.jpg,.jpg,21023,224,224,RGB,995d13ee830f200e2af762057231dd96c8f207f8dd02561e3cad089c674e7ee0,af0de0e49d33c239,True,
test,sano,dataset_curado_v3/test/sano/sano_07289.jpg,sano_07289.jpg,.jpg,19092,224,224,RGB,a47fe0e4be28fbb8e6a1e16374effe5a58db0ee1fa5ae0d50dffb47e0c39bca5,eddd41a1fe158588,True,
test,sano,dataset_curado_v3/test/sano/sano_08252.jpg,sano_08252.jpg,.jpg,21001,224,224,RGB,9f6e064240c26a0521f1f62e4bba958182aacb2127535ac6974a19952054fd17,fe89af3ea121506a,True,
test,sano,dataset_curado_v3/test/sano/sano_08648.jpg,sano_08648.jpg,.jpg,25205,224,224,RGB,95448bc76429ed2cd9b6da890a1b9c71b86c99463d8f4845d061d5898b84b140,ee3b6cd98c2c34c8,True,
test,sano,dataset_curado_v3/test/sano/sano_08827.jpg,sano_08827.jpg,.jpg,23582,224,224,RGB,a3fbba0d0d46d1c3e433cdf0c49b4b78979690d0cf159f62f3c4c5a4a9256d3b,98a60ffcc5872b52,True,
test,sano,dataset_curado_v3/test/sano/sano_08897.jpg,sano_08897.jpg,.jpg,17961,224,224,RGB,a525a011f0421f6f025aa4ecb6bb445ae344fa39b99989b91932f37cded0bd76,ce569520b24ff368,True,
test,sano,dataset_curado_v3/test/sano/sano_08966.jpg,sano_08966.jpg,.jpg,16677,224,224,RGB,a124a0d14f20c31ebae0a5595f7f9e9a6fa10af72673ab4c2501d45080613997,dbd628d9372c3162,True,
test,sano,dataset_curado_v3/test/sano/sano_09175.jpg,sano_09175.jpg,.jpg,22233,224,224,RGB,9948ab55d76fc45ffa3a0335b2d6ba4ffa99ca26e981f50a3621a8fd8336fbf3,a4412d8dffdc1b42,True,
test,sano,dataset_curado_v3/test/sano/sano_09326.jpg,sano_09326.jpg,.jpg,29074,224,224,RGB,a2dd0ffacd0b33f1a09eb8159dd5666aa396096c89133780f3a0bec3dcf69ef9,f14de7c1b25848e9,True,
test,sano,dataset_curado_v3/test/sano/sano_09464.jpg,sano_09464.jpg,.jpg,26719,224,224,RGB,9c7b25528b8cdcec59b5d0aff667931185f1287be73e74475707f9ddd32318b3,b172cb0da451fc27,True,
test,sano,dataset_curado_v3/test/sano/sano_10255.jpg,sano_10255.jpg,.jpg,16710,224,224,RGB,953aff6c9f4fb742426bab69848f6042f224b82770583e3b429ef4819d53a20c,d77999c018cfec81,True,
test,sano,dataset_curado_v3/test/sano/sano_11334.jpg,sano_11334.jpg,.jpg,32174,224,224,RGB,a4d67b6978af2953fbf5ed6e1de0b8e4a8b1be7ed88448b5bc975e61ee6e3521,94b2246d992bbfc8,True,
test,sano,dataset_curado_v3/test/sano/sano_12378.jpg,sano_12378.jpg,.jpg,34851,224,224,RGB,a532b32a0d84bb98215123cb8c02331fefd3dae5582c654f79252f20a7c7da7a,e88f89f868780f2e,True,
test,sano,dataset_curado_v3/test/sano/sano_12407.jpg,sano_12407.jpg,.jpg,35088,224,224,RGB,a32da69784cbc2dda16d80aefecfe8afaee37e0ef73560e56674b656330b6dba,ad9187d8c6e6c12e,True,
test,sano,dataset_curado_v3/test/sano/sano_12416.jpg,sano_12416.jpg,.jpg,36991,224,224,RGB,9e0eba2949d88b390f731f7e18853c9fd0f73138f924e9a87c5717c0d4fcf3b8,f449caa819d9b8f8,True,
test,sano,dataset_curado_v3/test/sano/sano_12435.jpg,sano_12435.jpg,.jpg,29938,224,224,RGB,a15440e2b5e143f54d705dd42580be4dbfbf9cb145664cfa8bc820dee6cd3ef0,8ea3cd31a49862df,True,
test,sano,dataset_curado_v3/test/sano/sano_12438.jpg,sano_12438.jpg,.jpg,34263,224,224,RGB,9b4b1a935343235ddb5f55433705319a9f395ac342989750e850eebb3deac33e,b993d229b9a9aa85,True,
test,sano,dataset_curado_v3/test/sano/sano_12465.jpg,sano_12465.jpg,.jpg,36301,224,224,RGB,935e1ca13db1e63b98134e2cde70bd3a2566bd8ceb84b17da80810e6e17140c6,e01e83611c6f597e,True,
test,sano,dataset_curado_v3/test/sano/sano_12492.jpg,sano_12492.jpg,.jpg,36417,224,224,RGB,9ca4a9c968f268f208ba2a170113ddea2ce9fda21ff92eff3954b0788553440a,8873512ea3d4ea9d,True,
test,sano,dataset_curado_v3/test/sano/sano_12498.jpg,sano_12498.jpg,.jpg,30386,224,224,RGB,94d43da77639b690466c413dd21deda5df9683feac77edccb14d1a66c4a8bfae,8f508394d9ee443f,True,
test,sano,dataset_curado_v3/test/sano/sano_12501.jpg,sano_12501.jpg,.jpg,36871,224,224,RGB,9dec2a6fe1a77af10624748177442eec5439664ab67d3629775b7123de9abddd,f8e7840cd593ba4c,True,
test,sano,dataset_curado_v3/test/sano/sano_12506.jpg,sano_12506.jpg,.jpg,35156,224,224,RGB,984d6bc978088a52f76212a447891e413f6888e501387dc8934d5495bc69e4e2,b5b0a1d4da4a8d9b,True,
test,sano,dataset_curado_v3/test/sano/sano_12535.jpg,sano_12535.jpg,.jpg,37124,224,224,RGB,a37e5c01417fa79bfa89ce9ec01ee7f9f7ded644fa6b149f04d502b8ef7db03e,b742b23892b1c5be,True,
test,sano,dataset_curado_v3/test/sano/sano_12543.jpg,sano_12543.jpg,.jpg,36183,224,224,RGB,9bc0e6279510a1bb2b9d5f4d5bc1df7c2ce8e487bb128a59551440916dfb587c,bdbca95bb403c126,True,
test,sano,dataset_curado_v3/test/sano/sano_12565.jpg,sano_12565.jpg,.jpg,36722,224,224,RGB,9f1de51f09e7e9364e397c9005239c546872cfd7cc88eda8dc9075d8fb6e60a8,aaabd8400ecef1cb,True,
test,sano,dataset_curado_v3/test/sano/visual_balance_sano_01429.jpg,visual_balance_sano_01429.jpg,.jpg,15799,194,260,RGB,b5c979ef83673f42d6d6f83f1b2e997224b69c17b0a318bc2a74a444c134a5cf,fd8c695ac24d1b19,True,
test,sano,dataset_curado_v3/test/sano/visual_balance_sano_02082.jpg,visual_balance_sano_02082.jpg,.jpg,58360,675,900,RGB,b55cd2d14b9ba3781aec0415ca8862a93ee220f96913c154907e30f63a1adcaf,bfbd21526e694145,True,
test,sano,dataset_curado_v3/test/sano/visual_balance_sano_02380.jpg,visual_balance_sano_02380.jpg,.jpg,10261,264,191,RGB,b5ed513c2a1e575bdd7b4c06cfa7fc9d056dd40dd4c52751ed66bc97626e9520,cb5b570808f7cc8d,True,
test,sano,dataset_curado_v3/test/sano/visual_balance_sano_04273.jpg,visual_balance_sano_04273.jpg,.jpg,14024,224,224,RGB,b593791ed8e1e650c593efa0be1eb2570d22c7553e506af821491cc3b54b27e7,facc91279539cab0,True,
test,sano,dataset_curado_v3/test/sano/visual_balance_sano_04790.jpg,visual_balance_sano_04790.jpg,.jpg,32468,224,224,RGB,b5fbc8b1e2dabcc2bcf5605c6f7f5f598ccd162ad4a450469475b70c263ece92,c8a6d915e253af68,True,
test,sano,dataset_curado_v3/test/sano/visual_balance_sano_05272.jpg,visual_balance_sano_05272.jpg,.jpg,21614,224,224,RGB,b53a52ff1276643755c11939f313d4e97a9224846c6642c7519f8822e0aa99e7,99132f66e6269b61,True,
test,sano,dataset_curado_v3/test/sano/visual_balance_sano_12481.jpg,visual_balance_sano_12481.jpg,.jpg,35907,224,224,RGB,b695469b6e74d943225314a1b7904b9d494dd4b50c8094ad784f35de564c0c22,941ab48eb9546be6,True,
